/* =========================================================================
 * oled_font_cjk.h —— 16x16 中文点阵字库（由 gen_cjk_font.py 自动生成，勿手改）
 * -------------------------------------------------------------------------
 * 来源字体: msyh.ttc
 * 字符数:   3871（GB2312 一级汉字 + 中文标点/全角符号）
 * 每字 32 字节，总大小约 123872 字节（存 flash，不占 RAM）。
 * 排版: 第 r 行 = glyph[2r](左8列) + glyph[2r+1](右8列)，bit7=最左像素。
 * 查找: CJK_CODES[] 升序，运行时二分；下标与 CJK_GLYPHS[] 一一对应。
 * ========================================================================= */

#pragma once
#include <stdint.h>

#define CJK_GLYPH_BYTES 32

/* 升序的 Unicode 码点表（用于二分查找） */
static const uint16_t CJK_CODES[] = {
    0x3001, 0x3002, 0x3003, 0x3005, 0x3008, 0x3009, 0x300A, 0x300B, 0x300C, 0x300D, 0x300E, 0x300F,
    0x3010, 0x3011, 0x3013, 0x3014, 0x3015, 0x3016, 0x3017, 0x4E00, 0x4E01, 0x4E03, 0x4E07, 0x4E08,
    0x4E09, 0x4E0A, 0x4E0B, 0x4E0D, 0x4E0E, 0x4E11, 0x4E13, 0x4E14, 0x4E16, 0x4E18, 0x4E19, 0x4E1A,
    0x4E1B, 0x4E1C, 0x4E1D, 0x4E22, 0x4E24, 0x4E25, 0x4E27, 0x4E2A, 0x4E2B, 0x4E2D, 0x4E30, 0x4E32,
    0x4E34, 0x4E38, 0x4E39, 0x4E3A, 0x4E3B, 0x4E3D, 0x4E3E, 0x4E43, 0x4E45, 0x4E48, 0x4E49, 0x4E4B,
    0x4E4C, 0x4E4D, 0x4E4E, 0x4E4F, 0x4E50, 0x4E52, 0x4E53, 0x4E54, 0x4E56, 0x4E58, 0x4E59, 0x4E5D,
    0x4E5E, 0x4E5F, 0x4E60, 0x4E61, 0x4E66, 0x4E70, 0x4E71, 0x4E73, 0x4E7E, 0x4E86, 0x4E88, 0x4E89,
    0x4E8B, 0x4E8C, 0x4E8E, 0x4E8F, 0x4E91, 0x4E92, 0x4E94, 0x4E95, 0x4E9A, 0x4E9B, 0x4EA1, 0x4EA2,
    0x4EA4, 0x4EA5, 0x4EA6, 0x4EA7, 0x4EA8, 0x4EA9, 0x4EAB, 0x4EAC, 0x4EAD, 0x4EAE, 0x4EB2, 0x4EBA,
    0x4EBF, 0x4EC0, 0x4EC1, 0x4EC5, 0x4EC6, 0x4EC7, 0x4ECA, 0x4ECB, 0x4ECD, 0x4ECE, 0x4ED1, 0x4ED3,
    0x4ED4, 0x4ED5, 0x4ED6, 0x4ED7, 0x4ED8, 0x4ED9, 0x4EDF, 0x4EE3, 0x4EE4, 0x4EE5, 0x4EEA, 0x4EEC,
    0x4EF0, 0x4EF2, 0x4EF6, 0x4EF7, 0x4EFB, 0x4EFD, 0x4EFF, 0x4F01, 0x4F0A, 0x4F0D, 0x4F0E, 0x4F0F,
    0x4F10, 0x4F11, 0x4F17, 0x4F18, 0x4F19, 0x4F1A, 0x4F1E, 0x4F1F, 0x4F20, 0x4F24, 0x4F26, 0x4F2A,
    0x4F2F, 0x4F30, 0x4F34, 0x4F36, 0x4F38, 0x4F3A, 0x4F3C, 0x4F43, 0x4F46, 0x4F4D, 0x4F4E, 0x4F4F,
    0x4F50, 0x4F51, 0x4F53, 0x4F55, 0x4F59, 0x4F5B, 0x4F5C, 0x4F60, 0x4F63, 0x4F69, 0x4F6C, 0x4F6F,
    0x4F70, 0x4F73, 0x4F7F, 0x4F84, 0x4F88, 0x4F8B, 0x4F8D, 0x4F97, 0x4F9B, 0x4F9D, 0x4FA0, 0x4FA3,
    0x4FA5, 0x4FA6, 0x4FA7, 0x4FA8, 0x4FA9, 0x4FAE, 0x4FAF, 0x4FB5, 0x4FBF, 0x4FC3, 0x4FC4, 0x4FCA,
    0x4FCF, 0x4FD0, 0x4FD7, 0x4FD8, 0x4FDD, 0x4FDE, 0x4FE1, 0x4FE9, 0x4FED, 0x4FEE, 0x4FEF, 0x4FF1,
    0x4FFA, 0x500D, 0x5012, 0x5014, 0x5018, 0x5019, 0x501A, 0x501F, 0x5021, 0x5026, 0x502A, 0x503A,
    0x503C, 0x503E, 0x5047, 0x504F, 0x505A, 0x505C, 0x5065, 0x5076, 0x5077, 0x507F, 0x5080, 0x5085,
    0x5088, 0x508D, 0x50A3, 0x50A8, 0x50AC, 0x50B2, 0x50BB, 0x50CF, 0x50DA, 0x50E7, 0x50F3, 0x50F5,
    0x50FB, 0x5112, 0x5121, 0x513F, 0x5141, 0x5143, 0x5144, 0x5145, 0x5146, 0x5148, 0x5149, 0x514B,
    0x514D, 0x5151, 0x5154, 0x515A, 0x515C, 0x5162, 0x5165, 0x5168, 0x516B, 0x516C, 0x516D, 0x5170,
    0x5171, 0x5173, 0x5174, 0x5175, 0x5176, 0x5177, 0x5178, 0x5179, 0x517B, 0x517C, 0x517D, 0x5180,
    0x5185, 0x5188, 0x5189, 0x518C, 0x518D, 0x5192, 0x5195, 0x5197, 0x5199, 0x519B, 0x519C, 0x51A0,
    0x51A4, 0x51AC, 0x51AF, 0x51B0, 0x51B2, 0x51B3, 0x51B5, 0x51B6, 0x51B7, 0x51BB, 0x51C0, 0x51C4,
    0x51C6, 0x51C9, 0x51CB, 0x51CC, 0x51CF, 0x51D1, 0x51DB, 0x51DD, 0x51E0, 0x51E1, 0x51E4, 0x51ED,
    0x51EF, 0x51F0, 0x51F3, 0x51F6, 0x51F8, 0x51F9, 0x51FA, 0x51FB, 0x51FD, 0x51FF, 0x5200, 0x5201,
    0x5203, 0x5206, 0x5207, 0x520A, 0x5211, 0x5212, 0x5217, 0x5218, 0x5219, 0x521A, 0x521B, 0x521D,
    0x5220, 0x5224, 0x5228, 0x5229, 0x522B, 0x522E, 0x5230, 0x5236, 0x5237, 0x5238, 0x5239, 0x523A,
    0x523B, 0x523D, 0x5241, 0x5242, 0x5243, 0x524A, 0x524D, 0x5250, 0x5251, 0x5254, 0x5256, 0x5265,
    0x5267, 0x5269, 0x526A, 0x526F, 0x5272, 0x527F, 0x5288, 0x529B, 0x529D, 0x529E, 0x529F, 0x52A0,
    0x52A1, 0x52A3, 0x52A8, 0x52A9, 0x52AA, 0x52AB, 0x52B1, 0x52B2, 0x52B3, 0x52BF, 0x52C3, 0x52C7,
    0x52C9, 0x52CB, 0x52D2, 0x52D8, 0x52DF, 0x52E4, 0x52FA, 0x52FE, 0x52FF, 0x5300, 0x5305, 0x5306,
    0x5308, 0x5316, 0x5317, 0x5319, 0x531D, 0x5320, 0x5321, 0x5323, 0x532A, 0x5339, 0x533A, 0x533B,
    0x533F, 0x5341, 0x5343, 0x5347, 0x5348, 0x5349, 0x534A, 0x534E, 0x534F, 0x5351, 0x5352, 0x5353,
    0x5355, 0x5356, 0x5357, 0x535A, 0x535C, 0x535E, 0x5360, 0x5361, 0x5362, 0x5364, 0x5367, 0x536B,
    0x536F, 0x5370, 0x5371, 0x5373, 0x5374, 0x5375, 0x5377, 0x5378, 0x537F, 0x5382, 0x5384, 0x5385,
    0x5386, 0x5389, 0x538B, 0x538C, 0x5395, 0x5398, 0x539A, 0x539F, 0x53A2, 0x53A6, 0x53A8, 0x53A9,
    0x53BB, 0x53BF, 0x53C1, 0x53C2, 0x53C8, 0x53C9, 0x53CA, 0x53CB, 0x53CC, 0x53CD, 0x53D1, 0x53D4,
    0x53D6, 0x53D7, 0x53D8, 0x53D9, 0x53DB, 0x53E0, 0x53E3, 0x53E4, 0x53E5, 0x53E6, 0x53EA, 0x53EB,
    0x53EC, 0x53ED, 0x53EE, 0x53EF, 0x53F0, 0x53F2, 0x53F3, 0x53F6, 0x53F7, 0x53F8, 0x53F9, 0x53FC,
    0x5401, 0x5403, 0x5404, 0x5408, 0x5409, 0x540A, 0x540C, 0x540D, 0x540E, 0x540F, 0x5410, 0x5411,
    0x5413, 0x5415, 0x5417, 0x541B, 0x541D, 0x541E, 0x541F, 0x5420, 0x5426, 0x5427, 0x5428, 0x5429,
    0x542B, 0x542C, 0x542D, 0x542E, 0x542F, 0x5431, 0x5434, 0x5435, 0x5438, 0x5439, 0x543B, 0x543C,
    0x543E, 0x5440, 0x5446, 0x5448, 0x544A, 0x5450, 0x5455, 0x5458, 0x545B, 0x545C, 0x5462, 0x5468,
    0x5473, 0x5475, 0x5478, 0x547B, 0x547C, 0x547D, 0x5480, 0x5486, 0x548B, 0x548C, 0x548E, 0x548F,
    0x5490, 0x5492, 0x5495, 0x5496, 0x5499, 0x54A8, 0x54AC, 0x54AF, 0x54B1, 0x54B3, 0x54B8, 0x54BD,
    0x54C0, 0x54C1, 0x54C4, 0x54C6, 0x54C7, 0x54C8, 0x54C9, 0x54CD, 0x54CE, 0x54D1, 0x54D7, 0x54DF,
    0x54E5, 0x54E6, 0x54E8, 0x54E9, 0x54EA, 0x54ED, 0x54EE, 0x54F2, 0x54FA, 0x54FC, 0x5501, 0x5506,
    0x5507, 0x5509, 0x5510, 0x5524, 0x552C, 0x552E, 0x552F, 0x5531, 0x553E, 0x5543, 0x5544, 0x5546,
    0x554A, 0x5561, 0x5564, 0x5565, 0x5566, 0x556A, 0x556E, 0x5578, 0x557C, 0x5580, 0x5582, 0x5584,
    0x5587, 0x5589, 0x558A, 0x5598, 0x559C, 0x559D, 0x55A7, 0x55B3, 0x55B7, 0x55BB, 0x55C5, 0x55D3,
    0x55DC, 0x55E1, 0x55E3, 0x55FD, 0x5609, 0x560E, 0x5618, 0x561B, 0x5631, 0x5632, 0x5634, 0x5636,
    0x563B, 0x563F, 0x564E, 0x5668, 0x566A, 0x566C, 0x5676, 0x568E, 0x568F, 0x56A3, 0x56B7, 0x56BC,
    0x56CA, 0x56DA, 0x56DB, 0x56DE, 0x56E0, 0x56E2, 0x56E4, 0x56ED, 0x56F0, 0x56F1, 0x56F4, 0x56FA,
    0x56FD, 0x56FE, 0x5703, 0x5706, 0x5708, 0x571F, 0x5723, 0x5728, 0x572D, 0x5730, 0x573A, 0x573E,
    0x5740, 0x5747, 0x574A, 0x574D, 0x574E, 0x574F, 0x5750, 0x5751, 0x5757, 0x575A, 0x575B, 0x575D,
    0x575E, 0x575F, 0x5760, 0x5761, 0x5764, 0x5766, 0x576A, 0x576F, 0x5777, 0x5782, 0x5783, 0x5784,
    0x578B, 0x5792, 0x579B, 0x57A2, 0x57A3, 0x57A6, 0x57AB, 0x57AE, 0x57C2, 0x57C3, 0x57CB, 0x57CE,
    0x57D4, 0x57DF, 0x57E0, 0x57F9, 0x57FA, 0x5802, 0x5806, 0x5811, 0x5815, 0x5821, 0x5824, 0x582A,
    0x5830, 0x5835, 0x584C, 0x5851, 0x5854, 0x5858, 0x585E, 0x586B, 0x5883, 0x5885, 0x5892, 0x5893,
    0x5899, 0x589E, 0x589F, 0x58A8, 0x58A9, 0x58C1, 0x58D5, 0x58E4, 0x58EB, 0x58EC, 0x58EE, 0x58F0,
    0x58F3, 0x58F6, 0x58F9, 0x5904, 0x5907, 0x590D, 0x590F, 0x5915, 0x5916, 0x591A, 0x591C, 0x591F,
    0x5927, 0x5929, 0x592A, 0x592B, 0x592E, 0x592F, 0x5931, 0x5934, 0x5937, 0x5938, 0x5939, 0x593A,
    0x5944, 0x5947, 0x5948, 0x5949, 0x594B, 0x594E, 0x594F, 0x5951, 0x5954, 0x5956, 0x5957, 0x5960,
    0x5962, 0x5965, 0x5973, 0x5974, 0x5976, 0x5978, 0x5979, 0x597D, 0x5982, 0x5984, 0x5986, 0x5987,
    0x5988, 0x598A, 0x5992, 0x5993, 0x5996, 0x5999, 0x59A5, 0x59A8, 0x59AE, 0x59B9, 0x59BB, 0x59C6,
    0x59CB, 0x59D0, 0x59D1, 0x59D3, 0x59D4, 0x59DA, 0x59DC, 0x59E5, 0x59E8, 0x59EC, 0x59FB, 0x59FF,
    0x5A01, 0x5A03, 0x5A04, 0x5A07, 0x5A18, 0x5A1C, 0x5A1F, 0x5A20, 0x5A25, 0x5A29, 0x5A31, 0x5A36,
    0x5A46, 0x5A49, 0x5A5A, 0x5A6A, 0x5A74, 0x5A76, 0x5A7F, 0x5A92, 0x5A9A, 0x5AB3, 0x5AC1, 0x5AC2,
    0x5AC9, 0x5ACC, 0x5AE1, 0x5AE9, 0x5B50, 0x5B54, 0x5B55, 0x5B57, 0x5B58, 0x5B59, 0x5B5C, 0x5B5D,
    0x5B5F, 0x5B63, 0x5B64, 0x5B66, 0x5B69, 0x5B6A, 0x5B70, 0x5B75, 0x5B7A, 0x5B7D, 0x5B81, 0x5B83,
    0x5B85, 0x5B87, 0x5B88, 0x5B89, 0x5B8B, 0x5B8C, 0x5B8F, 0x5B97, 0x5B98, 0x5B99, 0x5B9A, 0x5B9B,
    0x5B9C, 0x5B9D, 0x5B9E, 0x5BA0, 0x5BA1, 0x5BA2, 0x5BA3, 0x5BA4, 0x5BA6, 0x5BAA, 0x5BAB, 0x5BB0,
    0x5BB3, 0x5BB4, 0x5BB5, 0x5BB6, 0x5BB9, 0x5BBD, 0x5BBE, 0x5BBF, 0x5BC2, 0x5BC4, 0x5BC5, 0x5BC6,
    0x5BC7, 0x5BCC, 0x5BD0, 0x5BD2, 0x5BD3, 0x5BDD, 0x5BDE, 0x5BDF, 0x5BE1, 0x5BE5, 0x5BE8, 0x5BF8,
    0x5BF9, 0x5BFA, 0x5BFB, 0x5BFC, 0x5BFF, 0x5C01, 0x5C04, 0x5C06, 0x5C09, 0x5C0A, 0x5C0F, 0x5C11,
    0x5C14, 0x5C16, 0x5C18, 0x5C1A, 0x5C1D, 0x5C24, 0x5C27, 0x5C31, 0x5C38, 0x5C39, 0x5C3A, 0x5C3C,
    0x5C3D, 0x5C3E, 0x5C3F, 0x5C40, 0x5C41, 0x5C42, 0x5C45, 0x5C48, 0x5C49, 0x5C4A, 0x5C4B, 0x5C4E,
    0x5C4F, 0x5C51, 0x5C55, 0x5C5E, 0x5C60, 0x5C61, 0x5C65, 0x5C6F, 0x5C71, 0x5C79, 0x5C7F, 0x5C81,
    0x5C82, 0x5C94, 0x5C97, 0x5C9B, 0x5CA9, 0x5CAD, 0x5CB3, 0x5CB8, 0x5CBF, 0x5CD9, 0x5CE1, 0x5CE6,
    0x5CE8, 0x5CEA, 0x5CED, 0x5CF0, 0x5CFB, 0x5D07, 0x5D0E, 0x5D14, 0x5D16, 0x5D29, 0x5D2D, 0x5D4C,
    0x5DCD, 0x5DDD, 0x5DDE, 0x5DE1, 0x5DE2, 0x5DE5, 0x5DE6, 0x5DE7, 0x5DE8, 0x5DE9, 0x5DEB, 0x5DEE,
    0x5DF1, 0x5DF2, 0x5DF3, 0x5DF4, 0x5DF7, 0x5DFE, 0x5E01, 0x5E02, 0x5E03, 0x5E05, 0x5E06, 0x5E08,
    0x5E0C, 0x5E10, 0x5E15, 0x5E16, 0x5E18, 0x5E1A, 0x5E1B, 0x5E1C, 0x5E1D, 0x5E26, 0x5E27, 0x5E2D,
    0x5E2E, 0x5E38, 0x5E3D, 0x5E42, 0x5E45, 0x5E4C, 0x5E55, 0x5E62, 0x5E72, 0x5E73, 0x5E74, 0x5E76,
    0x5E78, 0x5E7B, 0x5E7C, 0x5E7D, 0x5E7F, 0x5E84, 0x5E86, 0x5E87, 0x5E8A, 0x5E8F, 0x5E90, 0x5E93,
    0x5E94, 0x5E95, 0x5E97, 0x5E99, 0x5E9A, 0x5E9C, 0x5E9E, 0x5E9F, 0x5EA6, 0x5EA7, 0x5EAD, 0x5EB6,
    0x5EB7, 0x5EB8, 0x5EC9, 0x5ECA, 0x5ED3, 0x5ED6, 0x5EF6, 0x5EF7, 0x5EFA, 0x5F00, 0x5F02, 0x5F03,
    0x5F04, 0x5F0A, 0x5F0F, 0x5F13, 0x5F15, 0x5F17, 0x5F18, 0x5F1B, 0x5F1F, 0x5F20, 0x5F25, 0x5F26,
    0x5F27, 0x5F2F, 0x5F31, 0x5F39, 0x5F3A, 0x5F52, 0x5F53, 0x5F55, 0x5F5D, 0x5F62, 0x5F64, 0x5F66,
    0x5F69, 0x5F6A, 0x5F6C, 0x5F6D, 0x5F70, 0x5F71, 0x5F79, 0x5F7B, 0x5F7C, 0x5F80, 0x5F81, 0x5F84,
    0x5F85, 0x5F88, 0x5F8A, 0x5F8B, 0x5F90, 0x5F92, 0x5F97, 0x5F98, 0x5FA1, 0x5FAA, 0x5FAE, 0x5FB7,
    0x5FBD, 0x5FC3, 0x5FC5, 0x5FC6, 0x5FCC, 0x5FCD, 0x5FD7, 0x5FD8, 0x5FD9, 0x5FE0, 0x5FE7, 0x5FEB,
    0x5FF1, 0x5FF5, 0x5FFB, 0x5FFD, 0x5FFF, 0x6000, 0x6001, 0x6002, 0x600E, 0x6012, 0x6014, 0x6015,
    0x6016, 0x601C, 0x601D, 0x6020, 0x6025, 0x6027, 0x6028, 0x602A, 0x602F, 0x603B, 0x6043, 0x604B,
    0x604D, 0x6050, 0x6052, 0x6055, 0x6062, 0x6064, 0x6068, 0x6069, 0x606B, 0x606C, 0x606D, 0x606F,
    0x6070, 0x6073, 0x6076, 0x607C, 0x607F, 0x6084, 0x6089, 0x608D, 0x6094, 0x609F, 0x60A0, 0x60A3,
    0x60A6, 0x60A8, 0x60AC, 0x60AF, 0x60B2, 0x60B8, 0x60BC, 0x60C5, 0x60CA, 0x60CB, 0x60D1, 0x60D5,
    0x60DC, 0x60DF, 0x60E0, 0x60E6, 0x60E7, 0x60E8, 0x60E9, 0x60EB, 0x60ED, 0x60EE, 0x60EF, 0x60F0,
    0x60F3, 0x60F6, 0x60F9, 0x60FA, 0x6101, 0x6108, 0x6109, 0x610F, 0x611A, 0x611F, 0x6124, 0x6127,
    0x613F, 0x6148, 0x614C, 0x614E, 0x6151, 0x6155, 0x6162, 0x6167, 0x6168, 0x6170, 0x6177, 0x618B,
    0x618E, 0x61A8, 0x61BE, 0x61C2, 0x61C8, 0x61CA, 0x61D2, 0x61E6, 0x6208, 0x620A, 0x620C, 0x620D,
    0x620E, 0x620F, 0x6210, 0x6211, 0x6212, 0x6216, 0x6218, 0x621A, 0x622A, 0x622E, 0x6233, 0x6234,
    0x6237, 0x623F, 0x6240, 0x6241, 0x6247, 0x624B, 0x624D, 0x624E, 0x6251, 0x6252, 0x6253, 0x6254,
    0x6258, 0x625B, 0x6263, 0x6266, 0x6267, 0x6269, 0x626B, 0x626C, 0x626D, 0x626E, 0x626F, 0x6270,
    0x6273, 0x6276, 0x6279, 0x627C, 0x627E, 0x627F, 0x6280, 0x6284, 0x6289, 0x628A, 0x6291, 0x6292,
    0x6293, 0x6295, 0x6296, 0x6297, 0x6298, 0x629A, 0x629B, 0x62A0, 0x62A1, 0x62A2, 0x62A4, 0x62A5,
    0x62A8, 0x62AB, 0x62AC, 0x62B1, 0x62B5, 0x62B9, 0x62BC, 0x62BD, 0x62BF, 0x62C2, 0x62C4, 0x62C5,
    0x62C6, 0x62C7, 0x62C8, 0x62C9, 0x62CC, 0x62CD, 0x62CE, 0x62D0, 0x62D2, 0x62D3, 0x62D4, 0x62D6,
    0x62D8, 0x62D9, 0x62DB, 0x62DC, 0x62DF, 0x62E2, 0x62E3, 0x62E5, 0x62E6, 0x62E7, 0x62E8, 0x62E9,
    0x62EC, 0x62ED, 0x62EF, 0x62F1, 0x62F3, 0x62F4, 0x62F7, 0x62FC, 0x62FD, 0x62FE, 0x62FF, 0x6301,
    0x6302, 0x6307, 0x6309, 0x630E, 0x6311, 0x6316, 0x631A, 0x631B, 0x631D, 0x631E, 0x631F, 0x6320,
    0x6321, 0x6323, 0x6324, 0x6325, 0x6328, 0x632A, 0x632B, 0x632F, 0x633A, 0x633D, 0x6342, 0x6345,
    0x6346, 0x6349, 0x634C, 0x634D, 0x634E, 0x634F, 0x6350, 0x6355, 0x635E, 0x635F, 0x6361, 0x6362,
    0x6363, 0x6367, 0x636E, 0x6376, 0x6377, 0x637B, 0x6380, 0x6382, 0x6387, 0x6388, 0x6389, 0x638C,
    0x638F, 0x6390, 0x6392, 0x6396, 0x6398, 0x63A0, 0x63A2, 0x63A3, 0x63A5, 0x63A7, 0x63A8, 0x63A9,
    0x63AA, 0x63B3, 0x63B7, 0x63B8, 0x63BA, 0x63C9, 0x63CD, 0x63CF, 0x63D0, 0x63D2, 0x63D6, 0x63E1,
    0x63E3, 0x63E9, 0x63EA, 0x63ED, 0x63F4, 0x63FD, 0x6400, 0x6401, 0x6402, 0x6405, 0x640F, 0x6410,
    0x6413, 0x6414, 0x641C, 0x641E, 0x642A, 0x642C, 0x642D, 0x643A, 0x643D, 0x6444, 0x6446, 0x6447,
    0x6448, 0x644A, 0x6454, 0x6458, 0x6467, 0x6469, 0x6478, 0x6479, 0x6482, 0x6485, 0x6487, 0x6491,
    0x6492, 0x6495, 0x649E, 0x64A4, 0x64A9, 0x64AC, 0x64AD, 0x64AE, 0x64B0, 0x64B5, 0x64BC, 0x64C2,
    0x64C5, 0x64CD, 0x64CE, 0x64D2, 0x64DE, 0x64E6, 0x6500, 0x6512, 0x6518, 0x652B, 0x652F, 0x6536,
    0x6539, 0x653B, 0x653E, 0x653F, 0x6545, 0x6548, 0x654C, 0x654F, 0x6551, 0x6556, 0x6559, 0x655B,
    0x655D, 0x655E, 0x6562, 0x6563, 0x6566, 0x656C, 0x6570, 0x6572, 0x6574, 0x6577, 0x6587, 0x658B,
    0x658C, 0x6591, 0x6597, 0x6599, 0x659C, 0x659F, 0x65A1, 0x65A4, 0x65A5, 0x65A7, 0x65A9, 0x65AD,
    0x65AF, 0x65B0, 0x65B9, 0x65BD, 0x65C1, 0x65C5, 0x65CB, 0x65CF, 0x65D7, 0x65E0, 0x65E2, 0x65E5,
    0x65E6, 0x65E7, 0x65E8, 0x65E9, 0x65EC, 0x65ED, 0x65F1, 0x65F6, 0x65F7, 0x65FA, 0x6602, 0x6606,
    0x660C, 0x660E, 0x660F, 0x6613, 0x6614, 0x661F, 0x6620, 0x6625, 0x6627, 0x6628, 0x662D, 0x662F,
    0x663C, 0x663E, 0x6643, 0x664B, 0x664C, 0x6652, 0x6653, 0x6655, 0x665A, 0x6664, 0x6666, 0x6668,
    0x666E, 0x666F, 0x6670, 0x6674, 0x6676, 0x667A, 0x667E, 0x6682, 0x6687, 0x6691, 0x6696, 0x6697,
    0x66AE, 0x66B4, 0x66D9, 0x66DD, 0x66F0, 0x66F2, 0x66F3, 0x66F4, 0x66F9, 0x66FC, 0x66FE, 0x66FF,
    0x6700, 0x6708, 0x6709, 0x670B, 0x670D, 0x6714, 0x6717, 0x671B, 0x671D, 0x671F, 0x6728, 0x672A,
    0x672B, 0x672C, 0x672D, 0x672F, 0x6731, 0x6734, 0x6735, 0x673A, 0x673D, 0x6740, 0x6742, 0x6743,
    0x6746, 0x6749, 0x674E, 0x674F, 0x6750, 0x6751, 0x6756, 0x675C, 0x675F, 0x6760, 0x6761, 0x6765,
    0x6768, 0x676D, 0x676F, 0x6770, 0x677E, 0x677F, 0x6781, 0x6784, 0x6789, 0x6790, 0x6795, 0x6797,
    0x679A, 0x679C, 0x679D, 0x67A2, 0x67A3, 0x67AA, 0x67AB, 0x67AF, 0x67B6, 0x67B7, 0x67C4, 0x67CF,
    0x67D0, 0x67D1, 0x67D2, 0x67D3, 0x67D4, 0x67DC, 0x67DE, 0x67E0, 0x67E5, 0x67EC, 0x67EF, 0x67F1,
    0x67F3, 0x67F4, 0x67FF, 0x6805, 0x6807, 0x6808, 0x680B, 0x680F, 0x6811, 0x6813, 0x6816, 0x6817,
    0x6821, 0x682A, 0x6837, 0x6838, 0x6839, 0x683C, 0x683D, 0x6842, 0x6843, 0x6845, 0x6846, 0x6848,
    0x684C, 0x6850, 0x6851, 0x6853, 0x6854, 0x6863, 0x6865, 0x6868, 0x6869, 0x6876, 0x6881, 0x6885,
    0x6886, 0x6897, 0x68A2, 0x68A6, 0x68A7, 0x68A8, 0x68AD, 0x68AF, 0x68B0, 0x68B3, 0x68C0, 0x68C9,
    0x68CB, 0x68CD, 0x68D2, 0x68D5, 0x68D8, 0x68DA, 0x68E0, 0x68EE, 0x68F1, 0x68F5, 0x68FA, 0x6905,
    0x690D, 0x690E, 0x6912, 0x692D, 0x6930, 0x693D, 0x693F, 0x6954, 0x695A, 0x695E, 0x6977, 0x697C,
    0x6982, 0x6986, 0x6994, 0x699C, 0x69A8, 0x69B4, 0x69B7, 0x69D0, 0x69DB, 0x69FD, 0x6A0A, 0x6A1F,
    0x6A21, 0x6A2A, 0x6A31, 0x6A47, 0x6A59, 0x6A61, 0x6A71, 0x6A80, 0x6A84, 0x6AAC, 0x6B20, 0x6B21,
    0x6B22, 0x6B23, 0x6B27, 0x6B32, 0x6B3A, 0x6B3E, 0x6B47, 0x6B49, 0x6B4C, 0x6B62, 0x6B63, 0x6B64,
    0x6B65, 0x6B66, 0x6B67, 0x6B6A, 0x6B79, 0x6B7B, 0x6B7C, 0x6B83, 0x6B86, 0x6B89, 0x6B8A, 0x6B8B,
    0x6B96, 0x6BB4, 0x6BB5, 0x6BB7, 0x6BBF, 0x6BC1, 0x6BC5, 0x6BCB, 0x6BCD, 0x6BCF, 0x6BD2, 0x6BD4,
    0x6BD5, 0x6BD6, 0x6BD7, 0x6BD9, 0x6BDB, 0x6BE1, 0x6BEB, 0x6BEF, 0x6C0F, 0x6C11, 0x6C13, 0x6C14,
    0x6C16, 0x6C1B, 0x6C1F, 0x6C22, 0x6C26, 0x6C27, 0x6C28, 0x6C2E, 0x6C2F, 0x6C30, 0x6C34, 0x6C38,
    0x6C40, 0x6C41, 0x6C42, 0x6C47, 0x6C49, 0x6C50, 0x6C55, 0x6C57, 0x6C5B, 0x6C5D, 0x6C5E, 0x6C5F,
    0x6C60, 0x6C61, 0x6C64, 0x6C6A, 0x6C70, 0x6C72, 0x6C79, 0x6C7D, 0x6C7E, 0x6C81, 0x6C82, 0x6C83,
    0x6C88, 0x6C89, 0x6C8F, 0x6C99, 0x6C9B, 0x6C9F, 0x6CA1, 0x6CA4, 0x6CA5, 0x6CA6, 0x6CA7, 0x6CAA,
    0x6CAB, 0x6CAE, 0x6CB3, 0x6CB8, 0x6CB9, 0x6CBB, 0x6CBC, 0x6CBD, 0x6CBE, 0x6CBF, 0x6CC4, 0x6CC5,
    0x6CC9, 0x6CCA, 0x6CCC, 0x6CD5, 0x6CDB, 0x6CDE, 0x6CE1, 0x6CE2, 0x6CE3, 0x6CE5, 0x6CE8, 0x6CEA,
    0x6CF0, 0x6CF3, 0x6CF5, 0x6CFB, 0x6CFC, 0x6CFD, 0x6D01, 0x6D0B, 0x6D12, 0x6D17, 0x6D1B, 0x6D1E,
    0x6D25, 0x6D2A, 0x6D31, 0x6D32, 0x6D3B, 0x6D3C, 0x6D3D, 0x6D3E, 0x6D41, 0x6D45, 0x6D46, 0x6D47,
    0x6D4A, 0x6D4B, 0x6D4E, 0x6D51, 0x6D53, 0x6D59, 0x6D5A, 0x6D66, 0x6D69, 0x6D6A, 0x6D6E, 0x6D74,
    0x6D77, 0x6D78, 0x6D82, 0x6D85, 0x6D88, 0x6D89, 0x6D8C, 0x6D8E, 0x6D95, 0x6D9B, 0x6D9D, 0x6D9F,
    0x6DA1, 0x6DA3, 0x6DA4, 0x6DA6, 0x6DA7, 0x6DA8, 0x6DA9, 0x6DAA, 0x6DAF, 0x6DB2, 0x6DB5, 0x6DB8,
    0x6DC0, 0x6DC4, 0x6DC6, 0x6DCB, 0x6DCC, 0x6DD1, 0x6DD6, 0x6DD8, 0x6DE1, 0x6DE4, 0x6DEB, 0x6DEC,
    0x6DEE, 0x6DF1, 0x6DF3, 0x6DF7, 0x6DF9, 0x6DFB, 0x6E05, 0x6E0A, 0x6E0D, 0x6E10, 0x6E14, 0x6E17,
    0x6E1D, 0x6E20, 0x6E21, 0x6E23, 0x6E24, 0x6E29, 0x6E2D, 0x6E2F, 0x6E34, 0x6E38, 0x6E3A, 0x6E43,
    0x6E4D, 0x6E56, 0x6E58, 0x6E5B, 0x6E7E, 0x6E7F, 0x6E83, 0x6E85, 0x6E89, 0x6E90, 0x6E9C, 0x6EA2,
    0x6EAA, 0x6EAF, 0x6EB6, 0x6EBA, 0x6EC1, 0x6EC7, 0x6ECB, 0x6ED1, 0x6ED3, 0x6ED4, 0x6EDA, 0x6EDE,
    0x6EE1, 0x6EE4, 0x6EE5, 0x6EE6, 0x6EE8, 0x6EE9, 0x6EF4, 0x6F02, 0x6F06, 0x6F0F, 0x6F13, 0x6F14,
    0x6F20, 0x6F2B, 0x6F31, 0x6F33, 0x6F3E, 0x6F4D, 0x6F58, 0x6F5C, 0x6F5E, 0x6F66, 0x6F6D, 0x6F6E,
    0x6F84, 0x6F88, 0x6F8E, 0x6F9C, 0x6FA1, 0x6FB3, 0x6FC0, 0x6FD2, 0x7011, 0x704C, 0x706B, 0x706D,
    0x706F, 0x7070, 0x7075, 0x7076, 0x7078, 0x707C, 0x707E, 0x707F, 0x7089, 0x708A, 0x708E, 0x7092,
    0x7094, 0x7095, 0x7099, 0x70AC, 0x70AD, 0x70AE, 0x70AF, 0x70B3, 0x70B8, 0x70B9, 0x70BC, 0x70BD,
    0x70C1, 0x70C2, 0x70C3, 0x70C8, 0x70D8, 0x70D9, 0x70DB, 0x70DF, 0x70E4, 0x70E6, 0x70E7, 0x70E9,
    0x70EB, 0x70EC, 0x70ED, 0x70EF, 0x70F7, 0x70F9, 0x70FD, 0x7109, 0x710A, 0x7115, 0x7119, 0x711A,
    0x7126, 0x7130, 0x7136, 0x714C, 0x714E, 0x715E, 0x7164, 0x7167, 0x716E, 0x717D, 0x7184, 0x718A,
    0x718F, 0x7194, 0x7199, 0x719F, 0x71AC, 0x71C3, 0x71CE, 0x71D5, 0x71E5, 0x7206, 0x722A, 0x722C,
    0x7231, 0x7235, 0x7236, 0x7237, 0x7238, 0x7239, 0x723D, 0x7247, 0x7248, 0x724C, 0x7259, 0x725B,
    0x725F, 0x7261, 0x7262, 0x7267, 0x7269, 0x7272, 0x7275, 0x7279, 0x727A, 0x7280, 0x7281, 0x728A,
    0x72AC, 0x72AF, 0x72B6, 0x72B9, 0x72C2, 0x72C4, 0x72C8, 0x72D0, 0x72D7, 0x72D9, 0x72DE, 0x72E0,
    0x72E1, 0x72EC, 0x72ED, 0x72EE, 0x72F0, 0x72F1, 0x72F8, 0x72FC, 0x730E, 0x7316, 0x731B, 0x731C,
    0x7329, 0x732A, 0x732B, 0x732E, 0x7334, 0x733E, 0x733F, 0x736D, 0x7384, 0x7387, 0x7389, 0x738B,
    0x7396, 0x739B, 0x73A9, 0x73AB, 0x73AF, 0x73B0, 0x73B2, 0x73BB, 0x73CA, 0x73CD, 0x73D0, 0x73E0,
    0x73ED, 0x7403, 0x7405, 0x7406, 0x7409, 0x7410, 0x7422, 0x7433, 0x7434, 0x7435, 0x7436, 0x743C,
    0x745A, 0x745E, 0x745F, 0x7470, 0x7476, 0x7483, 0x74DC, 0x74E2, 0x74E3, 0x74E4, 0x74E6, 0x74EE,
    0x74F6, 0x74F7, 0x7504, 0x7518, 0x751A, 0x751C, 0x751F, 0x7525, 0x7528, 0x7529, 0x752B, 0x752D,
    0x7530, 0x7531, 0x7532, 0x7533, 0x7535, 0x7537, 0x7538, 0x753B, 0x7545, 0x754C, 0x754F, 0x7554,
    0x7559, 0x755C, 0x7565, 0x7566, 0x756A, 0x7574, 0x7578, 0x7586, 0x758F, 0x7591, 0x7597, 0x7599,
    0x759A, 0x759F, 0x75A1, 0x75A4, 0x75A5, 0x75AB, 0x75AE, 0x75AF, 0x75B2, 0x75B5, 0x75B9, 0x75BC,
    0x75BD, 0x75BE, 0x75C5, 0x75C7, 0x75C8, 0x75C9, 0x75CA, 0x75D2, 0x75D4, 0x75D5, 0x75D8, 0x75DB,
    0x75DE, 0x75E2, 0x75EA, 0x75F0, 0x75F4, 0x75F9, 0x7601, 0x761F, 0x7624, 0x7626, 0x7629, 0x762A,
    0x762B, 0x7634, 0x7638, 0x764C, 0x7663, 0x7678, 0x767B, 0x767D, 0x767E, 0x7682, 0x7684, 0x7686,
    0x7687, 0x768B, 0x7691, 0x7696, 0x76AE, 0x76B1, 0x76BF, 0x76C2, 0x76C5, 0x76C6, 0x76C8, 0x76CA,
    0x76CE, 0x76CF, 0x76D0, 0x76D1, 0x76D2, 0x76D4, 0x76D6, 0x76D7, 0x76D8, 0x76DB, 0x76DF, 0x76EE,
    0x76EF, 0x76F2, 0x76F4, 0x76F8, 0x76FC, 0x76FE, 0x7701, 0x7709, 0x770B, 0x771F, 0x7720, 0x7728,
    0x7729, 0x772F, 0x7736, 0x7737, 0x773A, 0x773C, 0x7740, 0x7741, 0x775B, 0x7761, 0x7763, 0x7766,
    0x776B, 0x776C, 0x7779, 0x7784, 0x7785, 0x778E, 0x7792, 0x77A5, 0x77A7, 0x77A9, 0x77AA, 0x77AC,
    0x77B3, 0x77BB, 0x77D7, 0x77DB, 0x77E2, 0x77E3, 0x77E5, 0x77E9, 0x77EB, 0x77ED, 0x77EE, 0x77F3,
    0x77FD, 0x77FE, 0x77FF, 0x7801, 0x7802, 0x780C, 0x780D, 0x7812, 0x7814, 0x7816, 0x781A, 0x7827,
    0x7830, 0x7834, 0x7837, 0x7838, 0x783E, 0x7840, 0x7845, 0x7852, 0x7855, 0x785D, 0x786B, 0x786C,
    0x786E, 0x7877, 0x787C, 0x7889, 0x788C, 0x788D, 0x788E, 0x7891, 0x7897, 0x7898, 0x789F, 0x78A7,
    0x78B0, 0x78B1, 0x78B3, 0x78B4, 0x78BE, 0x78C1, 0x78C5, 0x78CA, 0x78CB, 0x78D0, 0x78D5, 0x78E8,
    0x78F7, 0x78FA, 0x7901, 0x793A, 0x793C, 0x793E, 0x7941, 0x7948, 0x7956, 0x795D, 0x795E, 0x795F,
    0x7965, 0x7968, 0x796D, 0x7977, 0x7978, 0x7981, 0x7984, 0x798F, 0x79B9, 0x79BB, 0x79BD, 0x79BE,
    0x79C0, 0x79C1, 0x79C3, 0x79C6, 0x79C9, 0x79CB, 0x79CD, 0x79D1, 0x79D2, 0x79D8, 0x79DF, 0x79E4,
    0x79E6, 0x79E7, 0x79E9, 0x79EF, 0x79F0, 0x79F8, 0x79FB, 0x79FD, 0x7A00, 0x7A0B, 0x7A0D, 0x7A0E,
    0x7A17, 0x7A1A, 0x7A20, 0x7A33, 0x7A3B, 0x7A3C, 0x7A3D, 0x7A3F, 0x7A46, 0x7A57, 0x7A74, 0x7A76,
    0x7A77, 0x7A7A, 0x7A7F, 0x7A81, 0x7A83, 0x7A84, 0x7A8D, 0x7A91, 0x7A92, 0x7A96, 0x7A97, 0x7A98,
    0x7A9C, 0x7A9D, 0x7A9F, 0x7AA5, 0x7ABF, 0x7ACB, 0x7AD6, 0x7AD9, 0x7ADE, 0x7ADF, 0x7AE0, 0x7AE3,
    0x7AE5, 0x7AED, 0x7AEF, 0x7AF9, 0x7AFF, 0x7B06, 0x7B0B, 0x7B11, 0x7B14, 0x7B1B, 0x7B26, 0x7B28,
    0x7B2C, 0x7B3A, 0x7B3C, 0x7B49, 0x7B4B, 0x7B4F, 0x7B50, 0x7B51, 0x7B52, 0x7B54, 0x7B56, 0x7B5B,
    0x7B77, 0x7B79, 0x7B7E, 0x7B80, 0x7B8D, 0x7B94, 0x7B95, 0x7B97, 0x7BA1, 0x7BA9, 0x7BAD, 0x7BB1,
    0x7BC6, 0x7BC7, 0x7BD3, 0x7BD9, 0x7BE1, 0x7BEE, 0x7BF1, 0x7BF7, 0x7C07, 0x7C27, 0x7C3F, 0x7C4D,
    0x7C73, 0x7C7B, 0x7C7D, 0x7C89, 0x7C92, 0x7C95, 0x7C97, 0x7C98, 0x7C9F, 0x7CA4, 0x7CA5, 0x7CAA,
    0x7CAE, 0x7CB1, 0x7CB3, 0x7CB9, 0x7CBE, 0x7CCA, 0x7CD5, 0x7CD6, 0x7CD9, 0x7CDC, 0x7CDF, 0x7CE0,
    0x7CEF, 0x7CFB, 0x7D0A, 0x7D20, 0x7D22, 0x7D27, 0x7D2B, 0x7D2F, 0x7D6E, 0x7E41, 0x7E82, 0x7EA0,
    0x7EA2, 0x7EA4, 0x7EA6, 0x7EA7, 0x7EAA, 0x7EAB, 0x7EAC, 0x7EAF, 0x7EB1, 0x7EB2, 0x7EB3, 0x7EB5,
    0x7EB6, 0x7EB7, 0x7EB8, 0x7EB9, 0x7EBA, 0x7EBD, 0x7EBF, 0x7EC3, 0x7EC4, 0x7EC5, 0x7EC6, 0x7EC7,
    0x7EC8, 0x7ECA, 0x7ECD, 0x7ECE, 0x7ECF, 0x7ED1, 0x7ED2, 0x7ED3, 0x7ED5, 0x7ED8, 0x7ED9, 0x7EDA,
    0x7EDC, 0x7EDD, 0x7EDE, 0x7EDF, 0x7EE2, 0x7EE3, 0x7EE5, 0x7EE6, 0x7EE7, 0x7EE9, 0x7EEA, 0x7EED,
    0x7EF0, 0x7EF3, 0x7EF4, 0x7EF5, 0x7EF7, 0x7EF8, 0x7EFC, 0x7EFD, 0x7EFF, 0x7F00, 0x7F04, 0x7F05,
    0x7F06, 0x7F09, 0x7F0E, 0x7F13, 0x7F14, 0x7F15, 0x7F16, 0x7F18, 0x7F1A, 0x7F1D, 0x7F20, 0x7F28,
    0x7F29, 0x7F2E, 0x7F34, 0x7F38, 0x7F3A, 0x7F50, 0x7F51, 0x7F55, 0x7F57, 0x7F5A, 0x7F62, 0x7F69,
    0x7F6A, 0x7F6E, 0x7F72, 0x7F8A, 0x7F8C, 0x7F8E, 0x7F94, 0x7F9A, 0x7F9E, 0x7FA1, 0x7FA4, 0x7FB9,
    0x7FBD, 0x7FC1, 0x7FC5, 0x7FCC, 0x7FD4, 0x7FD8, 0x7FDF, 0x7FE0, 0x7FF0, 0x7FF1, 0x7FFB, 0x7FFC,
    0x8000, 0x8001, 0x8003, 0x8005, 0x800C, 0x800D, 0x8010, 0x8015, 0x8017, 0x8018, 0x8019, 0x802A,
    0x8033, 0x8036, 0x8038, 0x803B, 0x803D, 0x803F, 0x8042, 0x804A, 0x804B, 0x804C, 0x8054, 0x8058,
    0x805A, 0x806A, 0x8083, 0x8084, 0x8086, 0x8087, 0x8089, 0x808B, 0x808C, 0x8096, 0x8098, 0x809A,
    0x809B, 0x809D, 0x80A0, 0x80A1, 0x80A2, 0x80A4, 0x80A5, 0x80A9, 0x80AA, 0x80AE, 0x80AF, 0x80B2,
    0x80BA, 0x80BE, 0x80BF, 0x80C0, 0x80C1, 0x80C3, 0x80C6, 0x80CC, 0x80CE, 0x80D6, 0x80DA, 0x80DC,
    0x80DE, 0x80E1, 0x80EF, 0x80F0, 0x80F3, 0x80F6, 0x80F8, 0x80FA, 0x80FD, 0x8102, 0x8106, 0x8109,
    0x810A, 0x810F, 0x8110, 0x8111, 0x8113, 0x8116, 0x811A, 0x812F, 0x8131, 0x8138, 0x813E, 0x8146,
    0x814A, 0x814B, 0x8150, 0x8151, 0x8154, 0x8155, 0x8165, 0x816E, 0x8170, 0x8179, 0x817A, 0x817B,
    0x817E, 0x817F, 0x8180, 0x818A, 0x818F, 0x8198, 0x819B, 0x819C, 0x819D, 0x81A8, 0x81B3, 0x81C0,
    0x81C2, 0x81C3, 0x81C6, 0x81E3, 0x81EA, 0x81ED, 0x81F3, 0x81F4, 0x81FB, 0x81FC, 0x8200, 0x8205,
    0x8206, 0x820C, 0x820D, 0x8212, 0x8214, 0x821C, 0x821E, 0x821F, 0x822A, 0x822C, 0x8230, 0x8231,
    0x8235, 0x8236, 0x8237, 0x8239, 0x8247, 0x8258, 0x826F, 0x8270, 0x8272, 0x8273, 0x827A, 0x827E,
    0x8282, 0x828B, 0x828D, 0x8292, 0x829C, 0x829D, 0x82A5, 0x82A6, 0x82AC, 0x82AD, 0x82AF, 0x82B1,
    0x82B3, 0x82B9, 0x82BD, 0x82C7, 0x82CD, 0x82CF, 0x82D1, 0x82D4, 0x82D7, 0x82DB, 0x82DE, 0x82DF,
    0x82E5, 0x82E6, 0x82EB, 0x82EF, 0x82F1, 0x82F9, 0x8301, 0x8302, 0x8303, 0x8304, 0x8305, 0x830E,
    0x8327, 0x8328, 0x832B, 0x832C, 0x8335, 0x8336, 0x8338, 0x8339, 0x8346, 0x8349, 0x8350, 0x8352,
    0x8354, 0x835A, 0x8361, 0x8363, 0x8364, 0x8367, 0x836B, 0x836F, 0x8377, 0x8386, 0x8389, 0x838E,
    0x83AB, 0x83B1, 0x83B2, 0x83B7, 0x83B9, 0x83BD, 0x83C7, 0x83CA, 0x83CC, 0x83CF, 0x83DC, 0x83E0,
    0x83E9, 0x83F1, 0x83F2, 0x8404, 0x840C, 0x840D, 0x840E, 0x841D, 0x8424, 0x8425, 0x8427, 0x8428,
    0x843D, 0x8457, 0x845B, 0x8461, 0x8463, 0x846B, 0x846C, 0x8471, 0x8475, 0x8482, 0x848B, 0x8499,
    0x849C, 0x84B2, 0x84B8, 0x84C4, 0x84C9, 0x84D1, 0x84D6, 0x84DD, 0x84DF, 0x84EC, 0x8511, 0x8513,
    0x8517, 0x851A, 0x8521, 0x852B, 0x852C, 0x8537, 0x853C, 0x853D, 0x8549, 0x854A, 0x8574, 0x857E,
    0x8584, 0x859B, 0x85AA, 0x85AF, 0x85C9, 0x85CF, 0x85D0, 0x85D5, 0x85E4, 0x85E9, 0x85FB, 0x8611,
    0x8638, 0x864E, 0x864F, 0x8650, 0x8651, 0x865A, 0x865E, 0x866B, 0x8671, 0x8679, 0x867D, 0x867E,
    0x8680, 0x8681, 0x8682, 0x868A, 0x868C, 0x8695, 0x869C, 0x86A4, 0x86C0, 0x86C6, 0x86C7, 0x86CA,
    0x86CB, 0x86D4, 0x86D9, 0x86DB, 0x86E4, 0x86EE, 0x86F0, 0x86F9, 0x86FE, 0x8700, 0x8702, 0x8712,
    0x8715, 0x8717, 0x8718, 0x871C, 0x8721, 0x8747, 0x8749, 0x874E, 0x8757, 0x8774, 0x8776, 0x878D,
    0x879F, 0x87BA, 0x87F9, 0x8815, 0x8822, 0x8840, 0x8845, 0x884C, 0x884D, 0x8854, 0x8857, 0x8859,
    0x8861, 0x8863, 0x8865, 0x8868, 0x886B, 0x886C, 0x8870, 0x8877, 0x8881, 0x8884, 0x888B, 0x888D,
    0x8892, 0x8896, 0x889C, 0x88AB, 0x88AD, 0x88B1, 0x88C1, 0x88C2, 0x88C5, 0x88D4, 0x88D5, 0x88D9,
    0x88E4, 0x88F3, 0x88F4, 0x88F8, 0x88F9, 0x8902, 0x8910, 0x8912, 0x8925, 0x892A, 0x8944, 0x895F,
    0x897F, 0x8981, 0x8986, 0x89C1, 0x89C2, 0x89C4, 0x89C5, 0x89C6, 0x89C8, 0x89C9, 0x89D2, 0x89E3,
    0x89E6, 0x8A00, 0x8A79, 0x8A89, 0x8A8A, 0x8A93, 0x8B66, 0x8B6C, 0x8BA1, 0x8BA2, 0x8BA3, 0x8BA4,
    0x8BA5, 0x8BA8, 0x8BA9, 0x8BAB, 0x8BAD, 0x8BAE, 0x8BAF, 0x8BB0, 0x8BB2, 0x8BB3, 0x8BB6, 0x8BB8,
    0x8BB9, 0x8BBA, 0x8BBC, 0x8BBD, 0x8BBE, 0x8BBF, 0x8BC0, 0x8BC1, 0x8BC4, 0x8BC5, 0x8BC6, 0x8BC8,
    0x8BC9, 0x8BCA, 0x8BCC, 0x8BCD, 0x8BD1, 0x8BD5, 0x8BD7, 0x8BDA, 0x8BDB, 0x8BDD, 0x8BDE, 0x8BE1,
    0x8BE2, 0x8BE3, 0x8BE5, 0x8BE6, 0x8BE7, 0x8BEB, 0x8BEC, 0x8BED, 0x8BEF, 0x8BF1, 0x8BF2, 0x8BF4,
    0x8BF5, 0x8BF7, 0x8BF8, 0x8BFA, 0x8BFB, 0x8BFD, 0x8BFE, 0x8C01, 0x8C03, 0x8C05, 0x8C06, 0x8C08,
    0x8C0A, 0x8C0B, 0x8C0D, 0x8C0E, 0x8C10, 0x8C13, 0x8C17, 0x8C1A, 0x8C1C, 0x8C22, 0x8C23, 0x8C24,
    0x8C26, 0x8C28, 0x8C29, 0x8C2C, 0x8C2D, 0x8C30, 0x8C31, 0x8C34, 0x8C37, 0x8C41, 0x8C46, 0x8C4C,
    0x8C61, 0x8C62, 0x8C6A, 0x8C6B, 0x8C79, 0x8C7A, 0x8C89, 0x8C8C, 0x8D1D, 0x8D1E, 0x8D1F, 0x8D21,
    0x8D22, 0x8D23, 0x8D24, 0x8D25, 0x8D26, 0x8D27, 0x8D28, 0x8D29, 0x8D2A, 0x8D2B, 0x8D2C, 0x8D2D,
    0x8D2E, 0x8D2F, 0x8D30, 0x8D31, 0x8D34, 0x8D35, 0x8D37, 0x8D38, 0x8D39, 0x8D3A, 0x8D3C, 0x8D3E,
    0x8D3F, 0x8D41, 0x8D42, 0x8D43, 0x8D44, 0x8D4A, 0x8D4B, 0x8D4C, 0x8D4E, 0x8D4F, 0x8D50, 0x8D54,
    0x8D56, 0x8D58, 0x8D5A, 0x8D5B, 0x8D5E, 0x8D60, 0x8D61, 0x8D62, 0x8D63, 0x8D64, 0x8D66, 0x8D6B,
    0x8D70, 0x8D74, 0x8D75, 0x8D76, 0x8D77, 0x8D81, 0x8D85, 0x8D8A, 0x8D8B, 0x8D9F, 0x8DA3, 0x8DB3,
    0x8DB4, 0x8DBE, 0x8DC3, 0x8DCB, 0x8DCC, 0x8DD1, 0x8DDD, 0x8DDF, 0x8DE8, 0x8DEA, 0x8DEF, 0x8DF3,
    0x8DF5, 0x8DFA, 0x8E0A, 0x8E0C, 0x8E0F, 0x8E1E, 0x8E22, 0x8E29, 0x8E2A, 0x8E44, 0x8E48, 0x8E4B,
    0x8E66, 0x8E6C, 0x8E6D, 0x8E72, 0x8E7F, 0x8E81, 0x8E87, 0x8EAB, 0x8EAC, 0x8EAF, 0x8EB2, 0x8EBA,
    0x8F66, 0x8F67, 0x8F68, 0x8F69, 0x8F6C, 0x8F6E, 0x8F6F, 0x8F70, 0x8F74, 0x8F7B, 0x8F7D, 0x8F7F,
    0x8F83, 0x8F85, 0x8F86, 0x8F88, 0x8F89, 0x8F8A, 0x8F90, 0x8F91, 0x8F93, 0x8F95, 0x8F96, 0x8F97,
    0x8F99, 0x8F9B, 0x8F9C, 0x8F9E, 0x8F9F, 0x8FA3, 0x8FA8, 0x8FA9, 0x8FAB, 0x8FB0, 0x8FB1, 0x8FB9,
    0x8FBD, 0x8FBE, 0x8FC1, 0x8FC2, 0x8FC4, 0x8FC5, 0x8FC7, 0x8FC8, 0x8FCE, 0x8FD0, 0x8FD1, 0x8FD4,
    0x8FD8, 0x8FD9, 0x8FDB, 0x8FDC, 0x8FDD, 0x8FDE, 0x8FDF, 0x8FE2, 0x8FEA, 0x8FEB, 0x8FED, 0x8FF0,
    0x8FF7, 0x8FF8, 0x8FF9, 0x8FFD, 0x9000, 0x9001, 0x9002, 0x9003, 0x9006, 0x9009, 0x900A, 0x900F,
    0x9010, 0x9012, 0x9014, 0x9017, 0x901A, 0x901B, 0x901D, 0x901E, 0x901F, 0x9020, 0x9022, 0x902E,
    0x9038, 0x903B, 0x903C, 0x903E, 0x9041, 0x9042, 0x9047, 0x904D, 0x904F, 0x9053, 0x9057, 0x9063,
    0x9065, 0x906D, 0x906E, 0x9075, 0x907F, 0x9080, 0x9091, 0x9093, 0x90A2, 0x90A3, 0x90A6, 0x90AA,
    0x90AE, 0x90AF, 0x90B1, 0x90B5, 0x90B9, 0x90BB, 0x90C1, 0x90CA, 0x90CE, 0x90D1, 0x90DD, 0x90E1,
    0x90E7, 0x90E8, 0x90ED, 0x90F4, 0x90F8, 0x90FD, 0x9102, 0x9119, 0x9149, 0x914B, 0x914C, 0x914D,
    0x9152, 0x9157, 0x915A, 0x915D, 0x915E, 0x9163, 0x9165, 0x916A, 0x916C, 0x916E, 0x9171, 0x9175,
    0x9176, 0x9177, 0x9178, 0x917F, 0x9187, 0x9189, 0x918B, 0x9192, 0x919A, 0x919B, 0x91C7, 0x91C9,
    0x91CA, 0x91CC, 0x91CD, 0x91CE, 0x91CF, 0x91D1, 0x91DC, 0x9274, 0x9488, 0x9489, 0x948E, 0x9492,
    0x9493, 0x9499, 0x949D, 0x949E, 0x949F, 0x94A0, 0x94A1, 0x94A2, 0x94A5, 0x94A6, 0x94A7, 0x94A8,
    0x94A9, 0x94AE, 0x94B1, 0x94B3, 0x94B5, 0x94BB, 0x94BE, 0x94C0, 0x94C1, 0x94C2, 0x94C3, 0x94C5,
    0x94C6, 0x94DC, 0x94DD, 0x94E1, 0x94E3, 0x94EC, 0x94ED, 0x94F0, 0x94F1, 0x94F2, 0x94F6, 0x94F8,
    0x94FA, 0x94FE, 0x9500, 0x9501, 0x9504, 0x9505, 0x9508, 0x950B, 0x950C, 0x9510, 0x9511, 0x9517,
    0x9519, 0x951A, 0x9521, 0x9523, 0x9524, 0x9525, 0x9526, 0x9528, 0x952D, 0x952E, 0x952F, 0x9530,
    0x9539, 0x953B, 0x9540, 0x9541, 0x9547, 0x954A, 0x954D, 0x9550, 0x9551, 0x955C, 0x9563, 0x956D,
    0x9570, 0x9576, 0x957F, 0x95E8, 0x95EA, 0x95ED, 0x95EE, 0x95EF, 0x95F0, 0x95F2, 0x95F4, 0x95F7,
    0x95F8, 0x95F9, 0x95FA, 0x95FB, 0x95FD, 0x9600, 0x9601, 0x9602, 0x9605, 0x9609, 0x960E, 0x9610,
    0x9611, 0x9614, 0x961C, 0x961F, 0x962E, 0x9632, 0x9633, 0x9634, 0x9635, 0x9636, 0x963B, 0x963F,
    0x9640, 0x9644, 0x9645, 0x9646, 0x9647, 0x9648, 0x964B, 0x964C, 0x964D, 0x9650, 0x9655, 0x965B,
    0x9661, 0x9662, 0x9664, 0x9668, 0x9669, 0x966A, 0x9675, 0x9676, 0x9677, 0x9685, 0x9686, 0x968B,
    0x968F, 0x9690, 0x9694, 0x9698, 0x9699, 0x969C, 0x96A7, 0x96B6, 0x96BE, 0x96C0, 0x96C1, 0x96C4,
    0x96C5, 0x96C6, 0x96C7, 0x96CC, 0x96CD, 0x96CF, 0x96D5, 0x96E8, 0x96EA, 0x96F6, 0x96F7, 0x96F9,
    0x96FE, 0x9700, 0x9704, 0x9707, 0x9709, 0x970D, 0x9713, 0x9716, 0x971C, 0x971E, 0x9732, 0x9738,
    0x9739, 0x9752, 0x9756, 0x9759, 0x975B, 0x975E, 0x9760, 0x9761, 0x9762, 0x9769, 0x9773, 0x9774,
    0x9776, 0x978B, 0x978D, 0x9798, 0x97A0, 0x97AD, 0x97E6, 0x97E7, 0x97E9, 0x97ED, 0x97F3, 0x97F5,
    0x97F6, 0x9875, 0x9876, 0x9877, 0x9879, 0x987A, 0x987B, 0x987D, 0x987E, 0x987F, 0x9881, 0x9882,
    0x9884, 0x9885, 0x9886, 0x9887, 0x9888, 0x988A, 0x9890, 0x9891, 0x9893, 0x9896, 0x9897, 0x9898,
    0x989C, 0x989D, 0x98A0, 0x98A4, 0x98A7, 0x98CE, 0x98D8, 0x98DE, 0x98DF, 0x9910, 0x9965, 0x996D,
    0x996E, 0x996F, 0x9970, 0x9971, 0x9972, 0x9975, 0x9976, 0x997A, 0x997C, 0x997F, 0x9981, 0x9985,
    0x9986, 0x9988, 0x998B, 0x998F, 0x9992, 0x9996, 0x9999, 0x9A6C, 0x9A6D, 0x9A6E, 0x9A6F, 0x9A70,
    0x9A71, 0x9A73, 0x9A74, 0x9A76, 0x9A79, 0x9A7B, 0x9A7C, 0x9A7E, 0x9A82, 0x9A84, 0x9A86, 0x9A87,
    0x9A8B, 0x9A8C, 0x9A8F, 0x9A91, 0x9A97, 0x9A9A, 0x9AA1, 0x9AA4, 0x9AA8, 0x9AB8, 0x9AD3, 0x9AD8,
    0x9B03, 0x9B3C, 0x9B41, 0x9B42, 0x9B44, 0x9B4F, 0x9B54, 0x9C7C, 0x9C81, 0x9C8D, 0x9C9C, 0x9CA4,
    0x9CB8, 0x9CC3, 0x9CD6, 0x9CDE, 0x9E1F, 0x9E21, 0x9E23, 0x9E25, 0x9E26, 0x9E2D, 0x9E2F, 0x9E33,
    0x9E35, 0x9E3D, 0x9E3F, 0x9E43, 0x9E45, 0x9E4A, 0x9E4F, 0x9E64, 0x9E70, 0x9E7F, 0x9E93, 0x9EA6,
    0x9EBB, 0x9EC4, 0x9ECD, 0x9ECE, 0x9ED1, 0x9ED4, 0x9ED8, 0x9F0E, 0x9F13, 0x9F20, 0x9F3B, 0x9F50,
    0x9F7F, 0x9F84, 0x9F8B, 0x9F99, 0x9F9A, 0x9F9F, 0xFF01, 0xFF02, 0xFF03, 0xFF04, 0xFF05, 0xFF06,
    0xFF07, 0xFF08, 0xFF09, 0xFF0A, 0xFF0B, 0xFF0C, 0xFF0D, 0xFF0E, 0xFF0F, 0xFF10, 0xFF11, 0xFF12,
    0xFF13, 0xFF14, 0xFF15, 0xFF16, 0xFF17, 0xFF18, 0xFF19, 0xFF1A, 0xFF1B, 0xFF1C, 0xFF1D, 0xFF1E,
    0xFF1F, 0xFF20, 0xFF21, 0xFF22, 0xFF23, 0xFF24, 0xFF25, 0xFF26, 0xFF27, 0xFF28, 0xFF29, 0xFF2A,
    0xFF2B, 0xFF2C, 0xFF2D, 0xFF2E, 0xFF2F, 0xFF30, 0xFF31, 0xFF32, 0xFF33, 0xFF34, 0xFF35, 0xFF36,
    0xFF37, 0xFF38, 0xFF39, 0xFF3A, 0xFF3B, 0xFF3C, 0xFF3D, 0xFF3E, 0xFF40, 0xFF41, 0xFF42, 0xFF43,
    0xFF44, 0xFF45, 0xFF46, 0xFF47, 0xFF48, 0xFF49, 0xFF4A, 0xFF4B, 0xFF4C, 0xFF4D, 0xFF4E, 0xFF4F,
    0xFF50, 0xFF51, 0xFF52, 0xFF53, 0xFF54, 0xFF55, 0xFF56, 0xFF57, 0xFF58, 0xFF59, 0xFF5A, 0xFF5B,
    0xFF5C, 0xFF5D, 0xFF5E, 0xFFE0, 0xFFE1, 0xFFE3, 0xFFE5,
};

/* 与 CJK_CODES 一一对应的 16x16 点阵（每字 32 字节） */
static const uint8_t CJK_GLYPHS[][CJK_GLYPH_BYTES] = {
    { 0x00, 0x00, 0x00, 0x00, 0x00, 0x00, 0x00, 0x00, 0x00, 0x00, 0x00, 0x00, 0x00, 0x00, 0x40, 0x00, 0x00, 0x00, 0x00, 0x00, 0x00, 0x00, 0x00, 0x00, 0x00, 0x00, 0x00, 0x00, 0x00, 0x00, 0x00, 0x00 }, // U+3001 、
    { 0x00, 0x00, 0x00, 0x00, 0x00, 0x00, 0x00, 0x00, 0x00, 0x00, 0x00, 0x00, 0x00, 0x00, 0x30, 0x00, 0x00, 0x00, 0x00, 0x00, 0x00, 0x00, 0x00, 0x00, 0x00, 0x00, 0x00, 0x00, 0x00, 0x00, 0x00, 0x00 }, // U+3002 。
    { 0x00, 0x00, 0x00, 0x00, 0x00, 0x00, 0x00, 0x00, 0x01, 0x20, 0x01, 0x60, 0x03, 0x40, 0x02, 0x40, 0x02, 0xC0, 0x06, 0x80, 0x04, 0x80, 0x00, 0x00, 0x00, 0x00, 0x00, 0x00, 0x00, 0x00, 0x00, 0x00 }, // U+3003 〃
    { 0x00, 0x00, 0x00, 0x00, 0x00, 0x00, 0x01, 0x00, 0x02, 0x00, 0x07, 0xF0, 0x04, 0x30, 0x08, 0x60, 0x1A, 0xC0, 0x11, 0x80, 0x00, 0xC0, 0x00, 0x40, 0x00, 0x00, 0x00, 0x00, 0x00, 0x00, 0x00, 0x00 }, // U+3005 々
    { 0x00, 0x00, 0x00, 0x00, 0x00, 0x04, 0x00, 0x0C, 0x00, 0x08, 0x00, 0x18, 0x00, 0x10, 0x00, 0x10, 0x00, 0x20, 0x00, 0x20, 0x00, 0x20, 0x00, 0x30, 0x00, 0x10, 0x00, 0x18, 0x00, 0x00, 0x00, 0x00 }, // U+3008 〈
    { 0x00, 0x00, 0x00, 0x00, 0x20, 0x00, 0x30, 0x00, 0x10, 0x00, 0x18, 0x00, 0x08, 0x00, 0x0C, 0x00, 0x04, 0x00, 0x04, 0x00, 0x04, 0x00, 0x0C, 0x00, 0x08, 0x00, 0x18, 0x00, 0x00, 0x00, 0x00, 0x00 }, // U+3009 〉
    { 0x00, 0x00, 0x00, 0x00, 0x00, 0x16, 0x00, 0x14, 0x00, 0x2C, 0x00, 0x28, 0x00, 0x48, 0x00, 0x50, 0x00, 0xD0, 0x00, 0xB0, 0x00, 0xD0, 0x00, 0x50, 0x00, 0x48, 0x00, 0x28, 0x00, 0x00, 0x00, 0x00 }, // U+300A 《
    { 0x00, 0x00, 0x00, 0x00, 0x68, 0x00, 0x2C, 0x00, 0x34, 0x00, 0x14, 0x00, 0x1A, 0x00, 0x0A, 0x00, 0x09, 0x00, 0x05, 0x00, 0x09, 0x00, 0x0A, 0x00, 0x1A, 0x00, 0x14, 0x00, 0x00, 0x00, 0x00, 0x00 }, // U+300B 》
    { 0x00, 0x00, 0x00, 0x00, 0x00, 0x3E, 0x00, 0x30, 0x00, 0x30, 0x00, 0x30, 0x00, 0x30, 0x00, 0x30, 0x00, 0x30, 0x00, 0x30, 0x00, 0x30, 0x00, 0x30, 0x00, 0x30, 0x00, 0x30, 0x00, 0x00, 0x00, 0x00 }, // U+300C 「
    { 0x00, 0x00, 0x00, 0x00, 0x0C, 0x00, 0x0C, 0x00, 0x0C, 0x00, 0x0C, 0x00, 0x0C, 0x00, 0x0C, 0x00, 0x0C, 0x00, 0x0C, 0x00, 0x0C, 0x00, 0x0C, 0x00, 0x0C, 0x00, 0x0C, 0x00, 0x00, 0x00, 0x00, 0x00 }, // U+300D 」
    { 0x00, 0x00, 0x00, 0x00, 0x00, 0x7E, 0x00, 0x42, 0x00, 0x5E, 0x00, 0x50, 0x00, 0x50, 0x00, 0x50, 0x00, 0x50, 0x00, 0x50, 0x00, 0x50, 0x00, 0x50, 0x00, 0x50, 0x00, 0x50, 0x00, 0x00, 0x00, 0x00 }, // U+300E 『
    { 0x00, 0x00, 0x00, 0x00, 0x0E, 0x00, 0x0A, 0x00, 0x0A, 0x00, 0x0A, 0x00, 0x0A, 0x00, 0x0A, 0x00, 0x0A, 0x00, 0x0A, 0x00, 0x0A, 0x00, 0x0A, 0x00, 0x0A, 0x00, 0x0A, 0x00, 0x00, 0x00, 0x00, 0x00 }, // U+300F 』
    { 0x00, 0x00, 0x00, 0x00, 0x00, 0x7C, 0x00, 0x78, 0x00, 0x70, 0x00, 0x70, 0x00, 0x60, 0x00, 0x60, 0x00, 0x60, 0x00, 0x60, 0x00, 0x60, 0x00, 0x60, 0x00, 0x60, 0x00, 0x70, 0x00, 0x00, 0x00, 0x00 }, // U+3010 【
    { 0x00, 0x00, 0x00, 0x00, 0x3E, 0x00, 0x1E, 0x00, 0x0E, 0x00, 0x0E, 0x00, 0x06, 0x00, 0x06, 0x00, 0x06, 0x00, 0x06, 0x00, 0x06, 0x00, 0x06, 0x00, 0x06, 0x00, 0x0E, 0x00, 0x00, 0x00, 0x00, 0x00 }, // U+3011 】
    { 0x00, 0x00, 0x00, 0x00, 0x3F, 0xFE, 0x3F, 0xFE, 0x3F, 0xFE, 0x3F, 0xFE, 0x00, 0x00, 0x00, 0x00, 0x00, 0x00, 0x00, 0x00, 0x7F, 0xFC, 0x7F, 0xFC, 0x7F, 0xFC, 0x00, 0x00, 0x00, 0x00, 0x00, 0x00 }, // U+3013 〓
    { 0x00, 0x00, 0x00, 0x00, 0x00, 0x04, 0x00, 0x18, 0x00, 0x30, 0x00, 0x20, 0x00, 0x20, 0x00, 0x20, 0x00, 0x20, 0x00, 0x20, 0x00, 0x20, 0x00, 0x20, 0x00, 0x20, 0x00, 0x20, 0x00, 0x00, 0x00, 0x00 }, // U+3014 〔
    { 0x00, 0x00, 0x00, 0x00, 0x20, 0x00, 0x18, 0x00, 0x0C, 0x00, 0x04, 0x00, 0x04, 0x00, 0x04, 0x00, 0x04, 0x00, 0x04, 0x00, 0x04, 0x00, 0x04, 0x00, 0x04, 0x00, 0x04, 0x00, 0x00, 0x00, 0x00, 0x00 }, // U+3015 〕
    { 0x00, 0x00, 0x00, 0x00, 0x00, 0x7E, 0x00, 0x4C, 0x00, 0x48, 0x00, 0x48, 0x00, 0x58, 0x00, 0x58, 0x00, 0x50, 0x00, 0x50, 0x00, 0x50, 0x00, 0x50, 0x00, 0x58, 0x00, 0x48, 0x00, 0x00, 0x00, 0x00 }, // U+3016 〖
    { 0x00, 0x00, 0x00, 0x00, 0x7E, 0x00, 0x32, 0x00, 0x12, 0x00, 0x12, 0x00, 0x1A, 0x00, 0x0A, 0x00, 0x0A, 0x00, 0x0A, 0x00, 0x0A, 0x00, 0x0A, 0x00, 0x1A, 0x00, 0x12, 0x00, 0x00, 0x00, 0x00, 0x00 }, // U+3017 〗
    { 0x00, 0x00, 0x00, 0x00, 0x00, 0x00, 0x00, 0x00, 0x00, 0x00, 0x00, 0x00, 0x00, 0x00, 0xFF, 0xFF, 0x00, 0x00, 0x00, 0x00, 0x00, 0x00, 0x00, 0x00, 0x00, 0x00, 0x00, 0x00, 0x00, 0x00, 0x00, 0x00 }, // U+4E00 一
    { 0x00, 0x00, 0x00, 0x00, 0xFF, 0xFF, 0x00, 0x80, 0x00, 0x80, 0x00, 0x80, 0x00, 0x80, 0x00, 0x80, 0x00, 0x80, 0x00, 0x80, 0x00, 0x80, 0x00, 0x80, 0x00, 0x80, 0x00, 0x00, 0x00, 0x00, 0x00, 0x00 }, // U+4E01 丁
    { 0x00, 0x00, 0x00, 0x00, 0x02, 0x00, 0x02, 0x00, 0x02, 0x00, 0x02, 0x00, 0x02, 0x3F, 0x3F, 0xF0, 0xF2, 0x00, 0x02, 0x00, 0x02, 0x00, 0x02, 0x00, 0x02, 0x02, 0x02, 0x02, 0x00, 0x00, 0x00, 0x00 }, // U+4E03 七
    { 0x00, 0x00, 0x00, 0x00, 0xFF, 0xFF, 0x06, 0x00, 0x06, 0x00, 0x04, 0x00, 0x07, 0xFC, 0x04, 0x0C, 0x04, 0x0C, 0x04, 0x08, 0x0C, 0x08, 0x08, 0x08, 0x18, 0x08, 0x00, 0x00, 0x00, 0x00, 0x00, 0x00 }, // U+4E07 万
    { 0x00, 0x00, 0x00, 0x00, 0x00, 0x60, 0x00, 0x60, 0x00, 0x60, 0xFF, 0xFF, 0x00, 0x60, 0x00, 0x60, 0x10, 0x40, 0x18, 0x40, 0x0C, 0xC0, 0x06, 0xC0, 0x03, 0x80, 0x03, 0xC0, 0x00, 0x00, 0x00, 0x00 }, // U+4E08 丈
    { 0x00, 0x00, 0x00, 0x00, 0x00, 0x00, 0x00, 0x00, 0x7F, 0xFE, 0x00, 0x00, 0x00, 0x00, 0x00, 0x00, 0x00, 0x00, 0x00, 0x00, 0x3F, 0xFC, 0x00, 0x00, 0x00, 0x00, 0x00, 0x00, 0x00, 0x00, 0x00, 0x00 }, // U+4E09 三
    { 0x00, 0x00, 0x00, 0x00, 0x01, 0x00, 0x01, 0x00, 0x01, 0x00, 0x01, 0x00, 0x01, 0xFC, 0x01, 0x00, 0x01, 0x00, 0x01, 0x00, 0x01, 0x00, 0x01, 0x00, 0x01, 0x00, 0x00, 0x00, 0x00, 0x00, 0x00, 0x00 }, // U+4E0A 上
    { 0x00, 0x00, 0x00, 0x00, 0xFF, 0xFF, 0x03, 0x00, 0x01, 0x00, 0x01, 0x00, 0x01, 0xC0, 0x01, 0x60, 0x01, 0x38, 0x01, 0x0C, 0x01, 0x04, 0x01, 0x00, 0x01, 0x00, 0x00, 0x00, 0x00, 0x00, 0x00, 0x00 }, // U+4E0B 下
    { 0x00, 0x00, 0x00, 0x00, 0x7F, 0xFE, 0x00, 0x80, 0x01, 0x00, 0x03, 0x80, 0x01, 0x80, 0x05, 0xA0, 0x09, 0x98, 0x31, 0x8E, 0x61, 0x82, 0xC1, 0x80, 0x01, 0x80, 0x00, 0x00, 0x00, 0x00, 0x00, 0x00 }, // U+4E0D 不
    { 0x00, 0x00, 0x00, 0x00, 0x18, 0x00, 0x1F, 0xFF, 0x18, 0x00, 0x10, 0x00, 0x10, 0x00, 0x1F, 0xFC, 0x00, 0x04, 0x00, 0x04, 0xFF, 0xF4, 0x00, 0x04, 0x00, 0x04, 0x00, 0x00, 0x00, 0x00, 0x00, 0x00 }, // U+4E0E 与
    { 0x00, 0x00, 0x00, 0x00, 0x7F, 0xF8, 0x06, 0x08, 0x06, 0x08, 0x06, 0x08, 0x04, 0x08, 0x04, 0x08, 0x7F, 0xF8, 0x04, 0x08, 0x04, 0x08, 0x04, 0x08, 0x04, 0x08, 0x0C, 0x18, 0x00, 0x00, 0x00, 0x00 }, // U+4E11 丑
    { 0x00, 0x00, 0x00, 0x00, 0x01, 0x00, 0x03, 0x00, 0x7F, 0xFE, 0x06, 0x00, 0x04, 0x00, 0xFF, 0xFF, 0x08, 0x00, 0x08, 0x00, 0x1F, 0xFC, 0x00, 0x0C, 0x08, 0x10, 0x06, 0x20, 0x00, 0x00, 0x00, 0x00 }, // U+4E13 专
    { 0x00, 0x00, 0x00, 0x00, 0x3F, 0xFC, 0x30, 0x0C, 0x30, 0x0C, 0x30, 0x0C, 0x3F, 0xFC, 0x30, 0x0C, 0x30, 0x0C, 0x30, 0x0C, 0x3F, 0xFC, 0x30, 0x0C, 0x30, 0x0C, 0x00, 0x00, 0x00, 0x00, 0x00, 0x00 }, // U+4E14 且
    { 0x00, 0x00, 0x00, 0x00, 0x01, 0x08, 0x31, 0x08, 0x31, 0x08, 0x31, 0x08, 0xFF, 0xFF, 0x31, 0x08, 0x31, 0x08, 0x31, 0x08, 0x31, 0x08, 0x31, 0xF8, 0x31, 0x08, 0x30, 0x00, 0x00, 0x00, 0x00, 0x00 }, // U+4E16 世
    { 0x00, 0x00, 0x00, 0x00, 0x00, 0x3C, 0x1F, 0xF0, 0x10, 0x00, 0x10, 0x00, 0x10, 0x00, 0x10, 0x00, 0x1F, 0xFE, 0x10, 0x20, 0x10, 0x20, 0x10, 0x20, 0x10, 0x20, 0x10, 0x20, 0x00, 0x00, 0x00, 0x00 }, // U+4E18 丘
    { 0x00, 0x00, 0x00, 0x00, 0xFF, 0xFF, 0x01, 0x80, 0x01, 0x80, 0x3F, 0xFC, 0x21, 0x84, 0x21, 0x04, 0x21, 0x84, 0x23, 0x44, 0x26, 0x24, 0x2C, 0x34, 0x28, 0x14, 0x20, 0x04, 0x00, 0x00, 0x00, 0x00 }, // U+4E19 丙
    { 0x00, 0x00, 0x00, 0x00, 0x06, 0x60, 0x06, 0x60, 0x06, 0x60, 0x46, 0x62, 0x66, 0x66, 0x26, 0x64, 0x36, 0x64, 0x36, 0x68, 0x16, 0x68, 0x16, 0x68, 0x06, 0x60, 0x06, 0x60, 0x00, 0x00, 0x00, 0x00 }, // U+4E1A 业
    { 0x00, 0x00, 0x00, 0x00, 0x08, 0x20, 0x08, 0x20, 0x08, 0x20, 0x08, 0x20, 0x08, 0x30, 0x08, 0x30, 0x0C, 0x70, 0x1E, 0x58, 0x13, 0xC8, 0x10, 0x8C, 0x21, 0x06, 0x62, 0x02, 0x00, 0x00, 0x00, 0x00 }, // U+4E1B 丛
    { 0x00, 0x00, 0x00, 0x00, 0x04, 0x00, 0x0C, 0x00, 0xFF, 0xFF, 0x18, 0x00, 0x10, 0x80, 0x30, 0x80, 0x20, 0x80, 0x3F, 0xFE, 0x00, 0x90, 0x08, 0x98, 0x18, 0x88, 0x30, 0x84, 0x00, 0x00, 0x00, 0x00 }, // U+4E1C 东
    { 0x00, 0x00, 0x00, 0x00, 0x08, 0x10, 0x18, 0x30, 0x10, 0x20, 0x32, 0x44, 0x66, 0x4C, 0x7C, 0xF8, 0x0C, 0x98, 0x18, 0x30, 0x10, 0x60, 0x3E, 0xFE, 0x70, 0xE0, 0x00, 0x00, 0x00, 0x00, 0x00, 0x00 }, // U+4E1D 丝
    { 0x00, 0x00, 0x00, 0x00, 0x00, 0x7C, 0x3F, 0xE0, 0x01, 0x80, 0x01, 0x80, 0x7F, 0xFE, 0x01, 0x80, 0x01, 0x80, 0x01, 0x80, 0xFF, 0xFF, 0x02, 0x00, 0x04, 0x20, 0x0C, 0x30, 0x00, 0x00, 0x00, 0x00 }, // U+4E22 丢
    { 0x00, 0x00, 0x00, 0x00, 0xFF, 0xFF, 0x04, 0x20, 0x04, 0x20, 0x7F, 0xFE, 0x64, 0x66, 0x64, 0x66, 0x64, 0x66, 0x6E, 0x66, 0x69, 0xD6, 0x79, 0x8E, 0x71, 0x06, 0x00, 0x00, 0x00, 0x00, 0x00, 0x00 }, // U+4E24 两
    { 0x00, 0x00, 0x00, 0x00, 0x7F, 0xFF, 0x02, 0x60, 0x32, 0x64, 0x12, 0x68, 0x02, 0x60, 0x3F, 0xFF, 0x20, 0x00, 0x20, 0x00, 0x20, 0x00, 0x20, 0x00, 0x60, 0x00, 0x00, 0x00, 0x00, 0x00, 0x00, 0x00 }, // U+4E25 严
    { 0x00, 0x00, 0x00, 0x00, 0x01, 0x80, 0x7F, 0xFE, 0x31, 0x8C, 0x11, 0x88, 0x19, 0x98, 0x09, 0x90, 0x01, 0x80, 0xFF, 0xFF, 0x13, 0x04, 0x11, 0x0C, 0x10, 0xB0, 0x10, 0xE0, 0x00, 0x00, 0x00, 0x00 }, // U+4E27 丧
    { 0x00, 0x00, 0x00, 0x00, 0x01, 0x80, 0x03, 0xC0, 0x02, 0x40, 0x06, 0x60, 0x0C, 0x30, 0x31, 0x98, 0x61, 0x86, 0x41, 0x82, 0x01, 0x80, 0x01, 0x80, 0x01, 0x80, 0x01, 0x80, 0x00, 0x00, 0x00, 0x00 }, // U+4E2A 个
    { 0x00, 0x00, 0x00, 0x00, 0x60, 0x06, 0x30, 0x0C, 0x18, 0x18, 0x0C, 0x30, 0x04, 0x60, 0x01, 0x80, 0x01, 0x80, 0x01, 0x80, 0x01, 0x80, 0x01, 0x80, 0x01, 0x80, 0x01, 0x80, 0x00, 0x00, 0x00, 0x00 }, // U+4E2B 丫
    { 0x00, 0x00, 0x00, 0x00, 0x01, 0x80, 0x01, 0x80, 0x7F, 0xFE, 0x61, 0x86, 0x61, 0x86, 0x61, 0x86, 0x61, 0x86, 0x7F, 0xFE, 0x61, 0x86, 0x01, 0x80, 0x01, 0x80, 0x00, 0x00, 0x00, 0x00, 0x00, 0x00 }, // U+4E2D 中
    { 0x00, 0x00, 0x00, 0x00, 0x01, 0x80, 0x01, 0x80, 0x7F, 0xFE, 0x01, 0x80, 0x01, 0x80, 0x01, 0x80, 0x3F, 0xFC, 0x01, 0x80, 0x01, 0x80, 0x01, 0x80, 0xFF, 0xFF, 0x01, 0x80, 0x00, 0x00, 0x00, 0x00 }, // U+4E30 丰
    { 0x00, 0x00, 0x00, 0x00, 0x01, 0x80, 0x01, 0x80, 0x3F, 0xFC, 0x21, 0x84, 0x21, 0x84, 0x3F, 0xFC, 0x21, 0x84, 0x01, 0x80, 0x7F, 0xFE, 0x61, 0x86, 0x61, 0x86, 0x7F, 0xFE, 0x00, 0x00, 0x00, 0x00 }, // U+4E32 串
    { 0x00, 0x00, 0x00, 0x00, 0x08, 0x80, 0x08, 0x80, 0x49, 0xFF, 0x49, 0x00, 0x4A, 0x00, 0x4A, 0x20, 0x48, 0x10, 0x49, 0xFE, 0x49, 0x32, 0x49, 0x22, 0x49, 0x22, 0x49, 0x22, 0x00, 0x00, 0x00, 0x00 }, // U+4E34 临
    { 0x00, 0x00, 0x00, 0x00, 0x06, 0x00, 0x06, 0x00, 0x06, 0x00, 0x7F, 0xF0, 0x06, 0x30, 0x04, 0x30, 0x44, 0x30, 0x34, 0x30, 0x0C, 0x30, 0x0F, 0x32, 0x09, 0xB3, 0x10, 0x33, 0x00, 0x00, 0x00, 0x00 }, // U+4E38 丸
    { 0x00, 0x00, 0x00, 0x00, 0x1F, 0xF8, 0x10, 0x08, 0x11, 0x08, 0x11, 0x08, 0x10, 0x88, 0x10, 0x88, 0x10, 0x08, 0xFF, 0xFF, 0x10, 0x08, 0x10, 0x08, 0x10, 0x08, 0x00, 0x00, 0x00, 0x00, 0x00, 0x00 }, // U+4E39 丹
    { 0x00, 0x00, 0x00, 0x00, 0x21, 0x00, 0x19, 0x00, 0x09, 0x00, 0x01, 0x00, 0x7F, 0xFE, 0x03, 0x06, 0x03, 0x06, 0x02, 0x46, 0x02, 0x66, 0x06, 0x26, 0x0C, 0x06, 0x08, 0x04, 0x00, 0x00, 0x00, 0x00 }, // U+4E3A 为
    { 0x00, 0x00, 0x00, 0x00, 0x01, 0x00, 0x01, 0x80, 0x00, 0x80, 0x7F, 0xFE, 0x01, 0x80, 0x01, 0x80, 0x01, 0x80, 0x01, 0x80, 0x3F, 0xFC, 0x01, 0x80, 0x01, 0x80, 0x01, 0x80, 0x00, 0x00, 0x00, 0x00 }, // U+4E3B 主
    { 0x00, 0x00, 0x00, 0x00, 0xFF, 0xFF, 0x00, 0x00, 0x7E, 0x7E, 0x62, 0x46, 0x42, 0x42, 0x52, 0x52, 0x52, 0x52, 0x4A, 0x52, 0x4A, 0x5A, 0x4A, 0x4A, 0x42, 0x42, 0x42, 0x42, 0x00, 0x00, 0x00, 0x00 }, // U+4E3D 丽
    { 0x00, 0x00, 0x00, 0x00, 0x21, 0x08, 0x11, 0x08, 0x10, 0x90, 0x08, 0x00, 0xFF, 0xFF, 0x0C, 0x20, 0x09, 0x90, 0x11, 0x88, 0x6F, 0xF4, 0xC1, 0x82, 0x01, 0x80, 0x7F, 0xFE, 0x00, 0x00, 0x00, 0x00 }, // U+4E3E 举
    { 0x00, 0x00, 0x00, 0x00, 0x7F, 0xF8, 0x0C, 0x18, 0x0C, 0x18, 0x0C, 0x30, 0x0C, 0x30, 0x0C, 0x20, 0x08, 0x3E, 0x08, 0x02, 0x08, 0x02, 0x18, 0x02, 0x18, 0x02, 0x30, 0x02, 0x00, 0x00, 0x00, 0x00 }, // U+4E43 乃
    { 0x00, 0x00, 0x00, 0x00, 0x04, 0x00, 0x04, 0x00, 0x0F, 0xE0, 0x18, 0x20, 0x10, 0x60, 0x30, 0x60, 0x20, 0x40, 0x00, 0xC0, 0x01, 0xC0, 0x01, 0x60, 0x02, 0x20, 0x0C, 0x10, 0x00, 0x00, 0x00, 0x00 }, // U+4E45 久
    { 0x00, 0x00, 0x00, 0x00, 0x01, 0x00, 0x03, 0x00, 0x02, 0x00, 0x06, 0x30, 0x0C, 0x20, 0x18, 0x60, 0x30, 0xC0, 0x60, 0x80, 0x41, 0x10, 0x03, 0x10, 0x06, 0x08, 0x0C, 0x0C, 0x00, 0x00, 0x00, 0x00 }, // U+4E48 么
    { 0x00, 0x00, 0x00, 0x00, 0x01, 0x00, 0x11, 0x08, 0x11, 0x88, 0x10, 0x88, 0x18, 0x18, 0x08, 0x10, 0x0C, 0x30, 0x04, 0x20, 0x06, 0x60, 0x03, 0xC0, 0x01, 0x80, 0x03, 0xC0, 0x00, 0x00, 0x00, 0x00 }, // U+4E49 义
    { 0x00, 0x00, 0x00, 0x00, 0x01, 0x00, 0x01, 0x80, 0x00, 0x80, 0x7F, 0xFC, 0x00, 0x0C, 0x00, 0x18, 0x00, 0x30, 0x00, 0xC0, 0x01, 0x80, 0x07, 0x00, 0x0C, 0x00, 0x38, 0x00, 0x00, 0x00, 0x00, 0x00 }, // U+4E4B 之
    { 0x00, 0x00, 0x00, 0x00, 0x01, 0x00, 0x03, 0x00, 0x1F, 0xF8, 0x10, 0x08, 0x10, 0x08, 0x10, 0x18, 0x10, 0xF0, 0x10, 0x00, 0x1F, 0xFE, 0x00, 0x06, 0x00, 0x06, 0xFF, 0xF6, 0x00, 0x00, 0x00, 0x00 }, // U+4E4C 乌
    { 0x00, 0x00, 0x00, 0x00, 0x08, 0x00, 0x08, 0x00, 0x1F, 0xFE, 0x13, 0x00, 0x33, 0x00, 0x23, 0x00, 0x43, 0xFC, 0x43, 0x00, 0x03, 0x00, 0x03, 0x00, 0x03, 0xFE, 0x03, 0x00, 0x00, 0x00, 0x00, 0x00 }, // U+4E4D 乍
    { 0x00, 0x00, 0x00, 0x00, 0x00, 0x3E, 0x7F, 0xF0, 0x01, 0x80, 0x21, 0x84, 0x11, 0x88, 0x19, 0x98, 0x09, 0x90, 0x01, 0x80, 0xFF, 0xFF, 0x01, 0x80, 0x01, 0x80, 0x01, 0x80, 0x00, 0x00, 0x00, 0x00 }, // U+4E4E 乎
    { 0x00, 0x00, 0x00, 0x00, 0x00, 0x1E, 0x7F, 0xF0, 0x01, 0x00, 0x01, 0x80, 0x00, 0x80, 0x3F, 0xFC, 0x00, 0x1C, 0x00, 0x30, 0x00, 0xC0, 0x03, 0x00, 0x0E, 0x00, 0x38, 0x00, 0x00, 0x00, 0x00, 0x00 }, // U+4E4F 乏
    { 0x00, 0x00, 0x00, 0x00, 0x00, 0x3C, 0x3F, 0xF0, 0x30, 0x00, 0x20, 0x80, 0x20, 0x80, 0x20, 0x80, 0x20, 0x80, 0x3F, 0xFE, 0x01, 0x80, 0x08, 0x90, 0x18, 0x98, 0x30, 0x8C, 0x00, 0x00, 0x00, 0x00 }, // U+4E50 乐
    { 0x00, 0x00, 0x00, 0x00, 0x00, 0x38, 0x1F, 0xF8, 0x10, 0x00, 0x10, 0x00, 0x10, 0x00, 0x1F, 0xFE, 0x10, 0x20, 0x10, 0x20, 0x10, 0x20, 0xFF, 0xFF, 0x04, 0x00, 0x08, 0x00, 0x00, 0x00, 0x00, 0x00 }, // U+4E52 乒
    { 0x00, 0x00, 0x00, 0x00, 0x00, 0x38, 0x1F, 0xF0, 0x10, 0x00, 0x10, 0x00, 0x1F, 0xFE, 0x10, 0x20, 0x10, 0x20, 0x10, 0x20, 0x10, 0x20, 0xFF, 0xFF, 0x00, 0x60, 0x00, 0x30, 0x00, 0x00, 0x00, 0x00 }, // U+4E53 乓
    { 0x00, 0x00, 0x00, 0x00, 0x00, 0x3C, 0x7F, 0xF0, 0x01, 0x80, 0x01, 0x80, 0x01, 0x00, 0x7F, 0xFE, 0x06, 0x60, 0x0C, 0x30, 0x38, 0x1C, 0x44, 0x26, 0x04, 0x20, 0x0C, 0x20, 0x00, 0x00, 0x00, 0x00 }, // U+4E54 乔
    { 0x00, 0x00, 0x00, 0x00, 0x00, 0x1C, 0x7F, 0xFC, 0x01, 0x80, 0x01, 0x80, 0xFF, 0xFF, 0x01, 0x80, 0x09, 0x92, 0x79, 0x9C, 0x09, 0x90, 0x39, 0x92, 0x49, 0x9E, 0x09, 0x80, 0x00, 0x00, 0x00, 0x00 }, // U+4E56 乖
    { 0x00, 0x00, 0x00, 0x00, 0x00, 0x3C, 0x7F, 0xC0, 0x01, 0x80, 0xFF, 0xFF, 0x01, 0x80, 0x09, 0x92, 0x79, 0x9C, 0x09, 0x90, 0x7B, 0xD2, 0x4F, 0xDE, 0x05, 0xA0, 0x19, 0x90, 0x00, 0x00, 0x00, 0x00 }, // U+4E58 乘
    { 0x00, 0x00, 0x00, 0x00, 0x7F, 0xF8, 0x00, 0x38, 0x00, 0x30, 0x00, 0xE0, 0x01, 0x80, 0x03, 0x00, 0x06, 0x00, 0x0C, 0x00, 0x18, 0x00, 0x30, 0x02, 0x60, 0x02, 0x60, 0x02, 0x00, 0x00, 0x00, 0x00 }, // U+4E59 乙
    { 0x00, 0x00, 0x00, 0x00, 0x06, 0x00, 0x06, 0x00, 0x06, 0x00, 0x7F, 0xE0, 0x06, 0x20, 0x04, 0x20, 0x04, 0x20, 0x04, 0x20, 0x04, 0x20, 0x0C, 0x22, 0x18, 0x23, 0x10, 0x23, 0x00, 0x00, 0x00, 0x00 }, // U+4E5D 九
    { 0x00, 0x00, 0x00, 0x00, 0x08, 0x00, 0x18, 0x00, 0x1F, 0xFE, 0x30, 0x00, 0x60, 0x00, 0x5F, 0xF8, 0x00, 0x70, 0x00, 0xC0, 0x03, 0x80, 0x06, 0x02, 0x1C, 0x02, 0x10, 0x06, 0x00, 0x00, 0x00, 0x00 }, // U+4E5E 乞
    { 0x00, 0x00, 0x00, 0x00, 0x01, 0x80, 0x01, 0x80, 0x11, 0x80, 0x11, 0xFC, 0x3F, 0xE4, 0xF1, 0x84, 0x11, 0x84, 0x11, 0x84, 0x11, 0x8C, 0x11, 0xB8, 0x11, 0x82, 0x10, 0x03, 0x00, 0x00, 0x00, 0x00 }, // U+4E5F 也
    { 0x00, 0x00, 0x00, 0x00, 0x7F, 0xFC, 0x00, 0x04, 0x00, 0x04, 0x18, 0x04, 0x07, 0x04, 0x01, 0x84, 0x00, 0x34, 0x01, 0xE4, 0x07, 0x04, 0x7C, 0x04, 0x60, 0x04, 0x00, 0x00, 0x00, 0x00, 0x00, 0x00 }, // U+4E60 习
    { 0x00, 0x00, 0x00, 0x00, 0x01, 0x00, 0x03, 0x00, 0x06, 0x18, 0x0C, 0x30, 0x18, 0x60, 0x3F, 0xC0, 0x01, 0x84, 0x03, 0x04, 0x0C, 0x08, 0x1F, 0xF8, 0x3E, 0x30, 0x00, 0x60, 0x00, 0x00, 0x00, 0x00 }, // U+4E61 乡
    { 0x00, 0x00, 0x00, 0x00, 0x03, 0x08, 0x03, 0x0C, 0x03, 0x02, 0x7F, 0xF8, 0x03, 0x08, 0x03, 0x08, 0x03, 0x18, 0xFF, 0xFE, 0x03, 0x06, 0x03, 0x02, 0x03, 0x02, 0x03, 0x06, 0x00, 0x00, 0x00, 0x00 }, // U+4E66 书
    { 0x00, 0x00, 0x00, 0x00, 0x7F, 0xFE, 0x00, 0x06, 0x08, 0x44, 0x04, 0x4C, 0x22, 0x40, 0x18, 0x40, 0x04, 0x40, 0x00, 0x40, 0xFF, 0xFF, 0x01, 0x80, 0x01, 0xE0, 0x00, 0x00, 0x00, 0x00, 0x00, 0x00 }, // U+4E70 买
    { 0x00, 0x00, 0x00, 0x00, 0x07, 0x20, 0x7C, 0x20, 0x08, 0x20, 0x08, 0x20, 0xFF, 0xA0, 0x08, 0x20, 0x08, 0x20, 0x08, 0x20, 0x7F, 0x20, 0x41, 0x20, 0x41, 0x20, 0x41, 0x23, 0x00, 0x00, 0x00, 0x00 }, // U+4E71 乱
    { 0x00, 0x00, 0x00, 0x00, 0x03, 0xA0, 0x7C, 0x20, 0x09, 0x20, 0x49, 0x20, 0x61, 0x20, 0x22, 0x20, 0x7F, 0xA0, 0x03, 0x20, 0x06, 0x20, 0x0C, 0x20, 0x3F, 0xA1, 0xFC, 0x23, 0x00, 0x00, 0x00, 0x00 }, // U+4E73 乳
    { 0x00, 0x00, 0x00, 0x00, 0x10, 0x40, 0x10, 0x40, 0x7E, 0xFF, 0x10, 0x80, 0x7F, 0x00, 0x42, 0xFC, 0x7E, 0x0C, 0x42, 0x18, 0x7E, 0x30, 0x52, 0x61, 0x10, 0x41, 0xFE, 0x83, 0x00, 0x00, 0x00, 0x00 }, // U+4E7E 乾
    { 0x00, 0x00, 0x00, 0x00, 0x7F, 0xFE, 0x00, 0x0E, 0x00, 0x38, 0x00, 0x60, 0x00, 0x80, 0x00, 0x80, 0x00, 0x80, 0x00, 0x80, 0x00, 0x80, 0x00, 0x80, 0x00, 0x80, 0x00, 0x00, 0x00, 0x00, 0x00, 0x00 }, // U+4E86 了
    { 0x00, 0x00, 0x00, 0x00, 0x3F, 0xFC, 0x00, 0x18, 0x0C, 0x70, 0x07, 0xC0, 0x01, 0x80, 0x7F, 0xFE, 0x01, 0x86, 0x01, 0x84, 0x01, 0x84, 0x01, 0x80, 0x01, 0x80, 0x00, 0x00, 0x00, 0x00, 0x00, 0x00 }, // U+4E88 予
    { 0x00, 0x00, 0x00, 0x00, 0x04, 0x00, 0x0F, 0xF0, 0x10, 0x20, 0x20, 0x60, 0x7F, 0xFC, 0x41, 0x0C, 0x01, 0x0C, 0xFF, 0xFF, 0x01, 0x0C, 0x01, 0x0C, 0x3F, 0xFC, 0x01, 0x0C, 0x00, 0x00, 0x00, 0x00 }, // U+4E89 争
    { 0x00, 0x00, 0x00, 0x00, 0x01, 0x80, 0xFF, 0xFF, 0x01, 0x80, 0x3F, 0xFC, 0x21, 0x84, 0x3F, 0xFC, 0x01, 0x80, 0x7F, 0xFC, 0x01, 0x84, 0xFF, 0xFF, 0x01, 0x84, 0x7F, 0xFC, 0x00, 0x00, 0x00, 0x00 }, // U+4E8B 事
    { 0x00, 0x00, 0x00, 0x00, 0x00, 0x00, 0x00, 0x00, 0x00, 0x00, 0x00, 0x00, 0x00, 0x00, 0x3F, 0xFC, 0x00, 0x00, 0x00, 0x00, 0x00, 0x00, 0x00, 0x00, 0x00, 0x00, 0x00, 0x00, 0x00, 0x00, 0x00, 0x00 }, // U+4E8C 二
    { 0x00, 0x00, 0x00, 0x00, 0x3F, 0xFE, 0x01, 0x80, 0x00, 0x80, 0x00, 0x80, 0x00, 0x80, 0xFF, 0xFF, 0x01, 0x80, 0x00, 0x80, 0x00, 0x80, 0x00, 0x80, 0x00, 0x80, 0x00, 0x00, 0x00, 0x00, 0x00, 0x00 }, // U+4E8E 于
    { 0x00, 0x00, 0x00, 0x00, 0x3F, 0xFC, 0x00, 0x00, 0x00, 0x00, 0xFF, 0xFF, 0x08, 0x00, 0x08, 0x00, 0x18, 0x00, 0x1F, 0xFC, 0x00, 0x0C, 0x00, 0x0C, 0x00, 0x08, 0x00, 0x08, 0x00, 0x00, 0x00, 0x00 }, // U+4E8F 亏
    { 0x00, 0x00, 0x00, 0x00, 0x3F, 0xFC, 0x00, 0x00, 0x00, 0x00, 0x00, 0x00, 0x00, 0x00, 0xFF, 0xFF, 0x03, 0x00, 0x06, 0x00, 0x04, 0x20, 0x0C, 0x30, 0x18, 0x10, 0x00, 0x00, 0x00, 0x00, 0x00, 0x00 }, // U+4E91 云
    { 0x00, 0x00, 0x00, 0x00, 0x7F, 0xFE, 0x18, 0x00, 0x18, 0x00, 0x1F, 0xF8, 0x10, 0x08, 0x10, 0x08, 0x10, 0x08, 0x10, 0x18, 0x1F, 0xF8, 0x00, 0x18, 0x00, 0x18, 0x00, 0x00, 0x00, 0x00, 0x00, 0x00 }, // U+4E92 互
    { 0x00, 0x00, 0x00, 0x00, 0x7F, 0xFE, 0x06, 0x00, 0x06, 0x00, 0x06, 0x00, 0x04, 0x00, 0x7F, 0xF8, 0x04, 0x08, 0x04, 0x08, 0x0C, 0x08, 0x0C, 0x08, 0x0C, 0x08, 0x00, 0x00, 0x00, 0x00, 0x00, 0x00 }, // U+4E94 五
    { 0x00, 0x00, 0x00, 0x00, 0x0C, 0x10, 0x0C, 0x10, 0x7F, 0xFE, 0x0C, 0x30, 0x0C, 0x10, 0x0C, 0x10, 0x0C, 0x10, 0xFF, 0xFF, 0x0C, 0x30, 0x08, 0x10, 0x08, 0x10, 0x00, 0x00, 0x00, 0x00, 0x00, 0x00 }, // U+4E95 井
    { 0x00, 0x00, 0x00, 0x00, 0x7F, 0xFE, 0x06, 0x60, 0x06, 0x60, 0x46, 0x62, 0x66, 0x66, 0x26, 0x64, 0x36, 0x64, 0x16, 0x68, 0x16, 0x68, 0x16, 0x68, 0x06, 0x60, 0x00, 0x00, 0x00, 0x00, 0x00, 0x00 }, // U+4E9A 亚
    { 0x00, 0x00, 0x00, 0x00, 0x04, 0x60, 0x04, 0x66, 0x24, 0x6C, 0x27, 0xF0, 0x24, 0x60, 0x24, 0x63, 0x27, 0xE2, 0x7C, 0x3E, 0xC0, 0x00, 0x00, 0x00, 0x3F, 0xFC, 0x00, 0x00, 0x00, 0x00, 0x00, 0x00 }, // U+4E9B 些
    { 0x00, 0x00, 0x00, 0x00, 0x01, 0x00, 0x01, 0x80, 0x00, 0x80, 0xFF, 0xFF, 0x30, 0x00, 0x10, 0x00, 0x10, 0x00, 0x10, 0x00, 0x10, 0x00, 0x10, 0x00, 0x10, 0x00, 0x10, 0x00, 0x00, 0x00, 0x00, 0x00 }, // U+4EA1 亡
    { 0x00, 0x00, 0x00, 0x00, 0x01, 0x00, 0x01, 0x80, 0x00, 0x80, 0x7F, 0xFE, 0x00, 0x00, 0x00, 0x00, 0x0F, 0xF0, 0x08, 0x30, 0x08, 0x30, 0x08, 0x30, 0x08, 0x31, 0x18, 0x31, 0x00, 0x00, 0x00, 0x00 }, // U+4EA2 亢
    { 0x00, 0x00, 0x00, 0x00, 0x01, 0x00, 0x01, 0x80, 0xFF, 0xFE, 0x00, 0x00, 0x04, 0x20, 0x08, 0x10, 0x1C, 0x38, 0x24, 0x24, 0x46, 0x62, 0x02, 0x40, 0x01, 0x80, 0x03, 0x80, 0x00, 0x00, 0x00, 0x00 }, // U+4EA4 交
    { 0x00, 0x00, 0x00, 0x00, 0x01, 0x00, 0x01, 0x80, 0x7F, 0xFE, 0x06, 0x00, 0x0C, 0x20, 0x18, 0x60, 0x3F, 0xC8, 0x39, 0x88, 0x03, 0x18, 0x0E, 0x30, 0x38, 0x60, 0x60, 0xE0, 0x00, 0x00, 0x00, 0x00 }, // U+4EA5 亥
    { 0x00, 0x00, 0x00, 0x00, 0x01, 0x00, 0x01, 0x80, 0x00, 0x80, 0xFF, 0xFF, 0x06, 0x20, 0x06, 0x20, 0x24, 0x28, 0x24, 0x24, 0x64, 0x26, 0x44, 0x22, 0x4C, 0x22, 0x08, 0x20, 0x00, 0x00, 0x00, 0x00 }, // U+4EA6 亦
    { 0x00, 0x00, 0x00, 0x00, 0x01, 0x00, 0x01, 0x80, 0x7F, 0xFF, 0x08, 0x10, 0x04, 0x30, 0x04, 0x20, 0x3F, 0xFE, 0x20, 0x00, 0x20, 0x00, 0x20, 0x00, 0x20, 0x00, 0x20, 0x00, 0x00, 0x00, 0x00, 0x00 }, // U+4EA7 产
    { 0x00, 0x00, 0x00, 0x00, 0x01, 0x00, 0x01, 0x80, 0xFF, 0xFF, 0x00, 0x00, 0x1F, 0xF8, 0x10, 0x08, 0x10, 0x08, 0x1F, 0xF8, 0x00, 0x00, 0x7F, 0xFC, 0x00, 0x3C, 0x00, 0xC0, 0x00, 0x00, 0x00, 0x00 }, // U+4EA8 亨
    { 0x00, 0x00, 0x00, 0x00, 0x01, 0x00, 0x00, 0x80, 0x7F, 0xFF, 0x00, 0x00, 0x00, 0x00, 0x3F, 0xFC, 0x21, 0x84, 0x21, 0x84, 0x3F, 0xFC, 0x21, 0x84, 0x21, 0x84, 0x21, 0x84, 0x00, 0x00, 0x00, 0x00 }, // U+4EA9 亩
    { 0x00, 0x00, 0x00, 0x00, 0x01, 0x00, 0x01, 0x80, 0xFF, 0xFF, 0x00, 0x00, 0x1F, 0xF8, 0x10, 0x08, 0x1F, 0xF8, 0x00, 0x00, 0x3F, 0xF8, 0x00, 0x00, 0x00, 0x80, 0xFF, 0xFF, 0x00, 0x00, 0x00, 0x00 }, // U+4EAB 享
    { 0x00, 0x00, 0x00, 0x00, 0x01, 0x00, 0x01, 0x80, 0xFF, 0xFF, 0x00, 0x00, 0x3F, 0xFC, 0x30, 0x0C, 0x30, 0x0C, 0x3F, 0xFC, 0x31, 0x8C, 0x00, 0x80, 0x08, 0x90, 0x10, 0x98, 0x00, 0x00, 0x00, 0x00 }, // U+4EAC 京
    { 0x00, 0x00, 0x00, 0x00, 0x01, 0x00, 0x7F, 0xFE, 0x00, 0x00, 0x1F, 0xF8, 0x10, 0x08, 0x10, 0x08, 0x1F, 0xF8, 0x00, 0x00, 0x7F, 0xFE, 0x40, 0x02, 0x1F, 0xF8, 0x00, 0x80, 0x00, 0x00, 0x00, 0x00 }, // U+4EAD 亭
    { 0x00, 0x00, 0x00, 0x00, 0x01, 0x00, 0x01, 0x80, 0x7F, 0xFE, 0x00, 0x00, 0x1F, 0xF8, 0x10, 0x08, 0x1F, 0xF8, 0x00, 0x00, 0x7F, 0xFE, 0x40, 0x02, 0x07, 0xE0, 0x0C, 0x21, 0x00, 0x00, 0x00, 0x00 }, // U+4EAE 亮
    { 0x00, 0x00, 0x00, 0x00, 0x01, 0x00, 0x01, 0x80, 0x7F, 0xFE, 0x08, 0x10, 0x0C, 0x30, 0x04, 0x20, 0xFF, 0xFF, 0x00, 0x80, 0x00, 0x80, 0x7F, 0xFE, 0x18, 0x90, 0x30, 0x8C, 0x00, 0x00, 0x00, 0x00 }, // U+4EB2 亲
    { 0x00, 0x00, 0x00, 0x00, 0x01, 0x80, 0x01, 0x80, 0x01, 0x80, 0x01, 0x80, 0x01, 0x80, 0x01, 0x80, 0x03, 0xC0, 0x02, 0x40, 0x06, 0x40, 0x04, 0x20, 0x0C, 0x30, 0x18, 0x18, 0x00, 0x00, 0x00, 0x00 }, // U+4EBA 人
    { 0x00, 0x00, 0x00, 0x00, 0x08, 0x00, 0x1B, 0xFC, 0x10, 0x0C, 0x10, 0x08, 0x30, 0x18, 0x30, 0x30, 0x70, 0x60, 0xF0, 0xC0, 0x31, 0x80, 0x31, 0x03, 0x32, 0x03, 0x32, 0x03, 0x00, 0x00, 0x00, 0x00 }, // U+4EBF 亿
    { 0x00, 0x00, 0x00, 0x00, 0x08, 0x20, 0x18, 0x20, 0x10, 0x20, 0x10, 0x20, 0x30, 0x20, 0x37, 0xFF, 0x70, 0x20, 0xD0, 0x20, 0x10, 0x20, 0x10, 0x20, 0x10, 0x20, 0x10, 0x20, 0x00, 0x00, 0x00, 0x00 }, // U+4EC0 什
    { 0x00, 0x00, 0x00, 0x00, 0x08, 0x00, 0x18, 0x00, 0x13, 0xFE, 0x30, 0x00, 0x30, 0x00, 0x70, 0x00, 0x70, 0x00, 0xD0, 0x00, 0x10, 0x00, 0x10, 0x00, 0x10, 0x00, 0x10, 0x00, 0x00, 0x00, 0x00, 0x00 }, // U+4EC1 仁
    { 0x00, 0x00, 0x00, 0x00, 0x08, 0x00, 0x1F, 0xFE, 0x12, 0x06, 0x13, 0x04, 0x31, 0x04, 0x61, 0x04, 0x61, 0x0C, 0xE1, 0x88, 0x20, 0x98, 0x20, 0xF0, 0x20, 0x60, 0x20, 0xF0, 0x00, 0x00, 0x00, 0x00 }, // U+4EC5 仅
    { 0x00, 0x00, 0x00, 0x00, 0x08, 0xC0, 0x08, 0xC0, 0x18, 0xC0, 0x30, 0xC0, 0x30, 0xE0, 0x70, 0xF8, 0xF0, 0xCC, 0x10, 0xC6, 0x10, 0xC2, 0x10, 0xC0, 0x10, 0xC0, 0x10, 0xC0, 0x00, 0x00, 0x00, 0x00 }, // U+4EC6 仆
    { 0x00, 0x00, 0x00, 0x00, 0x19, 0x80, 0x11, 0x80, 0x17, 0xF8, 0x31, 0x98, 0x31, 0x98, 0x71, 0x18, 0xF1, 0x18, 0x31, 0x18, 0x31, 0x19, 0x33, 0x1B, 0x32, 0x1B, 0x00, 0x00, 0x00, 0x00, 0x00, 0x00 }, // U+4EC7 仇
    { 0x00, 0x00, 0x00, 0x00, 0x01, 0x80, 0x03, 0xC0, 0x06, 0x60, 0x0C, 0x30, 0x19, 0x18, 0x61, 0x8E, 0xC0, 0x82, 0x00, 0x00, 0x3F, 0xF8, 0x00, 0x18, 0x00, 0x10, 0x00, 0x30, 0x00, 0x00, 0x00, 0x00 }, // U+4ECA 今
    { 0x00, 0x00, 0x00, 0x00, 0x01, 0x80, 0x03, 0xC0, 0x02, 0x40, 0x04, 0x60, 0x0C, 0x30, 0x30, 0x18, 0x6C, 0x26, 0x4C, 0x22, 0x0C, 0x20, 0x08, 0x20, 0x08, 0x20, 0x08, 0x20, 0x00, 0x00, 0x00, 0x00 }, // U+4ECB 介
    { 0x00, 0x00, 0x00, 0x00, 0x18, 0x00, 0x17, 0xFC, 0x11, 0x8C, 0x31, 0x08, 0x31, 0x18, 0x71, 0x10, 0x71, 0x1E, 0xF1, 0x02, 0x31, 0x02, 0x31, 0x02, 0x31, 0x02, 0x33, 0x02, 0x00, 0x00, 0x00, 0x00 }, // U+4ECD 仍
    { 0x00, 0x00, 0x00, 0x00, 0x18, 0x20, 0x18, 0x20, 0x18, 0x20, 0x18, 0x20, 0x18, 0x60, 0x18, 0x60, 0x1C, 0x60, 0x16, 0x60, 0x13, 0x50, 0x11, 0xD0, 0x20, 0x98, 0x21, 0x88, 0x00, 0x00, 0x00, 0x00 }, // U+4ECE 从
    { 0x00, 0x00, 0x00, 0x00, 0x01, 0x80, 0x03, 0xC0, 0x06, 0x60, 0x0C, 0x30, 0x18, 0x18, 0x60, 0x0E, 0x58, 0x12, 0x18, 0x60, 0x1B, 0x80, 0x1E, 0x00, 0x18, 0x04, 0x18, 0x04, 0x00, 0x00, 0x00, 0x00 }, // U+4ED1 仑
    { 0x00, 0x00, 0x00, 0x00, 0x01, 0x80, 0x03, 0xC0, 0x06, 0x60, 0x0C, 0x30, 0x18, 0x18, 0x60, 0x0E, 0x5F, 0xF2, 0x18, 0x10, 0x18, 0x10, 0x18, 0x12, 0x18, 0xF6, 0x18, 0x04, 0x00, 0x00, 0x00, 0x00 }, // U+4ED3 仓
    { 0x00, 0x00, 0x00, 0x00, 0x08, 0x00, 0x1B, 0xFE, 0x10, 0x06, 0x10, 0x0C, 0x30, 0x18, 0x30, 0x18, 0x70, 0x30, 0xF7, 0xFF, 0x30, 0x30, 0x30, 0x30, 0x30, 0x30, 0x30, 0x30, 0x00, 0x00, 0x00, 0x00 }, // U+4ED4 仔
    { 0x00, 0x00, 0x00, 0x00, 0x08, 0x20, 0x08, 0x20, 0x18, 0x20, 0x10, 0x20, 0x30, 0x20, 0x37, 0xFF, 0x70, 0x20, 0xD0, 0x20, 0x10, 0x20, 0x10, 0x20, 0x10, 0x20, 0x10, 0x20, 0x00, 0x00, 0x00, 0x00 }, // U+4ED5 仕
    { 0x00, 0x00, 0x00, 0x00, 0x08, 0x20, 0x18, 0x20, 0x12, 0x20, 0x32, 0x3E, 0x27, 0xF6, 0x6E, 0x22, 0xE2, 0x22, 0x22, 0x26, 0x22, 0x3C, 0x22, 0x20, 0x22, 0x21, 0x22, 0x03, 0x00, 0x00, 0x00, 0x00 }, // U+4ED6 他
    { 0x00, 0x00, 0x00, 0x00, 0x08, 0x10, 0x18, 0x10, 0x10, 0x10, 0x37, 0xFF, 0x20, 0x10, 0x62, 0x10, 0xE2, 0x10, 0x21, 0x30, 0x21, 0x20, 0x20, 0xE0, 0x20, 0xE0, 0x21, 0xF0, 0x00, 0x00, 0x00, 0x00 }, // U+4ED7 仗
    { 0x00, 0x00, 0x00, 0x00, 0x08, 0x08, 0x18, 0x08, 0x10, 0x08, 0x37, 0xFE, 0x30, 0x08, 0x70, 0x08, 0xF2, 0x08, 0x33, 0x08, 0x31, 0x88, 0x30, 0x88, 0x30, 0x08, 0x30, 0x08, 0x00, 0x00, 0x00, 0x00 }, // U+4ED8 付
    { 0x00, 0x00, 0x00, 0x00, 0x08, 0x20, 0x18, 0x20, 0x10, 0x20, 0x32, 0x22, 0x32, 0x22, 0x72, 0x22, 0x72, 0x22, 0xF2, 0x22, 0x32, 0x22, 0x32, 0x22, 0x32, 0x22, 0x32, 0x22, 0x00, 0x00, 0x00, 0x00 }, // U+4ED9 仙
    { 0x00, 0x00, 0x00, 0x00, 0x08, 0x06, 0x1B, 0xFE, 0x10, 0x20, 0x10, 0x20, 0x30, 0x20, 0x30, 0x20, 0x77, 0xFF, 0xD0, 0x20, 0x10, 0x20, 0x10, 0x20, 0x10, 0x20, 0x10, 0x20, 0x00, 0x00, 0x00, 0x00 }, // U+4EDF 仟
    { 0x00, 0x00, 0x00, 0x00, 0x08, 0x00, 0x18, 0x90, 0x10, 0x8C, 0x10, 0x84, 0x30, 0xC0, 0x70, 0xFE, 0x77, 0xE0, 0xF0, 0x40, 0x30, 0x40, 0x30, 0x40, 0x30, 0x60, 0x30, 0x23, 0x00, 0x00, 0x00, 0x00 }, // U+4EE3 代
    { 0x00, 0x00, 0x00, 0x00, 0x01, 0x80, 0x03, 0xC0, 0x06, 0x60, 0x0C, 0x30, 0x19, 0x18, 0x61, 0x8E, 0x40, 0x82, 0x00, 0x00, 0x3F, 0xF8, 0x00, 0x18, 0x00, 0x30, 0x0C, 0x60, 0x00, 0x00, 0x00, 0x00 }, // U+4EE4 令
    { 0x00, 0x00, 0x00, 0x00, 0x02, 0x08, 0x62, 0x08, 0x63, 0x08, 0x61, 0x08, 0x61, 0x08, 0x60, 0x08, 0x60, 0x08, 0x60, 0x08, 0x60, 0x18, 0x62, 0x10, 0x66, 0x38, 0x7C, 0x6C, 0x00, 0x00, 0x00, 0x00 }, // U+4EE5 以
    { 0x00, 0x00, 0x08, 0x40, 0x18, 0x40, 0x12, 0x66, 0x12, 0x26, 0x32, 0x04, 0x33, 0x04, 0x71, 0x0C, 0x71, 0x08, 0xF1, 0x88, 0x30, 0x90, 0x30, 0xF0, 0x30, 0x60, 0x30, 0xF0, 0x00, 0x00, 0x00, 0x00 }, // U+4EEA 仪
    { 0x00, 0x00, 0x00, 0x00, 0x0A, 0x00, 0x11, 0x3E, 0x11, 0x02, 0x32, 0x02, 0x32, 0x02, 0x72, 0x02, 0x72, 0x02, 0xF2, 0x02, 0x32, 0x02, 0x32, 0x02, 0x32, 0x02, 0x32, 0x02, 0x00, 0x00, 0x00, 0x00 }, // U+4EEC 们
    { 0x00, 0x00, 0x00, 0x00, 0x10, 0x00, 0x10, 0xC0, 0x37, 0x3E, 0x26, 0x22, 0x26, 0x22, 0x66, 0x22, 0x66, 0x22, 0xE6, 0x22, 0x26, 0x22, 0x26, 0x22, 0x26, 0xA6, 0x27, 0xBC, 0x00, 0x00, 0x00, 0x00 }, // U+4EF0 仰
    { 0x00, 0x00, 0x00, 0x00, 0x18, 0x20, 0x10, 0x20, 0x10, 0x20, 0x37, 0xFE, 0x36, 0x22, 0x76, 0x22, 0x76, 0x22, 0xF6, 0x22, 0x36, 0x22, 0x37, 0xFE, 0x36, 0x22, 0x30, 0x20, 0x00, 0x00, 0x00, 0x00 }, // U+4EF2 仲
    { 0x00, 0x00, 0x00, 0x00, 0x18, 0x30, 0x11, 0x30, 0x11, 0x30, 0x33, 0xFE, 0x32, 0x30, 0x76, 0x30, 0xF4, 0x30, 0x30, 0x30, 0x37, 0xFF, 0x30, 0x30, 0x30, 0x30, 0x30, 0x30, 0x00, 0x00, 0x00, 0x00 }, // U+4EF6 件
    { 0x00, 0x00, 0x00, 0x00, 0x10, 0x60, 0x10, 0xE0, 0x10, 0x90, 0x31, 0x08, 0x36, 0x06, 0x74, 0x02, 0x71, 0x08, 0xF1, 0x08, 0x31, 0x08, 0x31, 0x08, 0x31, 0x08, 0x33, 0x08, 0x00, 0x00, 0x00, 0x00 }, // U+4EF7 价
    { 0x00, 0x00, 0x00, 0x00, 0x08, 0x00, 0x18, 0x1E, 0x13, 0xF8, 0x10, 0x20, 0x30, 0x20, 0x30, 0x20, 0x70, 0x20, 0xD7, 0xFF, 0x10, 0x20, 0x10, 0x20, 0x10, 0x20, 0x10, 0x20, 0x00, 0x00, 0x00, 0x00 }, // U+4EFB 任
    { 0x00, 0x00, 0x00, 0x00, 0x08, 0x20, 0x18, 0xB0, 0x11, 0x90, 0x31, 0x08, 0x23, 0x0C, 0x26, 0x06, 0x64, 0x02, 0xEF, 0xF8, 0x21, 0x88, 0x21, 0x88, 0x21, 0x08, 0x21, 0x08, 0x00, 0x00, 0x00, 0x00 }, // U+4EFD 份
    { 0x00, 0x00, 0x00, 0x00, 0x18, 0x40, 0x10, 0x20, 0x17, 0xFF, 0x31, 0x80, 0x31, 0x80, 0x71, 0x80, 0x71, 0xFE, 0xF1, 0x86, 0x31, 0x06, 0x31, 0x06, 0x31, 0x06, 0x33, 0x06, 0x00, 0x00, 0x00, 0x00 }, // U+4EFF 仿
    { 0x00, 0x00, 0x00, 0x00, 0x01, 0x80, 0x03, 0xC0, 0x06, 0x60, 0x0C, 0x30, 0x18, 0x18, 0x60, 0x8E, 0x40, 0x82, 0x10, 0x80, 0x10, 0xFC, 0x10, 0x80, 0x10, 0x80, 0x10, 0x80, 0x00, 0x00, 0x00, 0x00 }, // U+4F01 企
    { 0x00, 0x00, 0x00, 0x00, 0x08, 0x00, 0x1F, 0xFC, 0x10, 0x84, 0x30, 0x84, 0x20, 0x84, 0x6F, 0xFF, 0xE0, 0x84, 0x20, 0x84, 0x20, 0x84, 0x27, 0xFC, 0x21, 0x84, 0x21, 0x00, 0x00, 0x00, 0x00, 0x00 }, // U+4F0A 伊
    { 0x00, 0x00, 0x00, 0x00, 0x17, 0xFE, 0x10, 0x80, 0x10, 0x80, 0x30, 0x80, 0x30, 0x80, 0x70, 0x80, 0x77, 0xFC, 0xF1, 0x84, 0x31, 0x84, 0x31, 0x04, 0x31, 0x04, 0x31, 0x04, 0x00, 0x00, 0x00, 0x00 }, // U+4F0D 伍
    { 0x00, 0x00, 0x00, 0x00, 0x08, 0x20, 0x10, 0x20, 0x17, 0xFF, 0x30, 0x20, 0x30, 0x20, 0x77, 0xFE, 0xF3, 0x04, 0x31, 0x0C, 0x31, 0x88, 0x30, 0xD0, 0x30, 0x70, 0x30, 0xF0, 0x00, 0x00, 0x00, 0x00 }, // U+4F0E 伎
    { 0x00, 0x00, 0x00, 0x00, 0x08, 0x60, 0x18, 0x68, 0x10, 0x6C, 0x10, 0x64, 0x30, 0x60, 0x27, 0xFF, 0x60, 0x60, 0xE0, 0x60, 0x20, 0x60, 0x20, 0xF0, 0x20, 0x90, 0x21, 0x98, 0x00, 0x00, 0x00, 0x00 }, // U+4F0F 伏
    { 0x00, 0x00, 0x00, 0x00, 0x08, 0xD8, 0x08, 0xC4, 0x18, 0xC0, 0x10, 0x4E, 0x31, 0xF8, 0x37, 0xC0, 0x70, 0x42, 0xD0, 0x46, 0x10, 0x4C, 0x10, 0x78, 0x10, 0x61, 0x10, 0xE3, 0x00, 0x00, 0x00, 0x00 }, // U+4F10 伐
    { 0x00, 0x00, 0x00, 0x00, 0x08, 0x60, 0x18, 0x60, 0x10, 0x60, 0x37, 0xFE, 0x20, 0x60, 0x60, 0xF0, 0xE0, 0xF0, 0x21, 0x70, 0x21, 0x68, 0x22, 0x6C, 0x26, 0x64, 0x2C, 0x62, 0x00, 0x00, 0x00, 0x00 }, // U+4F11 休
    { 0x00, 0x00, 0x00, 0x00, 0x01, 0x80, 0x03, 0xC0, 0x06, 0x40, 0x0C, 0x30, 0x18, 0x18, 0x70, 0x0E, 0x48, 0x22, 0x08, 0x20, 0x08, 0x30, 0x1E, 0x30, 0x13, 0x50, 0x10, 0x48, 0x00, 0x00, 0x00, 0x00 }, // U+4F17 众
    { 0x00, 0x00, 0x00, 0x00, 0x08, 0x90, 0x18, 0x88, 0x10, 0x84, 0x30, 0x80, 0x27, 0xFE, 0x60, 0xA0, 0xE0, 0xA0, 0x20, 0xA0, 0x21, 0xA0, 0x21, 0x20, 0x21, 0x22, 0x22, 0x23, 0x00, 0x00, 0x00, 0x00 }, // U+4F18 优
    { 0x00, 0x00, 0x00, 0x00, 0x08, 0x60, 0x18, 0x60, 0x10, 0x60, 0x14, 0x62, 0x34, 0x46, 0x36, 0x44, 0x72, 0x68, 0xD2, 0x68, 0x10, 0x60, 0x10, 0xF0, 0x10, 0x90, 0x11, 0x98, 0x00, 0x00, 0x00, 0x00 }, // U+4F19 伙
    { 0x00, 0x00, 0x00, 0x00, 0x01, 0x80, 0x03, 0xC0, 0x06, 0x60, 0x0C, 0x30, 0x18, 0x18, 0x7F, 0xFE, 0x40, 0x02, 0x00, 0x00, 0x7F, 0xFE, 0x02, 0x00, 0x04, 0x20, 0x00, 0x00, 0x00, 0x00, 0x00, 0x00 }, // U+4F1A 会
    { 0x00, 0x00, 0x00, 0x00, 0x01, 0x80, 0x03, 0xC0, 0x06, 0x60, 0x0C, 0x30, 0x19, 0x98, 0x61, 0x8E, 0x51, 0x8A, 0x19, 0x98, 0x09, 0xA0, 0x01, 0x80, 0x7F, 0xFE, 0x01, 0x80, 0x00, 0x00, 0x00, 0x00 }, // U+4F1E 伞
    { 0x00, 0x00, 0x00, 0x00, 0x18, 0x40, 0x18, 0x40, 0x17, 0xFE, 0x30, 0x40, 0x30, 0x40, 0x77, 0xFC, 0x70, 0x40, 0xF0, 0x40, 0x3F, 0xFE, 0x30, 0x42, 0x30, 0x42, 0x30, 0x46, 0x00, 0x00, 0x00, 0x00 }, // U+4F1F 伟
    { 0x00, 0x00, 0x00, 0x00, 0x08, 0x40, 0x18, 0xC0, 0x17, 0xFE, 0x30, 0x80, 0x30, 0x80, 0x77, 0xFF, 0x71, 0x00, 0xF1, 0x00, 0x31, 0xFE, 0x30, 0x04, 0x32, 0x08, 0x31, 0x98, 0x00, 0x00, 0x00, 0x00 }, // U+4F20 传
    { 0x00, 0x00, 0x00, 0x00, 0x18, 0x80, 0x11, 0x00, 0x13, 0xFF, 0x32, 0x00, 0x36, 0x40, 0x74, 0x40, 0x77, 0xFE, 0xF0, 0xC2, 0x30, 0xC2, 0x30, 0x82, 0x30, 0x82, 0x31, 0x02, 0x00, 0x00, 0x00, 0x00 }, // U+4F24 伤
    { 0x00, 0x00, 0x00, 0x00, 0x08, 0x60, 0x18, 0x70, 0x10, 0x90, 0x31, 0x08, 0x36, 0x06, 0x74, 0x02, 0xF1, 0x08, 0x31, 0x18, 0x31, 0x60, 0x31, 0x82, 0x31, 0x02, 0x31, 0x06, 0x00, 0x00, 0x00, 0x00 }, // U+4F26 伦
    { 0x00, 0x00, 0x00, 0x00, 0x08, 0x40, 0x1A, 0x40, 0x13, 0xC0, 0x30, 0xC0, 0x37, 0xFE, 0x30, 0xC2, 0x70, 0x82, 0xF0, 0x82, 0x30, 0xB2, 0x31, 0x92, 0x31, 0x02, 0x32, 0x02, 0x00, 0x00, 0x00, 0x00 }, // U+4F2A 伪
    { 0x00, 0x00, 0x00, 0x00, 0x18, 0x60, 0x10, 0x40, 0x13, 0xFE, 0x32, 0x06, 0x32, 0x02, 0x72, 0x02, 0x72, 0x02, 0xF3, 0xFE, 0x32, 0x06, 0x32, 0x02, 0x32, 0x02, 0x32, 0x02, 0x00, 0x00, 0x00, 0x00 }, // U+4F2F 伯
    { 0x00, 0x00, 0x00, 0x00, 0x18, 0x60, 0x10, 0x60, 0x10, 0x60, 0x3F, 0xFF, 0x30, 0x60, 0x70, 0x60, 0x70, 0x60, 0xF3, 0xFE, 0x32, 0x06, 0x32, 0x06, 0x32, 0x06, 0x32, 0x06, 0x00, 0x00, 0x00, 0x00 }, // U+4F30 估
    { 0x00, 0x00, 0x00, 0x00, 0x08, 0x20, 0x18, 0x20, 0x12, 0x22, 0x13, 0x26, 0x31, 0x2C, 0x30, 0x20, 0x77, 0xFE, 0xD0, 0x60, 0x10, 0x20, 0x10, 0x20, 0x17, 0xFF, 0x10, 0x60, 0x00, 0x00, 0x00, 0x00 }, // U+4F34 伴
    { 0x00, 0x00, 0x08, 0x60, 0x18, 0x60, 0x10, 0x90, 0x31, 0x98, 0x33, 0x4C, 0x76, 0x66, 0x78, 0x23, 0xF0, 0x00, 0x37, 0xFE, 0x30, 0x0C, 0x30, 0x08, 0x33, 0x10, 0x31, 0xE0, 0x00, 0x00, 0x00, 0x00 }, // U+4F36 伶
    { 0x00, 0x00, 0x00, 0x00, 0x10, 0x20, 0x10, 0x20, 0x17, 0xFE, 0x24, 0x22, 0x24, 0x22, 0x67, 0xFE, 0xE4, 0x22, 0x24, 0x22, 0x24, 0x22, 0x27, 0xFE, 0x24, 0x22, 0x20, 0x20, 0x00, 0x00, 0x00, 0x00 }, // U+4F38 伸
    { 0x00, 0x00, 0x00, 0x00, 0x18, 0x00, 0x13, 0xFE, 0x10, 0x02, 0x30, 0x02, 0x37, 0xFA, 0x70, 0x02, 0x70, 0x02, 0xF3, 0xF2, 0x32, 0x32, 0x32, 0x32, 0x32, 0x32, 0x33, 0xF2, 0x00, 0x00, 0x00, 0x00 }, // U+4F3A 伺
    { 0x00, 0x00, 0x00, 0x00, 0x10, 0x84, 0x10, 0xC4, 0x36, 0x44, 0x26, 0x64, 0x26, 0x24, 0x66, 0x04, 0x66, 0x04, 0xE6, 0x0C, 0x26, 0x0C, 0x26, 0x48, 0x27, 0xD8, 0x27, 0x1C, 0x00, 0x00, 0x00, 0x00 }, // U+4F3C 似
    { 0x00, 0x00, 0x00, 0x00, 0x1B, 0xFE, 0x12, 0x22, 0x12, 0x22, 0x32, 0x22, 0x32, 0x22, 0x72, 0x22, 0xF3, 0xFE, 0x32, 0x22, 0x32, 0x22, 0x32, 0x22, 0x32, 0x22, 0x32, 0x22, 0x00, 0x00, 0x00, 0x00 }, // U+4F43 佃
    { 0x00, 0x00, 0x00, 0x00, 0x08, 0x00, 0x1B, 0xFC, 0x12, 0x04, 0x12, 0x04, 0x32, 0x04, 0x23, 0xFC, 0x62, 0x04, 0xE2, 0x04, 0x22, 0x04, 0x23, 0xFC, 0x22, 0x04, 0x20, 0x00, 0x00, 0x00, 0x00, 0x00 }, // U+4F46 但
    { 0x00, 0x00, 0x00, 0x00, 0x18, 0x40, 0x18, 0x60, 0x10, 0x20, 0x37, 0xFF, 0x30, 0x00, 0x72, 0x04, 0x72, 0x04, 0xF3, 0x0C, 0x31, 0x08, 0x31, 0x08, 0x31, 0x98, 0x30, 0x90, 0x00, 0x00, 0x00, 0x00 }, // U+4F4D 位
    { 0x00, 0x00, 0x00, 0x00, 0x08, 0x0E, 0x1B, 0xF8, 0x12, 0x20, 0x32, 0x20, 0x22, 0x20, 0x62, 0x20, 0xE3, 0xFF, 0x22, 0x30, 0x22, 0x30, 0x22, 0x10, 0x22, 0x50, 0x23, 0xD9, 0x00, 0x00, 0x00, 0x00 }, // U+4F4E 低
    { 0x00, 0x00, 0x00, 0x00, 0x08, 0x60, 0x18, 0x20, 0x17, 0xFE, 0x30, 0x20, 0x30, 0x20, 0x70, 0x20, 0xD0, 0x20, 0x13, 0xFE, 0x10, 0x20, 0x10, 0x20, 0x10, 0x20, 0x10, 0x20, 0x00, 0x00, 0x00, 0x00 }, // U+4F4F 住
    { 0x00, 0x00, 0x00, 0x00, 0x10, 0xC0, 0x10, 0x80, 0x17, 0xFF, 0x21, 0x80, 0x21, 0x00, 0x61, 0x00, 0x63, 0x00, 0xA3, 0xFE, 0x26, 0x20, 0x24, 0x20, 0x2C, 0x20, 0x38, 0x20, 0x00, 0x00, 0x00, 0x00 }, // U+4F50 佐
    { 0x00, 0x00, 0x00, 0x00, 0x10, 0x40, 0x10, 0x40, 0x10, 0x40, 0x37, 0xFF, 0x20, 0x80, 0x61, 0x80, 0x61, 0x00, 0xE3, 0xFE, 0x27, 0x02, 0x2D, 0x02, 0x29, 0x02, 0x21, 0x02, 0x00, 0x00, 0x00, 0x00 }, // U+4F51 佑
    { 0x00, 0x00, 0x00, 0x00, 0x10, 0x40, 0x10, 0x40, 0x10, 0x40, 0x2F, 0xFE, 0x20, 0xF0, 0x60, 0xF0, 0xE1, 0x50, 0x21, 0x48, 0x22, 0x48, 0x26, 0x44, 0x2D, 0xFE, 0x38, 0x42, 0x00, 0x00, 0x00, 0x00 }, // U+4F53 体
    { 0x00, 0x00, 0x00, 0x00, 0x18, 0x00, 0x17, 0xFF, 0x10, 0x04, 0x30, 0x04, 0x33, 0xE4, 0x72, 0x24, 0xF2, 0x24, 0x32, 0x24, 0x32, 0x24, 0x33, 0xE4, 0x32, 0x04, 0x30, 0x04, 0x00, 0x00, 0x00, 0x00 }, // U+4F55 何
    { 0x00, 0x00, 0x00, 0x00, 0x01, 0x80, 0x03, 0xC0, 0x06, 0x60, 0x0C, 0x30, 0x18, 0x18, 0x7F, 0xFE, 0x41, 0x82, 0x01, 0x80, 0x7F, 0xFE, 0x19, 0x90, 0x11, 0x98, 0x61, 0x8C, 0x00, 0x00, 0x00, 0x00 }, // U+4F59 余
    { 0x00, 0x00, 0x00, 0x00, 0x11, 0x90, 0x11, 0xB0, 0x17, 0xFE, 0x21, 0xB6, 0x21, 0xB6, 0x67, 0xFE, 0x65, 0xB6, 0xED, 0xB0, 0x2D, 0x30, 0x2F, 0xFE, 0x21, 0x32, 0x21, 0x32, 0x00, 0x00, 0x00, 0x00 }, // U+4F5B 佛
    { 0x00, 0x00, 0x00, 0x00, 0x09, 0x80, 0x19, 0x00, 0x11, 0xFF, 0x32, 0x40, 0x32, 0x40, 0x74, 0x40, 0x74, 0x7E, 0xF0, 0x40, 0x30, 0x40, 0x30, 0x40, 0x30, 0x7E, 0x30, 0x40, 0x00, 0x00, 0x00, 0x00 }, // U+4F5C 作
    { 0x00, 0x00, 0x00, 0x00, 0x08, 0x80, 0x19, 0x80, 0x11, 0xFE, 0x13, 0x02, 0x32, 0x22, 0x34, 0x22, 0x70, 0x20, 0xD1, 0x20, 0x11, 0x24, 0x12, 0x24, 0x12, 0x22, 0x16, 0x22, 0x00, 0x00, 0x00, 0x00 }, // U+4F60 你
    { 0x00, 0x00, 0x00, 0x00, 0x17, 0xFE, 0x16, 0x22, 0x16, 0x22, 0x36, 0x22, 0x27, 0xFE, 0x66, 0x22, 0xE6, 0x22, 0x26, 0x22, 0x27, 0xFE, 0x24, 0x22, 0x24, 0x22, 0x24, 0x22, 0x00, 0x00, 0x00, 0x00 }, // U+4F63 佣
    { 0x00, 0x00, 0x00, 0x00, 0x10, 0x00, 0x37, 0xFC, 0x24, 0x04, 0x27, 0xF4, 0x24, 0x44, 0x64, 0x44, 0x67, 0xF4, 0xE7, 0x54, 0x27, 0x54, 0x27, 0x54, 0x2F, 0x54, 0x2B, 0x55, 0x00, 0x00, 0x00, 0x00 }, // U+4F69 佩
    { 0x00, 0x00, 0x00, 0x00, 0x10, 0x80, 0x10, 0x80, 0x17, 0xF2, 0x20, 0x84, 0x20, 0x98, 0x6F, 0xFF, 0xE0, 0xE0, 0x21, 0x80, 0x27, 0x0C, 0x2B, 0x38, 0x21, 0xC2, 0x21, 0x02, 0x00, 0x00, 0x00, 0x00 }, // U+4F6C 佬
    { 0x00, 0x00, 0x00, 0x00, 0x09, 0x08, 0x19, 0x08, 0x10, 0x98, 0x37, 0xFE, 0x30, 0x60, 0x70, 0x60, 0xF3, 0xFE, 0x30, 0x60, 0x30, 0x60, 0x37, 0xFF, 0x30, 0x60, 0x30, 0x60, 0x00, 0x00, 0x00, 0x00 }, // U+4F6F 佯
    { 0x00, 0x00, 0x00, 0x00, 0x1F, 0xFF, 0x10, 0x40, 0x10, 0x40, 0x33, 0xFE, 0x32, 0x02, 0x72, 0x02, 0xF2, 0x02, 0x33, 0xFE, 0x32, 0x02, 0x32, 0x02, 0x32, 0x02, 0x32, 0x02, 0x00, 0x00, 0x00, 0x00 }, // U+4F70 佰
    { 0x00, 0x00, 0x00, 0x00, 0x08, 0x20, 0x18, 0x20, 0x13, 0xFE, 0x30, 0x20, 0x30, 0x20, 0x77, 0xFF, 0xF0, 0x00, 0x30, 0x00, 0x30, 0x20, 0x37, 0xFE, 0x30, 0x20, 0x30, 0x20, 0x00, 0x00, 0x00, 0x00 }, // U+4F73 佳
    { 0x00, 0x00, 0x00, 0x00, 0x10, 0x60, 0x1F, 0xFF, 0x30, 0x60, 0x27, 0xFE, 0x64, 0x62, 0xE4, 0x62, 0x27, 0xFE, 0x20, 0x42, 0x22, 0x40, 0x23, 0xC0, 0x21, 0xC0, 0x00, 0x00, 0x00, 0x00, 0x00, 0x00 }, // U+4F7F 使
    { 0x00, 0x00, 0x00, 0x00, 0x0F, 0xFE, 0x18, 0xC0, 0x10, 0x88, 0x31, 0x08, 0x23, 0x04, 0x63, 0xFE, 0xE0, 0x02, 0x20, 0x20, 0x20, 0x20, 0x27, 0xFE, 0x20, 0x60, 0x20, 0x20, 0x00, 0x00, 0x00, 0x00 }, // U+4F84 侄
    { 0x00, 0x00, 0x00, 0x00, 0x08, 0x40, 0x18, 0xFE, 0x11, 0x06, 0x32, 0x8C, 0x34, 0x78, 0x70, 0x60, 0xD1, 0xE0, 0x16, 0x7F, 0x10, 0x82, 0x13, 0x46, 0x14, 0x6C, 0x10, 0x30, 0x00, 0x00, 0x00, 0x00 }, // U+4F88 侈
    { 0x00, 0x00, 0x00, 0x00, 0x10, 0x02, 0x17, 0xE2, 0x33, 0x02, 0x22, 0x12, 0x23, 0xD2, 0x62, 0x52, 0x64, 0x52, 0xE4, 0xD2, 0x28, 0x92, 0x29, 0x92, 0x21, 0x92, 0x21, 0x12, 0x00, 0x00, 0x00, 0x00 }, // U+4F8B 例
    { 0x00, 0x00, 0x00, 0x00, 0x08, 0x20, 0x18, 0x20, 0x13, 0xFE, 0x30, 0x20, 0x20, 0x20, 0x67, 0xFF, 0xE0, 0x00, 0x20, 0x00, 0x27, 0xFF, 0x20, 0x08, 0x20, 0x08, 0x21, 0x08, 0x00, 0x00, 0x00, 0x00 }, // U+4F8D 侍
    { 0x00, 0x00, 0x00, 0x00, 0x17, 0xFE, 0x14, 0x02, 0x34, 0x02, 0x25, 0xFA, 0x24, 0x02, 0x64, 0x02, 0xE4, 0xF2, 0x24, 0x92, 0x24, 0x92, 0x24, 0x92, 0x24, 0xF2, 0x24, 0x82, 0x00, 0x00, 0x00, 0x00 }, // U+4F97 侗
    { 0x00, 0x00, 0x00, 0x00, 0x09, 0x08, 0x19, 0x08, 0x11, 0x08, 0x37, 0xFE, 0x31, 0x08, 0x71, 0x08, 0xF1, 0x08, 0x31, 0x08, 0x3F, 0xFF, 0x30, 0x00, 0x30, 0x00, 0x31, 0x98, 0x00, 0x00, 0x00, 0x00 }, // U+4F9B 供
    { 0x00, 0x00, 0x00, 0x00, 0x10, 0x40, 0x10, 0x40, 0x10, 0x40, 0x2F, 0xFF, 0x20, 0xC0, 0x60, 0xC0, 0x61, 0xE6, 0xE3, 0x2C, 0x27, 0x38, 0x2F, 0x10, 0x39, 0x18, 0x21, 0x2C, 0x00, 0x00, 0x00, 0x00 }, // U+4F9D 依
    { 0x00, 0x00, 0x00, 0x00, 0x08, 0x20, 0x18, 0x20, 0x17, 0xFE, 0x30, 0x60, 0x32, 0x64, 0x73, 0x6C, 0xF1, 0x68, 0x30, 0x60, 0x37, 0xFF, 0x30, 0x60, 0x30, 0xD0, 0x31, 0x98, 0x00, 0x00, 0x00, 0x00 }, // U+4FA0 侠
    { 0x00, 0x00, 0x00, 0x00, 0x13, 0xFC, 0x12, 0x04, 0x12, 0x04, 0x22, 0x04, 0x23, 0xFC, 0x62, 0x04, 0xE0, 0x00, 0x27, 0xFE, 0x24, 0x02, 0x24, 0x02, 0x24, 0x02, 0x24, 0x02, 0x00, 0x00, 0x00, 0x00 }, // U+4FA3 侣
    { 0x00, 0x00, 0x00, 0x00, 0x11, 0x00, 0x11, 0x0E, 0x13, 0xF0, 0x3E, 0x84, 0x20, 0xD8, 0x60, 0x72, 0x61, 0xB2, 0xE6, 0x0E, 0xA0, 0x00, 0x2F, 0xFE, 0x21, 0x30, 0x21, 0x30, 0x00, 0x00, 0x00, 0x00 }, // U+4FA5 侥
    { 0x00, 0x00, 0x00, 0x00, 0x08, 0x60, 0x18, 0x60, 0x10, 0x7F, 0x30, 0x60, 0x23, 0xFE, 0x62, 0x06, 0xE2, 0x26, 0x22, 0x66, 0x22, 0x66, 0x22, 0x46, 0x20, 0x60, 0x20, 0xD8, 0x00, 0x00, 0x00, 0x00 }, // U+4FA6 侦
    { 0x00, 0x00, 0x00, 0x00, 0x10, 0x02, 0x1F, 0xC2, 0x2C, 0x4A, 0x29, 0x4A, 0x29, 0x4A, 0x69, 0x4A, 0x69, 0x4A, 0xA9, 0x4A, 0x29, 0x4A, 0x29, 0x4A, 0x2B, 0x4A, 0x23, 0x8A, 0x00, 0x00, 0x00, 0x00 }, // U+4FA7 侧
    { 0x00, 0x00, 0x00, 0x00, 0x08, 0x1C, 0x1B, 0xFC, 0x10, 0x40, 0x30, 0x40, 0x27, 0xFE, 0x60, 0x90, 0xE1, 0x98, 0x22, 0x0C, 0x2D, 0x0A, 0x21, 0x08, 0x21, 0x08, 0x21, 0x08, 0x00, 0x00, 0x00, 0x00 }, // U+4FA8 侨
    { 0x00, 0x00, 0x00, 0x00, 0x08, 0x60, 0x18, 0xE0, 0x10, 0x90, 0x31, 0x08, 0x26, 0x06, 0x67, 0xFE, 0xE0, 0x00, 0x20, 0x00, 0x27, 0xFE, 0x20, 0x80, 0x21, 0x90, 0x23, 0x08, 0x00, 0x00, 0x00, 0x00 }, // U+4FA9 侩
    { 0x00, 0x00, 0x00, 0x00, 0x19, 0x00, 0x11, 0xFE, 0x12, 0x00, 0x27, 0xFC, 0x22, 0x44, 0x62, 0x24, 0xE2, 0x24, 0x2F, 0xFF, 0x22, 0x44, 0x22, 0x44, 0x26, 0x24, 0x27, 0xFE, 0x00, 0x00, 0x00, 0x00 }, // U+4FAE 侮
    { 0x00, 0x00, 0x00, 0x00, 0x10, 0x00, 0x13, 0xFC, 0x10, 0x04, 0x30, 0x04, 0x27, 0xFF, 0x61, 0x00, 0x63, 0x00, 0xE3, 0xFE, 0x24, 0x60, 0x20, 0x60, 0x27, 0xFE, 0x20, 0x60, 0x00, 0x00, 0x00, 0x00 }, // U+4FAF 侯
    { 0x00, 0x00, 0x00, 0x00, 0x10, 0x00, 0x17, 0xFC, 0x10, 0x04, 0x33, 0xFC, 0x20, 0x04, 0x67, 0xFC, 0x60, 0x00, 0xEF, 0xFE, 0x28, 0x02, 0x23, 0xFC, 0x21, 0x08, 0x21, 0x90, 0x00, 0x00, 0x00, 0x00 }, // U+4FB5 侵
    { 0x00, 0x00, 0x00, 0x00, 0x08, 0x00, 0x1F, 0xFF, 0x10, 0x20, 0x37, 0xFE, 0x24, 0x22, 0x67, 0xFE, 0x64, 0x22, 0xE4, 0x22, 0x27, 0xFE, 0x20, 0x42, 0x22, 0x40, 0x21, 0xC0, 0x00, 0x00, 0x00, 0x00 }, // U+4FBF 便
    { 0x00, 0x00, 0x00, 0x00, 0x10, 0x00, 0x13, 0xFC, 0x12, 0x04, 0x32, 0x04, 0x22, 0x04, 0x63, 0xFC, 0x62, 0x24, 0xE0, 0x20, 0x22, 0x20, 0x22, 0x3E, 0x22, 0x20, 0x26, 0x20, 0x00, 0x00, 0x00, 0x00 }, // U+4FC3 促
    { 0x00, 0x00, 0x00, 0x00, 0x10, 0x30, 0x11, 0xF4, 0x1F, 0x34, 0x23, 0x32, 0x23, 0x30, 0x6F, 0xFF, 0x63, 0x30, 0xE3, 0x12, 0x23, 0xD6, 0x27, 0x94, 0x2F, 0x18, 0x23, 0x19, 0x00, 0x00, 0x00, 0x00 }, // U+4FC4 俄
    { 0x00, 0x00, 0x00, 0x00, 0x08, 0x40, 0x18, 0x88, 0x11, 0x88, 0x33, 0x0C, 0x37, 0xFE, 0x71, 0x0A, 0xF2, 0x04, 0x34, 0x82, 0x31, 0xFC, 0x37, 0x08, 0x34, 0xD8, 0x30, 0x70, 0x00, 0x00, 0x00, 0x00 }, // U+4FCA 俊
    { 0x00, 0x00, 0x00, 0x00, 0x16, 0x22, 0x13, 0x26, 0x31, 0x2C, 0x20, 0x20, 0x67, 0xFE, 0x66, 0x02, 0xE6, 0x02, 0x27, 0xFE, 0x26, 0x02, 0x26, 0x02, 0x27, 0xFE, 0x26, 0x02, 0x00, 0x00, 0x00, 0x00 }, // U+4FCF 俏
    { 0x00, 0x00, 0x00, 0x00, 0x10, 0xC2, 0x17, 0x82, 0x31, 0x12, 0x21, 0x12, 0x6F, 0xD2, 0x61, 0x12, 0xE3, 0x92, 0x23, 0xD2, 0x27, 0x52, 0x25, 0x12, 0x29, 0x12, 0x29, 0x02, 0x00, 0x00, 0x00, 0x00 }, // U+4FD0 俐
    { 0x00, 0x00, 0x00, 0x00, 0x08, 0x00, 0x19, 0x98, 0x13, 0x0C, 0x36, 0x06, 0x24, 0x62, 0x60, 0xF0, 0x61, 0x98, 0xA3, 0x0C, 0x26, 0x06, 0x27, 0xFE, 0x22, 0x04, 0x22, 0x04, 0x00, 0x00, 0x00, 0x00 }, // U+4FD7 俗
    { 0x00, 0x00, 0x00, 0x00, 0x08, 0x1E, 0x1F, 0xF0, 0x10, 0x42, 0x36, 0x64, 0x22, 0x2C, 0x60, 0x00, 0x67, 0xFC, 0xA0, 0x0C, 0x20, 0x18, 0x20, 0x20, 0x2F, 0xFF, 0x20, 0x20, 0x00, 0x00, 0x00, 0x00 }, // U+4FD8 俘
    { 0x00, 0x00, 0x00, 0x00, 0x10, 0x00, 0x13, 0xFC, 0x12, 0x04, 0x22, 0x04, 0x22, 0x04, 0x63, 0xFC, 0xE2, 0x64, 0x20, 0x60, 0x2F, 0xFF, 0x20, 0xF0, 0x21, 0x68, 0x26, 0x66, 0x00, 0x00, 0x00, 0x00 }, // U+4FDD 保
    { 0x00, 0x00, 0x00, 0x00, 0x01, 0x80, 0x03, 0x60, 0x0C, 0x10, 0x3F, 0xFC, 0x40, 0x02, 0x3F, 0x04, 0x21, 0x24, 0x3F, 0x24, 0x21, 0x24, 0x21, 0x24, 0x3F, 0x24, 0x21, 0x24, 0x00, 0x00, 0x00, 0x00 }, // U+4FDE 俞
    { 0x00, 0x00, 0x00, 0x00, 0x08, 0x40, 0x10, 0x60, 0x17, 0xFF, 0x30, 0x00, 0x23, 0xFE, 0x60, 0x00, 0x63, 0xFE, 0xE0, 0x00, 0x20, 0x00, 0x23, 0xFE, 0x22, 0x06, 0x22, 0x06, 0x00, 0x00, 0x00, 0x00 }, // U+4FE1 信
    { 0x00, 0x00, 0x00, 0x00, 0x1F, 0xFE, 0x10, 0x90, 0x30, 0x90, 0x27, 0xFE, 0x64, 0x92, 0x64, 0x92, 0xE5, 0x92, 0x25, 0xFA, 0x25, 0x6A, 0x27, 0x66, 0x26, 0x42, 0x24, 0x02, 0x00, 0x00, 0x00, 0x00 }, // U+4FE9 俩
    { 0x00, 0x00, 0x00, 0x00, 0x08, 0x60, 0x18, 0xF0, 0x11, 0x98, 0x33, 0x0C, 0x34, 0x02, 0x73, 0xFC, 0xF0, 0x00, 0x34, 0x44, 0x32, 0x44, 0x32, 0x6C, 0x33, 0x28, 0x31, 0x08, 0x00, 0x00, 0x00, 0x00 }, // U+4FED 俭
    { 0x00, 0x00, 0x00, 0x00, 0x10, 0xC0, 0x10, 0xFC, 0x3D, 0x84, 0x2E, 0x48, 0x6C, 0x30, 0x6C, 0xFC, 0xEF, 0x06, 0x2C, 0x20, 0x2D, 0xC8, 0x2C, 0x10, 0x2C, 0x62, 0x21, 0x8C, 0x00, 0x00, 0x00, 0x00 }, // U+4FEE 修
    { 0x00, 0x00, 0x00, 0x00, 0x10, 0x60, 0x10, 0x20, 0x37, 0xFF, 0x24, 0x00, 0x24, 0xC4, 0x64, 0x84, 0x64, 0xFF, 0xE5, 0x84, 0x25, 0xA4, 0x26, 0xA4, 0x24, 0x94, 0x24, 0x84, 0x00, 0x00, 0x00, 0x00 }, // U+4FEF 俯
    { 0x00, 0x00, 0x00, 0x00, 0x13, 0xFC, 0x12, 0x04, 0x12, 0x04, 0x23, 0xFC, 0x22, 0x04, 0x63, 0xFC, 0x62, 0x04, 0xA2, 0x04, 0x23, 0xFC, 0x22, 0x04, 0x2F, 0xFF, 0x20, 0x10, 0x00, 0x00, 0x00, 0x00 }, // U+4FF1 俱
    { 0x00, 0x00, 0x00, 0x00, 0x08, 0x40, 0x1F, 0xFE, 0x11, 0x10, 0x23, 0x48, 0x26, 0x46, 0x6F, 0xFE, 0xE6, 0x44, 0x27, 0xFC, 0x26, 0x44, 0x26, 0x44, 0x27, 0xFD, 0x26, 0x41, 0x00, 0x00, 0x00, 0x00 }, // U+4FFA 俺
    { 0x00, 0x00, 0x00, 0x00, 0x10, 0x40, 0x10, 0x20, 0x17, 0xFE, 0x31, 0x0C, 0x21, 0x08, 0x60, 0x88, 0x6F, 0xFF, 0xE0, 0x00, 0x20, 0x00, 0x23, 0xFC, 0x22, 0x04, 0x22, 0x04, 0x00, 0x00, 0x00, 0x00 }, // U+500D 倍
    { 0x00, 0x00, 0x00, 0x00, 0x10, 0x02, 0x1F, 0xE2, 0x23, 0x1A, 0x26, 0x9A, 0x2C, 0x5A, 0x6F, 0xFA, 0x61, 0x3A, 0xA1, 0x1A, 0x21, 0x1A, 0x2F, 0xDA, 0x21, 0x1A, 0x21, 0x02, 0x00, 0x00, 0x00, 0x00 }, // U+5012 倒
    { 0x00, 0x00, 0x00, 0x00, 0x17, 0xFE, 0x14, 0x02, 0x34, 0x02, 0x27, 0xFE, 0x64, 0x10, 0x64, 0x96, 0xE4, 0x96, 0x24, 0xFE, 0x24, 0x16, 0x24, 0x10, 0x25, 0x12, 0x25, 0x12, 0x00, 0x00, 0x00, 0x00 }, // U+5014 倔
    { 0x00, 0x00, 0x00, 0x00, 0x18, 0x60, 0x12, 0x62, 0x13, 0x64, 0x31, 0x68, 0x20, 0x60, 0x67, 0xFE, 0x64, 0x02, 0xE4, 0xF2, 0x24, 0x92, 0x24, 0x92, 0x24, 0x92, 0x24, 0xF2, 0x00, 0x00, 0x00, 0x00 }, // U+5018 倘
    { 0x00, 0x00, 0x00, 0x00, 0x10, 0x00, 0x11, 0xFC, 0x2C, 0x04, 0x2C, 0x04, 0x6F, 0xFF, 0x6C, 0x80, 0xAD, 0xFE, 0x2D, 0x30, 0x2C, 0x20, 0x2F, 0xFF, 0x2C, 0x30, 0x20, 0x58, 0x00, 0x00, 0x00, 0x00 }, // U+5019 候
    { 0x00, 0x00, 0x00, 0x00, 0x08, 0x60, 0x18, 0x60, 0x17, 0xFE, 0x30, 0xF0, 0x33, 0x0C, 0x70, 0x00, 0xFF, 0xFF, 0x30, 0x04, 0x37, 0xE4, 0x36, 0x24, 0x36, 0x24, 0x37, 0xE4, 0x00, 0x00, 0x00, 0x00 }, // U+501A 倚
    { 0x00, 0x00, 0x00, 0x00, 0x09, 0x08, 0x19, 0x08, 0x17, 0xFE, 0x31, 0x18, 0x31, 0x08, 0x77, 0xFF, 0xF0, 0x00, 0x33, 0xFC, 0x32, 0x04, 0x32, 0x04, 0x33, 0xFC, 0x32, 0x04, 0x00, 0x00, 0x00, 0x00 }, // U+501F 借
    { 0x00, 0x00, 0x00, 0x00, 0x0B, 0xFC, 0x12, 0x04, 0x12, 0x04, 0x33, 0xFC, 0x22, 0x04, 0x62, 0x04, 0x63, 0xFC, 0xE0, 0x00, 0x27, 0xFE, 0x24, 0x02, 0x24, 0x02, 0x27, 0xFE, 0x00, 0x00, 0x00, 0x00 }, // U+5021 倡
    { 0x00, 0x00, 0x00, 0x00, 0x10, 0x40, 0x12, 0x44, 0x22, 0x48, 0x27, 0xFE, 0x60, 0x80, 0x6F, 0xFF, 0xE1, 0x10, 0x22, 0x08, 0x2F, 0xF6, 0x2B, 0x13, 0x23, 0x10, 0x23, 0x74, 0x00, 0x00, 0x00, 0x00 }, // U+5026 倦
    { 0x00, 0x00, 0x00, 0x00, 0x11, 0x80, 0x16, 0x3E, 0x14, 0x06, 0x24, 0x06, 0x27, 0xBE, 0x64, 0x06, 0xE4, 0x06, 0x27, 0xFE, 0x25, 0xB6, 0x21, 0xB0, 0x21, 0x30, 0x23, 0x33, 0x00, 0x00, 0x00, 0x00 }, // U+502A 倪
    { 0x00, 0x00, 0x00, 0x00, 0x10, 0x60, 0x17, 0xFE, 0x30, 0x60, 0x27, 0xFC, 0x20, 0x60, 0x6F, 0xFF, 0x60, 0x00, 0xA0, 0x00, 0x23, 0xFC, 0x22, 0x44, 0x22, 0x44, 0x22, 0x64, 0x00, 0x00, 0x00, 0x00 }, // U+503A 债
    { 0x00, 0x00, 0x00, 0x00, 0x10, 0x60, 0x10, 0x60, 0x17, 0xFE, 0x20, 0x60, 0x20, 0x60, 0x63, 0xFC, 0x62, 0x04, 0xE3, 0xFC, 0x22, 0x04, 0x23, 0xFC, 0x22, 0x04, 0x23, 0xFC, 0x00, 0x00, 0x00, 0x00 }, // U+503C 值
    { 0x00, 0x00, 0x00, 0x00, 0x14, 0x00, 0x14, 0xFF, 0x34, 0x10, 0x24, 0x10, 0x24, 0xFE, 0x67, 0x82, 0x64, 0x92, 0xA4, 0x92, 0x24, 0x92, 0x24, 0x92, 0x25, 0x92, 0x26, 0xBA, 0x00, 0x00, 0x00, 0x00 }, // U+503E 倾
    { 0x00, 0x00, 0x00, 0x00, 0x10, 0x00, 0x17, 0xBE, 0x24, 0x82, 0x24, 0x82, 0x67, 0xBE, 0x64, 0x82, 0xE4, 0x00, 0x27, 0xFE, 0x24, 0x22, 0x24, 0x24, 0x27, 0x9C, 0x24, 0x18, 0x00, 0x00, 0x00, 0x00 }, // U+5047 假
    { 0x00, 0x00, 0x00, 0x00, 0x10, 0x40, 0x10, 0x60, 0x17, 0xFE, 0x34, 0x02, 0x27, 0xFE, 0x64, 0x02, 0x64, 0x00, 0xE5, 0xFE, 0x25, 0x4A, 0x25, 0x4A, 0x25, 0xFE, 0x25, 0x4A, 0x00, 0x00, 0x00, 0x00 }, // U+504F 偏
    { 0x00, 0x00, 0x00, 0x00, 0x13, 0x10, 0x13, 0x10, 0x33, 0x10, 0x2F, 0xDF, 0x23, 0x32, 0x63, 0x32, 0x63, 0x36, 0xA7, 0xD4, 0x24, 0x94, 0x24, 0x94, 0x24, 0x88, 0x24, 0x8C, 0x00, 0x00, 0x00, 0x00 }, // U+505A 做
    { 0x00, 0x00, 0x00, 0x00, 0x10, 0x40, 0x10, 0x40, 0x17, 0xFE, 0x20, 0x00, 0x23, 0xFC, 0x62, 0x04, 0x63, 0xFC, 0xE0, 0x00, 0x2F, 0xFF, 0x28, 0x03, 0x23, 0xFC, 0x20, 0x20, 0x00, 0x00, 0x00, 0x00 }, // U+505C 停
    { 0x00, 0x00, 0x00, 0x00, 0x10, 0x30, 0x1F, 0xFC, 0x22, 0x34, 0x26, 0xFF, 0x64, 0x34, 0x6C, 0xFC, 0xEF, 0x30, 0x22, 0x30, 0x2A, 0xFE, 0x2A, 0x30, 0x2E, 0xFE, 0x26, 0x30, 0x00, 0x00, 0x00, 0x00 }, // U+5065 健
    { 0x00, 0x00, 0x00, 0x00, 0x10, 0x00, 0x13, 0xFC, 0x12, 0x64, 0x33, 0xFC, 0x22, 0x64, 0x62, 0x64, 0x63, 0xFC, 0xE0, 0x60, 0x27, 0xFE, 0x24, 0x62, 0x24, 0x6A, 0x25, 0xFA, 0x00, 0x00, 0x00, 0x00 }, // U+5076 偶
    { 0x00, 0x00, 0x00, 0x00, 0x10, 0x60, 0x10, 0xE0, 0x11, 0x90, 0x23, 0x08, 0x27, 0xFE, 0x68, 0x02, 0x67, 0xD4, 0xE4, 0x54, 0x27, 0xD4, 0x24, 0x54, 0x27, 0xD4, 0x24, 0x54, 0x00, 0x00, 0x00, 0x00 }, // U+5077 偷
    { 0x00, 0x00, 0x00, 0x00, 0x10, 0x60, 0x12, 0x64, 0x11, 0x68, 0x30, 0x60, 0x27, 0xFE, 0x64, 0x02, 0x64, 0x02, 0xE3, 0xFC, 0x20, 0x00, 0x27, 0xFE, 0x20, 0x80, 0x21, 0x08, 0x00, 0x00, 0x00, 0x00 }, // U+507F 偿
    { 0x00, 0x00, 0x00, 0x00, 0x18, 0x40, 0x10, 0xC0, 0x17, 0xFE, 0x34, 0x46, 0x27, 0xFE, 0x64, 0x46, 0x64, 0x46, 0xE7, 0xFE, 0x24, 0xC6, 0x20, 0xE8, 0x21, 0xB4, 0x23, 0x3F, 0x00, 0x00, 0x00, 0x00 }, // U+5080 傀
    { 0x00, 0x00, 0x00, 0x00, 0x10, 0x4C, 0x1F, 0xFE, 0x10, 0x40, 0x27, 0xFC, 0x24, 0x44, 0x67, 0xFC, 0xE4, 0x44, 0x27, 0xFC, 0x24, 0x44, 0x20, 0x08, 0x2F, 0xFF, 0x22, 0x08, 0x00, 0x00, 0x00, 0x00 }, // U+5085 傅
    { 0x00, 0x00, 0x00, 0x00, 0x1F, 0xFE, 0x10, 0x90, 0x10, 0x90, 0x27, 0xFE, 0x24, 0x92, 0x64, 0x92, 0x67, 0xFE, 0xE4, 0x62, 0xA0, 0x60, 0x2F, 0xFF, 0x20, 0xF0, 0x21, 0x68, 0x00, 0x00, 0x00, 0x00 }, // U+5088 傈
    { 0x00, 0x00, 0x00, 0x00, 0x10, 0x40, 0x17, 0xFE, 0x11, 0x08, 0x21, 0x18, 0x21, 0x90, 0x67, 0xFE, 0x64, 0x42, 0xE0, 0x60, 0x2F, 0xFF, 0x21, 0x00, 0x21, 0xFC, 0x21, 0x04, 0x00, 0x00, 0x00, 0x00 }, // U+508D 傍
    { 0x00, 0x00, 0x00, 0x00, 0x10, 0x40, 0x10, 0x40, 0x17, 0xFE, 0x20, 0x40, 0x27, 0xFC, 0x60, 0x80, 0x6F, 0xFF, 0xE3, 0x18, 0x26, 0x4C, 0x2B, 0x4E, 0x21, 0x50, 0x23, 0x78, 0x00, 0x00, 0x00, 0x00 }, // U+50A3 傣
    { 0x00, 0x00, 0x00, 0x00, 0x10, 0x20, 0x14, 0x22, 0x24, 0xFE, 0x22, 0x24, 0x60, 0x28, 0x7D, 0xFF, 0xA4, 0x20, 0x24, 0xFE, 0x25, 0xC6, 0x24, 0x7E, 0x25, 0x46, 0x00, 0x00, 0x00, 0x00, 0x00, 0x00 }, // U+50A8 储
    { 0x00, 0x00, 0x00, 0x00, 0x10, 0x20, 0x12, 0x22, 0x12, 0x22, 0x23, 0xFE, 0x21, 0x22, 0x62, 0x10, 0xE3, 0xFF, 0x26, 0x20, 0x2F, 0xFE, 0x2A, 0x20, 0x23, 0xFE, 0x22, 0x20, 0x00, 0x00, 0x00, 0x00 }, // U+50AC 催
    { 0x00, 0x00, 0x00, 0x00, 0x11, 0x18, 0x11, 0x10, 0x2F, 0xD0, 0x21, 0x1F, 0x6F, 0xF2, 0x61, 0x32, 0xEF, 0xF2, 0x24, 0x12, 0x27, 0xD4, 0x24, 0x4C, 0x24, 0x4C, 0x2C, 0x5C, 0x00, 0x00, 0x00, 0x00 }, // U+50B2 傲
    { 0x00, 0x00, 0x00, 0x00, 0x08, 0x40, 0x17, 0xFE, 0x16, 0x92, 0x36, 0x62, 0x26, 0x92, 0x67, 0xFE, 0xE1, 0x08, 0x22, 0x84, 0x25, 0xFE, 0x23, 0x08, 0x24, 0x90, 0x20, 0x70, 0x00, 0x00, 0x00, 0x00 }, // U+50BB 傻
    { 0x00, 0x00, 0x00, 0x00, 0x11, 0x80, 0x13, 0xF8, 0x16, 0x10, 0x2F, 0xFE, 0x26, 0x62, 0x67, 0xFE, 0xE6, 0xC2, 0x23, 0x4C, 0x2C, 0xF8, 0x21, 0x2C, 0x26, 0x64, 0x21, 0xA2, 0x00, 0x00, 0x00, 0x00 }, // U+50CF 像
    { 0x00, 0x00, 0x00, 0x00, 0x08, 0x40, 0x1F, 0xFE, 0x14, 0xE2, 0x32, 0x94, 0x21, 0x08, 0x63, 0xFC, 0xEE, 0x07, 0x23, 0xFC, 0x22, 0x04, 0x23, 0xFC, 0x22, 0x44, 0x26, 0x48, 0x00, 0x00, 0x00, 0x00 }, // U+50DA 僚
    { 0x00, 0x00, 0x00, 0x00, 0x13, 0x08, 0x11, 0x18, 0x17, 0xFE, 0x24, 0x42, 0x25, 0x4A, 0x64, 0x42, 0xE7, 0xFE, 0x20, 0x00, 0x23, 0xFC, 0x22, 0x04, 0x23, 0xFC, 0x22, 0x04, 0x00, 0x00, 0x00, 0x00 }, // U+50E7 僧
    { 0x00, 0x00, 0x00, 0x00, 0x1F, 0xFE, 0x10, 0x90, 0x27, 0xFE, 0x24, 0x92, 0x64, 0x92, 0xE7, 0xFE, 0x22, 0x44, 0x21, 0x48, 0x2F, 0xFF, 0x20, 0xE0, 0x21, 0xF8, 0x27, 0x4C, 0x00, 0x00, 0x00, 0x00 }, // U+50F3 僳
    { 0x00, 0x00, 0x10, 0x00, 0x17, 0xFE, 0x30, 0x00, 0x27, 0xFC, 0x24, 0x44, 0x67, 0xFC, 0x64, 0x44, 0xAF, 0xFF, 0x20, 0x00, 0x27, 0xFC, 0x24, 0x44, 0x27, 0xFC, 0x24, 0x44, 0x00, 0x00, 0x00, 0x00 }, // U+50F5 僵
    { 0x00, 0x00, 0x00, 0x00, 0x10, 0x08, 0x17, 0x88, 0x34, 0xBE, 0x24, 0x80, 0x64, 0xA2, 0x67, 0x96, 0xE4, 0x94, 0x2C, 0x7F, 0x2F, 0xC8, 0x2E, 0x88, 0x2A, 0xFE, 0x3A, 0x88, 0x00, 0x00, 0x00, 0x00 }, // U+50FB 僻
    { 0x00, 0x00, 0x00, 0x00, 0x17, 0xFC, 0x10, 0x40, 0x3F, 0xFE, 0x2C, 0x42, 0x2F, 0xDE, 0x60, 0x40, 0xE3, 0xFC, 0x20, 0x00, 0x27, 0xFE, 0x20, 0x40, 0x27, 0xFE, 0x24, 0x92, 0x00, 0x00, 0x00, 0x00 }, // U+5112 儒
    { 0x00, 0x00, 0x00, 0x00, 0x17, 0xFC, 0x14, 0x44, 0x37, 0xFC, 0x24, 0x44, 0x64, 0x44, 0x67, 0xFC, 0xE0, 0x00, 0x2F, 0xBE, 0x2A, 0xAA, 0x2F, 0xBE, 0x2A, 0xAA, 0x2A, 0xAA, 0x00, 0x00, 0x00, 0x00 }, // U+5121 儡
    { 0x00, 0x00, 0x00, 0x00, 0x0C, 0x40, 0x0C, 0x40, 0x0C, 0x40, 0x0C, 0x40, 0x0C, 0x40, 0x0C, 0x40, 0x0C, 0x40, 0x08, 0x40, 0x08, 0x40, 0x08, 0x42, 0x18, 0x43, 0x10, 0x43, 0x00, 0x00, 0x00, 0x00 }, // U+513F 儿
    { 0x00, 0x00, 0x00, 0x00, 0x03, 0x00, 0x02, 0x00, 0x06, 0x10, 0x0C, 0x10, 0x18, 0x18, 0x70, 0x0C, 0x7F, 0xFE, 0x04, 0x42, 0x04, 0x40, 0x04, 0x40, 0x04, 0x42, 0x08, 0x43, 0x00, 0x00, 0x00, 0x00 }, // U+5141 允
    { 0x00, 0x00, 0x00, 0x00, 0x3F, 0xFC, 0x00, 0x00, 0x00, 0x00, 0x00, 0x00, 0x00, 0x00, 0xFF, 0xFF, 0x04, 0x60, 0x04, 0x60, 0x04, 0x60, 0x04, 0x60, 0x0C, 0x63, 0x00, 0x00, 0x00, 0x00, 0x00, 0x00 }, // U+5143 元
    { 0x00, 0x00, 0x00, 0x00, 0x3F, 0xFC, 0x20, 0x0C, 0x20, 0x04, 0x20, 0x04, 0x20, 0x04, 0x3F, 0xFC, 0x26, 0x4C, 0x04, 0x40, 0x04, 0x40, 0x0C, 0x42, 0x08, 0x43, 0x00, 0x00, 0x00, 0x00, 0x00, 0x00 }, // U+5144 兄
    { 0x00, 0x00, 0x00, 0x00, 0x01, 0x00, 0x00, 0x80, 0x7F, 0xFF, 0x06, 0x00, 0x04, 0x20, 0x0C, 0x10, 0x38, 0x18, 0x3F, 0xFC, 0x04, 0x64, 0x04, 0x60, 0x04, 0x62, 0x08, 0x63, 0x00, 0x00, 0x00, 0x00 }, // U+5145 充
    { 0x00, 0x00, 0x00, 0x00, 0x04, 0x40, 0x04, 0x40, 0x44, 0x44, 0x64, 0x4C, 0x34, 0x58, 0x14, 0x50, 0x04, 0x40, 0x0C, 0x60, 0x7C, 0x58, 0x44, 0x46, 0x0C, 0x43, 0x08, 0x42, 0x00, 0x00, 0x00, 0x00 }, // U+5146 兆
    { 0x00, 0x00, 0x00, 0x00, 0x09, 0x80, 0x19, 0x80, 0x11, 0x80, 0x3F, 0xFC, 0x61, 0x80, 0x61, 0x80, 0x01, 0x80, 0x7F, 0xFF, 0x04, 0x60, 0x04, 0x60, 0x04, 0x61, 0x08, 0x63, 0x00, 0x00, 0x00, 0x00 }, // U+5148 先
    { 0x00, 0x00, 0x00, 0x00, 0x01, 0x80, 0x21, 0x84, 0x31, 0x8C, 0x19, 0x98, 0x09, 0x90, 0x01, 0x80, 0xFF, 0xFF, 0x04, 0x60, 0x04, 0x60, 0x04, 0x60, 0x0C, 0x61, 0x08, 0x63, 0x00, 0x00, 0x00, 0x00 }, // U+5149 光
    { 0x00, 0x00, 0x00, 0x00, 0x01, 0x80, 0xFF, 0xFF, 0x01, 0x80, 0x01, 0x80, 0x3F, 0xFC, 0x30, 0x04, 0x30, 0x04, 0x30, 0x04, 0x3F, 0xFC, 0x36, 0x44, 0x04, 0x42, 0x0C, 0x43, 0x00, 0x00, 0x00, 0x00 }, // U+514B 克
    { 0x00, 0x00, 0x00, 0x00, 0x04, 0x00, 0x0C, 0x00, 0x0F, 0xF0, 0x10, 0x20, 0x30, 0x60, 0x7F, 0xFC, 0x61, 0x04, 0x21, 0x04, 0x3F, 0xFC, 0x23, 0x04, 0x02, 0x80, 0x04, 0x83, 0x00, 0x00, 0x00, 0x00 }, // U+514D 免
    { 0x00, 0x00, 0x00, 0x00, 0x08, 0x10, 0x0C, 0x30, 0x04, 0x60, 0x3F, 0xFC, 0x20, 0x04, 0x20, 0x04, 0x20, 0x04, 0x3F, 0xFC, 0x26, 0x44, 0x04, 0x40, 0x04, 0x42, 0x0C, 0x43, 0x00, 0x00, 0x00, 0x00 }, // U+5151 兑
    { 0x00, 0x00, 0x00, 0x00, 0x04, 0x00, 0x0F, 0xF0, 0x18, 0x20, 0x30, 0x60, 0x7F, 0xFC, 0x61, 0x04, 0x21, 0x04, 0x3F, 0xFC, 0x23, 0x04, 0x02, 0x90, 0x04, 0x98, 0x08, 0x8A, 0x00, 0x00, 0x00, 0x00 }, // U+5154 兔
    { 0x00, 0x00, 0x00, 0x00, 0x11, 0x8C, 0x19, 0x98, 0x01, 0x80, 0x7F, 0xFE, 0x40, 0x02, 0x5F, 0xFA, 0x10, 0x08, 0x10, 0x08, 0x1F, 0xF8, 0x12, 0x48, 0x16, 0x49, 0x04, 0x43, 0x00, 0x00, 0x00, 0x00 }, // U+515A 党
    { 0x00, 0x00, 0x00, 0x00, 0x11, 0x00, 0x77, 0xEE, 0x44, 0x22, 0x44, 0x22, 0x47, 0xE2, 0x44, 0x22, 0x74, 0x22, 0x77, 0xEE, 0x00, 0x00, 0x04, 0x40, 0x04, 0x41, 0x0C, 0x43, 0x00, 0x00, 0x00, 0x00 }, // U+515C 兜
    { 0x00, 0x00, 0x00, 0x00, 0x18, 0x10, 0x18, 0x10, 0x7F, 0xFE, 0x18, 0x10, 0x18, 0x10, 0x7E, 0xFE, 0x42, 0x82, 0x42, 0x82, 0x7E, 0xFE, 0x3C, 0x28, 0x28, 0x29, 0x28, 0x49, 0x00, 0x00, 0x00, 0x00 }, // U+5162 兢
    { 0x00, 0x00, 0x00, 0x00, 0x04, 0x00, 0x02, 0x00, 0x03, 0x00, 0x01, 0x00, 0x01, 0x80, 0x03, 0xC0, 0x02, 0x40, 0x06, 0x60, 0x04, 0x20, 0x0C, 0x30, 0x18, 0x18, 0x00, 0x00, 0x00, 0x00, 0x00, 0x00 }, // U+5165 入
    { 0x00, 0x00, 0x00, 0x00, 0x01, 0x80, 0x03, 0xC0, 0x06, 0x60, 0x0C, 0x30, 0x18, 0x18, 0x60, 0x0E, 0x5F, 0xFA, 0x01, 0x80, 0x01, 0x80, 0x3F, 0xFC, 0x01, 0x80, 0x01, 0x80, 0x00, 0x00, 0x00, 0x00 }, // U+5168 全
    { 0x00, 0x00, 0x00, 0x00, 0x04, 0x60, 0x04, 0x60, 0x04, 0x60, 0x04, 0x20, 0x0C, 0x20, 0x0C, 0x20, 0x08, 0x30, 0x08, 0x30, 0x18, 0x10, 0x10, 0x18, 0x30, 0x08, 0x00, 0x00, 0x00, 0x00, 0x00, 0x00 }, // U+516B 八
    { 0x00, 0x00, 0x00, 0x00, 0x04, 0x40, 0x04, 0x20, 0x08, 0x30, 0x18, 0x10, 0x30, 0x0C, 0x60, 0x06, 0x41, 0x02, 0x03, 0x00, 0x06, 0x20, 0x04, 0x20, 0x08, 0x10, 0x00, 0x00, 0x00, 0x00, 0x00, 0x00 }, // U+516C 公
    { 0x00, 0x00, 0x00, 0x00, 0x01, 0x00, 0x01, 0x80, 0x00, 0x80, 0x00, 0x00, 0xFF, 0xFF, 0x00, 0x00, 0x00, 0x00, 0x04, 0x20, 0x0C, 0x30, 0x08, 0x10, 0x18, 0x18, 0x30, 0x0C, 0x00, 0x00, 0x00, 0x00 }, // U+516D 六
    { 0x00, 0x00, 0x00, 0x00, 0x00, 0x00, 0x08, 0x10, 0x0C, 0x30, 0x04, 0x60, 0x7F, 0xFE, 0x00, 0x00, 0x00, 0x00, 0x00, 0x00, 0x00, 0x00, 0x3F, 0xFC, 0x00, 0x00, 0x00, 0x00, 0x00, 0x00, 0x00, 0x00 }, // U+5170 兰
    { 0x00, 0x00, 0x00, 0x00, 0x0C, 0x30, 0x0C, 0x30, 0x0C, 0x30, 0x7F, 0xFE, 0x0C, 0x30, 0x0C, 0x30, 0x0C, 0x30, 0x0C, 0x30, 0xFF, 0xFF, 0x00, 0x00, 0x04, 0x20, 0x0C, 0x30, 0x00, 0x00, 0x00, 0x00 }, // U+5171 共
    { 0x00, 0x00, 0x00, 0x00, 0x10, 0x10, 0x0C, 0x30, 0x04, 0x60, 0x3F, 0xFE, 0x01, 0x80, 0x01, 0x80, 0x01, 0x80, 0x7F, 0xFE, 0x01, 0x80, 0x03, 0xC0, 0x02, 0x40, 0x06, 0x20, 0x00, 0x00, 0x00, 0x00 }, // U+5173 关
    { 0x00, 0x00, 0x00, 0x00, 0x03, 0x00, 0x21, 0x06, 0x21, 0x04, 0x31, 0x8C, 0x18, 0x98, 0x08, 0x10, 0x00, 0x00, 0xFF, 0xFF, 0x00, 0x00, 0x04, 0x20, 0x0C, 0x30, 0x18, 0x18, 0x00, 0x00, 0x00, 0x00 }, // U+5174 兴
    { 0x00, 0x00, 0x00, 0x00, 0x00, 0x38, 0x1F, 0xF0, 0x10, 0x00, 0x10, 0x00, 0x10, 0x00, 0x1F, 0xFE, 0x10, 0x20, 0x10, 0x20, 0x10, 0x20, 0xFF, 0xFF, 0x00, 0x00, 0x04, 0x20, 0x00, 0x00, 0x00, 0x00 }, // U+5175 兵
    { 0x00, 0x00, 0x00, 0x00, 0x10, 0x08, 0x10, 0x08, 0x7F, 0xFE, 0x10, 0x08, 0x1F, 0xF8, 0x10, 0x08, 0x1F, 0xF8, 0x10, 0x08, 0x10, 0x08, 0x10, 0x08, 0xFF, 0xFF, 0x00, 0x00, 0x00, 0x00, 0x00, 0x00 }, // U+5176 其
    { 0x00, 0x00, 0x00, 0x00, 0x00, 0x00, 0x3F, 0xFC, 0x30, 0x0C, 0x3F, 0xFC, 0x30, 0x0C, 0x3F, 0xFC, 0x30, 0x0C, 0x3F, 0xFC, 0x30, 0x0C, 0xFF, 0xFF, 0x00, 0x00, 0x00, 0x00, 0x00, 0x00, 0x00, 0x00 }, // U+5177 具
    { 0x00, 0x00, 0x00, 0x00, 0x02, 0x40, 0x02, 0x40, 0x3F, 0xFC, 0x22, 0x64, 0x22, 0x44, 0x22, 0x44, 0x3F, 0xFC, 0x22, 0x64, 0x22, 0x44, 0x22, 0x44, 0xFF, 0xFF, 0x00, 0x00, 0x00, 0x00, 0x00, 0x00 }, // U+5178 典
    { 0x00, 0x00, 0x00, 0x00, 0x08, 0x10, 0x04, 0x30, 0xFF, 0xFF, 0x18, 0x30, 0x10, 0x20, 0x32, 0x64, 0x22, 0x4C, 0x64, 0xC8, 0x7C, 0xF8, 0x08, 0x10, 0x10, 0x20, 0x10, 0x64, 0x00, 0x00, 0x00, 0x00 }, // U+5179 兹
    { 0x00, 0x00, 0x00, 0x00, 0x04, 0x20, 0x7F, 0xFE, 0x01, 0x00, 0x01, 0x00, 0x3F, 0xFC, 0x01, 0x00, 0x03, 0x00, 0x7F, 0xFE, 0x06, 0x20, 0x1C, 0x38, 0x64, 0x26, 0x04, 0x20, 0x00, 0x00, 0x00, 0x00 }, // U+517B 养
    { 0x00, 0x00, 0x00, 0x00, 0x08, 0x20, 0x04, 0x60, 0xFF, 0xFF, 0x04, 0x40, 0x3F, 0xFC, 0x04, 0x44, 0x04, 0x44, 0xFF, 0xFF, 0x04, 0x44, 0x04, 0x44, 0x7F, 0xFC, 0x0C, 0x60, 0x00, 0x00, 0x00, 0x00 }, // U+517C 兼
    { 0x00, 0x00, 0x00, 0x00, 0x04, 0x30, 0x04, 0x20, 0x3F, 0xFC, 0x21, 0x84, 0x3F, 0xFC, 0x21, 0x84, 0x3F, 0xFC, 0x00, 0x00, 0xFF, 0xFF, 0x00, 0x00, 0x1F, 0xF8, 0x10, 0x08, 0x00, 0x00, 0x00, 0x00 }, // U+517D 兽
    { 0x00, 0x00, 0x00, 0x00, 0x04, 0x46, 0x7C, 0x78, 0x04, 0x42, 0xFF, 0xFE, 0x20, 0x84, 0x3F, 0xFC, 0x20, 0x84, 0x3F, 0xFC, 0x04, 0x20, 0x7F, 0xFE, 0x04, 0x20, 0xFF, 0xFF, 0x00, 0x00, 0x00, 0x00 }, // U+5180 冀
    { 0x00, 0x00, 0x00, 0x00, 0x01, 0x80, 0x01, 0x80, 0x01, 0x80, 0x3F, 0xFC, 0x21, 0x84, 0x21, 0x04, 0x21, 0x04, 0x23, 0xC4, 0x26, 0x64, 0x2C, 0x34, 0x38, 0x14, 0x20, 0x04, 0x00, 0x00, 0x00, 0x00 }, // U+5185 内
    { 0x00, 0x00, 0x00, 0x00, 0x7F, 0xFE, 0x60, 0x06, 0x48, 0x32, 0x4C, 0x22, 0x46, 0x62, 0x43, 0xC2, 0x41, 0x82, 0x43, 0xC2, 0x46, 0x62, 0x4C, 0x22, 0x48, 0x12, 0x00, 0x00, 0x00, 0x00, 0x00, 0x00 }, // U+5188 冈
    { 0x00, 0x00, 0x00, 0x00, 0x01, 0x80, 0x01, 0x80, 0x3F, 0xFC, 0x21, 0x84, 0x21, 0x84, 0x3F, 0xFC, 0x21, 0x84, 0x21, 0x84, 0x21, 0x84, 0xFF, 0xFF, 0x20, 0x04, 0x20, 0x04, 0x00, 0x00, 0x00, 0x00 }, // U+5189 冉
    { 0x00, 0x00, 0x00, 0x00, 0x3E, 0x7C, 0x22, 0x44, 0x22, 0x44, 0x22, 0x44, 0x22, 0x44, 0xFF, 0xFF, 0x22, 0x44, 0x22, 0x44, 0x22, 0x44, 0x22, 0x44, 0x62, 0xC4, 0x00, 0x00, 0x00, 0x00, 0x00, 0x00 }, // U+518C 册
    { 0x00, 0x00, 0x00, 0x00, 0x7F, 0xFE, 0x01, 0x80, 0x01, 0x80, 0x3F, 0xFC, 0x31, 0x8C, 0x31, 0x8C, 0x3F, 0xFC, 0x31, 0x8C, 0x31, 0x8C, 0xFF, 0xFF, 0x30, 0x0C, 0x00, 0x00, 0x00, 0x00, 0x00, 0x00 }, // U+518D 再
    { 0x00, 0x00, 0x00, 0x00, 0x7F, 0xFE, 0x60, 0x02, 0x6F, 0xF2, 0x60, 0x02, 0x6F, 0xF2, 0x00, 0x00, 0x3F, 0xFC, 0x30, 0x0C, 0x3F, 0xFC, 0x30, 0x0C, 0x3F, 0xFC, 0x00, 0x00, 0x00, 0x00, 0x00, 0x00 }, // U+5192 冒
    { 0x00, 0x00, 0x00, 0x00, 0x7F, 0xFE, 0x40, 0x06, 0x5F, 0xF6, 0x40, 0x06, 0x5F, 0xF6, 0x04, 0x00, 0x0F, 0xF0, 0x10, 0x20, 0x7F, 0xFC, 0x31, 0x04, 0x31, 0x04, 0x3F, 0xFC, 0x00, 0x00, 0x00, 0x00 }, // U+5195 冕
    { 0x00, 0x00, 0x00, 0x00, 0x7F, 0xFE, 0x60, 0x06, 0x60, 0x02, 0x60, 0x02, 0x0F, 0xE0, 0x0C, 0x20, 0x0C, 0x20, 0x0C, 0x20, 0x08, 0x20, 0x08, 0x20, 0x08, 0x23, 0x00, 0x00, 0x00, 0x00, 0x00, 0x00 }, // U+5197 冗
    { 0x00, 0x00, 0x00, 0x00, 0x7F, 0xFE, 0x40, 0x02, 0x40, 0x02, 0x0F, 0xFC, 0x18, 0x00, 0x10, 0x00, 0x1F, 0xFC, 0x00, 0x04, 0x00, 0x04, 0xFF, 0xF4, 0x00, 0x04, 0x00, 0x00, 0x00, 0x00, 0x00, 0x00 }, // U+5199 写
    { 0x00, 0x00, 0x00, 0x00, 0x7F, 0xFE, 0x40, 0x02, 0x06, 0x00, 0x7F, 0xFE, 0x08, 0x00, 0x18, 0x80, 0x10, 0x80, 0x3F, 0xFC, 0x00, 0x80, 0x00, 0x80, 0xFF, 0xFF, 0x00, 0x00, 0x00, 0x00, 0x00, 0x00 }, // U+519B 军
    { 0x00, 0x00, 0x00, 0x00, 0x00, 0x80, 0x01, 0x80, 0x7F, 0xFE, 0x43, 0x02, 0x43, 0x02, 0x07, 0x80, 0x04, 0x84, 0x0C, 0xD8, 0x18, 0x70, 0x38, 0x20, 0x68, 0x30, 0x08, 0x18, 0x00, 0x00, 0x00, 0x00 }, // U+519C 农
    { 0x00, 0x00, 0x00, 0x00, 0x7F, 0xFE, 0x40, 0x02, 0x00, 0x08, 0x3E, 0x08, 0x00, 0xFE, 0x00, 0x08, 0x7F, 0x48, 0x16, 0x48, 0x16, 0x2A, 0x16, 0x0A, 0x36, 0x7A, 0x00, 0x00, 0x00, 0x00, 0x00, 0x00 }, // U+51A0 冠
    { 0x00, 0x00, 0x00, 0x00, 0x7F, 0xFE, 0x44, 0x02, 0x4C, 0x02, 0x4F, 0xF2, 0x10, 0x30, 0x30, 0x20, 0x7F, 0xFC, 0x61, 0x04, 0x3F, 0xFC, 0x23, 0x90, 0x06, 0x98, 0x0C, 0x89, 0x00, 0x00, 0x00, 0x00 }, // U+51A4 冤
    { 0x00, 0x00, 0x00, 0x00, 0x04, 0x00, 0x0C, 0x00, 0x0F, 0xF8, 0x18, 0x18, 0x24, 0x30, 0x42, 0x60, 0x01, 0xC0, 0x07, 0xF0, 0x7C, 0x1F, 0x67, 0xC0, 0x01, 0xE0, 0x1C, 0x00, 0x00, 0x00, 0x00, 0x00 }, // U+51AC 冬
    { 0x00, 0x00, 0x00, 0x00, 0x4F, 0xFC, 0x40, 0x0C, 0x62, 0x08, 0x36, 0x08, 0x16, 0x08, 0x06, 0x08, 0x07, 0xFE, 0x20, 0x02, 0x30, 0x02, 0x2F, 0xFA, 0x60, 0x02, 0x40, 0x02, 0x00, 0x00, 0x00, 0x00 }, // U+51AF 冯
    { 0x00, 0x00, 0x00, 0x00, 0x00, 0x40, 0x40, 0x40, 0x60, 0x40, 0x30, 0x62, 0x17, 0x66, 0x01, 0x6C, 0x01, 0x70, 0x11, 0x50, 0x33, 0x58, 0x22, 0x48, 0x26, 0x4C, 0x64, 0x46, 0x00, 0x00, 0x00, 0x00 }, // U+51B0 冰
    { 0x00, 0x00, 0x00, 0x00, 0x00, 0x60, 0x40, 0x60, 0x60, 0x60, 0x37, 0xFE, 0x16, 0x62, 0x06, 0x62, 0x06, 0x62, 0x16, 0x62, 0x36, 0x62, 0x27, 0xFE, 0x26, 0x62, 0x60, 0x60, 0x00, 0x00, 0x00, 0x00 }, // U+51B2 冲
    { 0x00, 0x00, 0x00, 0x00, 0x00, 0x40, 0x40, 0x40, 0x60, 0x40, 0x37, 0xFC, 0x10, 0x44, 0x00, 0x44, 0x00, 0x44, 0x20, 0x44, 0x2F, 0xFF, 0x20, 0xC0, 0x60, 0xA0, 0x41, 0x30, 0x00, 0x00, 0x00, 0x00 }, // U+51B3 决
    { 0x00, 0x00, 0x00, 0x00, 0x47, 0xFC, 0x64, 0x04, 0x34, 0x04, 0x14, 0x04, 0x04, 0x04, 0x07, 0xFC, 0x14, 0xB4, 0x30, 0xB0, 0x21, 0xB0, 0x21, 0x30, 0x61, 0x33, 0x00, 0x00, 0x00, 0x00, 0x00, 0x00 }, // U+51B5 况
    { 0x00, 0x00, 0x00, 0x00, 0x00, 0xC0, 0x40, 0x80, 0x61, 0x88, 0x33, 0x0C, 0x16, 0x06, 0x07, 0xFE, 0x00, 0x02, 0x20, 0x00, 0x23, 0xFC, 0x22, 0x04, 0x62, 0x04, 0x42, 0x04, 0x00, 0x00, 0x00, 0x00 }, // U+51B6 冶
    { 0x00, 0x00, 0x00, 0x00, 0x00, 0x60, 0x40, 0xE0, 0x60, 0xB0, 0x21, 0x90, 0x22, 0x4C, 0x0C, 0x26, 0x08, 0x03, 0x27, 0xFC, 0x20, 0x0C, 0x20, 0x08, 0x60, 0x18, 0x62, 0x30, 0x00, 0x00, 0x00, 0x00 }, // U+51B7 冷
    { 0x00, 0x00, 0x00, 0x00, 0x00, 0x80, 0x40, 0x80, 0x6F, 0xFE, 0x31, 0x00, 0x13, 0x00, 0x02, 0x20, 0x06, 0x20, 0x17, 0xFE, 0x30, 0x20, 0x22, 0x28, 0x22, 0x2C, 0x66, 0x24, 0x00, 0x00, 0x00, 0x00 }, // U+51BB 冻
    { 0x00, 0x00, 0x00, 0x00, 0x01, 0x00, 0x43, 0xF8, 0x42, 0x10, 0x24, 0x30, 0x2F, 0xFC, 0x00, 0x44, 0x2F, 0xFF, 0x20, 0x44, 0x20, 0x44, 0x67, 0xFC, 0x40, 0x44, 0x40, 0x40, 0x00, 0x00, 0x00, 0x00 }, // U+51C0 净
    { 0x00, 0x00, 0x00, 0x00, 0x00, 0x40, 0x4F, 0xFE, 0x60, 0x40, 0x27, 0xFC, 0x20, 0x44, 0x0F, 0xFF, 0x00, 0x44, 0x27, 0xFC, 0x20, 0x80, 0x2F, 0xFF, 0x63, 0x18, 0x43, 0xF0, 0x00, 0x00, 0x00, 0x00 }, // U+51C4 凄
    { 0x00, 0x00, 0x00, 0x00, 0x01, 0x20, 0x43, 0x30, 0x62, 0x10, 0x27, 0xFE, 0x26, 0x30, 0x0E, 0x30, 0x0B, 0xFE, 0x02, 0x30, 0x32, 0x30, 0x23, 0xFE, 0x22, 0x30, 0x62, 0x30, 0x00, 0x00, 0x00, 0x00 }, // U+51C6 准
    { 0x00, 0x00, 0x00, 0x00, 0x00, 0x40, 0x40, 0x40, 0x6F, 0xFF, 0x20, 0x00, 0x27, 0xFC, 0x06, 0x04, 0x06, 0x04, 0x17, 0xFC, 0x30, 0x60, 0x22, 0x48, 0x66, 0x44, 0x64, 0x46, 0x00, 0x00, 0x00, 0x00 }, // U+51C9 凉
    { 0x00, 0x00, 0x00, 0x00, 0x47, 0xFE, 0x44, 0x02, 0x24, 0x42, 0x25, 0xFA, 0x04, 0x42, 0x04, 0x42, 0x07, 0xFA, 0x24, 0x02, 0x25, 0xF2, 0x2D, 0x12, 0x69, 0x12, 0x49, 0xF2, 0x00, 0x00, 0x00, 0x00 }, // U+51CB 凋
    { 0x00, 0x00, 0x00, 0x00, 0x00, 0x40, 0x47, 0xFE, 0x60, 0x40, 0x20, 0x40, 0x2F, 0xFE, 0x01, 0x00, 0x06, 0x0C, 0x2D, 0x82, 0x23, 0xFC, 0x27, 0x08, 0x6C, 0x90, 0x40, 0x60, 0x00, 0x00, 0x00, 0x00 }, // U+51CC 凌
    { 0x00, 0x00, 0x00, 0x00, 0x00, 0x14, 0x40, 0x12, 0x67, 0xFF, 0x24, 0x10, 0x07, 0xD0, 0x04, 0x12, 0x24, 0x12, 0x25, 0xD6, 0x2D, 0x54, 0x6D, 0x5C, 0x49, 0x58, 0x49, 0xD9, 0x00, 0x00, 0x00, 0x00 }, // U+51CF 减
    { 0x00, 0x00, 0x00, 0x00, 0x00, 0x40, 0x40, 0x40, 0x6F, 0xFE, 0x20, 0xC0, 0x37, 0xFC, 0x00, 0x80, 0x0F, 0xFF, 0x23, 0x10, 0x23, 0xF8, 0x2C, 0x46, 0x6F, 0xFE, 0x40, 0xC0, 0x00, 0x00, 0x00, 0x00 }, // U+51D1 凑
    { 0x00, 0x00, 0x00, 0x00, 0x00, 0x40, 0x4F, 0xFE, 0x40, 0x00, 0x6F, 0xFE, 0x29, 0x12, 0x09, 0xF2, 0x08, 0x02, 0x2F, 0xFE, 0x20, 0x02, 0x27, 0xFC, 0x60, 0x00, 0x4F, 0xFE, 0x00, 0x00, 0x00, 0x00 }, // U+51DB 凛
    { 0x00, 0x00, 0x00, 0x00, 0x08, 0x00, 0x49, 0x7E, 0x4E, 0x02, 0x68, 0xA4, 0x29, 0x98, 0x0F, 0x08, 0x08, 0x7E, 0x2F, 0x0A, 0x72, 0x48, 0x42, 0x4E, 0x5F, 0xC8, 0x44, 0x68, 0x00, 0x00, 0x00, 0x00 }, // U+51DD 凝
    { 0x00, 0x00, 0x00, 0x00, 0x0F, 0xE0, 0x08, 0x20, 0x08, 0x20, 0x08, 0x20, 0x08, 0x20, 0x08, 0x20, 0x08, 0x20, 0x08, 0x20, 0x18, 0x20, 0x18, 0x23, 0x10, 0x23, 0x00, 0x00, 0x00, 0x00, 0x00, 0x00 }, // U+51E0 几
    { 0x00, 0x00, 0x00, 0x00, 0x1F, 0xF0, 0x10, 0x30, 0x10, 0x30, 0x10, 0x30, 0x10, 0x30, 0x12, 0x30, 0x13, 0x30, 0x11, 0xB0, 0x10, 0xB0, 0x10, 0x30, 0x30, 0x32, 0x30, 0x33, 0x00, 0x00, 0x00, 0x00 }, // U+51E1 凡
    { 0x00, 0x00, 0x00, 0x00, 0x3F, 0xF8, 0x20, 0x08, 0x20, 0x08, 0x2F, 0xE8, 0x20, 0x48, 0x24, 0x48, 0x24, 0x48, 0x22, 0x88, 0x21, 0x88, 0x21, 0x88, 0x66, 0xC9, 0x4C, 0x6B, 0x00, 0x00, 0x00, 0x00 }, // U+51E4 凤
    { 0x00, 0x00, 0x00, 0x00, 0x08, 0x1C, 0x1F, 0xF0, 0x10, 0x40, 0x30, 0x40, 0x77, 0xFF, 0x90, 0x40, 0x10, 0x40, 0x17, 0xFE, 0x00, 0x00, 0x0F, 0xE0, 0x0C, 0x22, 0x08, 0x23, 0x00, 0x00, 0x00, 0x00 }, // U+51ED 凭
    { 0x00, 0x00, 0x00, 0x00, 0x08, 0x00, 0x4A, 0x7C, 0x4A, 0x4C, 0x4A, 0x4C, 0x7E, 0x4C, 0x02, 0x4C, 0x7E, 0x4C, 0x02, 0x4C, 0x02, 0x4C, 0x7E, 0x4C, 0x42, 0xCD, 0x40, 0x8D, 0x00, 0x00, 0x00, 0x00 }, // U+51EF 凯
    { 0x00, 0x00, 0x00, 0x00, 0x3F, 0xFC, 0x20, 0x0C, 0x22, 0x0C, 0x2F, 0xEC, 0x28, 0x2C, 0x2F, 0xEC, 0x28, 0x2C, 0x2F, 0xEC, 0x20, 0x0C, 0x3F, 0xFC, 0x41, 0x0D, 0x4F, 0xE5, 0x00, 0x00, 0x00, 0x00 }, // U+51F0 凰
    { 0x00, 0x00, 0x00, 0x00, 0x00, 0x88, 0x7E, 0x60, 0x24, 0x3E, 0x3F, 0xF8, 0x40, 0x06, 0x1F, 0xF8, 0x10, 0x08, 0x1F, 0xF8, 0x04, 0x20, 0x7F, 0xFE, 0x00, 0x00, 0x0F, 0xE2, 0x00, 0x00, 0x00, 0x00 }, // U+51F3 凳
    { 0x00, 0x00, 0x00, 0x00, 0x08, 0x10, 0x0C, 0x30, 0x26, 0x20, 0x22, 0x66, 0x21, 0xC6, 0x21, 0x86, 0x21, 0xC6, 0x23, 0x66, 0x26, 0x26, 0x2C, 0x36, 0x38, 0x16, 0x20, 0x06, 0x00, 0x00, 0x00, 0x00 }, // U+51F6 凶
    { 0x00, 0x00, 0x00, 0x00, 0x07, 0xE0, 0x04, 0x20, 0x04, 0x20, 0x04, 0x20, 0x04, 0x20, 0x7C, 0x3E, 0x60, 0x06, 0x60, 0x06, 0x60, 0x06, 0x60, 0x06, 0x60, 0x06, 0x00, 0x00, 0x00, 0x00, 0x00, 0x00 }, // U+51F8 凸
    { 0x00, 0x00, 0x00, 0x00, 0x7E, 0x7E, 0x66, 0x66, 0x66, 0x66, 0x66, 0x66, 0x66, 0x66, 0x66, 0x66, 0x67, 0xE6, 0x60, 0x06, 0x60, 0x06, 0x60, 0x06, 0x60, 0x06, 0x00, 0x00, 0x00, 0x00, 0x00, 0x00 }, // U+51F9 凹
    { 0x00, 0x00, 0x00, 0x00, 0x01, 0x80, 0x21, 0x84, 0x21, 0x84, 0x21, 0x84, 0x21, 0x84, 0x21, 0x84, 0x3F, 0xFC, 0x01, 0x84, 0x01, 0x80, 0x61, 0x86, 0x61, 0x86, 0x61, 0x86, 0x00, 0x00, 0x00, 0x00 }, // U+51FA 出
    { 0x00, 0x00, 0x00, 0x00, 0x01, 0x80, 0x01, 0x80, 0x7F, 0xFE, 0x01, 0x80, 0x01, 0x80, 0x01, 0x80, 0xFF, 0xFF, 0x01, 0x80, 0x01, 0x80, 0x21, 0x84, 0x21, 0x84, 0x21, 0x84, 0x00, 0x00, 0x00, 0x00 }, // U+51FB 击
    { 0x00, 0x00, 0x00, 0x00, 0x1F, 0xF8, 0x00, 0x38, 0x00, 0x60, 0x58, 0x9A, 0x44, 0xB2, 0x40, 0x82, 0x42, 0xC2, 0x46, 0xB2, 0x78, 0x9E, 0x71, 0x8A, 0x47, 0x02, 0x00, 0x00, 0x00, 0x00, 0x00, 0x00 }, // U+51FD 函
    { 0x00, 0x00, 0x00, 0x00, 0x22, 0x44, 0x12, 0x4C, 0x12, 0x48, 0x7F, 0xFF, 0x04, 0x20, 0x62, 0x44, 0x6F, 0xF4, 0x61, 0x84, 0x6F, 0xF4, 0x61, 0x84, 0x61, 0x84, 0x60, 0x04, 0x00, 0x00, 0x00, 0x00 }, // U+51FF 凿
    { 0x00, 0x00, 0x00, 0x00, 0x7F, 0xFC, 0x06, 0x04, 0x06, 0x04, 0x06, 0x04, 0x06, 0x04, 0x06, 0x04, 0x04, 0x04, 0x04, 0x04, 0x0C, 0x04, 0x08, 0x04, 0x18, 0x04, 0x00, 0x00, 0x00, 0x00, 0x00, 0x00 }, // U+5200 刀
    { 0x00, 0x00, 0x00, 0x00, 0x3F, 0xFC, 0x00, 0x04, 0x00, 0x04, 0x00, 0x04, 0x00, 0x24, 0x00, 0xC4, 0x01, 0x84, 0x06, 0x04, 0x18, 0x04, 0x70, 0x04, 0x40, 0x04, 0x00, 0x04, 0x00, 0x00, 0x00, 0x00 }, // U+5201 刁
    { 0x00, 0x00, 0x00, 0x00, 0x7F, 0xFC, 0x03, 0x04, 0x03, 0x04, 0x13, 0x04, 0x33, 0x04, 0x23, 0x04, 0x22, 0x04, 0x62, 0x04, 0x06, 0x04, 0x04, 0x04, 0x0C, 0x04, 0x00, 0x00, 0x00, 0x00, 0x00, 0x00 }, // U+5203 刃
    { 0x00, 0x00, 0x00, 0x00, 0x04, 0x40, 0x04, 0x60, 0x08, 0x20, 0x18, 0x10, 0x30, 0x08, 0x60, 0x06, 0x40, 0x02, 0x3F, 0xF8, 0x06, 0x18, 0x04, 0x18, 0x04, 0x10, 0x0C, 0x10, 0x00, 0x00, 0x00, 0x00 }, // U+5206 分
    { 0x00, 0x00, 0x00, 0x00, 0x30, 0x00, 0x33, 0xFE, 0x30, 0x42, 0x30, 0x42, 0x3E, 0x42, 0xF0, 0x42, 0x30, 0xC6, 0x30, 0xC6, 0x30, 0x86, 0x32, 0x86, 0x3E, 0x86, 0x39, 0x86, 0x00, 0x00, 0x00, 0x00 }, // U+5207 切
    { 0x00, 0x00, 0x00, 0x00, 0x7F, 0x02, 0x08, 0x02, 0x08, 0x22, 0x08, 0x22, 0x08, 0x22, 0x08, 0x22, 0xFF, 0xA2, 0x08, 0x22, 0x08, 0x22, 0x08, 0x22, 0x08, 0x22, 0x08, 0x02, 0x00, 0x00, 0x00, 0x00 }, // U+520A 刊
    { 0x00, 0x00, 0x00, 0x00, 0x00, 0x02, 0x7F, 0x82, 0x13, 0x32, 0x13, 0x32, 0x13, 0x32, 0x13, 0x32, 0xFF, 0xF2, 0x33, 0x32, 0x33, 0x32, 0x33, 0x32, 0x23, 0x32, 0x23, 0x02, 0x00, 0x00, 0x00, 0x00 }, // U+5211 刑
    { 0x00, 0x00, 0x00, 0x00, 0x16, 0x02, 0x12, 0x22, 0x10, 0x22, 0x11, 0xA2, 0x3F, 0x22, 0x70, 0x22, 0x11, 0xA2, 0x11, 0x22, 0x1A, 0x22, 0x0C, 0x22, 0x18, 0x42, 0x3C, 0xC2, 0x00, 0x00, 0x00, 0x00 }, // U+5212 划
    { 0x00, 0x00, 0x00, 0x00, 0x00, 0x02, 0x7F, 0x82, 0x08, 0x22, 0x10, 0x22, 0x1F, 0xA2, 0x31, 0xA2, 0x21, 0x22, 0x61, 0x22, 0x5B, 0x22, 0x06, 0x22, 0x04, 0x22, 0x0C, 0x02, 0x00, 0x00, 0x00, 0x00 }, // U+5217 列
    { 0x00, 0x00, 0x00, 0x00, 0x08, 0x02, 0x0C, 0x02, 0xFF, 0xA2, 0x01, 0x22, 0x61, 0x22, 0x23, 0x22, 0x32, 0x22, 0x1E, 0x22, 0x0C, 0x22, 0x0C, 0x22, 0x0E, 0x22, 0x12, 0x02, 0x00, 0x00, 0x00, 0x00 }, // U+5218 刘
    { 0x00, 0x00, 0x00, 0x00, 0x00, 0x02, 0x7F, 0x02, 0x61, 0x32, 0x69, 0x32, 0x69, 0x32, 0x69, 0x32, 0x69, 0x32, 0x69, 0x32, 0x69, 0x32, 0x69, 0x32, 0x6D, 0x32, 0x1E, 0x02, 0x00, 0x00, 0x00, 0x00 }, // U+5219 则
    { 0x00, 0x00, 0x00, 0x00, 0x00, 0x02, 0x7F, 0x82, 0x40, 0x92, 0x52, 0x92, 0x52, 0x92, 0x4E, 0x92, 0x4C, 0x92, 0x4C, 0x92, 0x4E, 0x92, 0x52, 0x92, 0x71, 0x92, 0x40, 0x82, 0x00, 0x00, 0x00, 0x00 }, // U+521A 刚
    { 0x00, 0x00, 0x00, 0x00, 0x0C, 0x02, 0x1A, 0x22, 0x31, 0xA2, 0x60, 0xA2, 0x7F, 0x22, 0x21, 0x22, 0x21, 0x22, 0x21, 0x22, 0x21, 0x22, 0x2F, 0x22, 0x20, 0x22, 0x00, 0x00, 0x00, 0x00, 0x00, 0x00 }, // U+521B 创
    { 0x00, 0x00, 0x00, 0x00, 0x20, 0x00, 0x33, 0xFE, 0x10, 0x42, 0xFC, 0x42, 0x08, 0x42, 0x10, 0x42, 0x16, 0x42, 0x3C, 0xC6, 0x7C, 0xC6, 0xD6, 0x86, 0x10, 0x86, 0x11, 0x86, 0x00, 0x00, 0x00, 0x00 }, // U+521D 初
    { 0x00, 0x00, 0x00, 0x00, 0x00, 0x02, 0x7B, 0xC2, 0x4A, 0x5A, 0x4A, 0x5A, 0x4A, 0x5A, 0x4A, 0x5A, 0xFF, 0xFA, 0x4A, 0x5A, 0x4A, 0x5A, 0x4A, 0x5A, 0x4A, 0x5A, 0x4A, 0x42, 0x00, 0x00, 0x00, 0x00 }, // U+5220 删
    { 0x00, 0x00, 0x00, 0x00, 0x0C, 0x02, 0x4C, 0x82, 0x6D, 0xB2, 0x2D, 0x32, 0x0C, 0x32, 0x7F, 0xB2, 0x0C, 0x32, 0x08, 0x32, 0xFF, 0xB2, 0x08, 0x32, 0x18, 0x32, 0x10, 0x02, 0x00, 0x00, 0x00, 0x00 }, // U+5224 判
    { 0x00, 0x00, 0x00, 0x00, 0x10, 0x02, 0x30, 0x02, 0x3F, 0x92, 0x60, 0x92, 0x40, 0x92, 0x7C, 0x92, 0x24, 0x92, 0x24, 0x92, 0x3C, 0x92, 0x21, 0x92, 0x27, 0x52, 0x20, 0x42, 0x00, 0x00, 0x00, 0x00 }, // U+5228 刨
    { 0x00, 0x00, 0x00, 0x00, 0x0F, 0x02, 0x7C, 0x22, 0x08, 0x22, 0x08, 0x22, 0xFF, 0xA2, 0x18, 0x22, 0x18, 0x22, 0x1E, 0x22, 0x2A, 0x22, 0x29, 0x22, 0x49, 0x22, 0xC8, 0x22, 0x00, 0x00, 0x00, 0x00 }, // U+5229 利
    { 0x00, 0x00, 0x00, 0x00, 0x00, 0x02, 0x7F, 0x02, 0x61, 0x32, 0x61, 0x32, 0x7F, 0x32, 0x61, 0x32, 0x18, 0x32, 0x18, 0x32, 0x7F, 0xB2, 0x11, 0xB2, 0x11, 0x32, 0x11, 0x02, 0x00, 0x00, 0x00, 0x00 }, // U+522B 别
    { 0x00, 0x00, 0x00, 0x00, 0x03, 0x82, 0x7C, 0x02, 0x08, 0x32, 0x08, 0x32, 0xFF, 0xB2, 0x0C, 0x32, 0x08, 0x32, 0x08, 0x32, 0x7F, 0xB2, 0x41, 0xB2, 0x41, 0xB2, 0x41, 0x82, 0x00, 0x00, 0x00, 0x00 }, // U+522E 刮
    { 0x00, 0x00, 0x00, 0x00, 0x00, 0x02, 0x7F, 0xC2, 0x18, 0x32, 0x12, 0x32, 0x21, 0x32, 0x6F, 0x32, 0x78, 0xB2, 0x0C, 0xB2, 0x7F, 0xB2, 0x0C, 0x32, 0x0C, 0x32, 0x0C, 0x02, 0x00, 0x00, 0x00, 0x00 }, // U+5230 到
    { 0x00, 0x00, 0x00, 0x00, 0x00, 0x00, 0x3F, 0x92, 0x44, 0x12, 0x04, 0x12, 0xFF, 0xD2, 0x04, 0x12, 0x04, 0x12, 0x7F, 0x92, 0x64, 0x92, 0x64, 0x92, 0x64, 0x82, 0x00, 0x00, 0x00, 0x00, 0x00, 0x00 }, // U+5236 制
    { 0x00, 0x00, 0x00, 0x00, 0x00, 0x02, 0x3F, 0xC2, 0x20, 0x52, 0x20, 0x52, 0x3F, 0xD2, 0x20, 0x52, 0x20, 0x12, 0x2F, 0xD2, 0x2A, 0x52, 0x6A, 0x52, 0x4A, 0x52, 0x4A, 0x42, 0x00, 0x00, 0x00, 0x00 }, // U+5237 刷
    { 0x00, 0x00, 0x00, 0x00, 0x01, 0x88, 0x19, 0x18, 0x09, 0x10, 0x7F, 0xFE, 0x02, 0x00, 0x06, 0x00, 0xFF, 0xFF, 0x18, 0x30, 0x30, 0x18, 0x7F, 0xFE, 0x04, 0x10, 0x04, 0x10, 0x00, 0x00, 0x00, 0x00 }, // U+5238 券
    { 0x00, 0x00, 0x00, 0x00, 0x61, 0x82, 0x1B, 0x12, 0x0E, 0x12, 0x33, 0x12, 0x40, 0x92, 0x04, 0x12, 0x04, 0x12, 0x7F, 0xD2, 0x04, 0x12, 0x25, 0x12, 0x65, 0x92, 0x44, 0x82, 0x00, 0x00, 0x00, 0x00 }, // U+5239 刹
    { 0x00, 0x00, 0x00, 0x00, 0x04, 0x02, 0x04, 0x02, 0x7F, 0xD2, 0x0C, 0x12, 0x7F, 0x92, 0x4C, 0x92, 0x44, 0x92, 0x44, 0x92, 0x4F, 0x92, 0x1C, 0x12, 0x1C, 0x12, 0x26, 0x12, 0x00, 0x00, 0x00, 0x00 }, // U+523A 刺
    { 0x00, 0x00, 0x00, 0x00, 0x08, 0x02, 0x04, 0x02, 0x7F, 0xD2, 0x18, 0x12, 0x33, 0x12, 0x22, 0x12, 0x7E, 0x92, 0x0D, 0x92, 0x19, 0x12, 0x62, 0x12, 0x46, 0x12, 0x09, 0x02, 0x00, 0x00, 0x00, 0x00 }, // U+523B 刻
    { 0x00, 0x00, 0x00, 0x00, 0x04, 0x02, 0x0A, 0x32, 0x11, 0x32, 0x60, 0xB2, 0x40, 0xB2, 0x3F, 0x32, 0x00, 0x32, 0x00, 0x32, 0x7F, 0xF2, 0x18, 0x32, 0x33, 0x32, 0x61, 0x02, 0x00, 0x00, 0x00, 0x00 }, // U+523D 刽
    { 0x00, 0x00, 0x00, 0x00, 0x3F, 0x02, 0x21, 0x02, 0x21, 0x12, 0x61, 0x12, 0x49, 0xD2, 0x08, 0x12, 0x7F, 0x92, 0x08, 0x12, 0x1E, 0x12, 0x1F, 0x12, 0x29, 0x82, 0x48, 0x82, 0x00, 0x00, 0x00, 0x00 }, // U+5241 剁
    { 0x00, 0x00, 0x00, 0x00, 0x08, 0x02, 0x0C, 0x02, 0x04, 0x32, 0x7F, 0xF2, 0x21, 0x32, 0x1A, 0x32, 0x0E, 0x32, 0x3B, 0x32, 0xC0, 0xB2, 0x13, 0x32, 0x13, 0x32, 0x33, 0x02, 0x00, 0x00, 0x00, 0x00 }, // U+5242 剂
    { 0x00, 0x00, 0x00, 0x00, 0x21, 0x02, 0x12, 0x12, 0x7F, 0x92, 0x08, 0x92, 0x08, 0x92, 0x7F, 0x92, 0x48, 0x12, 0x48, 0x12, 0x7F, 0xD2, 0x18, 0x92, 0x3C, 0x92, 0x6F, 0x82, 0x00, 0x00, 0x00, 0x00 }, // U+5243 剃
    { 0x00, 0x00, 0x00, 0x00, 0x0C, 0x02, 0x6C, 0x82, 0x2D, 0x12, 0x0C, 0x12, 0x7F, 0x92, 0x40, 0x92, 0x40, 0x92, 0x7F, 0x92, 0x40, 0x92, 0x40, 0x92, 0x7F, 0x82, 0x40, 0x82, 0x00, 0x00, 0x00, 0x00 }, // U+524A 削
    { 0x00, 0x00, 0x00, 0x00, 0x0C, 0x10, 0x04, 0x20, 0xFF, 0xFF, 0x00, 0x00, 0x7F, 0x26, 0x61, 0x26, 0x61, 0x26, 0x7F, 0x26, 0x61, 0x26, 0x61, 0x26, 0x7F, 0x26, 0x61, 0x06, 0x00, 0x00, 0x00, 0x00 }, // U+524D 前
    { 0x00, 0x00, 0x00, 0x00, 0x3F, 0x82, 0x20, 0x82, 0x20, 0x92, 0x3F, 0x92, 0x24, 0x92, 0x04, 0x12, 0x7F, 0xD2, 0x4C, 0x52, 0x4C, 0x52, 0x5B, 0x52, 0x71, 0xD2, 0x40, 0x42, 0x00, 0x00, 0x00, 0x00 }, // U+5250 剐
    { 0x00, 0x00, 0x00, 0x00, 0x0C, 0x02, 0x0E, 0x02, 0x19, 0x12, 0x30, 0x92, 0x60, 0x52, 0x7F, 0x92, 0x00, 0x12, 0x48, 0x92, 0x24, 0x92, 0x24, 0x92, 0x25, 0x12, 0x31, 0x02, 0x00, 0x00, 0x00, 0x00 }, // U+5251 剑
    { 0x00, 0x00, 0x00, 0x00, 0x3F, 0x82, 0x20, 0x82, 0x20, 0x92, 0x3F, 0x92, 0x20, 0x92, 0x3F, 0x92, 0x00, 0x12, 0x30, 0x12, 0x3F, 0xD2, 0x6B, 0x52, 0xDA, 0x52, 0x32, 0x52, 0x00, 0x00, 0x00, 0x00 }, // U+5254 剔
    { 0x00, 0x00, 0x00, 0x00, 0x08, 0x02, 0x04, 0x02, 0x7F, 0x92, 0x21, 0x12, 0x33, 0x12, 0x12, 0x12, 0xFF, 0xD2, 0x00, 0x12, 0x00, 0x12, 0x7F, 0x92, 0x61, 0x92, 0x61, 0x92, 0x00, 0x00, 0x00, 0x00 }, // U+5256 剖
    { 0x00, 0x00, 0x00, 0x00, 0x00, 0x02, 0x7F, 0x82, 0x01, 0x92, 0x3F, 0x92, 0x01, 0x92, 0xFF, 0xD2, 0x04, 0x12, 0x44, 0x92, 0x25, 0x12, 0x14, 0x12, 0x14, 0x12, 0x65, 0x82, 0x00, 0x00, 0x00, 0x00 }, // U+5265 剥
    { 0x00, 0x00, 0x00, 0x00, 0x00, 0x02, 0x3F, 0x82, 0x20, 0x92, 0x20, 0x92, 0x3F, 0x92, 0x20, 0x92, 0x22, 0x12, 0x3F, 0xD2, 0x62, 0x12, 0x62, 0x12, 0x5F, 0x92, 0x50, 0x92, 0x00, 0x00, 0x00, 0x00 }, // U+5267 剧
    { 0x00, 0x00, 0x00, 0x00, 0x03, 0xC2, 0x7E, 0x02, 0x04, 0x1A, 0xFF, 0xFA, 0x04, 0x1A, 0x15, 0x5A, 0xF5, 0x9A, 0x15, 0x1A, 0xF5, 0x3A, 0x1D, 0xDA, 0x1E, 0x1A, 0x37, 0x1A, 0x00, 0x00, 0x00, 0x00 }, // U+5269 剩
    { 0x00, 0x00, 0x00, 0x00, 0x04, 0x30, 0x04, 0x20, 0xFF, 0xFF, 0x21, 0x00, 0x3F, 0x24, 0x21, 0x24, 0x3F, 0x24, 0x21, 0x04, 0x27, 0x3C, 0x00, 0x00, 0x7F, 0xFC, 0x06, 0x04, 0x00, 0x00, 0x00, 0x00 }, // U+526A 剪
    { 0x00, 0x00, 0x00, 0x00, 0x00, 0x02, 0xFF, 0xC2, 0x00, 0x12, 0x3F, 0x92, 0x21, 0x92, 0x3F, 0x92, 0x21, 0x92, 0x00, 0x12, 0x7F, 0x92, 0x44, 0x92, 0x7F, 0x92, 0x44, 0x82, 0x00, 0x00, 0x00, 0x00 }, // U+526F 副
    { 0x00, 0x00, 0x00, 0x00, 0x08, 0x02, 0x0C, 0x02, 0x7F, 0xD2, 0x44, 0x52, 0x7F, 0x92, 0x04, 0x12, 0x3F, 0x92, 0x04, 0x12, 0x7F, 0xD2, 0x04, 0x12, 0x7F, 0x92, 0x60, 0x82, 0x00, 0x00, 0x00, 0x00 }, // U+5272 割
    { 0x00, 0x00, 0x00, 0x00, 0x26, 0x42, 0x6D, 0x82, 0x6D, 0x92, 0x24, 0x92, 0x7F, 0x92, 0x44, 0x92, 0x7F, 0x92, 0x44, 0x92, 0x7F, 0x92, 0x04, 0x12, 0x7F, 0xD2, 0x1F, 0x02, 0x00, 0x00, 0x00, 0x00 }, // U+527F 剿
    { 0x00, 0x00, 0x00, 0x00, 0x00, 0x10, 0x3E, 0x10, 0x22, 0xFE, 0x3E, 0x44, 0x40, 0xFF, 0x7E, 0xFE, 0x62, 0x10, 0xBE, 0x10, 0x00, 0x00, 0x7F, 0xFC, 0x04, 0x04, 0x0C, 0x04, 0x00, 0x00, 0x00, 0x00 }, // U+5288 劈
    { 0x00, 0x00, 0x00, 0x00, 0x02, 0x00, 0x02, 0x00, 0x02, 0x00, 0x7F, 0xFE, 0x03, 0x06, 0x02, 0x04, 0x02, 0x04, 0x02, 0x04, 0x06, 0x04, 0x06, 0x04, 0x0C, 0x04, 0x08, 0x04, 0x00, 0x00, 0x00, 0x00 }, // U+529B 力
    { 0x00, 0x00, 0x00, 0x00, 0x00, 0x40, 0x00, 0x40, 0x7C, 0x40, 0x05, 0xFE, 0x44, 0x42, 0x6C, 0x42, 0x28, 0x42, 0x18, 0x42, 0x18, 0x42, 0x18, 0xC2, 0x34, 0x82, 0x67, 0x02, 0x00, 0x00, 0x00, 0x00 }, // U+529D 劝
    { 0x00, 0x00, 0x00, 0x00, 0x02, 0x00, 0x02, 0x00, 0x02, 0x00, 0x7F, 0xF8, 0x06, 0x18, 0x02, 0x18, 0x26, 0x1C, 0x26, 0x1E, 0x64, 0x1A, 0x44, 0x1A, 0x4C, 0x18, 0x08, 0x10, 0x00, 0x00, 0x00, 0x00 }, // U+529E 办
    { 0x00, 0x00, 0x00, 0x00, 0x00, 0x40, 0x00, 0x40, 0xFE, 0x40, 0x13, 0xFE, 0x10, 0x46, 0x10, 0x42, 0x10, 0x42, 0x10, 0xC2, 0x10, 0x82, 0x16, 0x86, 0x7D, 0x86, 0xC1, 0x06, 0x00, 0x00, 0x00, 0x00 }, // U+529F 功
    { 0x00, 0x00, 0x00, 0x00, 0x10, 0x00, 0x10, 0x00, 0x10, 0x7E, 0x7F, 0x42, 0x13, 0x42, 0x13, 0x42, 0x13, 0x42, 0x13, 0x42, 0x13, 0x42, 0x32, 0x42, 0x22, 0x42, 0x22, 0x42, 0x00, 0x00, 0x00, 0x00 }, // U+52A0 加
    { 0x00, 0x00, 0x00, 0x00, 0x0C, 0x00, 0x08, 0x00, 0x1F, 0xFC, 0x3C, 0x18, 0x66, 0x30, 0x43, 0xC0, 0x03, 0xF0, 0x1C, 0x1F, 0xE2, 0x00, 0x7F, 0xFC, 0x02, 0x08, 0x04, 0x08, 0x00, 0x00, 0x00, 0x00 }, // U+52A1 务
    { 0x00, 0x00, 0x00, 0x00, 0x01, 0x80, 0x09, 0x90, 0x19, 0x9C, 0x31, 0x86, 0x60, 0x3A, 0x01, 0xE0, 0x1F, 0x00, 0xF0, 0x00, 0x03, 0x00, 0x7F, 0xFC, 0x02, 0x04, 0x06, 0x04, 0x00, 0x00, 0x00, 0x00 }, // U+52A3 劣
    { 0x00, 0x00, 0x00, 0x00, 0x00, 0x20, 0x7E, 0x20, 0x00, 0x20, 0x01, 0xFE, 0x00, 0x22, 0xFF, 0x22, 0x10, 0x22, 0x10, 0x22, 0x24, 0x62, 0x20, 0x42, 0x66, 0x42, 0x7A, 0xC2, 0x00, 0x00, 0x00, 0x00 }, // U+52A8 动
    { 0x00, 0x00, 0x00, 0x00, 0x3E, 0x20, 0x22, 0x20, 0x22, 0xFE, 0x3E, 0x22, 0x22, 0x22, 0x22, 0x22, 0x3E, 0x22, 0x22, 0x62, 0x22, 0x46, 0x22, 0x46, 0x7F, 0x46, 0x00, 0x00, 0x00, 0x00, 0x00, 0x00 }, // U+52A9 助
    { 0x00, 0x00, 0x00, 0x00, 0x10, 0x00, 0x10, 0xFE, 0x7E, 0x04, 0x32, 0x44, 0x22, 0x68, 0x36, 0x38, 0x0C, 0x6E, 0x3A, 0x82, 0x63, 0x00, 0x3F, 0xFC, 0x02, 0x04, 0x02, 0x04, 0x00, 0x00, 0x00, 0x00 }, // U+52AA 努
    { 0x00, 0x00, 0x00, 0x00, 0x08, 0x20, 0x08, 0x20, 0x08, 0x20, 0x7F, 0xFE, 0x08, 0x22, 0x08, 0x22, 0x08, 0x22, 0xFF, 0x22, 0x10, 0x62, 0x34, 0x46, 0x22, 0x46, 0x7F, 0x86, 0x00, 0x00, 0x00, 0x00 }, // U+52AB 劫
    { 0x00, 0x00, 0x00, 0x00, 0x00, 0x10, 0x7F, 0x90, 0x60, 0x10, 0x60, 0x7E, 0x7F, 0x92, 0x6C, 0x12, 0x68, 0x12, 0x6F, 0x12, 0x69, 0x32, 0x49, 0x22, 0x49, 0x22, 0x49, 0x62, 0x00, 0x00, 0x00, 0x00 }, // U+52B1 励
    { 0x00, 0x00, 0x00, 0x00, 0x7E, 0x20, 0x06, 0x20, 0x04, 0x20, 0x0C, 0xFE, 0x1C, 0x22, 0x73, 0x22, 0xC1, 0xA2, 0x00, 0x22, 0x7F, 0x22, 0x08, 0x62, 0x08, 0x42, 0x08, 0x42, 0x00, 0x00, 0x00, 0x00 }, // U+52B2 劲
    { 0x00, 0x00, 0x00, 0x00, 0x04, 0x20, 0x7F, 0xFE, 0x04, 0x20, 0x00, 0x00, 0x7F, 0xFE, 0x40, 0x02, 0x43, 0x02, 0x03, 0x00, 0x3F, 0xFC, 0x02, 0x0C, 0x02, 0x0C, 0x06, 0x08, 0x00, 0x00, 0x00, 0x00 }, // U+52B3 劳
    { 0x00, 0x00, 0x00, 0x00, 0x10, 0x40, 0x10, 0x40, 0x7D, 0xF8, 0x10, 0x48, 0x3D, 0xC8, 0x78, 0xC9, 0x11, 0xAF, 0x73, 0x06, 0x06, 0x00, 0x7F, 0xFC, 0x02, 0x04, 0x06, 0x0C, 0x00, 0x00, 0x00, 0x00 }, // U+52BF 势
    { 0x00, 0x00, 0x00, 0x00, 0x08, 0x10, 0x08, 0x10, 0x7F, 0x10, 0x08, 0x7E, 0x7F, 0x92, 0x40, 0x92, 0x3E, 0x12, 0x04, 0x32, 0x08, 0x32, 0x1F, 0xA2, 0x78, 0x22, 0x08, 0x42, 0x00, 0x00, 0x00, 0x00 }, // U+52C3 勃
    { 0x00, 0x00, 0x00, 0x00, 0x3F, 0xFC, 0x0C, 0x38, 0x02, 0xC0, 0x3F, 0xFC, 0x21, 0x84, 0x3F, 0xFC, 0x21, 0x84, 0x3F, 0xFC, 0x21, 0x84, 0x02, 0x00, 0x7F, 0xFC, 0x04, 0x04, 0x00, 0x00, 0x00, 0x00 }, // U+52C7 勇
    { 0x00, 0x00, 0x00, 0x00, 0x10, 0x10, 0x3E, 0x30, 0x22, 0x7E, 0x44, 0x32, 0x7F, 0x22, 0x49, 0x22, 0x49, 0x22, 0x7F, 0x22, 0x4D, 0x66, 0x1C, 0x46, 0x14, 0xC4, 0x24, 0x9D, 0x00, 0x00, 0x00, 0x00 }, // U+52C9 勉
    { 0x00, 0x00, 0x00, 0x00, 0x3F, 0x30, 0x21, 0x30, 0x21, 0x30, 0x3F, 0x7E, 0x00, 0x32, 0x7F, 0x32, 0x41, 0x32, 0x49, 0x22, 0x49, 0x22, 0x49, 0x22, 0x4D, 0x22, 0x16, 0x42, 0x00, 0x00, 0x00, 0x00 }, // U+52CB 勋
    { 0x00, 0x00, 0x00, 0x00, 0x22, 0x30, 0xFF, 0xB0, 0x22, 0x30, 0x3E, 0xFE, 0x08, 0x32, 0x7F, 0x22, 0x49, 0x22, 0x7F, 0x22, 0x49, 0x22, 0x08, 0x22, 0xFF, 0xE2, 0x08, 0x42, 0x00, 0x00, 0x00, 0x00 }, // U+52D2 勒
    { 0x00, 0x00, 0x00, 0x00, 0x21, 0x10, 0x21, 0x10, 0x7F, 0x90, 0x21, 0x7E, 0x3F, 0x12, 0x21, 0x12, 0x3F, 0x12, 0x21, 0x12, 0xFF, 0xD2, 0x6A, 0x32, 0x79, 0x22, 0x71, 0x22, 0x00, 0x00, 0x00, 0x00 }, // U+52D8 勘
    { 0x00, 0x00, 0x00, 0x00, 0x04, 0x20, 0x7F, 0xFE, 0x04, 0x20, 0x3F, 0xFC, 0x20, 0x04, 0x3F, 0xFC, 0x20, 0x04, 0x3F, 0xFC, 0x06, 0x00, 0x7F, 0xFE, 0x1A, 0x18, 0x3F, 0xFC, 0x00, 0x00, 0x00, 0x00 }, // U+52DF 募
    { 0x00, 0x00, 0x00, 0x00, 0x21, 0x10, 0xFF, 0x90, 0x21, 0x10, 0x3F, 0x7E, 0x08, 0x12, 0x7F, 0x92, 0x48, 0x92, 0x7F, 0x92, 0x08, 0x12, 0x7F, 0xA2, 0x7F, 0xA2, 0x0C, 0x22, 0x00, 0x00, 0x00, 0x00 }, // U+52E4 勤
    { 0x00, 0x00, 0x00, 0x00, 0x0C, 0x00, 0x08, 0x00, 0x18, 0x00, 0x3F, 0xFE, 0x30, 0x04, 0x60, 0x04, 0x44, 0x04, 0x06, 0x04, 0x03, 0x04, 0x01, 0x04, 0x00, 0x04, 0x00, 0x04, 0x00, 0x00, 0x00, 0x00 }, // U+52FA 勺
    { 0x00, 0x00, 0x00, 0x00, 0x08, 0x00, 0x08, 0x00, 0x1F, 0xFE, 0x30, 0x04, 0x22, 0x04, 0x66, 0x04, 0x44, 0x84, 0x08, 0xC4, 0x18, 0x44, 0x3F, 0xE4, 0x38, 0x24, 0x00, 0x04, 0x00, 0x00, 0x00, 0x00 }, // U+52FE 勾
    { 0x00, 0x00, 0x00, 0x00, 0x08, 0x00, 0x08, 0x00, 0x1F, 0xFE, 0x13, 0x26, 0x22, 0x26, 0x62, 0x26, 0x46, 0x66, 0x04, 0x66, 0x08, 0x46, 0x18, 0xC6, 0x21, 0x84, 0x41, 0x04, 0x00, 0x00, 0x00, 0x00 }, // U+52FF 勿
    { 0x00, 0x00, 0x00, 0x00, 0x08, 0x00, 0x08, 0x00, 0x1F, 0xFE, 0x10, 0x06, 0x28, 0x06, 0x66, 0x04, 0x43, 0x04, 0x01, 0x04, 0x00, 0x74, 0x03, 0xE4, 0x3E, 0x04, 0x60, 0x04, 0x00, 0x00, 0x00, 0x00 }, // U+5300 匀
    { 0x00, 0x00, 0x00, 0x00, 0x08, 0x00, 0x18, 0x00, 0x1F, 0xFC, 0x30, 0x0C, 0x20, 0x0C, 0x7F, 0x8C, 0xD0, 0x8C, 0x10, 0x8C, 0x1F, 0x8C, 0x10, 0x08, 0x10, 0x0A, 0x10, 0x7B, 0x00, 0x00, 0x00, 0x00 }, // U+5305 包
    { 0x00, 0x00, 0x00, 0x00, 0x08, 0x00, 0x08, 0x00, 0x1F, 0xFE, 0x33, 0x26, 0x62, 0x26, 0x52, 0x26, 0x0E, 0x66, 0x0F, 0x44, 0x18, 0xC4, 0x30, 0xE4, 0x61, 0x94, 0x43, 0x04, 0x00, 0x00, 0x00, 0x00 }, // U+5306 匆
    { 0x00, 0x00, 0x00, 0x00, 0x08, 0x00, 0x18, 0x00, 0x1F, 0xFE, 0x30, 0x02, 0x68, 0x42, 0x44, 0x82, 0x23, 0x32, 0x23, 0x32, 0x24, 0xB2, 0x28, 0x76, 0x20, 0x36, 0x3F, 0xF6, 0x00, 0x00, 0x00, 0x00 }, // U+5308 匈
    { 0x00, 0x00, 0x00, 0x00, 0x08, 0xC0, 0x08, 0xC0, 0x18, 0xC2, 0x10, 0xC6, 0x30, 0xCC, 0x30, 0xD8, 0x70, 0xF0, 0xD0, 0xE0, 0x11, 0xC0, 0x13, 0xC0, 0x16, 0xC3, 0x10, 0xC3, 0x00, 0x00, 0x00, 0x00 }, // U+5316 化
    { 0x00, 0x00, 0x00, 0x00, 0x04, 0x60, 0x04, 0x60, 0x04, 0x60, 0x04, 0x62, 0x7C, 0x6C, 0x04, 0x70, 0x04, 0x60, 0x04, 0x60, 0x04, 0x60, 0x04, 0x62, 0x1C, 0x63, 0x74, 0x63, 0x00, 0x00, 0x00, 0x00 }, // U+5317 北
    { 0x00, 0x00, 0x00, 0x00, 0x3F, 0x20, 0x21, 0x20, 0x21, 0x20, 0x3F, 0x26, 0x21, 0x3C, 0x3F, 0x30, 0x01, 0x20, 0xFF, 0xA0, 0x04, 0x22, 0x24, 0x22, 0x27, 0xA2, 0x64, 0x1E, 0x00, 0x00, 0x00, 0x00 }, // U+5319 匙
    { 0x00, 0x00, 0x00, 0x00, 0x7F, 0xFE, 0x60, 0x00, 0x60, 0x40, 0x60, 0x40, 0x67, 0xFC, 0x64, 0x44, 0x64, 0x44, 0x64, 0x44, 0x64, 0x44, 0x64, 0x44, 0x64, 0x7C, 0x60, 0x40, 0x00, 0x00, 0x00, 0x00 }, // U+531D 匝
    { 0x00, 0x00, 0x00, 0x00, 0x7F, 0xFE, 0x60, 0x00, 0x60, 0x3C, 0x67, 0xE0, 0x64, 0x00, 0x64, 0x00, 0x67, 0xFE, 0x64, 0x30, 0x64, 0x30, 0x64, 0x30, 0x68, 0x30, 0x68, 0x30, 0x00, 0x00, 0x00, 0x00 }, // U+5320 匠
    { 0x00, 0x00, 0x00, 0x00, 0x7F, 0xFE, 0x60, 0x00, 0x60, 0x00, 0x6F, 0xFE, 0x60, 0x40, 0x60, 0x40, 0x67, 0xFC, 0x60, 0x40, 0x60, 0x40, 0x60, 0x40, 0x6F, 0xFE, 0x60, 0x00, 0x00, 0x00, 0x00, 0x00 }, // U+5321 匡
    { 0x00, 0x00, 0x00, 0x00, 0x7F, 0xFE, 0x60, 0x00, 0x6F, 0xFC, 0x6C, 0x44, 0x6C, 0x44, 0x6F, 0xFC, 0x6C, 0x44, 0x6C, 0x44, 0x6F, 0xFC, 0x6C, 0x44, 0x60, 0x40, 0x60, 0x40, 0x00, 0x00, 0x00, 0x00 }, // U+5323 匣
    { 0x00, 0x00, 0x00, 0x00, 0x7F, 0xFE, 0x61, 0x20, 0x61, 0x20, 0x7F, 0x3E, 0x61, 0x20, 0x61, 0x20, 0x7F, 0x3E, 0x61, 0x20, 0x61, 0x20, 0x7F, 0x3E, 0x61, 0x20, 0x61, 0x20, 0x00, 0x00, 0x00, 0x00 }, // U+532A 匪
    { 0x00, 0x00, 0x00, 0x00, 0x7F, 0xFE, 0x62, 0x20, 0x62, 0x20, 0x62, 0x20, 0x62, 0x20, 0x62, 0x22, 0x62, 0x22, 0x64, 0x22, 0x6C, 0x3E, 0x78, 0x00, 0x60, 0x00, 0x00, 0x00, 0x00, 0x00, 0x00, 0x00 }, // U+5339 匹
    { 0x00, 0x00, 0x00, 0x00, 0x7F, 0xFE, 0x60, 0x00, 0x6C, 0x08, 0x66, 0x18, 0x63, 0x30, 0x61, 0xE0, 0x60, 0xC0, 0x61, 0xE0, 0x63, 0x30, 0x6C, 0x18, 0x68, 0x08, 0x00, 0x00, 0x00, 0x00, 0x00, 0x00 }, // U+533A 区
    { 0x00, 0x00, 0x00, 0x00, 0x7F, 0xFE, 0x62, 0x00, 0x62, 0x00, 0x67, 0xFC, 0x6C, 0x40, 0x68, 0x40, 0x6F, 0xFE, 0x60, 0xC0, 0x61, 0xE0, 0x63, 0x30, 0x66, 0x0C, 0x00, 0x00, 0x00, 0x00, 0x00, 0x00 }, // U+533B 医
    { 0x00, 0x00, 0x00, 0x00, 0x7F, 0xFE, 0x42, 0x10, 0x5F, 0xFE, 0x42, 0x90, 0x41, 0x80, 0x5F, 0xFE, 0x42, 0x00, 0x47, 0xF8, 0x4E, 0x08, 0x57, 0xF8, 0x46, 0x08, 0x00, 0x00, 0x00, 0x00, 0x00, 0x00 }, // U+533F 匿
    { 0x00, 0x00, 0x00, 0x00, 0x01, 0x80, 0x01, 0x80, 0x01, 0x80, 0x01, 0x80, 0x01, 0x80, 0x01, 0x80, 0xFF, 0xFF, 0x01, 0x80, 0x01, 0x80, 0x01, 0x80, 0x01, 0x80, 0x01, 0x80, 0x00, 0x00, 0x00, 0x00 }, // U+5341 十
    { 0x00, 0x00, 0x00, 0x00, 0x00, 0x7C, 0x7F, 0xF8, 0x01, 0x80, 0x01, 0x80, 0x01, 0x80, 0x01, 0x80, 0x01, 0x80, 0x7F, 0xFE, 0x01, 0x80, 0x01, 0x80, 0x01, 0x80, 0x01, 0x80, 0x00, 0x00, 0x00, 0x00 }, // U+5343 千
    { 0x00, 0x00, 0x00, 0x00, 0x00, 0x10, 0x03, 0x90, 0x7E, 0x10, 0x0C, 0x10, 0x0C, 0x10, 0x0C, 0x10, 0xFF, 0xFF, 0x0C, 0x10, 0x0C, 0x10, 0x0C, 0x10, 0x08, 0x10, 0x08, 0x10, 0x00, 0x00, 0x00, 0x00 }, // U+5347 升
    { 0x00, 0x00, 0x00, 0x00, 0x08, 0x00, 0x08, 0x00, 0x1F, 0xFC, 0x10, 0x80, 0x20, 0x80, 0x60, 0x80, 0x40, 0x80, 0x00, 0x80, 0xFF, 0xFF, 0x00, 0x80, 0x00, 0x80, 0x00, 0x80, 0x00, 0x00, 0x00, 0x00 }, // U+5348 午
    { 0x00, 0x00, 0x00, 0x00, 0x01, 0x80, 0x01, 0x80, 0x3F, 0xFC, 0x01, 0x80, 0x01, 0x80, 0x09, 0x90, 0x08, 0x10, 0xFF, 0xFF, 0x18, 0x10, 0x18, 0x10, 0x10, 0x10, 0x30, 0x10, 0x00, 0x00, 0x00, 0x00 }, // U+5349 卉
    { 0x00, 0x00, 0x00, 0x00, 0x01, 0x80, 0x21, 0x84, 0x39, 0x9C, 0x09, 0x90, 0x01, 0x80, 0x7F, 0xFE, 0x01, 0x80, 0x01, 0x80, 0x01, 0x80, 0xFF, 0xFF, 0x01, 0x80, 0x01, 0x80, 0x00, 0x00, 0x00, 0x00 }, // U+534A 半
    { 0x00, 0x00, 0x00, 0x00, 0x0C, 0x40, 0x08, 0x44, 0x18, 0x4C, 0x30, 0x58, 0x70, 0x62, 0x51, 0xC2, 0x16, 0x42, 0x10, 0x7E, 0x11, 0x80, 0x01, 0x80, 0xFF, 0xFF, 0x01, 0x80, 0x00, 0x00, 0x00, 0x00 }, // U+534E 华
    { 0x00, 0x00, 0x00, 0x00, 0x20, 0x80, 0x20, 0x80, 0x20, 0x80, 0x23, 0xF8, 0xF8, 0xC8, 0x20, 0x88, 0x22, 0x8E, 0x24, 0x8A, 0x24, 0x8A, 0x29, 0x89, 0x21, 0x08, 0x23, 0x08, 0x00, 0x00, 0x00, 0x00 }, // U+534F 协
    { 0x00, 0x00, 0x00, 0x00, 0x02, 0x00, 0x3F, 0xFC, 0x21, 0x0C, 0x21, 0x04, 0x3F, 0xFC, 0x21, 0x04, 0x21, 0x04, 0x3F, 0xFC, 0x06, 0x0C, 0x0C, 0x80, 0x18, 0x80, 0xFF, 0xFE, 0x00, 0x00, 0x00, 0x00 }, // U+5351 卑
    { 0x00, 0x00, 0x00, 0x00, 0x01, 0x00, 0x01, 0x80, 0x7F, 0xFE, 0x00, 0x00, 0x08, 0x10, 0x08, 0x30, 0x16, 0x68, 0x22, 0xC4, 0x01, 0x82, 0x01, 0x80, 0xFF, 0xFF, 0x01, 0x80, 0x00, 0x00, 0x00, 0x00 }, // U+5352 卒
    { 0x00, 0x00, 0x00, 0x00, 0x01, 0x00, 0x01, 0xFE, 0x01, 0x00, 0x1F, 0xF8, 0x10, 0x08, 0x1F, 0xF8, 0x10, 0x08, 0x10, 0x08, 0x1F, 0xF8, 0x11, 0x88, 0x01, 0x80, 0xFF, 0xFF, 0x00, 0x00, 0x00, 0x00 }, // U+5353 卓
    { 0x00, 0x00, 0x00, 0x00, 0x08, 0x10, 0x0C, 0x30, 0x04, 0x20, 0x3F, 0xFC, 0x21, 0x84, 0x3F, 0xFC, 0x21, 0x84, 0x21, 0x84, 0x3F, 0xFC, 0x21, 0x84, 0x01, 0x80, 0xFF, 0xFF, 0x00, 0x00, 0x00, 0x00 }, // U+5355 单
    { 0x00, 0x00, 0x00, 0x00, 0x01, 0x80, 0x01, 0x80, 0x3F, 0xFC, 0x01, 0x80, 0x7F, 0xFE, 0x18, 0x06, 0x0E, 0x44, 0x20, 0x40, 0x18, 0x40, 0x04, 0xC0, 0x7F, 0xFE, 0x01, 0x80, 0x00, 0x00, 0x00, 0x00 }, // U+5356 卖
    { 0x00, 0x00, 0x00, 0x00, 0x01, 0x80, 0x01, 0x80, 0xFF, 0xFF, 0x01, 0x80, 0x01, 0x80, 0x7F, 0xFE, 0x64, 0x26, 0x62, 0x46, 0x6F, 0xF6, 0x61, 0x86, 0x61, 0x86, 0x7F, 0xFE, 0x00, 0x00, 0x00, 0x00 }, // U+5357 南
    { 0x00, 0x00, 0x00, 0x00, 0x20, 0x4C, 0x20, 0x40, 0x2F, 0xFE, 0x20, 0x40, 0xF7, 0xFC, 0x24, 0x44, 0x27, 0xFC, 0x24, 0x44, 0x27, 0xFC, 0x24, 0x44, 0x2F, 0xFF, 0x22, 0x08, 0x00, 0x00, 0x00, 0x00 }, // U+535A 博
    { 0x00, 0x00, 0x00, 0x00, 0x02, 0x00, 0x02, 0x00, 0x02, 0x00, 0x02, 0x00, 0x03, 0x80, 0x02, 0xC0, 0x02, 0x60, 0x02, 0x18, 0x02, 0x0C, 0x02, 0x04, 0x02, 0x00, 0x02, 0x00, 0x00, 0x00, 0x00, 0x00 }, // U+535C 卜
    { 0x00, 0x00, 0x00, 0x00, 0x01, 0x00, 0x01, 0x00, 0x01, 0x80, 0xFF, 0xFF, 0x01, 0x00, 0x01, 0x00, 0x01, 0xC0, 0x01, 0x60, 0x01, 0x38, 0x01, 0x0C, 0x01, 0x04, 0x01, 0x00, 0x00, 0x00, 0x00, 0x00 }, // U+535E 卞
    { 0x00, 0x00, 0x00, 0x00, 0x01, 0x00, 0x01, 0x00, 0x01, 0x00, 0x01, 0xFE, 0x01, 0x00, 0x01, 0x00, 0x01, 0x00, 0x3F, 0xFC, 0x20, 0x0C, 0x20, 0x04, 0x20, 0x04, 0x20, 0x04, 0x00, 0x00, 0x00, 0x00 }, // U+5360 占
    { 0x00, 0x00, 0x00, 0x00, 0x01, 0x00, 0x01, 0x00, 0x01, 0xFE, 0x01, 0x00, 0x01, 0x00, 0x01, 0x00, 0xFF, 0xFF, 0x00, 0x00, 0x01, 0x00, 0x01, 0xC0, 0x01, 0x70, 0x01, 0x1C, 0x00, 0x00, 0x00, 0x00 }, // U+5361 卡
    { 0x00, 0x00, 0x00, 0x00, 0x01, 0x00, 0x01, 0x00, 0x01, 0xFE, 0x01, 0x00, 0x01, 0x00, 0x3F, 0xFC, 0x30, 0x04, 0x20, 0x04, 0x20, 0x04, 0x3F, 0xFC, 0x20, 0x04, 0x20, 0x00, 0x00, 0x00, 0x00, 0x00 }, // U+5362 卢
    { 0x00, 0x00, 0x00, 0x00, 0x01, 0x00, 0x01, 0x00, 0x01, 0xFE, 0x01, 0x00, 0x3F, 0xFC, 0x20, 0x04, 0x2C, 0x04, 0x23, 0x34, 0x21, 0xC4, 0x27, 0x64, 0x28, 0x14, 0x20, 0x04, 0x00, 0x00, 0x00, 0x00 }, // U+5364 卤
    { 0x00, 0x00, 0x00, 0x00, 0x7F, 0xA0, 0x44, 0x20, 0x44, 0x20, 0x44, 0x20, 0x44, 0x20, 0x7F, 0xB8, 0x41, 0xAC, 0x41, 0xA6, 0x41, 0xA2, 0x7F, 0xA0, 0x44, 0x20, 0x44, 0x20, 0x00, 0x00, 0x00, 0x00 }, // U+5367 卧
    { 0x00, 0x00, 0x00, 0x00, 0x7F, 0xFC, 0x02, 0x04, 0x02, 0x04, 0x02, 0x04, 0x02, 0x04, 0x02, 0x04, 0x02, 0x04, 0x02, 0x0C, 0x02, 0x78, 0x02, 0x00, 0x02, 0x00, 0x00, 0x00, 0x00, 0x00, 0x00, 0x00 }, // U+536B 卫
    { 0x00, 0x00, 0x00, 0x00, 0x0E, 0x00, 0x70, 0x7E, 0x42, 0x42, 0x42, 0x42, 0x42, 0x42, 0x42, 0x42, 0x42, 0x42, 0x4E, 0x42, 0x76, 0x42, 0x44, 0x46, 0x04, 0x5C, 0x08, 0x40, 0x00, 0x00, 0x00, 0x00 }, // U+536F 卯
    { 0x00, 0x00, 0x00, 0x00, 0x0E, 0x00, 0x78, 0xFE, 0x40, 0xC6, 0x40, 0x82, 0x40, 0x82, 0x40, 0x82, 0x7E, 0x82, 0x60, 0x82, 0x40, 0x82, 0x40, 0x82, 0x42, 0x82, 0x4E, 0x86, 0x00, 0x00, 0x00, 0x00 }, // U+5370 印
    { 0x00, 0x00, 0x00, 0x00, 0x0C, 0x00, 0x1F, 0xF0, 0x10, 0x30, 0x60, 0x20, 0x7F, 0xFF, 0x20, 0x00, 0x27, 0xF8, 0x26, 0x08, 0x26, 0x08, 0x26, 0x1A, 0x26, 0x72, 0x66, 0x02, 0x00, 0x00, 0x00, 0x00 }, // U+5371 危
    { 0x00, 0x00, 0x00, 0x00, 0x7F, 0x7E, 0x63, 0x62, 0x43, 0x62, 0x7F, 0x62, 0x63, 0x62, 0x43, 0x62, 0x7F, 0x62, 0x63, 0x62, 0x44, 0x62, 0x46, 0x62, 0x42, 0x66, 0x00, 0x00, 0x00, 0x00, 0x00, 0x00 }, // U+5373 即
    { 0x00, 0x00, 0x00, 0x00, 0x08, 0x00, 0x08, 0x7E, 0x08, 0x42, 0x7F, 0x42, 0x08, 0x42, 0x08, 0x42, 0x08, 0x42, 0xFF, 0x42, 0x10, 0x42, 0x34, 0x42, 0x22, 0x46, 0x7F, 0x5C, 0x00, 0x00, 0x00, 0x00 }, // U+5374 却
    { 0x00, 0x00, 0x00, 0x00, 0x06, 0x00, 0x7C, 0x7E, 0x40, 0x42, 0x42, 0x42, 0x5A, 0x52, 0x4A, 0x52, 0x4A, 0x5A, 0x42, 0x4A, 0x4E, 0x42, 0x7E, 0x42, 0x64, 0x46, 0x0C, 0x5C, 0x00, 0x00, 0x00, 0x00 }, // U+5375 卵
    { 0x00, 0x00, 0x00, 0x00, 0x11, 0x88, 0x19, 0x18, 0x09, 0x10, 0x7F, 0xFE, 0x02, 0x00, 0xFF, 0xFF, 0x0C, 0x30, 0x18, 0x18, 0x7F, 0xFC, 0xC8, 0x32, 0x08, 0x30, 0x08, 0xE4, 0x00, 0x00, 0x00, 0x00 }, // U+5377 卷
    { 0x00, 0x00, 0x00, 0x00, 0x10, 0x00, 0x3F, 0xBE, 0x64, 0x22, 0x44, 0x22, 0x04, 0x22, 0xFF, 0xA2, 0x04, 0x22, 0x24, 0x22, 0x27, 0xA2, 0x24, 0x22, 0x24, 0x22, 0x27, 0xAE, 0x00, 0x00, 0x00, 0x00 }, // U+5378 卸
    { 0x00, 0x00, 0x00, 0x00, 0x1B, 0xDE, 0x62, 0x52, 0x4A, 0x52, 0x4B, 0xD2, 0x4A, 0x52, 0x4A, 0x52, 0x5A, 0x52, 0x53, 0xD2, 0x72, 0x12, 0x52, 0x92, 0x12, 0xDE, 0x33, 0xD0, 0x00, 0x00, 0x00, 0x00 }, // U+537F 卿
    { 0x00, 0x00, 0x00, 0x00, 0x3F, 0xFF, 0x30, 0x00, 0x30, 0x00, 0x30, 0x00, 0x30, 0x00, 0x30, 0x00, 0x30, 0x00, 0x30, 0x00, 0x30, 0x00, 0x30, 0x00, 0x20, 0x00, 0x00, 0x00, 0x00, 0x00, 0x00, 0x00 }, // U+5382 厂
    { 0x00, 0x00, 0x00, 0x00, 0x3F, 0xFE, 0x20, 0x00, 0x20, 0x00, 0x27, 0xF8, 0x26, 0x08, 0x26, 0x08, 0x26, 0x08, 0x26, 0x08, 0x26, 0x7A, 0x26, 0x02, 0x46, 0x02, 0x00, 0x00, 0x00, 0x00, 0x00, 0x00 }, // U+5384 厄
    { 0x00, 0x00, 0x00, 0x00, 0x3F, 0xFF, 0x20, 0x00, 0x20, 0x00, 0x2F, 0xFF, 0x20, 0x60, 0x20, 0x40, 0x20, 0x40, 0x20, 0x40, 0x20, 0x40, 0x20, 0x40, 0x40, 0x40, 0x00, 0x00, 0x00, 0x00, 0x00, 0x00 }, // U+5385 厅
    { 0x00, 0x00, 0x00, 0x00, 0x3F, 0xFF, 0x20, 0x00, 0x20, 0x80, 0x20, 0x80, 0x2F, 0xFC, 0x21, 0x84, 0x21, 0x84, 0x21, 0x04, 0x21, 0x04, 0x22, 0x04, 0x6C, 0x04, 0x00, 0x00, 0x00, 0x00, 0x00, 0x00 }, // U+5386 历
    { 0x00, 0x00, 0x00, 0x00, 0x3F, 0xFF, 0x20, 0x00, 0x20, 0x00, 0x2F, 0xFE, 0x21, 0x00, 0x21, 0x00, 0x21, 0xFC, 0x21, 0x04, 0x21, 0x04, 0x23, 0x04, 0x62, 0x04, 0x00, 0x00, 0x00, 0x00, 0x00, 0x00 }, // U+5389 厉
    { 0x00, 0x00, 0x00, 0x00, 0x3F, 0xFF, 0x30, 0x00, 0x20, 0x40, 0x20, 0x40, 0x20, 0x40, 0x27, 0xFE, 0x20, 0x40, 0x20, 0x48, 0x20, 0x48, 0x20, 0x44, 0x20, 0x44, 0x00, 0x00, 0x00, 0x00, 0x00, 0x00 }, // U+538B 压
    { 0x00, 0x00, 0x00, 0x00, 0x3F, 0xFF, 0x20, 0x00, 0x20, 0x00, 0x20, 0x4C, 0x20, 0x40, 0x2F, 0xFF, 0x20, 0xC0, 0x20, 0xE0, 0x20, 0xA0, 0x21, 0x30, 0x63, 0x18, 0x00, 0x00, 0x00, 0x00, 0x00, 0x00 }, // U+538C 厌
    { 0x00, 0x00, 0x00, 0x00, 0x7F, 0xFF, 0x60, 0x00, 0x6F, 0xC0, 0x68, 0x52, 0x6B, 0x52, 0x6B, 0x52, 0x6B, 0x52, 0x6A, 0x52, 0x6A, 0x52, 0x62, 0x12, 0x43, 0x12, 0x44, 0x92, 0x00, 0x00, 0x00, 0x00 }, // U+5395 厕
    { 0x00, 0x00, 0x00, 0x00, 0x3F, 0xFF, 0x20, 0x00, 0x27, 0xFC, 0x24, 0x44, 0x27, 0xFC, 0x24, 0x44, 0x24, 0x44, 0x27, 0xFC, 0x24, 0x44, 0x20, 0x40, 0x6F, 0xFE, 0x00, 0x00, 0x00, 0x00, 0x00, 0x00 }, // U+5398 厘
    { 0x00, 0x00, 0x00, 0x00, 0x3F, 0xFF, 0x20, 0x00, 0x27, 0xFC, 0x24, 0x04, 0x27, 0xFC, 0x24, 0x04, 0x27, 0xFC, 0x20, 0x00, 0x27, 0xFC, 0x60, 0x00, 0x5F, 0xFF, 0x00, 0x00, 0x00, 0x00, 0x00, 0x00 }, // U+539A 厚
    { 0x00, 0x00, 0x00, 0x00, 0x3F, 0xFF, 0x20, 0x80, 0x27, 0xFC, 0x24, 0x04, 0x27, 0xFC, 0x24, 0x04, 0x24, 0x04, 0x27, 0xFC, 0x24, 0x44, 0x62, 0x48, 0x46, 0x4C, 0x00, 0x00, 0x00, 0x00, 0x00, 0x00 }, // U+539F 原
    { 0x00, 0x00, 0x00, 0x00, 0x7F, 0xFF, 0x60, 0x00, 0x66, 0x7E, 0x66, 0x42, 0x7F, 0x42, 0x66, 0x7E, 0x66, 0x42, 0x6F, 0x42, 0x6F, 0x7E, 0x76, 0x42, 0x76, 0x42, 0x46, 0x42, 0x00, 0x00, 0x00, 0x00 }, // U+53A2 厢
    { 0x00, 0x00, 0x00, 0x00, 0x3F, 0xFF, 0x20, 0x00, 0x2F, 0xFE, 0x20, 0x80, 0x27, 0xFC, 0x24, 0x04, 0x27, 0xFC, 0x24, 0x04, 0x27, 0xFC, 0x24, 0x04, 0x27, 0xFC, 0x42, 0x00, 0x00, 0x00, 0x00, 0x00 }, // U+53A6 厦
    { 0x00, 0x00, 0x00, 0x00, 0x7F, 0xFF, 0x60, 0x00, 0x7F, 0xC4, 0x60, 0x04, 0x60, 0x3F, 0x6F, 0x84, 0x68, 0x84, 0x68, 0xA4, 0x6F, 0xB4, 0x60, 0x14, 0x48, 0x94, 0x4D, 0x84, 0x00, 0x00, 0x00, 0x00 }, // U+53A8 厨
    { 0x00, 0x00, 0x00, 0x00, 0x3F, 0xFF, 0x20, 0x00, 0x2F, 0x7E, 0x29, 0x08, 0x2F, 0x68, 0x29, 0x68, 0x29, 0x48, 0x2F, 0x7E, 0x28, 0x18, 0x49, 0x18, 0x49, 0x38, 0x4F, 0xE9, 0x00, 0x00, 0x00, 0x00 }, // U+53A9 厩
    { 0x00, 0x00, 0x00, 0x00, 0x01, 0x80, 0x01, 0x80, 0x01, 0x80, 0x3F, 0xFC, 0x01, 0x80, 0x01, 0x80, 0x01, 0x80, 0xFF, 0xFF, 0x03, 0x00, 0x06, 0x20, 0x04, 0x10, 0x08, 0x08, 0x00, 0x00, 0x00, 0x00 }, // U+53BB 去
    { 0x00, 0x00, 0x00, 0x00, 0x1F, 0xF8, 0x10, 0x08, 0x1F, 0xF8, 0x10, 0x08, 0x10, 0x08, 0x1F, 0xF8, 0x10, 0x08, 0x10, 0x08, 0xFF, 0xFF, 0x06, 0x20, 0x08, 0x10, 0x00, 0x00, 0x00, 0x00, 0x00, 0x00 }, // U+53BF 县
    { 0x00, 0x00, 0x00, 0x00, 0x03, 0x00, 0x06, 0x20, 0x18, 0x30, 0x3F, 0xF8, 0x02, 0x04, 0x7F, 0xFE, 0x0C, 0x20, 0x08, 0x10, 0x1F, 0xF8, 0x60, 0x04, 0x5F, 0xFA, 0x00, 0x00, 0x00, 0x00, 0x00, 0x00 }, // U+53C1 叁
    { 0x00, 0x00, 0x00, 0x00, 0x02, 0x00, 0x06, 0x20, 0x18, 0x30, 0x3F, 0xF8, 0x02, 0x04, 0x7F, 0xFE, 0x0C, 0x20, 0x18, 0x98, 0x63, 0x0C, 0xCC, 0x22, 0x01, 0xC8, 0x0F, 0x30, 0x00, 0x00, 0x00, 0x00 }, // U+53C2 参
    { 0x00, 0x00, 0x00, 0x00, 0x3F, 0xF8, 0x18, 0x08, 0x18, 0x18, 0x08, 0x18, 0x08, 0x10, 0x0C, 0x30, 0x04, 0x20, 0x06, 0x60, 0x03, 0xC0, 0x01, 0x80, 0x03, 0xC0, 0x00, 0x00, 0x00, 0x00, 0x00, 0x00 }, // U+53C8 又
    { 0x00, 0x00, 0x00, 0x00, 0x3F, 0xFC, 0x10, 0x08, 0x11, 0x08, 0x11, 0x08, 0x09, 0x98, 0x08, 0x90, 0x0C, 0x30, 0x06, 0x60, 0x02, 0x40, 0x01, 0x80, 0x03, 0xC0, 0x00, 0x00, 0x00, 0x00, 0x00, 0x00 }, // U+53C9 叉
    { 0x00, 0x00, 0x00, 0x00, 0x7F, 0xF0, 0x0C, 0x10, 0x08, 0x30, 0x0C, 0x20, 0x0C, 0x7C, 0x0E, 0x0C, 0x0A, 0x08, 0x1B, 0x18, 0x19, 0x10, 0x10, 0xA0, 0x30, 0xE0, 0x00, 0x00, 0x00, 0x00, 0x00, 0x00 }, // U+53CA 及
    { 0x00, 0x00, 0x00, 0x00, 0x06, 0x00, 0x06, 0x00, 0x7F, 0xFF, 0x04, 0x00, 0x0C, 0x00, 0x0F, 0xFC, 0x0E, 0x0C, 0x1A, 0x08, 0x11, 0x10, 0x30, 0xE0, 0x20, 0xE0, 0x00, 0x00, 0x00, 0x00, 0x00, 0x00 }, // U+53CB 友
    { 0x00, 0x00, 0x00, 0x00, 0xFF, 0xFE, 0x06, 0x86, 0x46, 0x84, 0x64, 0x84, 0x24, 0xC4, 0x1C, 0x4C, 0x18, 0x48, 0x0C, 0x78, 0x1C, 0x30, 0x36, 0x30, 0x22, 0xC8, 0x00, 0x00, 0x00, 0x00, 0x00, 0x00 }, // U+53CC 双
    { 0x00, 0x00, 0x00, 0x00, 0x00, 0x3E, 0x3F, 0xF0, 0x20, 0x00, 0x20, 0x00, 0x3F, 0xFC, 0x34, 0x0C, 0x26, 0x08, 0x22, 0x18, 0x23, 0x10, 0x21, 0xA0, 0x20, 0xE0, 0x41, 0xF0, 0x00, 0x00, 0x00, 0x00 }, // U+53CD 反
    { 0x00, 0x00, 0x00, 0x00, 0x22, 0x20, 0x22, 0x18, 0x62, 0x08, 0x7F, 0xFF, 0x06, 0x00, 0x04, 0x00, 0x07, 0xFC, 0x0E, 0x0C, 0x0A, 0x08, 0x11, 0x18, 0x31, 0xB0, 0x20, 0xE0, 0x00, 0x00, 0x00, 0x00 }, // U+53D1 发
    { 0x00, 0x00, 0x00, 0x00, 0x08, 0x00, 0x08, 0xFE, 0x08, 0x42, 0x0F, 0x46, 0x08, 0x44, 0x08, 0x44, 0x7F, 0x64, 0x08, 0x2C, 0x2A, 0x38, 0x49, 0x18, 0x49, 0x38, 0x08, 0x6C, 0x00, 0x00, 0x00, 0x00 }, // U+53D4 叔
    { 0x00, 0x00, 0x00, 0x00, 0xFF, 0x00, 0x22, 0xFE, 0x22, 0x42, 0x3E, 0x46, 0x22, 0x44, 0x22, 0x44, 0x3E, 0x2C, 0x22, 0x28, 0x22, 0x38, 0x7F, 0x98, 0xF2, 0x68, 0x00, 0x00, 0x00, 0x00, 0x00, 0x00 }, // U+53D6 取
    { 0x00, 0x00, 0x00, 0x00, 0x00, 0x3C, 0x7F, 0xE0, 0x11, 0x08, 0x11, 0x98, 0x10, 0x10, 0x7F, 0xFE, 0x40, 0x02, 0x1F, 0xF8, 0x08, 0x10, 0x04, 0x20, 0x03, 0xC0, 0x03, 0xC0, 0x00, 0x00, 0x00, 0x00 }, // U+53D7 受
    { 0x00, 0x00, 0x00, 0x00, 0x01, 0x00, 0x01, 0x80, 0x7F, 0xFF, 0x06, 0x60, 0x12, 0x48, 0x32, 0x4C, 0x62, 0x46, 0x40, 0x02, 0x3F, 0xF8, 0x0C, 0x10, 0x06, 0x60, 0x03, 0xC0, 0x00, 0x00, 0x00, 0x00 }, // U+53D8 变
    { 0x00, 0x00, 0x00, 0x00, 0x08, 0x00, 0x1C, 0xFE, 0x33, 0x42, 0x21, 0x42, 0x40, 0x46, 0x7F, 0x44, 0x08, 0x44, 0x08, 0x64, 0xFF, 0xAC, 0x0A, 0x38, 0x2B, 0x18, 0x69, 0x38, 0x00, 0x00, 0x00, 0x00 }, // U+53D9 叙
    { 0x00, 0x00, 0x00, 0x00, 0x10, 0x0E, 0x53, 0xF8, 0x57, 0x80, 0x35, 0x80, 0x15, 0xFE, 0x7F, 0xE2, 0x11, 0xA6, 0x11, 0x24, 0xFF, 0x24, 0x11, 0x18, 0x11, 0x18, 0x32, 0x3C, 0x00, 0x00, 0x00, 0x00 }, // U+53DB 叛
    { 0x00, 0x00, 0x00, 0x00, 0x3F, 0xF8, 0x00, 0x30, 0x07, 0xEC, 0x00, 0x00, 0x7E, 0x7E, 0x04, 0x68, 0x00, 0x0E, 0x00, 0x00, 0x7F, 0xFE, 0x50, 0x0A, 0x1F, 0xF8, 0x00, 0x00, 0x00, 0x00, 0x00, 0x00 }, // U+53E0 叠
    { 0x00, 0x00, 0x00, 0x00, 0x3F, 0xFC, 0x20, 0x04, 0x20, 0x04, 0x20, 0x04, 0x20, 0x04, 0x20, 0x04, 0x20, 0x04, 0x20, 0x04, 0x20, 0x04, 0x20, 0x04, 0x20, 0x04, 0x00, 0x00, 0x00, 0x00, 0x00, 0x00 }, // U+53E3 口
    { 0x00, 0x00, 0x00, 0x00, 0x01, 0x80, 0x01, 0x80, 0x01, 0x80, 0xFF, 0xFF, 0x01, 0x80, 0x01, 0x80, 0x01, 0x80, 0x3F, 0xFC, 0x30, 0x0C, 0x30, 0x0C, 0x30, 0x0C, 0x30, 0x0C, 0x00, 0x00, 0x00, 0x00 }, // U+53E4 古
    { 0x00, 0x00, 0x00, 0x00, 0x08, 0x00, 0x08, 0x00, 0x1F, 0xFE, 0x30, 0x04, 0x20, 0x04, 0x7F, 0xC4, 0x50, 0x44, 0x10, 0x44, 0x10, 0x44, 0x10, 0x44, 0x1F, 0xC4, 0x10, 0x04, 0x00, 0x00, 0x00, 0x00 }, // U+53E5 句
    { 0x00, 0x00, 0x00, 0x00, 0x3F, 0xFC, 0x30, 0x0C, 0x30, 0x04, 0x30, 0x04, 0x3F, 0xFC, 0x30, 0x0C, 0x00, 0x00, 0x7F, 0xFE, 0x06, 0x04, 0x04, 0x04, 0x0C, 0x04, 0x00, 0x00, 0x00, 0x00, 0x00, 0x00 }, // U+53E6 另
    { 0x00, 0x00, 0x00, 0x00, 0x3F, 0xFC, 0x30, 0x0C, 0x30, 0x04, 0x30, 0x04, 0x30, 0x04, 0x30, 0x04, 0x3F, 0xFC, 0x30, 0x0C, 0x04, 0x20, 0x0C, 0x30, 0x18, 0x18, 0x00, 0x00, 0x00, 0x00, 0x00, 0x00 }, // U+53EA 只
    { 0x00, 0x00, 0x00, 0x00, 0x00, 0x04, 0x7C, 0xC4, 0x64, 0xC4, 0x64, 0xC4, 0x64, 0xC4, 0x64, 0xC4, 0x64, 0xC4, 0x64, 0xC4, 0x64, 0xCC, 0x64, 0xF4, 0x7C, 0xC4, 0x64, 0x04, 0x00, 0x00, 0x00, 0x00 }, // U+53EB 叫
    { 0x00, 0x00, 0x00, 0x00, 0x7F, 0xFC, 0x06, 0x04, 0x04, 0x04, 0x04, 0x04, 0x0C, 0x04, 0x18, 0x0C, 0x70, 0xF8, 0x40, 0x00, 0x3F, 0xFC, 0x30, 0x0C, 0x30, 0x04, 0x30, 0x04, 0x00, 0x00, 0x00, 0x00 }, // U+53EC 召
    { 0x00, 0x00, 0x00, 0x00, 0x00, 0x98, 0x78, 0x98, 0x48, 0x98, 0x48, 0x88, 0x48, 0x88, 0x49, 0x88, 0x49, 0x88, 0x49, 0x08, 0x49, 0x08, 0x49, 0x0C, 0x7B, 0x04, 0x46, 0x06, 0x00, 0x00, 0x00, 0x00 }, // U+53ED 叭
    { 0x00, 0x00, 0x00, 0x00, 0x7D, 0xFF, 0x44, 0x10, 0x44, 0x10, 0x44, 0x10, 0x44, 0x10, 0x44, 0x10, 0x44, 0x10, 0x44, 0x10, 0x44, 0x10, 0x7C, 0x10, 0x44, 0x10, 0x00, 0x00, 0x00, 0x00, 0x00, 0x00 }, // U+53EE 叮
    { 0x00, 0x00, 0x00, 0x00, 0xFF, 0xFF, 0x00, 0x08, 0x00, 0x08, 0x3F, 0x88, 0x20, 0x88, 0x20, 0x88, 0x20, 0x88, 0x20, 0x88, 0x20, 0x88, 0x3F, 0x88, 0x20, 0x08, 0x00, 0x00, 0x00, 0x00, 0x00, 0x00 }, // U+53EF 可
    { 0x00, 0x00, 0x00, 0x00, 0x03, 0x00, 0x02, 0x00, 0x04, 0x10, 0x0C, 0x18, 0x18, 0x0C, 0x30, 0xFE, 0x7F, 0x82, 0x40, 0x02, 0x00, 0x00, 0x3F, 0xFC, 0x30, 0x0C, 0x30, 0x0C, 0x00, 0x00, 0x00, 0x00 }, // U+53F0 台
    { 0x00, 0x00, 0x00, 0x00, 0x01, 0x80, 0x01, 0x80, 0x3F, 0xFC, 0x21, 0x84, 0x21, 0x84, 0x21, 0x84, 0x21, 0x84, 0x3F, 0xFC, 0x01, 0x84, 0x11, 0x00, 0x19, 0x00, 0x0F, 0x00, 0x00, 0x00, 0x00, 0x00 }, // U+53F2 史
    { 0x00, 0x00, 0x00, 0x00, 0x01, 0x00, 0x03, 0x00, 0x7F, 0xFF, 0x06, 0x00, 0x04, 0x00, 0x0C, 0x00, 0x08, 0x00, 0x1F, 0xFC, 0x38, 0x04, 0x38, 0x04, 0x48, 0x04, 0x48, 0x04, 0x00, 0x00, 0x00, 0x00 }, // U+53F3 右
    { 0x00, 0x00, 0x00, 0x00, 0x00, 0x10, 0x00, 0x10, 0x7C, 0x10, 0x64, 0x10, 0x44, 0x10, 0x45, 0xFF, 0x44, 0x30, 0x44, 0x10, 0x44, 0x10, 0x44, 0x10, 0x7C, 0x10, 0x64, 0x10, 0x00, 0x00, 0x00, 0x00 }, // U+53F6 叶
    { 0x00, 0x00, 0x00, 0x00, 0x1F, 0xF8, 0x10, 0x08, 0x10, 0x08, 0x1F, 0xF8, 0x10, 0x08, 0x00, 0x00, 0xFF, 0xFF, 0x18, 0x00, 0x10, 0x00, 0x1F, 0xFC, 0x00, 0x08, 0x00, 0x00, 0x00, 0x00, 0x00, 0x00 }, // U+53F7 号
    { 0x00, 0x00, 0x00, 0x00, 0x7F, 0xFE, 0x00, 0x06, 0x00, 0x02, 0xFF, 0xF2, 0x00, 0x02, 0x00, 0x02, 0x3F, 0xC2, 0x20, 0x42, 0x20, 0x42, 0x20, 0x42, 0x3F, 0xC2, 0x00, 0x00, 0x00, 0x00, 0x00, 0x00 }, // U+53F8 司
    { 0x00, 0x00, 0x00, 0x00, 0x7F, 0xFE, 0x45, 0x86, 0x45, 0x84, 0x44, 0x84, 0x44, 0x84, 0x44, 0x8C, 0x44, 0xC8, 0x44, 0x58, 0x44, 0x70, 0x7C, 0x30, 0x40, 0x78, 0x00, 0x00, 0x00, 0x00, 0x00, 0x00 }, // U+53F9 叹
    { 0x00, 0x00, 0x00, 0x00, 0x01, 0xFE, 0x7C, 0x06, 0x44, 0x02, 0x44, 0x02, 0x44, 0x06, 0x44, 0x06, 0x44, 0x36, 0x44, 0x66, 0x45, 0x86, 0x45, 0x06, 0x7C, 0x06, 0x44, 0x06, 0x00, 0x00, 0x00, 0x00 }, // U+53FC 叼
    { 0x00, 0x00, 0x00, 0x00, 0x7D, 0xFE, 0x44, 0x10, 0x44, 0x10, 0x44, 0x10, 0x44, 0x10, 0x44, 0x10, 0x45, 0xFF, 0x44, 0x10, 0x44, 0x10, 0x7C, 0x10, 0x44, 0x10, 0x00, 0x00, 0x00, 0x00, 0x00, 0x00 }, // U+5401 吁
    { 0x00, 0x00, 0x00, 0x00, 0x00, 0x40, 0x00, 0xC0, 0x78, 0x80, 0x49, 0xFF, 0x49, 0x00, 0x4F, 0x00, 0x4F, 0xFC, 0x48, 0x18, 0x48, 0x30, 0x48, 0x61, 0x78, 0xC3, 0x49, 0x83, 0x00, 0x00, 0x00, 0x00 }, // U+5403 吃
    { 0x00, 0x00, 0x00, 0x00, 0x0C, 0x00, 0x08, 0x00, 0x1F, 0xFC, 0x38, 0x18, 0x64, 0x30, 0x43, 0x60, 0x03, 0xE0, 0x1C, 0x1F, 0xE0, 0x00, 0x1F, 0xF8, 0x10, 0x08, 0x10, 0x08, 0x00, 0x00, 0x00, 0x00 }, // U+5404 各
    { 0x00, 0x00, 0x00, 0x00, 0x01, 0x80, 0x03, 0xC0, 0x06, 0x60, 0x0C, 0x30, 0x18, 0x08, 0x7F, 0xFE, 0x40, 0x02, 0x00, 0x00, 0x1F, 0xF8, 0x10, 0x08, 0x10, 0x08, 0x10, 0x08, 0x00, 0x00, 0x00, 0x00 }, // U+5408 合
    { 0x00, 0x00, 0x00, 0x00, 0x01, 0x80, 0xFF, 0xFF, 0x01, 0x80, 0x01, 0x80, 0x01, 0x80, 0x3F, 0xFC, 0x00, 0x00, 0x00, 0x00, 0x3F, 0xFC, 0x30, 0x0C, 0x30, 0x0C, 0x00, 0x00, 0x00, 0x00, 0x00, 0x00 }, // U+5409 吉
    { 0x00, 0x00, 0x00, 0x00, 0x3F, 0xFC, 0x30, 0x0C, 0x30, 0x04, 0x30, 0x04, 0x3F, 0xFC, 0x31, 0x8C, 0x01, 0x80, 0x7F, 0xFE, 0x61, 0x86, 0x61, 0x82, 0x61, 0x82, 0x00, 0x00, 0x00, 0x00, 0x00, 0x00 }, // U+540A 吊
    { 0x00, 0x00, 0x00, 0x00, 0x7F, 0xFE, 0x60, 0x06, 0x60, 0x06, 0x7F, 0xFE, 0x60, 0x06, 0x60, 0x06, 0x67, 0xE6, 0x64, 0x26, 0x64, 0x26, 0x64, 0x26, 0x67, 0xE6, 0x00, 0x00, 0x00, 0x00, 0x00, 0x00 }, // U+540C 同
    { 0x00, 0x00, 0x00, 0x00, 0x02, 0x00, 0x06, 0x00, 0x0F, 0xFC, 0x18, 0x0C, 0x64, 0x10, 0x46, 0x60, 0x03, 0x80, 0x07, 0x00, 0x3F, 0xFC, 0xF8, 0x04, 0x18, 0x04, 0x18, 0x04, 0x00, 0x00, 0x00, 0x00 }, // U+540D 名
    { 0x00, 0x00, 0x00, 0x00, 0x00, 0x3C, 0x3F, 0xF8, 0x20, 0x00, 0x20, 0x00, 0x3F, 0xFF, 0x20, 0x00, 0x20, 0x00, 0x20, 0x00, 0x27, 0xFC, 0x24, 0x04, 0x24, 0x04, 0x64, 0x04, 0x00, 0x00, 0x00, 0x00 }, // U+540E 后
    { 0x00, 0x00, 0x00, 0x00, 0x00, 0x80, 0x00, 0x80, 0x7F, 0xFE, 0x00, 0x80, 0x00, 0x80, 0x3F, 0xFC, 0x21, 0x84, 0x21, 0x84, 0x3F, 0xFC, 0x11, 0x04, 0x0D, 0x00, 0x07, 0x00, 0x00, 0x00, 0x00, 0x00 }, // U+540F 吏
    { 0x00, 0x00, 0x00, 0x00, 0x00, 0x30, 0x00, 0x30, 0x7C, 0x30, 0x64, 0x30, 0x44, 0x30, 0x45, 0xFE, 0x44, 0x30, 0x44, 0x30, 0x44, 0x30, 0x44, 0x30, 0x44, 0x30, 0x7C, 0x30, 0x00, 0x00, 0x00, 0x00 }, // U+5410 吐
    { 0x00, 0x00, 0x00, 0x00, 0x01, 0x00, 0x03, 0x00, 0x7F, 0xFE, 0x60, 0x06, 0x60, 0x06, 0x67, 0xE6, 0x64, 0x26, 0x64, 0x26, 0x64, 0x26, 0x67, 0xE6, 0x64, 0x06, 0x60, 0x06, 0x00, 0x00, 0x00, 0x00 }, // U+5411 向
    { 0x00, 0x00, 0x00, 0x00, 0x03, 0xFF, 0x7C, 0x60, 0x64, 0x20, 0x44, 0x20, 0x44, 0x20, 0x44, 0x30, 0x44, 0x2C, 0x44, 0x26, 0x44, 0x22, 0x44, 0x20, 0x7C, 0x20, 0x64, 0x20, 0x00, 0x00, 0x00, 0x00 }, // U+5413 吓
    { 0x00, 0x00, 0x00, 0x00, 0x3F, 0xFC, 0x30, 0x0C, 0x30, 0x0C, 0x30, 0x0C, 0x3F, 0xFC, 0x30, 0x0C, 0x00, 0x00, 0x3F, 0xFC, 0x20, 0x04, 0x20, 0x04, 0x20, 0x04, 0x20, 0x04, 0x00, 0x00, 0x00, 0x00 }, // U+5415 吕
    { 0x00, 0x00, 0x00, 0x00, 0x03, 0xFC, 0x78, 0x0C, 0x49, 0x8C, 0x49, 0x0C, 0x49, 0x08, 0x49, 0x08, 0x49, 0xFE, 0x48, 0x02, 0x48, 0x02, 0x7B, 0xFA, 0x48, 0x02, 0x00, 0x00, 0x00, 0x00, 0x00, 0x00 }, // U+5417 吗
    { 0x00, 0x00, 0x00, 0x00, 0x3F, 0xFC, 0x04, 0x0C, 0x04, 0x04, 0xFF, 0xFF, 0x04, 0x0C, 0x0C, 0x04, 0x7F, 0xFC, 0x08, 0x0C, 0x18, 0x00, 0x3F, 0xFC, 0x78, 0x04, 0x48, 0x04, 0x00, 0x00, 0x00, 0x00 }, // U+541B 君
    { 0x00, 0x00, 0x00, 0x00, 0x01, 0x00, 0x00, 0x80, 0x7F, 0xFE, 0x08, 0x10, 0x06, 0x60, 0x03, 0xC0, 0x0E, 0x70, 0xF0, 0x0E, 0x00, 0x00, 0x1F, 0xF8, 0x10, 0x08, 0x10, 0x08, 0x00, 0x00, 0x00, 0x00 }, // U+541D 吝
    { 0x00, 0x00, 0x00, 0x00, 0x3F, 0xFC, 0x01, 0x00, 0x01, 0x00, 0x7F, 0xFE, 0x06, 0x40, 0x0C, 0x20, 0x18, 0x10, 0x30, 0x0C, 0x7F, 0xFE, 0x10, 0x08, 0x10, 0x08, 0x00, 0x00, 0x00, 0x00, 0x00, 0x00 }, // U+541E 吞
    { 0x00, 0x00, 0x00, 0x00, 0x00, 0x20, 0x78, 0x70, 0x48, 0xD8, 0x49, 0x8C, 0x4F, 0x46, 0x4E, 0x22, 0x48, 0x20, 0x48, 0x00, 0x4B, 0xFC, 0x48, 0x0C, 0x78, 0x08, 0x48, 0x18, 0x00, 0x00, 0x00, 0x00 }, // U+541F 吟
    { 0x00, 0x00, 0x00, 0x00, 0x00, 0x20, 0x00, 0x28, 0x7C, 0x2C, 0x4C, 0x22, 0x4C, 0x20, 0x4F, 0xFE, 0x4C, 0x60, 0x4C, 0x60, 0x4C, 0x70, 0x4C, 0xD0, 0x7C, 0x98, 0x41, 0x0C, 0x00, 0x00, 0x00, 0x00 }, // U+5420 吠
    { 0x00, 0x00, 0x00, 0x00, 0x7F, 0xFE, 0x01, 0x80, 0x03, 0xC0, 0x05, 0xB0, 0x19, 0x88, 0x71, 0x86, 0x40, 0x02, 0x3F, 0xFC, 0x30, 0x0C, 0x30, 0x0C, 0x30, 0x0C, 0x00, 0x00, 0x00, 0x00, 0x00, 0x00 }, // U+5426 否
    { 0x00, 0x00, 0x00, 0x00, 0x03, 0xFE, 0x7B, 0x26, 0x4A, 0x26, 0x4A, 0x26, 0x4A, 0x26, 0x4A, 0x26, 0x4B, 0xFE, 0x4B, 0x06, 0x7A, 0x06, 0x4A, 0x00, 0x42, 0x03, 0x00, 0x00, 0x00, 0x00, 0x00, 0x00 }, // U+5427 吧
    { 0x00, 0x00, 0x00, 0x00, 0x00, 0x20, 0x00, 0x20, 0x7B, 0xFE, 0x48, 0x20, 0x48, 0x20, 0x4B, 0x24, 0x4B, 0x24, 0x4B, 0x24, 0x4B, 0x24, 0x4B, 0xFC, 0x48, 0x24, 0x78, 0x21, 0x00, 0x00, 0x00, 0x00 }, // U+5428 吨
    { 0x00, 0x00, 0x00, 0x00, 0x00, 0x90, 0x00, 0x98, 0x79, 0x88, 0x49, 0x0C, 0x4B, 0x06, 0x4E, 0x03, 0x49, 0xFC, 0x48, 0x84, 0x48, 0x84, 0x48, 0x84, 0x78, 0x84, 0x41, 0x04, 0x00, 0x00, 0x00, 0x00 }, // U+5429 吩
    { 0x00, 0x00, 0x00, 0x00, 0x01, 0x80, 0x03, 0xC0, 0x06, 0x60, 0x19, 0x18, 0x30, 0x8C, 0x40, 0x02, 0x1F, 0xF0, 0x00, 0x30, 0x00, 0x60, 0x3F, 0xFC, 0x30, 0x0C, 0x30, 0x0C, 0x00, 0x00, 0x00, 0x00 }, // U+542B 含
    { 0x00, 0x00, 0x00, 0x00, 0x00, 0x0E, 0x7D, 0xF8, 0x45, 0x80, 0x45, 0x80, 0x45, 0x80, 0x45, 0x80, 0x45, 0xFF, 0x45, 0x88, 0x45, 0x88, 0x45, 0x88, 0x7D, 0x88, 0x41, 0x08, 0x00, 0x00, 0x00, 0x00 }, // U+542C 听
    { 0x00, 0x00, 0x00, 0x00, 0x00, 0x40, 0x00, 0x60, 0x78, 0x20, 0x4B, 0xFE, 0x48, 0x00, 0x48, 0x00, 0x49, 0xF8, 0x49, 0x88, 0x49, 0x88, 0x49, 0x08, 0x79, 0x09, 0x43, 0x09, 0x00, 0x00, 0x00, 0x00 }, // U+542D 吭
    { 0x00, 0x00, 0x00, 0x00, 0x00, 0x40, 0x78, 0xC0, 0x49, 0x88, 0x4B, 0x0C, 0x4F, 0x06, 0x4B, 0xFE, 0x48, 0x92, 0x48, 0x90, 0x48, 0x90, 0x49, 0x90, 0x79, 0x11, 0x41, 0x13, 0x00, 0x00, 0x00, 0x00 }, // U+542E 吮
    { 0x00, 0x00, 0x00, 0x00, 0x01, 0x00, 0x00, 0x80, 0x3F, 0xFE, 0x20, 0x02, 0x20, 0x02, 0x3F, 0xFE, 0x20, 0x02, 0x20, 0x00, 0x20, 0x00, 0x2F, 0xFE, 0x2C, 0x06, 0x6C, 0x06, 0x00, 0x00, 0x00, 0x00 }, // U+542F 启
    { 0x00, 0x00, 0x00, 0x00, 0x00, 0x20, 0x78, 0x20, 0x4B, 0xFF, 0x48, 0x20, 0x48, 0x20, 0x4B, 0xFE, 0x49, 0x84, 0x48, 0x84, 0x48, 0x88, 0x48, 0x58, 0x78, 0x70, 0x40, 0x78, 0x00, 0x00, 0x00, 0x00 }, // U+5431 吱
    { 0x00, 0x00, 0x00, 0x00, 0x3F, 0xFC, 0x30, 0x0C, 0x20, 0x04, 0x3F, 0xFC, 0x30, 0x0C, 0x00, 0x00, 0x7F, 0xFE, 0x01, 0x80, 0x01, 0x00, 0x7F, 0xFE, 0x03, 0x80, 0x06, 0x40, 0x00, 0x00, 0x00, 0x00 }, // U+5434 吴
    { 0x00, 0x00, 0x00, 0x00, 0x00, 0x20, 0x78, 0x20, 0x48, 0xA4, 0x49, 0xA4, 0x49, 0x26, 0x49, 0x22, 0x4A, 0x23, 0x4E, 0x24, 0x48, 0x2C, 0x48, 0x28, 0x78, 0x18, 0x40, 0x30, 0x00, 0x00, 0x00, 0x00 }, // U+5435 吵
    { 0x00, 0x00, 0x00, 0x00, 0x7B, 0xFC, 0x49, 0x08, 0x49, 0x08, 0x49, 0x18, 0x49, 0x90, 0x49, 0x9E, 0x49, 0x84, 0x49, 0xC4, 0x49, 0x4C, 0x49, 0x68, 0x7A, 0x38, 0x42, 0x38, 0x00, 0x00, 0x00, 0x00 }, // U+5438 吸
    { 0x00, 0x00, 0x00, 0x00, 0x00, 0x80, 0x78, 0x80, 0x48, 0xFF, 0x49, 0x02, 0x49, 0x02, 0x4A, 0x24, 0x4E, 0x20, 0x48, 0x20, 0x48, 0x60, 0x48, 0x70, 0x48, 0xD0, 0x78, 0x98, 0x00, 0x00, 0x00, 0x00 }, // U+5439 吹
    { 0x00, 0x00, 0x00, 0x00, 0x00, 0x80, 0x01, 0x80, 0x79, 0x00, 0x49, 0xFE, 0x4B, 0x5A, 0x4E, 0x52, 0x4C, 0xD2, 0x48, 0x92, 0x49, 0xB2, 0x49, 0x22, 0x7A, 0x66, 0x4E, 0xC6, 0x00, 0x00, 0x00, 0x00 }, // U+543B 吻
    { 0x00, 0x00, 0x00, 0x00, 0x00, 0x18, 0x7B, 0xF8, 0x48, 0x78, 0x48, 0x58, 0x48, 0x98, 0x48, 0x98, 0x48, 0xD8, 0x4B, 0xD8, 0x4F, 0x98, 0x48, 0x99, 0x78, 0x9B, 0x40, 0x9B, 0x00, 0x00, 0x00, 0x00 }, // U+543C 吼
    { 0x00, 0x00, 0x00, 0x00, 0x7F, 0xFE, 0x06, 0x00, 0x04, 0x00, 0x3F, 0xF8, 0x04, 0x08, 0x0C, 0x08, 0xFF, 0xFF, 0x00, 0x00, 0x00, 0x00, 0x1F, 0xFC, 0x10, 0x0C, 0x10, 0x0C, 0x00, 0x00, 0x00, 0x00 }, // U+543E 吾
    { 0x00, 0x00, 0x00, 0x00, 0x03, 0xFE, 0x78, 0x08, 0x49, 0x88, 0x49, 0x08, 0x49, 0x08, 0x4B, 0xFF, 0x48, 0x38, 0x48, 0x68, 0x48, 0x48, 0x78, 0x88, 0x43, 0x08, 0x00, 0x00, 0x00, 0x00, 0x00, 0x00 }, // U+5440 呀
    { 0x00, 0x00, 0x00, 0x00, 0x3F, 0xFC, 0x30, 0x0C, 0x30, 0x0C, 0x30, 0x0C, 0x30, 0x0C, 0x3F, 0xFC, 0x00, 0x00, 0x01, 0x80, 0x7F, 0xFE, 0x03, 0xC0, 0x07, 0xE0, 0x0D, 0xB0, 0x00, 0x00, 0x00, 0x00 }, // U+5446 呆
    { 0x00, 0x00, 0x00, 0x00, 0x3F, 0xFC, 0x30, 0x0C, 0x30, 0x0C, 0x3F, 0xFC, 0x30, 0x0C, 0x00, 0x00, 0x7F, 0xFE, 0x01, 0x80, 0x01, 0x80, 0x3F, 0xFC, 0x01, 0x80, 0x00, 0x00, 0x00, 0x00, 0x00, 0x00 }, // U+5448 呈
    { 0x00, 0x00, 0x00, 0x00, 0x10, 0x80, 0x1F, 0xFE, 0x20, 0x80, 0x20, 0x80, 0x00, 0x80, 0xFF, 0xFF, 0x00, 0x00, 0x00, 0x00, 0x1F, 0xFC, 0x10, 0x0C, 0x10, 0x0C, 0x00, 0x00, 0x00, 0x00, 0x00, 0x00 }, // U+544A 告
    { 0x00, 0x00, 0x00, 0x00, 0x00, 0x20, 0x00, 0x20, 0x78, 0x20, 0x4B, 0xFE, 0x4A, 0x22, 0x4A, 0x22, 0x4A, 0x22, 0x4A, 0x32, 0x4A, 0x7A, 0x4B, 0xCA, 0x7B, 0x86, 0x4A, 0x02, 0x00, 0x00, 0x00, 0x00 }, // U+5450 呐
    { 0x00, 0x00, 0x00, 0x00, 0x01, 0xFF, 0x79, 0x00, 0x49, 0x40, 0x49, 0x44, 0x49, 0x24, 0x49, 0x38, 0x49, 0x18, 0x49, 0x18, 0x49, 0x38, 0x49, 0x64, 0x79, 0x46, 0x49, 0x02, 0x00, 0x00, 0x00, 0x00 }, // U+5455 呕
    { 0x00, 0x00, 0x00, 0x00, 0x1F, 0xF8, 0x10, 0x08, 0x10, 0x08, 0x1F, 0xF8, 0x10, 0x08, 0x00, 0x00, 0x3F, 0xFC, 0x20, 0x04, 0x21, 0x84, 0x21, 0x04, 0x21, 0x84, 0x00, 0x00, 0x00, 0x00, 0x00, 0x00 }, // U+5458 员
    { 0x00, 0x00, 0x00, 0x00, 0x00, 0x20, 0x00, 0x70, 0x78, 0x50, 0x48, 0x88, 0x49, 0x8C, 0x4B, 0x06, 0x4F, 0xFF, 0x49, 0x0C, 0x49, 0x0C, 0x49, 0x0C, 0x49, 0x08, 0x79, 0x7A, 0x00, 0x00, 0x00, 0x00 }, // U+545B 呛
    { 0x00, 0x00, 0x00, 0x00, 0x00, 0x60, 0x00, 0x40, 0x79, 0xFC, 0x49, 0x04, 0x49, 0x7C, 0x49, 0x00, 0x49, 0xFE, 0x48, 0x02, 0x48, 0x02, 0x48, 0x02, 0x7B, 0xFA, 0x48, 0x02, 0x00, 0x00, 0x00, 0x00 }, // U+545C 呜
    { 0x00, 0x00, 0x00, 0x00, 0x7B, 0xFE, 0x4B, 0x02, 0x4B, 0x02, 0x4B, 0x02, 0x4B, 0x02, 0x4B, 0xFE, 0x4B, 0x02, 0x4B, 0x40, 0x4B, 0x46, 0x4A, 0x5C, 0x7A, 0x70, 0x42, 0x40, 0x00, 0x00, 0x00, 0x00 }, // U+5462 呢
    { 0x00, 0x00, 0x00, 0x00, 0x3F, 0xFE, 0x20, 0x02, 0x20, 0x02, 0x2F, 0xF2, 0x20, 0x82, 0x20, 0x82, 0x2F, 0xFA, 0x20, 0x02, 0x27, 0xF2, 0x24, 0x32, 0x64, 0x32, 0x00, 0x00, 0x00, 0x00, 0x00, 0x00 }, // U+5468 周
    { 0x00, 0x00, 0x00, 0x00, 0x00, 0x20, 0x00, 0x20, 0x78, 0x20, 0x4B, 0xFE, 0x48, 0x20, 0x48, 0x20, 0x48, 0x20, 0x4F, 0xFE, 0x48, 0x70, 0x48, 0xF0, 0x79, 0xA8, 0x43, 0x2C, 0x00, 0x00, 0x00, 0x00 }, // U+5473 味
    { 0x00, 0x00, 0x00, 0x00, 0x03, 0xFF, 0x78, 0x04, 0x48, 0x04, 0x49, 0xE4, 0x49, 0x24, 0x49, 0x24, 0x49, 0x24, 0x49, 0x24, 0x49, 0x24, 0x49, 0xE4, 0x79, 0x04, 0x48, 0x04, 0x00, 0x00, 0x00, 0x00 }, // U+5475 呵
    { 0x00, 0x00, 0x00, 0x00, 0x03, 0xFF, 0x78, 0x20, 0x48, 0x20, 0x48, 0x40, 0x48, 0xE8, 0x48, 0xAC, 0x49, 0xA4, 0x4B, 0x22, 0x4E, 0x22, 0x4C, 0x20, 0x78, 0x20, 0x40, 0x20, 0x00, 0x00, 0x00, 0x00 }, // U+5478 呸
    { 0x00, 0x00, 0x00, 0x00, 0x00, 0x20, 0x00, 0x20, 0x7B, 0xFE, 0x4B, 0x22, 0x4B, 0x22, 0x4B, 0xFE, 0x4B, 0x22, 0x4B, 0x22, 0x4B, 0x22, 0x4B, 0xFE, 0x7B, 0x22, 0x48, 0x20, 0x00, 0x00, 0x00, 0x00 }, // U+547B 呻
    { 0x00, 0x00, 0x00, 0x00, 0x00, 0x0E, 0x03, 0xF8, 0x78, 0x20, 0x49, 0x22, 0x49, 0xA4, 0x48, 0xA4, 0x48, 0x20, 0x4B, 0xFF, 0x48, 0x20, 0x48, 0x20, 0x78, 0x20, 0x48, 0x20, 0x00, 0x00, 0x00, 0x00 }, // U+547C 呼
    { 0x00, 0x00, 0x00, 0x00, 0x01, 0x80, 0x03, 0xC0, 0x06, 0x60, 0x18, 0x18, 0x30, 0x0C, 0x4F, 0xF2, 0x00, 0x00, 0x00, 0x00, 0x3E, 0x7C, 0x22, 0x44, 0x22, 0x44, 0x22, 0x44, 0x00, 0x00, 0x00, 0x00 }, // U+547D 命
    { 0x00, 0x00, 0x00, 0x00, 0x01, 0xFC, 0x79, 0x04, 0x49, 0x04, 0x49, 0x04, 0x49, 0xFC, 0x49, 0x04, 0x49, 0x04, 0x49, 0x04, 0x49, 0xFC, 0x49, 0x04, 0x49, 0x04, 0x79, 0x04, 0x00, 0x00, 0x00, 0x00 }, // U+5480 咀
    { 0x00, 0x00, 0x00, 0x00, 0x01, 0x80, 0x01, 0x00, 0x79, 0xFE, 0x4A, 0x06, 0x4E, 0x06, 0x4F, 0xF6, 0x4A, 0x36, 0x4A, 0x34, 0x4B, 0xF4, 0x4A, 0x04, 0x7A, 0x3C, 0x4A, 0x00, 0x00, 0x00, 0x00, 0x00 }, // U+5486 咆
    { 0x00, 0x00, 0x00, 0x00, 0x00, 0x80, 0x00, 0x80, 0x79, 0x80, 0x49, 0xFF, 0x4B, 0x40, 0x4A, 0x40, 0x48, 0x7E, 0x48, 0x40, 0x48, 0x40, 0x78, 0x7F, 0x48, 0x40, 0x40, 0x40, 0x00, 0x00, 0x00, 0x00 }, // U+548B 咋
    { 0x00, 0x00, 0x00, 0x00, 0x0E, 0x00, 0x78, 0x00, 0x10, 0xFE, 0x10, 0x82, 0xFE, 0x82, 0x10, 0x82, 0x30, 0x82, 0x3C, 0x82, 0x7E, 0x82, 0x52, 0x82, 0xD0, 0x82, 0x10, 0x82, 0x00, 0x00, 0x00, 0x00 }, // U+548C 和
    { 0x00, 0x00, 0x00, 0x00, 0x10, 0x20, 0x10, 0x20, 0x3F, 0x30, 0x23, 0x2E, 0x62, 0x22, 0x16, 0x20, 0x0C, 0x00, 0x3F, 0xFF, 0x40, 0x00, 0x3F, 0xFC, 0x30, 0x0C, 0x30, 0x0C, 0x00, 0x00, 0x00, 0x00 }, // U+548E 咎
    { 0x00, 0x00, 0x00, 0x00, 0x00, 0xE0, 0x00, 0x18, 0x78, 0x00, 0x4B, 0xE0, 0x48, 0x22, 0x48, 0x36, 0x4B, 0xB8, 0x48, 0xB0, 0x49, 0xB8, 0x49, 0x28, 0x7B, 0x24, 0x46, 0x26, 0x00, 0x00, 0x00, 0x00 }, // U+548F 咏
    { 0x00, 0x00, 0x00, 0x00, 0x00, 0x84, 0x01, 0x84, 0x79, 0x04, 0x49, 0x04, 0x4B, 0x7F, 0x4F, 0x04, 0x4D, 0x44, 0x49, 0x64, 0x49, 0x24, 0x49, 0x24, 0x79, 0x04, 0x49, 0x04, 0x00, 0x00, 0x00, 0x00 }, // U+5490 咐
    { 0x00, 0x00, 0x00, 0x00, 0x7E, 0x7E, 0x42, 0x46, 0x42, 0x46, 0x7E, 0x7E, 0x42, 0x46, 0x00, 0x00, 0x0F, 0xE0, 0x0C, 0x20, 0x0C, 0x20, 0x08, 0x21, 0x08, 0x23, 0x18, 0x23, 0x00, 0x00, 0x00, 0x00 }, // U+5492 咒
    { 0x00, 0x00, 0x00, 0x00, 0x00, 0x30, 0x00, 0x30, 0x78, 0x30, 0x4B, 0xFF, 0x48, 0x30, 0x48, 0x30, 0x48, 0x30, 0x49, 0xFE, 0x49, 0x02, 0x49, 0x02, 0x79, 0x02, 0x49, 0x02, 0x00, 0x00, 0x00, 0x00 }, // U+5495 咕
    { 0x00, 0x00, 0x00, 0x00, 0x02, 0x00, 0x02, 0x00, 0x7A, 0x1E, 0x5F, 0xD2, 0x4A, 0x52, 0x4A, 0x52, 0x4A, 0x52, 0x4A, 0x52, 0x4A, 0x52, 0x4A, 0x52, 0x7A, 0x52, 0x46, 0x52, 0x00, 0x00, 0x00, 0x00 }, // U+5496 咖
    { 0x00, 0x00, 0x00, 0x00, 0x01, 0x98, 0x01, 0x8C, 0x79, 0x80, 0x4F, 0xFF, 0x49, 0xA0, 0x49, 0x20, 0x49, 0x22, 0x49, 0x24, 0x49, 0x2C, 0x4B, 0x38, 0x7A, 0x31, 0x46, 0x63, 0x00, 0x00, 0x00, 0x00 }, // U+5499 咙
    { 0x00, 0x00, 0x00, 0x00, 0x41, 0x00, 0x33, 0x00, 0x13, 0xFE, 0x06, 0x46, 0x14, 0x44, 0x30, 0xE0, 0x21, 0x90, 0x47, 0x0C, 0x4C, 0x02, 0x00, 0x00, 0x3F, 0xFC, 0x30, 0x0C, 0x00, 0x00, 0x00, 0x00 }, // U+54A8 咨
    { 0x00, 0x00, 0x00, 0x00, 0x00, 0x20, 0x78, 0x20, 0x48, 0x20, 0x4B, 0xFE, 0x48, 0x80, 0x49, 0x88, 0x4B, 0x06, 0x4E, 0x8E, 0x48, 0x88, 0x48, 0x58, 0x78, 0x70, 0x40, 0x70, 0x00, 0x00, 0x00, 0x00 }, // U+54AC 咬
    { 0x00, 0x00, 0x00, 0x00, 0x00, 0x80, 0x78, 0x80, 0x49, 0xFE, 0x4B, 0x84, 0x4A, 0x78, 0x48, 0x7C, 0x4F, 0x8E, 0x48, 0x00, 0x49, 0xFC, 0x49, 0x04, 0x79, 0x04, 0x49, 0x04, 0x00, 0x00, 0x00, 0x00 }, // U+54AF 咯
    { 0x00, 0x00, 0x00, 0x00, 0x00, 0x20, 0x78, 0x20, 0x49, 0xFE, 0x49, 0x02, 0x49, 0x02, 0x49, 0xFE, 0x49, 0x02, 0x49, 0x02, 0x49, 0xFE, 0x49, 0x02, 0x79, 0x02, 0x49, 0x02, 0x00, 0x00, 0x00, 0x00 }, // U+54B1 咱
    { 0x00, 0x00, 0x00, 0x00, 0x00, 0x20, 0x78, 0x30, 0x4B, 0xFF, 0x48, 0xC0, 0x48, 0x84, 0x49, 0x08, 0x49, 0xF8, 0x4B, 0x62, 0x48, 0xC6, 0x49, 0x8C, 0x7A, 0x18, 0x48, 0x7C, 0x00, 0x00, 0x00, 0x00 }, // U+54B3 咳
    { 0x00, 0x00, 0x00, 0x00, 0x00, 0x28, 0x00, 0x2C, 0x00, 0x24, 0x3F, 0xFF, 0x20, 0x20, 0x2F, 0xA0, 0x20, 0x26, 0x2F, 0xA4, 0x28, 0xAC, 0x28, 0xB8, 0x28, 0x99, 0x4F, 0xB1, 0x00, 0x00, 0x00, 0x00 }, // U+54B8 咸
    { 0x00, 0x00, 0x00, 0x00, 0x03, 0xFE, 0x7B, 0x02, 0x4B, 0x22, 0x4B, 0x22, 0x4B, 0xFE, 0x4B, 0x22, 0x4B, 0x22, 0x4B, 0x32, 0x4B, 0x5A, 0x7B, 0xCA, 0x4B, 0x8A, 0x00, 0x00, 0x00, 0x00, 0x00, 0x00 }, // U+54BD 咽
    { 0x00, 0x00, 0x00, 0x00, 0x01, 0x00, 0x01, 0x80, 0x7F, 0xFF, 0x00, 0x00, 0x3F, 0xFC, 0x20, 0x04, 0x20, 0x04, 0x3F, 0xFC, 0x23, 0x84, 0x0C, 0x44, 0x3C, 0x78, 0x4C, 0xB0, 0x00, 0x00, 0x00, 0x00 }, // U+54C0 哀
    { 0x00, 0x00, 0x00, 0x00, 0x1F, 0xF8, 0x10, 0x08, 0x10, 0x08, 0x10, 0x08, 0x1F, 0xF8, 0x10, 0x08, 0x00, 0x00, 0x7E, 0x7E, 0x42, 0x42, 0x42, 0x42, 0x42, 0x42, 0x00, 0x00, 0x00, 0x00, 0x00, 0x00 }, // U+54C1 品
    { 0x00, 0x00, 0x00, 0x00, 0x00, 0x88, 0x78, 0x88, 0x48, 0x88, 0x4B, 0xFE, 0x48, 0x88, 0x48, 0x88, 0x48, 0x88, 0x48, 0x88, 0x48, 0x88, 0x4F, 0xFE, 0x78, 0x00, 0x49, 0x80, 0x00, 0x00, 0x00, 0x00 }, // U+54C4 哄
    { 0x00, 0x00, 0x00, 0x00, 0x00, 0x40, 0x78, 0xFE, 0x49, 0x06, 0x4B, 0x4C, 0x4A, 0x78, 0x48, 0x70, 0x49, 0xE0, 0x4A, 0x7F, 0x48, 0x82, 0x49, 0x46, 0x4A, 0x6C, 0x78, 0x30, 0x00, 0x00, 0x00, 0x00 }, // U+54C6 哆
    { 0x00, 0x00, 0x00, 0x00, 0x00, 0x20, 0x78, 0x20, 0x4B, 0xFE, 0x48, 0x20, 0x48, 0x20, 0x4F, 0xFE, 0x48, 0x00, 0x48, 0x00, 0x48, 0x20, 0x4B, 0xFE, 0x48, 0x20, 0x78, 0x20, 0x00, 0x00, 0x00, 0x00 }, // U+54C7 哇
    { 0x00, 0x00, 0x00, 0x00, 0x00, 0x20, 0x00, 0x70, 0x78, 0xD8, 0x48, 0x8C, 0x4B, 0x06, 0x4A, 0x02, 0x49, 0xFC, 0x48, 0x00, 0x49, 0xFC, 0x49, 0x04, 0x49, 0x04, 0x79, 0x04, 0x00, 0x00, 0x00, 0x00 }, // U+54C8 哈
    { 0x00, 0x00, 0x00, 0x00, 0x08, 0x40, 0x08, 0x68, 0x7F, 0x6C, 0x08, 0x64, 0x08, 0x60, 0xFF, 0xFF, 0x00, 0x20, 0x7E, 0x20, 0x62, 0x24, 0x62, 0x2C, 0x62, 0x39, 0x7E, 0x31, 0x00, 0x00, 0x00, 0x00 }, // U+54C9 哉
    { 0x00, 0x00, 0x00, 0x00, 0x00, 0x60, 0x00, 0x40, 0x7B, 0xFE, 0x4A, 0x02, 0x4A, 0x02, 0x4A, 0xF2, 0x4A, 0x92, 0x4A, 0x92, 0x4A, 0x92, 0x4A, 0x92, 0x4A, 0xF2, 0x7A, 0x82, 0x00, 0x00, 0x00, 0x00 }, // U+54CD 响
    { 0x00, 0x00, 0x00, 0x00, 0x00, 0x88, 0x00, 0x88, 0x78, 0x88, 0x4F, 0xFE, 0x49, 0x98, 0x48, 0x88, 0x48, 0x00, 0x49, 0x08, 0x49, 0x08, 0x49, 0x98, 0x48, 0x90, 0x78, 0x60, 0x00, 0x00, 0x00, 0x00 }, // U+54CE 哎
    { 0x00, 0x00, 0x00, 0x00, 0x07, 0xFE, 0x78, 0x90, 0x48, 0x90, 0x48, 0x90, 0x4C, 0x92, 0x4A, 0x92, 0x4A, 0x92, 0x4A, 0x94, 0x4B, 0x94, 0x49, 0x9C, 0x78, 0x90, 0x40, 0x90, 0x00, 0x00, 0x00, 0x00 }, // U+54D1 哑
    { 0x00, 0x00, 0x00, 0x00, 0x00, 0x90, 0x79, 0x12, 0x49, 0x14, 0x4B, 0x18, 0x4F, 0x31, 0x4D, 0xF1, 0x49, 0x12, 0x49, 0x1E, 0x48, 0x20, 0x48, 0x20, 0x7F, 0xFF, 0x48, 0x20, 0x00, 0x00, 0x00, 0x00 }, // U+54D7 哗
    { 0x00, 0x00, 0x00, 0x00, 0x01, 0x10, 0x79, 0x10, 0x4A, 0x30, 0x4A, 0xBE, 0x4C, 0xA2, 0x4F, 0x02, 0x49, 0x22, 0x4A, 0x32, 0x4F, 0x92, 0x48, 0x02, 0x7B, 0xC2, 0x46, 0x02, 0x00, 0x00, 0x00, 0x00 }, // U+54DF 哟
    { 0x00, 0x00, 0x00, 0x00, 0x7F, 0xFF, 0x00, 0x08, 0x3F, 0x88, 0x20, 0x88, 0x3F, 0x88, 0x20, 0x88, 0x00, 0x00, 0xFF, 0xFF, 0x00, 0x0C, 0x3F, 0xCC, 0x20, 0xCC, 0x00, 0x00, 0x00, 0x00, 0x00, 0x00 }, // U+54E5 哥
    { 0x00, 0x00, 0x00, 0x00, 0x00, 0x10, 0x00, 0xD4, 0x7F, 0x92, 0x59, 0x10, 0x59, 0x10, 0x5F, 0xFF, 0x59, 0x10, 0x59, 0x12, 0x59, 0xD2, 0x5F, 0x94, 0x5D, 0x18, 0x79, 0x19, 0x00, 0x00, 0x00, 0x00 }, // U+54E6 哦
    { 0x00, 0x00, 0x00, 0x00, 0x00, 0x20, 0x7A, 0x22, 0x49, 0x26, 0x49, 0x24, 0x4B, 0xFE, 0x4A, 0x02, 0x4A, 0x02, 0x4B, 0xFE, 0x4A, 0x02, 0x4A, 0x02, 0x7B, 0xFE, 0x4A, 0x02, 0x00, 0x00, 0x00, 0x00 }, // U+54E8 哨
    { 0x00, 0x00, 0x00, 0x00, 0x03, 0xFE, 0x7A, 0x22, 0x4A, 0x22, 0x4B, 0xFE, 0x4A, 0x22, 0x4A, 0x22, 0x4A, 0x22, 0x4B, 0xFE, 0x4A, 0x22, 0x48, 0x20, 0x7B, 0xFE, 0x40, 0x20, 0x00, 0x00, 0x00, 0x00 }, // U+54E9 哩
    { 0x00, 0x00, 0x00, 0x00, 0x07, 0xDE, 0x72, 0x52, 0x52, 0x52, 0x5F, 0xD4, 0x52, 0x54, 0x52, 0x54, 0x52, 0x56, 0x5F, 0xD2, 0x52, 0xD2, 0x74, 0xD3, 0x44, 0x92, 0x00, 0x00, 0x00, 0x00, 0x00, 0x00 }, // U+54EA 哪
    { 0x00, 0x00, 0x00, 0x00, 0x7E, 0x7E, 0x62, 0x46, 0x62, 0x46, 0x62, 0x46, 0x7E, 0x7E, 0x62, 0x46, 0x01, 0x90, 0x01, 0x88, 0x7F, 0xFF, 0x01, 0xC0, 0x03, 0x40, 0x00, 0x00, 0x00, 0x00, 0x00, 0x00 }, // U+54ED 哭
    { 0x00, 0x00, 0x00, 0x00, 0x00, 0x40, 0x70, 0x42, 0x53, 0xF4, 0x50, 0x4C, 0x50, 0x58, 0x5F, 0xFF, 0x50, 0xC0, 0x53, 0xFC, 0x5E, 0x1C, 0x50, 0x30, 0x73, 0xFE, 0x50, 0x20, 0x00, 0x00, 0x00, 0x00 }, // U+54EE 哮
    { 0x00, 0x00, 0x00, 0x00, 0x10, 0x0E, 0x10, 0xFE, 0x7E, 0x80, 0x18, 0x80, 0x3E, 0xFF, 0x79, 0x88, 0x11, 0x08, 0x72, 0x08, 0x00, 0x00, 0x3F, 0xFC, 0x30, 0x0C, 0x30, 0x0C, 0x00, 0x00, 0x00, 0x00 }, // U+54F2 哲
    { 0x00, 0x00, 0x00, 0x00, 0x00, 0x28, 0x78, 0x24, 0x4B, 0xFF, 0x48, 0x20, 0x4B, 0xFE, 0x4A, 0x22, 0x4A, 0x22, 0x4B, 0xFE, 0x4A, 0x22, 0x4A, 0x22, 0x7B, 0xFE, 0x4A, 0x22, 0x00, 0x00, 0x00, 0x00 }, // U+54FA 哺
    { 0x00, 0x00, 0x00, 0x00, 0x00, 0x20, 0x7B, 0xFF, 0x48, 0x00, 0x4B, 0xFE, 0x4B, 0x02, 0x4B, 0xFE, 0x4B, 0x02, 0x48, 0x00, 0x4B, 0xFE, 0x48, 0x18, 0x78, 0x30, 0x48, 0x20, 0x00, 0x00, 0x00, 0x00 }, // U+54FC 哼
    { 0x00, 0x00, 0x00, 0x00, 0x00, 0x20, 0x00, 0x20, 0x7B, 0xFF, 0x48, 0x00, 0x49, 0xFE, 0x48, 0x00, 0x49, 0xFE, 0x48, 0x00, 0x49, 0xFE, 0x49, 0x02, 0x79, 0x02, 0x49, 0x02, 0x00, 0x00, 0x00, 0x00 }, // U+5501 唁
    { 0x00, 0x00, 0x00, 0x00, 0x00, 0x40, 0x78, 0xC8, 0x4B, 0x0E, 0x4B, 0xFE, 0x49, 0x88, 0x4B, 0x06, 0x4A, 0x82, 0x49, 0xFC, 0x4B, 0x8C, 0x4A, 0x88, 0x78, 0x70, 0x40, 0x70, 0x00, 0x00, 0x00, 0x00 }, // U+5506 唆
    { 0x00, 0x00, 0x00, 0x00, 0x3F, 0xFE, 0x20, 0x00, 0x2F, 0xFC, 0x20, 0x00, 0x3F, 0xFE, 0x24, 0x84, 0x24, 0x78, 0x27, 0x9C, 0x24, 0x06, 0x2F, 0xFC, 0x68, 0x04, 0x00, 0x00, 0x00, 0x00, 0x00, 0x00 }, // U+5507 唇
    { 0x00, 0x00, 0x00, 0x00, 0x00, 0x40, 0x78, 0xC8, 0x4B, 0x8C, 0x4B, 0xFE, 0x49, 0x02, 0x49, 0x00, 0x4B, 0xFE, 0x4A, 0x20, 0x4C, 0x20, 0x4F, 0xFE, 0x78, 0x70, 0x40, 0xD8, 0x00, 0x00, 0x00, 0x00 }, // U+5509 唉
    { 0x00, 0x00, 0x00, 0x00, 0x00, 0x80, 0x00, 0x80, 0x3F, 0xFE, 0x20, 0x80, 0x2F, 0xFC, 0x20, 0x84, 0x3F, 0xFF, 0x20, 0x84, 0x2F, 0xFC, 0x20, 0x80, 0x2F, 0xFC, 0x68, 0x04, 0x00, 0x00, 0x00, 0x00 }, // U+5510 唐
    { 0x00, 0x00, 0x00, 0x00, 0x00, 0xC0, 0x00, 0x80, 0x79, 0xFC, 0x49, 0x08, 0x4A, 0x10, 0x4B, 0xFE, 0x4A, 0x26, 0x4A, 0x26, 0x4A, 0x26, 0x4F, 0xFF, 0x48, 0x70, 0x78, 0x50, 0x00, 0x00, 0x00, 0x00 }, // U+5524 唤
    { 0x00, 0x00, 0x00, 0x00, 0x00, 0x60, 0x00, 0x7E, 0x78, 0x60, 0x4B, 0xFE, 0x4A, 0x42, 0x4B, 0xF8, 0x4A, 0x62, 0x4A, 0x3E, 0x4A, 0x00, 0x4A, 0x78, 0x7E, 0x5A, 0x44, 0x9A, 0x00, 0x00, 0x00, 0x00 }, // U+552C 唬
    { 0x00, 0x00, 0x00, 0x00, 0x18, 0x80, 0x10, 0xC0, 0x3F, 0xFE, 0x20, 0xC0, 0x7F, 0xFE, 0xA0, 0xC0, 0x3F, 0xFE, 0x20, 0xC0, 0x3F, 0xFE, 0x00, 0x00, 0x3F, 0xFC, 0x20, 0x04, 0x00, 0x00, 0x00, 0x00 }, // U+552E 售
    { 0x00, 0x00, 0x00, 0x00, 0x00, 0x80, 0x01, 0x90, 0x79, 0x10, 0x4B, 0xFE, 0x4B, 0x10, 0x4F, 0x10, 0x4F, 0xFE, 0x49, 0x10, 0x49, 0x10, 0x49, 0xFE, 0x79, 0x10, 0x49, 0x10, 0x00, 0x00, 0x00, 0x00 }, // U+552F 唯
    { 0x00, 0x00, 0x00, 0x00, 0x01, 0xFC, 0x79, 0x04, 0x49, 0xFC, 0x49, 0x04, 0x49, 0x04, 0x49, 0xFC, 0x48, 0x00, 0x4B, 0xFE, 0x4A, 0x02, 0x4A, 0x02, 0x7B, 0xFE, 0x4A, 0x02, 0x00, 0x00, 0x00, 0x00 }, // U+5531 唱
    { 0x00, 0x00, 0x00, 0x00, 0x00, 0x0E, 0x03, 0xFE, 0x78, 0x20, 0x4F, 0xFE, 0x49, 0x24, 0x49, 0x24, 0x4F, 0xFF, 0x49, 0x24, 0x49, 0x24, 0x49, 0x24, 0x7F, 0xFE, 0x48, 0x20, 0x00, 0x00, 0x00, 0x00 }, // U+553E 唾
    { 0x00, 0x00, 0x00, 0x00, 0x00, 0x20, 0x01, 0x20, 0x79, 0x3E, 0x59, 0x20, 0x4F, 0xFF, 0x48, 0x00, 0x4B, 0xFE, 0x4A, 0x06, 0x4B, 0xFE, 0x4A, 0x06, 0x7B, 0xFE, 0x5A, 0x06, 0x00, 0x00, 0x00, 0x00 }, // U+5543 啃
    { 0x00, 0x00, 0x00, 0x00, 0x03, 0xFE, 0x78, 0x60, 0x48, 0xC0, 0x49, 0x84, 0x4B, 0x4C, 0x4C, 0x78, 0x4B, 0xB8, 0x4B, 0x28, 0x4F, 0x68, 0x48, 0xE4, 0x79, 0xA4, 0x42, 0x22, 0x00, 0x00, 0x00, 0x00 }, // U+5544 啄
    { 0x00, 0x00, 0x00, 0x00, 0x01, 0x00, 0x01, 0x80, 0xFF, 0xFF, 0x0C, 0x20, 0x04, 0x20, 0x7F, 0xFC, 0x66, 0x44, 0x6C, 0x34, 0x7F, 0xFC, 0x64, 0x24, 0x64, 0x24, 0x67, 0xE4, 0x00, 0x00, 0x00, 0x00 }, // U+5546 商
    { 0x00, 0x00, 0x00, 0x00, 0x07, 0xFF, 0x75, 0x86, 0x55, 0x02, 0x55, 0x7A, 0x55, 0x4A, 0x55, 0x4A, 0x55, 0x4A, 0x54, 0xCA, 0x55, 0xFA, 0x77, 0x02, 0x44, 0x02, 0x00, 0x00, 0x00, 0x00, 0x00, 0x00 }, // U+554A 啊
    { 0x00, 0x00, 0x00, 0x00, 0x00, 0xD8, 0x78, 0xD8, 0x4B, 0xDE, 0x48, 0xD8, 0x48, 0xD8, 0x48, 0xD8, 0x4B, 0xDE, 0x48, 0xD8, 0x48, 0xD8, 0x48, 0xD8, 0x4B, 0xDF, 0x78, 0xD8, 0x00, 0x00, 0x00, 0x00 }, // U+5561 啡
    { 0x00, 0x00, 0x00, 0x00, 0x00, 0x40, 0x00, 0x40, 0x7B, 0xFE, 0x4A, 0x22, 0x4A, 0x22, 0x4B, 0xFE, 0x4A, 0x22, 0x4A, 0x62, 0x4B, 0xFE, 0x48, 0xC2, 0x79, 0x10, 0x4F, 0xFF, 0x00, 0x00, 0x00, 0x00 }, // U+5564 啤
    { 0x00, 0x00, 0x00, 0x00, 0x00, 0x60, 0x00, 0xF0, 0x79, 0x98, 0x5B, 0x0E, 0x4F, 0xFB, 0x48, 0x20, 0x4F, 0xFE, 0x48, 0x20, 0x48, 0x20, 0x4B, 0xFC, 0x7A, 0x04, 0x5A, 0x04, 0x00, 0x00, 0x00, 0x00 }, // U+5565 啥
    { 0x00, 0x00, 0x00, 0x00, 0x01, 0x10, 0x01, 0x08, 0x79, 0x08, 0x59, 0x00, 0x5F, 0xFE, 0x59, 0x00, 0x59, 0x22, 0x5B, 0xA2, 0x5F, 0x26, 0x59, 0x34, 0x59, 0x14, 0x79, 0x04, 0x00, 0x00, 0x00, 0x00 }, // U+5566 啦
    { 0x00, 0x00, 0x00, 0x00, 0x03, 0x18, 0x73, 0x10, 0x53, 0x3E, 0x5F, 0xA2, 0x53, 0x22, 0x53, 0x22, 0x53, 0x22, 0x53, 0xA2, 0x5F, 0xBE, 0x53, 0x22, 0x53, 0x22, 0x73, 0x22, 0x00, 0x00, 0x00, 0x00 }, // U+556A 啪
    { 0x00, 0x00, 0x00, 0x00, 0x00, 0x20, 0x01, 0x20, 0x79, 0x3E, 0x59, 0x30, 0x49, 0x20, 0x4F, 0xFF, 0x48, 0x00, 0x4A, 0x02, 0x4A, 0x22, 0x4A, 0x72, 0x7A, 0xDE, 0x5B, 0x82, 0x00, 0x00, 0x00, 0x00 }, // U+556E 啮
    { 0x00, 0x00, 0x00, 0x00, 0x00, 0x20, 0x00, 0x20, 0x7B, 0xFE, 0x58, 0x22, 0x5F, 0xFF, 0x58, 0x22, 0x5B, 0xFE, 0x58, 0x20, 0x5A, 0xB2, 0x5A, 0xAA, 0x7B, 0xAA, 0x47, 0x2A, 0x00, 0x00, 0x00, 0x00 }, // U+5578 啸
    { 0x00, 0x00, 0x00, 0x00, 0x00, 0x20, 0x00, 0x20, 0x7B, 0xFE, 0x48, 0x88, 0x48, 0x88, 0x4B, 0xFE, 0x4A, 0x02, 0x48, 0x20, 0x4B, 0xFE, 0x4A, 0x22, 0x7A, 0x22, 0x4A, 0x22, 0x00, 0x00, 0x00, 0x00 }, // U+557C 啼
    { 0x00, 0x00, 0x00, 0x20, 0x00, 0x20, 0x7B, 0xFF, 0x4A, 0x03, 0x48, 0x80, 0x48, 0xFC, 0x49, 0x84, 0x4A, 0xC8, 0x4A, 0x70, 0x48, 0xDC, 0x4E, 0x07, 0x49, 0xFC, 0x79, 0x04, 0x00, 0x00, 0x00, 0x00 }, // U+5580 喀
    { 0x00, 0x00, 0x00, 0x00, 0x03, 0xFE, 0x7A, 0x22, 0x4A, 0x22, 0x4B, 0xFE, 0x4A, 0x22, 0x4A, 0x22, 0x4B, 0xFE, 0x48, 0x00, 0x4F, 0xFF, 0x4B, 0x60, 0x7B, 0x24, 0x4B, 0x78, 0x00, 0x00, 0x00, 0x00 }, // U+5582 喂
    { 0x00, 0x00, 0x00, 0x00, 0x08, 0x30, 0x04, 0x20, 0x7F, 0xFE, 0x01, 0x80, 0x3F, 0xFC, 0x01, 0x80, 0x7F, 0xFE, 0x09, 0x98, 0xFF, 0xFF, 0x00, 0x00, 0x3F, 0xFC, 0x20, 0x04, 0x00, 0x00, 0x00, 0x00 }, // U+5584 善
    { 0x00, 0x00, 0x00, 0x00, 0x01, 0x02, 0x01, 0x02, 0x77, 0xEA, 0x51, 0x0A, 0x57, 0xEA, 0x55, 0x2A, 0x55, 0x2A, 0x55, 0x2A, 0x57, 0xEA, 0x51, 0xCA, 0x73, 0x2A, 0x45, 0x02, 0x00, 0x00, 0x00, 0x00 }, // U+5587 喇
    { 0x00, 0x00, 0x00, 0x00, 0x01, 0x00, 0x01, 0x7C, 0x72, 0x0C, 0x52, 0x08, 0x56, 0xFE, 0x5E, 0x40, 0x5A, 0x7E, 0x52, 0x90, 0x52, 0x90, 0x52, 0xFE, 0x72, 0x30, 0x52, 0x28, 0x00, 0x00, 0x00, 0x00 }, // U+5589 喉
    { 0x00, 0x00, 0x00, 0x00, 0x00, 0x14, 0x00, 0x14, 0x70, 0x10, 0x57, 0xFE, 0x54, 0x10, 0x57, 0xF0, 0x54, 0x12, 0x54, 0x12, 0x55, 0xDE, 0x55, 0x5C, 0x75, 0x4C, 0x45, 0xC9, 0x00, 0x00, 0x00, 0x00 }, // U+558A 喊
    { 0x00, 0x00, 0x00, 0x00, 0x00, 0x20, 0x02, 0x22, 0x7A, 0x22, 0x4A, 0x22, 0x4B, 0xFE, 0x48, 0x00, 0x4B, 0xFF, 0x48, 0x40, 0x4B, 0xFE, 0x4A, 0x52, 0x4A, 0x52, 0x7A, 0x52, 0x00, 0x00, 0x00, 0x00 }, // U+5598 喘
    { 0x00, 0x00, 0x00, 0x00, 0x01, 0x80, 0x7F, 0xFE, 0x01, 0x80, 0x3F, 0xFC, 0x00, 0x00, 0x1F, 0xF8, 0x10, 0x08, 0x1F, 0xF8, 0x04, 0x20, 0xFF, 0xFF, 0x00, 0x00, 0x3F, 0xFC, 0x00, 0x00, 0x00, 0x00 }, // U+559C 喜
    { 0x00, 0x00, 0x00, 0x00, 0x03, 0xFC, 0x7A, 0x04, 0x4B, 0xFC, 0x4A, 0x04, 0x4B, 0xFC, 0x49, 0x00, 0x4B, 0xFE, 0x4A, 0x22, 0x4E, 0x72, 0x7A, 0x9A, 0x4A, 0x02, 0x43, 0xFA, 0x00, 0x00, 0x00, 0x00 }, // U+559D 喝
    { 0x00, 0x00, 0x00, 0x00, 0x00, 0x20, 0x00, 0x20, 0x7B, 0xFE, 0x4A, 0x02, 0x49, 0xFE, 0x48, 0x00, 0x4B, 0xFE, 0x4B, 0x02, 0x4B, 0xFE, 0x4B, 0x02, 0x7B, 0xFE, 0x4B, 0x02, 0x00, 0x00, 0x00, 0x00 }, // U+55A7 喧
    { 0x00, 0x00, 0x00, 0x00, 0x00, 0x20, 0x00, 0x20, 0x7B, 0xFE, 0x48, 0x70, 0x49, 0x2C, 0x4E, 0x22, 0x4B, 0xFC, 0x4B, 0x04, 0x4B, 0xFC, 0x4B, 0x04, 0x4B, 0x04, 0x7B, 0xFC, 0x00, 0x00, 0x00, 0x00 }, // U+55B3 喳
    { 0x00, 0x00, 0x00, 0x00, 0x00, 0x20, 0x7B, 0xFE, 0x48, 0x20, 0x49, 0x08, 0x4F, 0xFF, 0x49, 0x08, 0x48, 0x00, 0x4B, 0xFC, 0x4A, 0x04, 0x4A, 0x24, 0x4A, 0x64, 0x7A, 0x64, 0x00, 0x00, 0x00, 0x00 }, // U+55B7 喷
    { 0x00, 0x00, 0x00, 0x00, 0x00, 0x60, 0x00, 0x70, 0x78, 0x90, 0x59, 0x08, 0x5F, 0xFE, 0x5C, 0x02, 0x5B, 0xD4, 0x5A, 0x54, 0x5A, 0x54, 0x5B, 0xD4, 0x5A, 0x54, 0x7B, 0xD4, 0x00, 0x00, 0x00, 0x00 }, // U+55BB 喻
    { 0x00, 0x00, 0x00, 0x00, 0x00, 0x40, 0x7B, 0xFC, 0x4B, 0x04, 0x4B, 0xFC, 0x4B, 0x04, 0x4B, 0x04, 0x4B, 0xFC, 0x4B, 0x04, 0x4B, 0x04, 0x4B, 0xFC, 0x48, 0x24, 0x7B, 0xFE, 0x00, 0x00, 0x00, 0x00 }, // U+55C5 嗅
    { 0x00, 0x00, 0x00, 0x00, 0x03, 0xFC, 0x71, 0x0C, 0x50, 0xD8, 0x53, 0xFC, 0x50, 0x00, 0x50, 0x00, 0x57, 0xFE, 0x52, 0xDC, 0x5F, 0x96, 0x50, 0x20, 0x70, 0x20, 0x47, 0xFF, 0x00, 0x00, 0x00, 0x00 }, // U+55D3 嗓
    { 0x00, 0x00, 0x00, 0x00, 0x00, 0x40, 0x73, 0xF2, 0x50, 0x4C, 0x5F, 0xFF, 0x50, 0xC0, 0x5F, 0xF8, 0x5D, 0x02, 0x51, 0xFE, 0x50, 0x00, 0x53, 0xFC, 0x72, 0x04, 0x53, 0xFC, 0x00, 0x00, 0x00, 0x00 }, // U+55DC 嗜
    { 0x00, 0x00, 0x00, 0x00, 0x00, 0x90, 0x79, 0x88, 0x4B, 0xC4, 0x4F, 0x93, 0x48, 0x38, 0x48, 0x04, 0x4F, 0xFE, 0x4A, 0x42, 0x4A, 0x52, 0x49, 0x42, 0x7B, 0xDE, 0x46, 0x72, 0x00, 0x00, 0x00, 0x00 }, // U+55E1 嗡
    { 0x00, 0x00, 0x00, 0x00, 0x7F, 0x7E, 0x41, 0x02, 0x41, 0x02, 0x7F, 0x7A, 0x41, 0x02, 0x00, 0x02, 0x7F, 0x7A, 0x55, 0x4A, 0x55, 0x4A, 0x7F, 0x4A, 0x55, 0x7A, 0x55, 0x42, 0x00, 0x00, 0x00, 0x00 }, // U+55E3 嗣
    { 0x00, 0x00, 0x00, 0x00, 0x01, 0x10, 0x01, 0x10, 0x77, 0xDE, 0x51, 0x12, 0x51, 0x22, 0x57, 0xEC, 0x55, 0x48, 0x55, 0x48, 0x57, 0xC8, 0x53, 0x98, 0x71, 0x54, 0x4D, 0x74, 0x00, 0x00, 0x00, 0x00 }, // U+55FD 嗽
    { 0x00, 0x00, 0x00, 0x00, 0x01, 0x80, 0x7F, 0xFE, 0x01, 0x80, 0x3F, 0xFC, 0x00, 0x00, 0x3F, 0xFC, 0x20, 0x04, 0x3F, 0xFC, 0x04, 0x20, 0xFF, 0xFF, 0x10, 0x00, 0x7F, 0x7E, 0x00, 0x00, 0x00, 0x00 }, // U+5609 嘉
    { 0x00, 0x00, 0x00, 0x00, 0x07, 0xFE, 0x78, 0x40, 0x4B, 0xFC, 0x4A, 0x04, 0x4B, 0xFC, 0x4A, 0x04, 0x4B, 0xFC, 0x4A, 0x04, 0x4B, 0xFC, 0x48, 0x9E, 0x78, 0xF8, 0x4F, 0xCD, 0x00, 0x00, 0x00, 0x00 }, // U+560E 嘎
    { 0x00, 0x00, 0x00, 0x00, 0x00, 0x20, 0x00, 0x3E, 0x78, 0x20, 0x5B, 0xFE, 0x5A, 0x62, 0x5B, 0xFA, 0x5A, 0x46, 0x5A, 0x3C, 0x5A, 0x00, 0x5F, 0x4A, 0x7D, 0xCA, 0x44, 0xCC, 0x00, 0x00, 0x00, 0x00 }, // U+5618 嘘
    { 0x00, 0x00, 0x00, 0x00, 0x00, 0x60, 0x00, 0x20, 0x77, 0xFF, 0x54, 0x88, 0x54, 0x88, 0x57, 0xFE, 0x54, 0x8C, 0x55, 0xCC, 0x55, 0xBC, 0x56, 0x9A, 0x7E, 0xAA, 0x4C, 0xA9, 0x00, 0x00, 0x00, 0x00 }, // U+561B 嘛
    { 0x00, 0x00, 0x00, 0x00, 0x07, 0xFE, 0x76, 0x02, 0x57, 0xFE, 0x56, 0x20, 0x56, 0x20, 0x55, 0xFE, 0x55, 0xFE, 0x54, 0x20, 0x57, 0xFE, 0x75, 0x22, 0x45, 0x2A, 0x05, 0xFE, 0x00, 0x00, 0x00, 0x00 }, // U+5631 嘱
    { 0x00, 0x00, 0x00, 0x00, 0x01, 0x00, 0x01, 0x1E, 0x77, 0xD2, 0x51, 0x12, 0x57, 0xD2, 0x54, 0x5E, 0x57, 0xD2, 0x54, 0x52, 0x57, 0xDE, 0x51, 0x12, 0x71, 0x12, 0x57, 0xF2, 0x00, 0x00, 0x00, 0x00 }, // U+5632 嘲
    { 0x00, 0x00, 0x00, 0x00, 0x00, 0x90, 0x04, 0xD2, 0x74, 0x98, 0x56, 0xD1, 0x5F, 0x1E, 0x51, 0x80, 0x51, 0xF0, 0x52, 0x10, 0x5F, 0xFE, 0x52, 0x22, 0x53, 0xFE, 0x72, 0x22, 0x00, 0x00, 0x00, 0x00 }, // U+5634 嘴
    { 0x00, 0x00, 0x00, 0x00, 0x04, 0xC6, 0x74, 0xDC, 0x5F, 0xF0, 0x54, 0xD0, 0x57, 0xD0, 0x54, 0xDF, 0x54, 0xD4, 0x57, 0xD4, 0x54, 0xD4, 0x54, 0xD4, 0x5F, 0xE4, 0x76, 0xA4, 0x00, 0x00, 0x00, 0x00 }, // U+5636 嘶
    { 0x00, 0x00, 0x00, 0x00, 0x00, 0x20, 0x07, 0xFE, 0x78, 0x20, 0x4B, 0xFE, 0x48, 0x00, 0x4B, 0xFE, 0x4A, 0x02, 0x4B, 0xFE, 0x48, 0x88, 0x4F, 0xFE, 0x48, 0x00, 0x7B, 0xFE, 0x00, 0x00, 0x00, 0x00 }, // U+563B 嘻
    { 0x00, 0x00, 0x00, 0x00, 0x03, 0xFE, 0x7A, 0x22, 0x4A, 0xAA, 0x4A, 0xA2, 0x4B, 0xFE, 0x48, 0x20, 0x48, 0x20, 0x4B, 0xFE, 0x48, 0x20, 0x48, 0x20, 0x7F, 0xFE, 0x42, 0x92, 0x00, 0x00, 0x00, 0x00 }, // U+563F 嘿
    { 0x00, 0x00, 0x00, 0x00, 0x00, 0x20, 0x07, 0xFE, 0x78, 0x20, 0x4B, 0xFC, 0x48, 0x00, 0x4F, 0xFE, 0x4C, 0x02, 0x4D, 0xFA, 0x48, 0x00, 0x4B, 0xFC, 0x4A, 0x04, 0x7B, 0xFC, 0x00, 0x00, 0x00, 0x00 }, // U+564E 噎
    { 0x00, 0x00, 0x00, 0x00, 0x3E, 0x7C, 0x22, 0x44, 0x3E, 0x7C, 0x22, 0x44, 0x01, 0x10, 0x7F, 0xFE, 0x06, 0x60, 0xF8, 0x1E, 0x3E, 0x7C, 0x22, 0x44, 0x22, 0x44, 0x00, 0x00, 0x00, 0x00, 0x00, 0x00 }, // U+5668 器
    { 0x00, 0x00, 0x00, 0x00, 0x01, 0xFC, 0x79, 0x04, 0x49, 0xFC, 0x49, 0x04, 0x48, 0x00, 0x4B, 0xDE, 0x4A, 0x52, 0x4B, 0xDE, 0x48, 0x20, 0x7F, 0xFF, 0x40, 0xF0, 0x00, 0x00, 0x00, 0x00, 0x00, 0x00 }, // U+566A 噪
    { 0x00, 0x00, 0x00, 0x00, 0x01, 0x08, 0x03, 0xFF, 0x07, 0x34, 0x7C, 0xA4, 0x48, 0x00, 0x4F, 0xFE, 0x48, 0x20, 0x49, 0x24, 0x4B, 0x2C, 0x4B, 0xAC, 0x4E, 0xFA, 0x7C, 0x70, 0x00, 0x00, 0x00, 0x00 }, // U+566C 噬
    { 0x00, 0x00, 0x00, 0x00, 0x00, 0x88, 0x07, 0xFF, 0x78, 0x88, 0x4B, 0xFE, 0x4A, 0x06, 0x4B, 0xFE, 0x4A, 0x06, 0x4B, 0xFE, 0x49, 0x00, 0x4B, 0xFE, 0x4C, 0x22, 0x7A, 0x72, 0x00, 0x00, 0x00, 0x00 }, // U+5676 噶
    { 0x00, 0x00, 0x00, 0x00, 0x00, 0x20, 0x7F, 0xFE, 0x49, 0x04, 0x49, 0xFC, 0x48, 0x00, 0x4F, 0xFF, 0x4C, 0x01, 0x4D, 0xFD, 0x48, 0xE4, 0x4A, 0x68, 0x79, 0xB4, 0x46, 0x56, 0x00, 0x00, 0x00, 0x00 }, // U+568E 嚎
    { 0x00, 0x00, 0x00, 0x00, 0x00, 0x20, 0x03, 0xFE, 0x70, 0x20, 0x57, 0xFE, 0x56, 0x26, 0x53, 0xFC, 0x52, 0x24, 0x53, 0xFC, 0x50, 0x00, 0x57, 0xFE, 0x50, 0x22, 0x72, 0x3E, 0x00, 0x00, 0x00, 0x00 }, // U+568F 嚏
    { 0x00, 0x00, 0x00, 0x00, 0x3E, 0x7C, 0x22, 0x44, 0x3E, 0x7C, 0x00, 0x00, 0x7F, 0xFE, 0x01, 0x00, 0x3F, 0xFC, 0x21, 0x04, 0x07, 0xF8, 0x78, 0x0E, 0x00, 0x00, 0x3E, 0x7C, 0x00, 0x00, 0x00, 0x00 }, // U+56A3 嚣
    { 0x00, 0x00, 0x00, 0x00, 0x00, 0x20, 0x07, 0xFE, 0x7A, 0x52, 0x4B, 0xDE, 0x48, 0x88, 0x4B, 0xFE, 0x48, 0x88, 0x4B, 0xFE, 0x48, 0x88, 0x4F, 0xFE, 0x78, 0xA4, 0x43, 0x18, 0x00, 0x00, 0x00, 0x00 }, // U+56B7 嚷
    { 0x00, 0x00, 0x00, 0x00, 0x00, 0x1E, 0x07, 0x80, 0x72, 0x44, 0x57, 0xFE, 0x54, 0x92, 0x57, 0xFE, 0x50, 0x04, 0x53, 0xC4, 0x52, 0x7F, 0x53, 0xC4, 0x52, 0x54, 0x72, 0x54, 0x00, 0x00, 0x00, 0x00 }, // U+56BC 嚼
    { 0x00, 0x00, 0x00, 0x00, 0x01, 0x80, 0x7F, 0xFE, 0x7F, 0xFE, 0x5F, 0xFA, 0x11, 0x08, 0x11, 0x08, 0x3F, 0xFC, 0x04, 0x20, 0x3F, 0xFC, 0x7F, 0xFE, 0x06, 0x0C, 0x3C, 0x78, 0x00, 0x00, 0x00, 0x00 }, // U+56CA 囊
    { 0x00, 0x00, 0x00, 0x00, 0x7F, 0xFE, 0x60, 0x06, 0x61, 0x86, 0x61, 0x86, 0x61, 0x06, 0x61, 0x06, 0x61, 0x86, 0x63, 0xC6, 0x62, 0x66, 0x64, 0x36, 0x6C, 0x16, 0x00, 0x00, 0x00, 0x00, 0x00, 0x00 }, // U+56DA 囚
    { 0x00, 0x00, 0x00, 0x00, 0x7F, 0xFE, 0x62, 0x66, 0x62, 0x62, 0x62, 0x62, 0x62, 0x62, 0x62, 0x62, 0x66, 0x62, 0x64, 0x62, 0x6C, 0x3E, 0x70, 0x02, 0x60, 0x02, 0x00, 0x00, 0x00, 0x00, 0x00, 0x00 }, // U+56DB 四
    { 0x00, 0x00, 0x00, 0x00, 0x7F, 0xFE, 0x60, 0x06, 0x60, 0x02, 0x67, 0xE2, 0x64, 0x22, 0x64, 0x22, 0x64, 0x22, 0x64, 0x22, 0x67, 0xE2, 0x64, 0x22, 0x60, 0x02, 0x00, 0x00, 0x00, 0x00, 0x00, 0x00 }, // U+56DE 回
    { 0x00, 0x00, 0x00, 0x00, 0x7F, 0xFE, 0x60, 0x06, 0x61, 0x06, 0x61, 0x86, 0x7F, 0xFE, 0x61, 0x06, 0x61, 0x86, 0x63, 0xC6, 0x66, 0x66, 0x6C, 0x36, 0x78, 0x16, 0x00, 0x00, 0x00, 0x00, 0x00, 0x00 }, // U+56E0 因
    { 0x00, 0x00, 0x00, 0x00, 0x7F, 0xFE, 0x40, 0x02, 0x40, 0x42, 0x40, 0x42, 0x5F, 0xFA, 0x40, 0xC2, 0x41, 0x42, 0x42, 0x42, 0x4C, 0x42, 0x70, 0x42, 0x43, 0xC2, 0x00, 0x00, 0x00, 0x00, 0x00, 0x00 }, // U+56E2 团
    { 0x00, 0x00, 0x00, 0x00, 0x7F, 0xFE, 0x40, 0x02, 0x40, 0x02, 0x5F, 0xFA, 0x41, 0x82, 0x49, 0x12, 0x49, 0x12, 0x4F, 0xF2, 0x41, 0x8E, 0x41, 0x8E, 0x40, 0xFA, 0x00, 0x00, 0x00, 0x00, 0x00, 0x00 }, // U+56E4 囤
    { 0x00, 0x00, 0x00, 0x00, 0x7F, 0xFE, 0x40, 0x02, 0x40, 0x02, 0x4F, 0xF2, 0x40, 0x02, 0x5F, 0xFA, 0x42, 0x42, 0x46, 0x4A, 0x44, 0x4A, 0x44, 0x4A, 0x48, 0x72, 0x00, 0x00, 0x00, 0x00, 0x00, 0x00 }, // U+56ED 园
    { 0x00, 0x00, 0x00, 0x00, 0x7F, 0xFE, 0x40, 0x02, 0x41, 0x82, 0x41, 0x82, 0x5F, 0xFA, 0x41, 0x82, 0x43, 0xC2, 0x45, 0xA2, 0x49, 0xB2, 0x41, 0x92, 0x41, 0x82, 0x00, 0x00, 0x00, 0x00, 0x00, 0x00 }, // U+56F0 困
    { 0x00, 0x00, 0x00, 0x00, 0x01, 0x00, 0x03, 0x00, 0x7F, 0xFE, 0x40, 0x06, 0x40, 0x02, 0x47, 0xF2, 0x4C, 0x32, 0x52, 0x22, 0x41, 0xC2, 0x41, 0xE2, 0x47, 0x12, 0x4C, 0x02, 0x00, 0x00, 0x00, 0x00 }, // U+56F1 囱
    { 0x00, 0x00, 0x00, 0x00, 0x7F, 0xFE, 0x40, 0x02, 0x40, 0x02, 0x5F, 0xF2, 0x41, 0x02, 0x4F, 0xF2, 0x41, 0x02, 0x5F, 0xF2, 0x41, 0x12, 0x41, 0x12, 0x41, 0x72, 0x00, 0x00, 0x00, 0x00, 0x00, 0x00 }, // U+56F4 围
    { 0x00, 0x00, 0x00, 0x00, 0x7F, 0xFE, 0x40, 0x02, 0x40, 0x02, 0x5F, 0xFA, 0x41, 0x82, 0x41, 0x82, 0x47, 0xE2, 0x44, 0x22, 0x44, 0x22, 0x47, 0xE2, 0x44, 0x22, 0x00, 0x00, 0x00, 0x00, 0x00, 0x00 }, // U+56FA 固
    { 0x00, 0x00, 0x00, 0x00, 0x7F, 0xFE, 0x40, 0x02, 0x40, 0x02, 0x5F, 0xFA, 0x41, 0x82, 0x41, 0x82, 0x4F, 0xF2, 0x41, 0xA2, 0x41, 0xA2, 0x5F, 0xFA, 0x40, 0x02, 0x00, 0x00, 0x00, 0x00, 0x00, 0x00 }, // U+56FD 国
    { 0x00, 0x00, 0x00, 0x00, 0x7F, 0xFE, 0x42, 0x02, 0x47, 0xF2, 0x4C, 0x32, 0x52, 0x62, 0x41, 0xC2, 0x47, 0x72, 0x58, 0x1A, 0x43, 0xC2, 0x40, 0x42, 0x4C, 0x02, 0x00, 0x00, 0x00, 0x00, 0x00, 0x00 }, // U+56FE 图
    { 0x00, 0x00, 0x00, 0x00, 0x7F, 0xFE, 0x41, 0xA2, 0x41, 0x92, 0x5F, 0xFE, 0x41, 0x82, 0x4F, 0xF2, 0x49, 0x92, 0x4F, 0xF2, 0x49, 0x92, 0x4F, 0xF2, 0x49, 0x92, 0x00, 0x00, 0x00, 0x00, 0x00, 0x00 }, // U+5703 圃
    { 0x00, 0x00, 0x00, 0x00, 0x7F, 0xFE, 0x40, 0x02, 0x4F, 0xF2, 0x48, 0x12, 0x4F, 0xF2, 0x40, 0x02, 0x4F, 0xF2, 0x49, 0x12, 0x49, 0x92, 0x4B, 0x72, 0x5C, 0x12, 0x00, 0x00, 0x00, 0x00, 0x00, 0x00 }, // U+5706 圆
    { 0x00, 0x00, 0x00, 0x00, 0x7F, 0xFE, 0x4D, 0xB2, 0x5F, 0xFA, 0x43, 0x02, 0x7F, 0xFE, 0x44, 0x22, 0x4F, 0xE2, 0x54, 0x52, 0x65, 0xDE, 0x44, 0x12, 0x47, 0xE2, 0x00, 0x00, 0x00, 0x00, 0x00, 0x00 }, // U+5708 圈
    { 0x00, 0x00, 0x00, 0x00, 0x01, 0x80, 0x01, 0x80, 0x01, 0x80, 0x01, 0x80, 0x01, 0x80, 0x7F, 0xFE, 0x01, 0x80, 0x01, 0x80, 0x01, 0x80, 0x01, 0x80, 0x01, 0x80, 0x01, 0x80, 0x00, 0x00, 0x00, 0x00 }, // U+571F 土
    { 0x00, 0x00, 0x00, 0x00, 0x7F, 0xFC, 0x18, 0x08, 0x0C, 0x30, 0x06, 0x60, 0x03, 0xC0, 0x1E, 0x78, 0x61, 0x86, 0x01, 0x80, 0x3F, 0xFC, 0x01, 0x80, 0x01, 0x80, 0x00, 0x00, 0x00, 0x00, 0x00, 0x00 }, // U+5723 圣
    { 0x00, 0x00, 0x00, 0x00, 0x02, 0x00, 0x06, 0x00, 0x7F, 0xFF, 0x0C, 0x00, 0x08, 0x60, 0x08, 0x60, 0x10, 0x60, 0x37, 0xFE, 0x30, 0x60, 0x70, 0x60, 0x10, 0x60, 0x10, 0x60, 0x00, 0x00, 0x00, 0x00 }, // U+5728 在
    { 0x00, 0x00, 0x00, 0x00, 0x01, 0x80, 0x01, 0x80, 0x3F, 0xFC, 0x01, 0x80, 0x01, 0x80, 0xFF, 0xFF, 0x00, 0x00, 0x01, 0x80, 0x01, 0x80, 0x3F, 0xFC, 0x01, 0x80, 0x01, 0x80, 0x00, 0x00, 0x00, 0x00 }, // U+572D 圭
    { 0x00, 0x00, 0x00, 0x00, 0x30, 0x20, 0x30, 0x20, 0x33, 0x20, 0x33, 0x26, 0xFB, 0x7E, 0x33, 0xF2, 0x37, 0x22, 0x33, 0x26, 0x33, 0x3C, 0x33, 0x21, 0x3F, 0x23, 0x7B, 0x23, 0x00, 0x00, 0x00, 0x00 }, // U+5730 地
    { 0x00, 0x00, 0x00, 0x00, 0x10, 0x00, 0x13, 0xFC, 0x10, 0x1C, 0x10, 0x30, 0xFC, 0xC0, 0x31, 0x80, 0x13, 0xFE, 0x10, 0x92, 0x11, 0x92, 0x19, 0x32, 0x7A, 0x22, 0x44, 0x42, 0x00, 0x00, 0x00, 0x00 }, // U+573A 场
    { 0x00, 0x00, 0x00, 0x00, 0x10, 0x00, 0x13, 0xF8, 0x11, 0x08, 0x11, 0x08, 0xFD, 0x10, 0x31, 0x9E, 0x11, 0x86, 0x11, 0x84, 0x11, 0x4C, 0x1A, 0x68, 0x72, 0x30, 0xC4, 0x38, 0x00, 0x00, 0x00, 0x00 }, // U+573E 圾
    { 0x00, 0x00, 0x00, 0x00, 0x10, 0x30, 0x10, 0x30, 0x10, 0x30, 0x11, 0x30, 0xFD, 0x30, 0x11, 0x3E, 0x11, 0x30, 0x11, 0x30, 0x11, 0x30, 0x11, 0x30, 0x15, 0x30, 0x79, 0x30, 0x00, 0x00, 0x00, 0x00 }, // U+5740 址
    { 0x00, 0x00, 0x00, 0x00, 0x10, 0x80, 0x10, 0x80, 0x11, 0xFE, 0x11, 0x02, 0xFF, 0x02, 0x32, 0x82, 0x10, 0x62, 0x10, 0x22, 0x10, 0x0A, 0x14, 0x72, 0x39, 0xC2, 0x71, 0x06, 0x00, 0x00, 0x00, 0x00 }, // U+5747 均
    { 0x00, 0x00, 0x00, 0x00, 0x10, 0x20, 0x10, 0x20, 0x10, 0x20, 0x13, 0xFF, 0x7C, 0x80, 0x10, 0x80, 0x10, 0xFE, 0x11, 0x86, 0x11, 0x86, 0x1D, 0x04, 0x79, 0x04, 0x41, 0x04, 0x00, 0x00, 0x00, 0x00 }, // U+574A 坊
    { 0x00, 0x00, 0x00, 0x00, 0x31, 0xFC, 0x31, 0x04, 0x31, 0x44, 0x31, 0x24, 0xFD, 0x24, 0x31, 0x04, 0x37, 0xFF, 0x33, 0x04, 0x33, 0x04, 0x3F, 0x04, 0x3A, 0x04, 0x62, 0x04, 0x00, 0x00, 0x00, 0x00 }, // U+574D 坍
    { 0x00, 0x00, 0x00, 0x00, 0x10, 0x80, 0x10, 0x80, 0x11, 0xFE, 0x11, 0x02, 0xFF, 0x26, 0x32, 0x24, 0x12, 0x60, 0x10, 0x60, 0x10, 0x70, 0x1C, 0xD0, 0x78, 0x98, 0xC1, 0x0C, 0x00, 0x00, 0x00, 0x00 }, // U+574E 坎
    { 0x00, 0x00, 0x00, 0x00, 0x10, 0x00, 0x13, 0xFF, 0x10, 0x20, 0x10, 0x60, 0xFC, 0x40, 0x10, 0xE8, 0x10, 0xA8, 0x11, 0xA4, 0x17, 0x26, 0x3E, 0x22, 0x64, 0x22, 0x40, 0x20, 0x00, 0x00, 0x00, 0x00 }, // U+574F 坏
    { 0x00, 0x00, 0x00, 0x00, 0x01, 0x80, 0x11, 0x88, 0x11, 0x88, 0x11, 0x98, 0x39, 0x98, 0x2D, 0xBC, 0x25, 0xA6, 0x45, 0xC2, 0x41, 0x80, 0x3F, 0xFC, 0x01, 0x80, 0x01, 0x80, 0x00, 0x00, 0x00, 0x00 }, // U+5750 坐
    { 0x00, 0x00, 0x00, 0x00, 0x10, 0x40, 0x10, 0x60, 0x10, 0x20, 0x13, 0xFE, 0xFC, 0x00, 0x30, 0x00, 0x11, 0xF8, 0x11, 0x08, 0x11, 0x08, 0x1D, 0x08, 0x79, 0x08, 0xC1, 0x09, 0x00, 0x00, 0x00, 0x00 }, // U+5751 坑
    { 0x00, 0x00, 0x00, 0x00, 0x30, 0x40, 0x30, 0x40, 0x30, 0x40, 0x33, 0xFC, 0xFC, 0x44, 0x30, 0x44, 0x30, 0x44, 0x30, 0x44, 0x37, 0xFF, 0x30, 0xE0, 0x3C, 0xA0, 0xE1, 0x10, 0x00, 0x00, 0x00, 0x00 }, // U+5757 块
    { 0x00, 0x00, 0x00, 0x00, 0x04, 0x00, 0x65, 0xFE, 0x64, 0x84, 0x64, 0xCC, 0x64, 0x58, 0x64, 0x30, 0x64, 0xFC, 0x05, 0x06, 0x01, 0x80, 0x01, 0x80, 0x3F, 0xFC, 0x01, 0x80, 0x00, 0x00, 0x00, 0x00 }, // U+575A 坚
    { 0x00, 0x00, 0x00, 0x00, 0x10, 0x00, 0x13, 0xFE, 0x10, 0x00, 0x10, 0x00, 0xFC, 0x00, 0x10, 0x00, 0x17, 0xFF, 0x10, 0x60, 0x10, 0x40, 0x10, 0x88, 0x1D, 0x8C, 0x79, 0x04, 0x00, 0x00, 0x00, 0x00 }, // U+575B 坛
    { 0x00, 0x00, 0x00, 0x00, 0x33, 0xFE, 0x33, 0x06, 0x33, 0x22, 0x33, 0x22, 0xFF, 0x22, 0x33, 0x22, 0x33, 0x22, 0x33, 0x22, 0x33, 0x22, 0x30, 0x20, 0x3C, 0x70, 0xE0, 0xCC, 0x00, 0x00, 0x00, 0x00 }, // U+575D 坝
    { 0x00, 0x00, 0x00, 0x00, 0x10, 0x40, 0x11, 0xFC, 0x11, 0x04, 0x11, 0x04, 0xFD, 0x04, 0x11, 0x0C, 0x11, 0x38, 0x11, 0x00, 0x11, 0xFE, 0x10, 0x02, 0x10, 0x02, 0x3F, 0xFA, 0x00, 0x00, 0x00, 0x00 }, // U+575E 坞
    { 0x00, 0x00, 0x00, 0x00, 0x30, 0x20, 0x30, 0x30, 0x33, 0xFE, 0xFD, 0x04, 0x31, 0x04, 0x30, 0x8C, 0x30, 0x88, 0x30, 0xD8, 0x30, 0x70, 0x30, 0x30, 0x3C, 0x70, 0xE0, 0xD8, 0x00, 0x00, 0x00, 0x00 }, // U+575F 坟
    { 0x00, 0x00, 0x00, 0x00, 0x00, 0x20, 0x3E, 0x20, 0x26, 0x20, 0x2C, 0x70, 0x24, 0x50, 0x26, 0x58, 0x3C, 0x88, 0x21, 0x06, 0x22, 0x02, 0x01, 0x80, 0x3F, 0xFC, 0x01, 0x80, 0x00, 0x00, 0x00, 0x00 }, // U+5760 坠
    { 0x00, 0x00, 0x00, 0x00, 0x30, 0x20, 0x30, 0x20, 0x33, 0xFE, 0x32, 0x22, 0xFE, 0x22, 0x32, 0x20, 0x33, 0xFE, 0x32, 0x84, 0x32, 0xC4, 0x3E, 0x48, 0x7E, 0x30, 0xC6, 0x30, 0x00, 0x00, 0x00, 0x00 }, // U+5761 坡
    { 0x00, 0x00, 0x00, 0x00, 0x10, 0x20, 0x10, 0x20, 0x10, 0x20, 0x13, 0xFE, 0xFE, 0x22, 0x32, 0x22, 0x13, 0xFE, 0x12, 0x22, 0x12, 0x22, 0x12, 0x22, 0x1F, 0xFE, 0x7A, 0x22, 0x00, 0x00, 0x00, 0x00 }, // U+5764 坤
    { 0x00, 0x00, 0x00, 0x00, 0x30, 0x00, 0x31, 0xFE, 0x31, 0x06, 0x31, 0x06, 0xF9, 0x06, 0x31, 0xFE, 0x31, 0x06, 0x31, 0x06, 0x31, 0x06, 0x31, 0xFE, 0x3D, 0x06, 0x78, 0x00, 0x00, 0x00, 0x00, 0x00 }, // U+5766 坦
    { 0x00, 0x00, 0x00, 0x00, 0x23, 0xFE, 0x20, 0x20, 0x22, 0x22, 0x23, 0x26, 0xF9, 0x24, 0x21, 0x24, 0x20, 0x20, 0x27, 0xFF, 0x20, 0x20, 0x20, 0x20, 0x3C, 0x20, 0xE0, 0x20, 0x00, 0x00, 0x00, 0x00 }, // U+576A 坪
    { 0x00, 0x00, 0x00, 0x00, 0x37, 0xFF, 0x30, 0x60, 0x30, 0x40, 0x30, 0xC0, 0xFC, 0xE8, 0x31, 0xA8, 0x33, 0x24, 0x36, 0x26, 0x34, 0x22, 0x30, 0x22, 0x30, 0x20, 0x3C, 0x20, 0x00, 0x00, 0x00, 0x00 }, // U+576F 坯
    { 0x00, 0x00, 0x00, 0x00, 0x23, 0xFF, 0x20, 0x04, 0x20, 0x04, 0x23, 0xE4, 0xFA, 0x24, 0x32, 0x24, 0x22, 0x24, 0x22, 0x24, 0x22, 0x24, 0x23, 0xE4, 0x3A, 0x04, 0x70, 0x04, 0x00, 0x00, 0x00, 0x00 }, // U+5777 坷
    { 0x00, 0x00, 0x00, 0x00, 0x00, 0x3C, 0x7F, 0xC0, 0x01, 0x80, 0x01, 0x80, 0x7F, 0xFE, 0x09, 0x90, 0x09, 0x90, 0xFF, 0xFF, 0x09, 0x90, 0x09, 0x90, 0x7F, 0xFE, 0x01, 0x80, 0x00, 0x00, 0x00, 0x00 }, // U+5782 垂
    { 0x00, 0x00, 0x00, 0x00, 0x30, 0x40, 0x30, 0x20, 0x30, 0x20, 0x33, 0xFE, 0xFC, 0x00, 0x30, 0x04, 0x31, 0x0C, 0x31, 0x0C, 0x31, 0x88, 0x30, 0x88, 0x3C, 0x98, 0x78, 0x10, 0x00, 0x00, 0x00, 0x00 }, // U+5783 垃
    { 0x00, 0x00, 0x00, 0x00, 0x02, 0x20, 0x02, 0x10, 0x7F, 0xFE, 0x04, 0xC0, 0x04, 0xDE, 0x09, 0xF2, 0x37, 0xC2, 0x40, 0x7E, 0x01, 0x80, 0x01, 0x80, 0x3F, 0xFC, 0x01, 0x80, 0x00, 0x00, 0x00, 0x00 }, // U+5784 垄
    { 0x00, 0x00, 0x00, 0x00, 0x00, 0x06, 0x7F, 0xA6, 0x13, 0x26, 0x12, 0x26, 0xFF, 0xE6, 0x13, 0x26, 0x22, 0x06, 0x22, 0x06, 0x42, 0x1C, 0x01, 0x80, 0x3F, 0xFC, 0x01, 0x80, 0x00, 0x00, 0x00, 0x00 }, // U+578B 型
    { 0x00, 0x00, 0x00, 0x00, 0x03, 0x00, 0x06, 0x30, 0x0C, 0xF8, 0x3E, 0x04, 0x00, 0x30, 0x18, 0x20, 0x34, 0x6C, 0x62, 0xC6, 0x7F, 0xFE, 0x00, 0x02, 0x01, 0x80, 0x3F, 0xFC, 0x00, 0x00, 0x00, 0x00 }, // U+5792 垒
    { 0x00, 0x00, 0x00, 0x00, 0x31, 0xF8, 0x31, 0x08, 0x31, 0x08, 0x31, 0x08, 0xFB, 0x0F, 0x36, 0x20, 0x30, 0x20, 0x37, 0xFF, 0x30, 0xF0, 0x31, 0x28, 0x7E, 0x26, 0xEC, 0x22, 0x00, 0x00, 0x00, 0x00 }, // U+579B 垛
    { 0x00, 0x00, 0x00, 0x00, 0x30, 0x0E, 0x33, 0xFC, 0x32, 0x00, 0x32, 0x00, 0xFF, 0xFF, 0x32, 0x00, 0x32, 0x00, 0x33, 0xFE, 0x32, 0x86, 0x3E, 0x86, 0x7E, 0x86, 0xC4, 0x86, 0x00, 0x00, 0x00, 0x00 }, // U+57A2 垢
    { 0x00, 0x00, 0x00, 0x00, 0x37, 0xFE, 0x30, 0x00, 0x30, 0x00, 0x33, 0xFC, 0xFB, 0x04, 0x33, 0x04, 0x33, 0xFC, 0x33, 0x04, 0x33, 0x04, 0x33, 0xFC, 0x3B, 0x04, 0x78, 0x00, 0x00, 0x00, 0x00, 0x00 }, // U+57A3 垣
    { 0x00, 0x00, 0x00, 0x00, 0x3F, 0xF8, 0x30, 0x08, 0x3F, 0xF8, 0x30, 0x08, 0x3F, 0xF8, 0x31, 0x8C, 0x30, 0xF8, 0x3E, 0x70, 0x30, 0x0E, 0x01, 0x80, 0x3F, 0xFC, 0x01, 0x80, 0x00, 0x00, 0x00, 0x00 }, // U+57A6 垦
    { 0x00, 0x00, 0x00, 0x00, 0x10, 0x40, 0x10, 0x40, 0x7D, 0xF8, 0x10, 0x48, 0x3D, 0xC8, 0x71, 0xC8, 0x10, 0xE9, 0x11, 0x2F, 0x72, 0x06, 0x01, 0x80, 0x3F, 0xFC, 0x01, 0x80, 0x00, 0x00, 0x00, 0x00 }, // U+57AB 垫
    { 0x00, 0x00, 0x00, 0x00, 0x20, 0x40, 0x20, 0x40, 0x27, 0xFE, 0x20, 0x90, 0xF9, 0x08, 0x27, 0xFE, 0x24, 0x02, 0x27, 0xFE, 0x21, 0x00, 0x21, 0x00, 0x7B, 0xFC, 0xE0, 0x04, 0x00, 0x00, 0x00, 0x00 }, // U+57AE 垮
    { 0x00, 0x00, 0x00, 0x00, 0x27, 0xFF, 0x20, 0x20, 0x23, 0xFE, 0x22, 0x22, 0xFA, 0x22, 0x23, 0xFE, 0x22, 0x22, 0x22, 0x22, 0x23, 0xFE, 0x39, 0x62, 0x71, 0xC0, 0xC0, 0xC0, 0x00, 0x00, 0x00, 0x00 }, // U+57C2 埂
    { 0x00, 0x00, 0x00, 0x00, 0x30, 0x40, 0x30, 0xC8, 0x30, 0x84, 0x33, 0x1E, 0xFB, 0xE2, 0x31, 0x02, 0x33, 0xFE, 0x36, 0x20, 0x30, 0x20, 0x33, 0xFF, 0x78, 0x70, 0xE0, 0xD0, 0x00, 0x00, 0x00, 0x00 }, // U+57C3 埃
    { 0x00, 0x00, 0x00, 0x00, 0x23, 0xFE, 0x22, 0x22, 0x22, 0x22, 0x23, 0xFE, 0xFA, 0x22, 0x22, 0x22, 0x22, 0x22, 0x23, 0xFE, 0x22, 0x22, 0x20, 0x20, 0x3F, 0xFE, 0x78, 0x20, 0x00, 0x00, 0x00, 0x00 }, // U+57CB 埋
    { 0x00, 0x00, 0x00, 0x00, 0x20, 0x14, 0x20, 0x12, 0x20, 0x10, 0x23, 0xFF, 0xFA, 0x10, 0x22, 0x10, 0x23, 0xD2, 0x26, 0x52, 0x26, 0x54, 0x3C, 0x5C, 0x74, 0xD9, 0x85, 0x99, 0x00, 0x00, 0x00, 0x00 }, // U+57CE 城
    { 0x00, 0x00, 0x00, 0x00, 0x20, 0x28, 0x20, 0x24, 0x27, 0xFF, 0x20, 0x20, 0xFB, 0xFE, 0x22, 0x22, 0x22, 0x22, 0x23, 0xFE, 0x22, 0x22, 0x22, 0x22, 0x7B, 0xFE, 0xE2, 0x22, 0x00, 0x00, 0x00, 0x00 }, // U+57D4 埔
    { 0x00, 0x00, 0x00, 0x00, 0x20, 0x34, 0x20, 0x32, 0x20, 0x10, 0x27, 0xFF, 0xF8, 0x10, 0x27, 0x90, 0x26, 0x92, 0x26, 0x96, 0x27, 0x94, 0x26, 0x9C, 0x38, 0x18, 0x79, 0xD9, 0x00, 0x00, 0x00, 0x00 }, // U+57DF 域
    { 0x00, 0x00, 0x00, 0x00, 0x00, 0x40, 0x33, 0xFC, 0x32, 0x04, 0x32, 0x04, 0xFB, 0xFC, 0x32, 0x00, 0x33, 0xFE, 0x32, 0x02, 0x32, 0x02, 0x33, 0xFE, 0x3A, 0x20, 0x78, 0x20, 0x00, 0x00, 0x00, 0x00 }, // U+57E0 埠
    { 0x00, 0x00, 0x00, 0x00, 0x30, 0x20, 0x30, 0x20, 0x33, 0xFE, 0x30, 0x00, 0xFD, 0x04, 0x30, 0x8C, 0x30, 0x98, 0x37, 0xFF, 0x30, 0x00, 0x33, 0xFC, 0x3F, 0x04, 0x73, 0x04, 0x00, 0x00, 0x00, 0x00 }, // U+57F9 培
    { 0x00, 0x00, 0x00, 0x00, 0x18, 0x18, 0x18, 0x18, 0x7F, 0xFE, 0x18, 0x18, 0x1F, 0xF8, 0x18, 0x18, 0x1F, 0xF8, 0x18, 0x18, 0xFF, 0xFF, 0x08, 0x10, 0x30, 0x0C, 0x7F, 0xF6, 0x00, 0x00, 0x00, 0x00 }, // U+57FA 基
    { 0x00, 0x00, 0x00, 0x00, 0x11, 0x88, 0x19, 0x98, 0x09, 0x90, 0x7F, 0xFE, 0x40, 0x02, 0x5F, 0xFA, 0x50, 0x08, 0x1F, 0xF8, 0x11, 0x88, 0x01, 0x80, 0x3F, 0xFC, 0x01, 0x80, 0x00, 0x00, 0x00, 0x00 }, // U+5802 堂
    { 0x00, 0x00, 0x00, 0x00, 0x10, 0x90, 0x10, 0x90, 0x11, 0x00, 0x11, 0xFF, 0xFF, 0x10, 0x37, 0x10, 0x15, 0xFE, 0x11, 0x10, 0x11, 0x10, 0x11, 0xFE, 0x1D, 0x10, 0x79, 0x10, 0x00, 0x00, 0x00, 0x00 }, // U+5806 堆
    { 0x00, 0x00, 0x00, 0x00, 0x10, 0x06, 0x10, 0x78, 0xFF, 0x40, 0x20, 0x40, 0x48, 0x7F, 0x7F, 0x48, 0x08, 0x88, 0xFF, 0x88, 0x08, 0x88, 0x01, 0x80, 0x3F, 0xFC, 0x01, 0x80, 0x00, 0x00, 0x00, 0x00 }, // U+5811 堑
    { 0x00, 0x00, 0x00, 0x00, 0x7C, 0x40, 0x6F, 0xFE, 0x68, 0x80, 0x69, 0xFE, 0x6B, 0x02, 0x6D, 0xFE, 0x6D, 0x02, 0x79, 0xFE, 0x61, 0x06, 0x61, 0x1C, 0x01, 0x80, 0x3F, 0xFC, 0x00, 0x00, 0x00, 0x00 }, // U+5815 堕
    { 0x00, 0x00, 0x00, 0x00, 0x10, 0x00, 0x13, 0xFC, 0x32, 0x04, 0x23, 0xFC, 0x62, 0x44, 0x60, 0x40, 0xA7, 0xFE, 0x21, 0xF0, 0x23, 0x4C, 0x2C, 0x42, 0x01, 0x80, 0x3F, 0xFC, 0x00, 0x00, 0x00, 0x00 }, // U+5821 堡
    { 0x00, 0x00, 0x00, 0x00, 0x23, 0xFC, 0x22, 0x04, 0x22, 0x04, 0x23, 0xFC, 0x23, 0xFC, 0xFA, 0x04, 0x20, 0x00, 0x20, 0x00, 0x27, 0xFF, 0x22, 0x20, 0x7A, 0x20, 0xE3, 0x3E, 0x00, 0x00, 0x00, 0x00 }, // U+5824 堤
    { 0x00, 0x00, 0x00, 0x00, 0x31, 0x0C, 0x31, 0x0C, 0x37, 0xFF, 0x31, 0x0C, 0xF9, 0xFC, 0x31, 0x0C, 0x31, 0xFC, 0x31, 0x0C, 0x31, 0x0C, 0x37, 0xFF, 0x3A, 0x68, 0x72, 0xC4, 0x00, 0x00, 0x00, 0x00 }, // U+582A 堪
    { 0x00, 0x00, 0x00, 0x00, 0x23, 0xFF, 0x22, 0x00, 0x22, 0xFE, 0x22, 0x86, 0xFE, 0xFE, 0x22, 0x86, 0x22, 0xFE, 0x22, 0x20, 0x23, 0xFE, 0x22, 0x44, 0x3E, 0x38, 0xE2, 0x6C, 0x00, 0x00, 0x00, 0x00 }, // U+5830 堰
    { 0x00, 0x00, 0x00, 0x00, 0x30, 0x40, 0x30, 0x42, 0x33, 0xF6, 0x30, 0x4C, 0xFC, 0x58, 0x37, 0xFF, 0x30, 0xC0, 0x31, 0xFE, 0x33, 0x02, 0x35, 0x02, 0x31, 0xFE, 0x3D, 0x02, 0x00, 0x00, 0x00, 0x00 }, // U+5835 堵
    { 0x00, 0x00, 0x00, 0x00, 0x23, 0xFC, 0x22, 0x04, 0x23, 0xFC, 0x22, 0x04, 0xFB, 0xFC, 0x30, 0x00, 0x27, 0xFE, 0x20, 0x42, 0x22, 0x52, 0x3B, 0x52, 0x79, 0xDE, 0xC7, 0x72, 0x00, 0x00, 0x00, 0x00 }, // U+584C 塌
    { 0x00, 0x00, 0x00, 0x00, 0x22, 0x00, 0x12, 0x7E, 0x7F, 0xC2, 0x08, 0x7E, 0x49, 0x42, 0x49, 0x42, 0x7F, 0x7E, 0x18, 0xC2, 0x11, 0x9C, 0x21, 0x80, 0x3F, 0xFC, 0x01, 0x80, 0x00, 0x00, 0x00, 0x00 }, // U+5851 塑
    { 0x00, 0x00, 0x00, 0x00, 0x31, 0x08, 0x31, 0x08, 0x37, 0xFF, 0x31, 0x88, 0xF8, 0x60, 0x30, 0xF0, 0x31, 0x8C, 0x33, 0x06, 0x34, 0xFA, 0x30, 0x00, 0x3F, 0xFC, 0xE3, 0x04, 0x00, 0x00, 0x00, 0x00 }, // U+5854 塔
    { 0x00, 0x00, 0x00, 0x00, 0x20, 0x20, 0x20, 0x20, 0x23, 0xFE, 0x22, 0x20, 0xFA, 0xFE, 0x22, 0x22, 0x23, 0xFF, 0x22, 0x22, 0x22, 0xFE, 0x3E, 0x20, 0x76, 0xFE, 0xC4, 0x82, 0x00, 0x00, 0x00, 0x00 }, // U+5858 塘
    { 0x00, 0x00, 0x01, 0x00, 0x01, 0x80, 0x7F, 0xFE, 0x40, 0x02, 0x04, 0x20, 0x7F, 0xFE, 0x04, 0x20, 0x3F, 0xFC, 0x04, 0x20, 0x7F, 0xFE, 0x08, 0x30, 0x31, 0x8C, 0x4F, 0xF2, 0x00, 0x00, 0x00, 0x00 }, // U+585E 塞
    { 0x00, 0x00, 0x00, 0x00, 0x30, 0x20, 0x37, 0xFE, 0x30, 0x20, 0x33, 0xFC, 0xFB, 0x04, 0x33, 0xFC, 0x33, 0x04, 0x33, 0xFC, 0x33, 0x04, 0x33, 0xFC, 0x3F, 0x04, 0x67, 0xFF, 0x00, 0x00, 0x00, 0x00 }, // U+586B 填
    { 0x00, 0x00, 0x00, 0x00, 0x20, 0x20, 0x23, 0xFE, 0x21, 0x08, 0xF8, 0x98, 0x27, 0xFE, 0x20, 0x00, 0x23, 0xFC, 0x22, 0x04, 0x23, 0xFC, 0x3A, 0x04, 0x73, 0xFC, 0xC0, 0x91, 0x00, 0x00, 0x00, 0x00 }, // U+5883 境
    { 0x00, 0x00, 0x00, 0x00, 0x7F, 0x7E, 0x49, 0x24, 0x7F, 0x38, 0x49, 0x18, 0x7F, 0xFF, 0x08, 0x12, 0x7F, 0x12, 0x08, 0x10, 0x7E, 0x70, 0x01, 0x80, 0x3F, 0xFC, 0x01, 0x80, 0x00, 0x00, 0x00, 0x00 }, // U+5885 墅
    { 0x00, 0x00, 0x00, 0x00, 0x20, 0x40, 0x20, 0x20, 0x27, 0xFE, 0x21, 0x08, 0x78, 0x98, 0x27, 0xFE, 0x24, 0x92, 0x27, 0x0E, 0x24, 0xF2, 0x24, 0x92, 0x3C, 0x92, 0xE4, 0xF2, 0x00, 0x00, 0x00, 0x00 }, // U+5892 墒
    { 0x00, 0x00, 0x00, 0x00, 0x04, 0x20, 0x7F, 0xFE, 0x04, 0x20, 0x3F, 0xFC, 0x30, 0x0C, 0x3F, 0xFC, 0x30, 0x0C, 0x3F, 0xFC, 0x02, 0x00, 0x7F, 0xFE, 0x19, 0x18, 0x4F, 0xF6, 0x00, 0x00, 0x00, 0x00 }, // U+5893 墓
    { 0x00, 0x00, 0x00, 0x00, 0x20, 0x20, 0x23, 0xFE, 0x21, 0x24, 0xF9, 0xA8, 0x20, 0x20, 0x27, 0xFF, 0x20, 0x00, 0x23, 0xFE, 0x22, 0x02, 0x22, 0xFA, 0x3A, 0x8A, 0xE2, 0xFA, 0x00, 0x00, 0x00, 0x00 }, // U+5899 墙
    { 0x00, 0x00, 0x00, 0x00, 0x21, 0x08, 0x20, 0x88, 0x27, 0xFE, 0x26, 0x2A, 0xFF, 0x2A, 0x26, 0xA2, 0x27, 0xFE, 0x26, 0x02, 0x20, 0x00, 0x23, 0xFC, 0x3A, 0x04, 0x7B, 0xFC, 0x00, 0x00, 0x00, 0x00 }, // U+589E 增
    { 0x00, 0x00, 0x00, 0x00, 0x20, 0x60, 0x20, 0x7E, 0x20, 0x60, 0x23, 0xFE, 0xFA, 0x62, 0x23, 0xF8, 0x22, 0x62, 0x22, 0x3C, 0x22, 0x00, 0x27, 0x4A, 0x7D, 0xCA, 0xE4, 0xCC, 0x00, 0x00, 0x00, 0x00 }, // U+589F 墟
    { 0x00, 0x00, 0x00, 0x00, 0x3F, 0xFC, 0x29, 0x94, 0x25, 0xA4, 0x3F, 0xFC, 0x01, 0x80, 0x3F, 0xFC, 0x01, 0x80, 0xFF, 0xFF, 0x65, 0xA6, 0x01, 0x80, 0x3F, 0xFC, 0x00, 0x00, 0x00, 0x00, 0x00, 0x00 }, // U+58A8 墨
    { 0x00, 0x00, 0x00, 0x00, 0x22, 0x08, 0x21, 0x18, 0x2F, 0xD0, 0x20, 0x1F, 0xF7, 0xD2, 0x24, 0xF2, 0x27, 0xF2, 0x24, 0xD2, 0x20, 0x14, 0x27, 0xCC, 0x39, 0x0C, 0x73, 0xCC, 0x00, 0x00, 0x00, 0x00 }, // U+58A9 墩
    { 0x00, 0x00, 0x00, 0x00, 0x00, 0x10, 0x3F, 0x10, 0x23, 0xFE, 0x3F, 0x44, 0x23, 0x6C, 0x60, 0xFE, 0x7F, 0x10, 0xD3, 0xFE, 0x1F, 0x10, 0x13, 0x10, 0x01, 0x80, 0x3F, 0xFC, 0x00, 0x00, 0x00, 0x00 }, // U+58C1 壁
    { 0x00, 0x00, 0x00, 0x00, 0x20, 0x40, 0x27, 0xFE, 0x22, 0x04, 0x23, 0xFC, 0xF8, 0x00, 0x2F, 0xFF, 0x2C, 0x03, 0x23, 0xFF, 0x21, 0xC4, 0x22, 0x68, 0x79, 0xBC, 0xC6, 0x76, 0x00, 0x00, 0x00, 0x00 }, // U+58D5 壕
    { 0x00, 0x00, 0x00, 0x00, 0x20, 0x20, 0x27, 0xFE, 0x22, 0x52, 0x23, 0xDE, 0xF8, 0x88, 0x27, 0xFE, 0x20, 0x88, 0x23, 0xFE, 0x20, 0x88, 0x3F, 0xFF, 0x70, 0xA2, 0xC3, 0x1C, 0x00, 0x00, 0x00, 0x00 }, // U+58E4 壤
    { 0x00, 0x00, 0x00, 0x00, 0x01, 0x80, 0x01, 0x80, 0x01, 0x80, 0x01, 0x80, 0x01, 0x80, 0xFF, 0xFF, 0x01, 0x80, 0x01, 0x80, 0x01, 0x80, 0x01, 0x80, 0x01, 0x80, 0x01, 0x80, 0x00, 0x00, 0x00, 0x00 }, // U+58EB 士
    { 0x00, 0x00, 0x00, 0x00, 0x00, 0x3C, 0x3F, 0xFC, 0x01, 0x80, 0x01, 0x80, 0x01, 0x80, 0x01, 0x80, 0x01, 0x80, 0xFF, 0xFF, 0x01, 0x80, 0x01, 0x80, 0x01, 0x80, 0x01, 0x80, 0x00, 0x00, 0x00, 0x00 }, // U+58EC 壬
    { 0x00, 0x00, 0x00, 0x00, 0x08, 0x30, 0x08, 0x30, 0x08, 0x30, 0x48, 0x30, 0x68, 0x30, 0x2B, 0xFF, 0x08, 0x30, 0x08, 0x30, 0x18, 0x30, 0x38, 0x30, 0x68, 0x30, 0x48, 0x30, 0x00, 0x00, 0x00, 0x00 }, // U+58EE 壮
    { 0x00, 0x00, 0x00, 0x00, 0x00, 0x80, 0x7F, 0xFF, 0x00, 0x80, 0x00, 0x80, 0x3F, 0xFC, 0x00, 0x00, 0x3F, 0xFC, 0x30, 0x84, 0x30, 0x84, 0x30, 0x84, 0x3F, 0xFC, 0x20, 0x04, 0x00, 0x00, 0x00, 0x00 }, // U+58F0 声
    { 0x00, 0x00, 0x00, 0x00, 0x01, 0x80, 0x01, 0x80, 0x7F, 0xFE, 0x01, 0x80, 0x3F, 0xFC, 0x00, 0x00, 0x7F, 0xFE, 0x40, 0x02, 0x4F, 0xE2, 0x0C, 0x20, 0x0C, 0x22, 0x08, 0x23, 0x00, 0x00, 0x00, 0x00 }, // U+58F3 壳
    { 0x00, 0x00, 0x00, 0x00, 0x01, 0x80, 0x01, 0x80, 0x7F, 0xFE, 0x01, 0x80, 0x01, 0x80, 0x3F, 0xFC, 0x00, 0x00, 0x7F, 0xFE, 0x46, 0x62, 0x12, 0x44, 0x12, 0x48, 0x0A, 0x50, 0x00, 0x00, 0x00, 0x00 }, // U+58F6 壶
    { 0x00, 0x00, 0x00, 0x00, 0x01, 0x80, 0x7F, 0xFE, 0x01, 0x80, 0x3F, 0xFC, 0x00, 0x00, 0x7F, 0xFE, 0x40, 0x02, 0x5F, 0xFA, 0x00, 0x00, 0x1F, 0xF8, 0x10, 0x08, 0x1F, 0xF8, 0x00, 0x00, 0x00, 0x00 }, // U+58F9 壹
    { 0x00, 0x00, 0x00, 0x00, 0x10, 0x20, 0x10, 0x20, 0x3F, 0x20, 0x23, 0x30, 0x22, 0x2C, 0x62, 0x26, 0x62, 0x22, 0x16, 0x20, 0x1C, 0x20, 0x0C, 0x20, 0x1C, 0x20, 0x00, 0x00, 0x00, 0x00, 0x00, 0x00 }, // U+5904 处
    { 0x00, 0x00, 0x00, 0x00, 0x0C, 0x00, 0x08, 0x00, 0x1F, 0xFC, 0x3C, 0x18, 0x66, 0x70, 0x43, 0xC0, 0x0E, 0x78, 0xE0, 0x0E, 0x3F, 0xFC, 0x31, 0x8C, 0x3F, 0xFC, 0x31, 0x8C, 0x00, 0x00, 0x00, 0x00 }, // U+5907 备
    { 0x00, 0x00, 0x00, 0x00, 0x08, 0x00, 0x1F, 0xFF, 0x20, 0x00, 0x7F, 0xFC, 0x10, 0x04, 0x1F, 0xFC, 0x10, 0x04, 0x1F, 0xFC, 0x0C, 0x00, 0x0F, 0xFC, 0x1C, 0x18, 0x23, 0xE0, 0x00, 0x00, 0x00, 0x00 }, // U+590D 复
    { 0x00, 0x00, 0x00, 0x00, 0x7F, 0xFF, 0x01, 0x00, 0x3F, 0xFC, 0x20, 0x04, 0x3F, 0xFC, 0x20, 0x04, 0x3F, 0xFC, 0x20, 0x04, 0x1F, 0xF8, 0x1C, 0x00, 0x7F, 0xFC, 0x00, 0x00, 0x00, 0x00, 0x00, 0x00 }, // U+590F 夏
    { 0x00, 0x00, 0x00, 0x00, 0x06, 0x00, 0x06, 0x00, 0x0C, 0x00, 0x0F, 0xFE, 0x18, 0x04, 0x30, 0x0C, 0x20, 0x08, 0x44, 0x18, 0x43, 0x30, 0x00, 0xE0, 0x01, 0xC0, 0x03, 0x80, 0x00, 0x00, 0x00, 0x00 }, // U+5915 夕
    { 0x00, 0x00, 0x00, 0x00, 0x18, 0x20, 0x10, 0x20, 0x1F, 0x20, 0x31, 0x20, 0x21, 0x38, 0x41, 0x3C, 0xD3, 0x26, 0x0E, 0x22, 0x06, 0x20, 0x0C, 0x20, 0x18, 0x20, 0x00, 0x00, 0x00, 0x00, 0x00, 0x00 }, // U+5916 外
    { 0x00, 0x00, 0x00, 0x00, 0x03, 0x00, 0x02, 0x00, 0x07, 0xFC, 0x18, 0x0C, 0x34, 0x30, 0x62, 0xC0, 0x03, 0x00, 0x1C, 0x40, 0x61, 0xFE, 0x06, 0x06, 0x1D, 0x18, 0x21, 0xB0, 0x00, 0x00, 0x00, 0x00 }, // U+591A 多
    { 0x00, 0x00, 0x00, 0x00, 0x01, 0x00, 0x00, 0x80, 0xFF, 0xFF, 0x08, 0x80, 0x19, 0x80, 0x11, 0xFC, 0x33, 0x04, 0x77, 0x4C, 0xF5, 0x28, 0x10, 0x90, 0x10, 0x70, 0x10, 0xF0, 0x00, 0x00, 0x00, 0x00 }, // U+591C 夜
    { 0x00, 0x00, 0x00, 0x00, 0x10, 0x30, 0x20, 0x20, 0x3E, 0x7E, 0x42, 0xC6, 0x43, 0xAC, 0xFA, 0x30, 0x4A, 0x60, 0x4A, 0x90, 0x4A, 0x3F, 0x4A, 0x62, 0x7A, 0xC4, 0x42, 0xB8, 0x00, 0x00, 0x00, 0x00 }, // U+591F 够
    { 0x00, 0x00, 0x00, 0x00, 0x01, 0x80, 0x01, 0x80, 0x01, 0x80, 0x01, 0x80, 0xFF, 0xFF, 0x01, 0x80, 0x01, 0x80, 0x01, 0x80, 0x03, 0xC0, 0x02, 0x40, 0x06, 0x60, 0x0C, 0x30, 0x00, 0x00, 0x00, 0x00 }, // U+5927 大
    { 0x00, 0x00, 0x00, 0x00, 0x7F, 0xFE, 0x01, 0x80, 0x01, 0x80, 0x01, 0x80, 0x01, 0x80, 0xFF, 0xFF, 0x01, 0x80, 0x01, 0x80, 0x02, 0x40, 0x06, 0x60, 0x0C, 0x20, 0x00, 0x00, 0x00, 0x00, 0x00, 0x00 }, // U+5929 天
    { 0x00, 0x00, 0x00, 0x00, 0x01, 0x80, 0x01, 0x80, 0x01, 0x80, 0x01, 0x80, 0xFF, 0xFE, 0x01, 0x80, 0x01, 0x80, 0x01, 0x80, 0x02, 0x40, 0x06, 0x60, 0x04, 0x20, 0x09, 0x10, 0x00, 0x00, 0x00, 0x00 }, // U+592A 太
    { 0x00, 0x00, 0x00, 0x00, 0x01, 0x80, 0x01, 0x80, 0x01, 0x80, 0x7F, 0xFE, 0x01, 0x80, 0x01, 0x80, 0x01, 0x80, 0x7F, 0xFF, 0x01, 0x80, 0x03, 0xC0, 0x02, 0x40, 0x04, 0x20, 0x00, 0x00, 0x00, 0x00 }, // U+592B 夫
    { 0x00, 0x00, 0x00, 0x00, 0x01, 0x80, 0x01, 0x80, 0x01, 0x80, 0x3F, 0xFC, 0x31, 0x8C, 0x21, 0x8C, 0x21, 0x8C, 0x21, 0x8C, 0xFF, 0xFF, 0x01, 0x80, 0x03, 0xC0, 0x06, 0x60, 0x00, 0x00, 0x00, 0x00 }, // U+592E 央
    { 0x00, 0x00, 0x00, 0x00, 0x01, 0x80, 0x01, 0x80, 0x7F, 0xFE, 0x03, 0x40, 0x06, 0x60, 0x38, 0x1C, 0x60, 0x06, 0x02, 0x00, 0x7F, 0xFC, 0x02, 0x04, 0x06, 0x04, 0x04, 0x04, 0x00, 0x00, 0x00, 0x00 }, // U+592F 夯
    { 0x00, 0x00, 0x00, 0x00, 0x00, 0x80, 0x18, 0x80, 0x10, 0x80, 0x3F, 0xFE, 0x61, 0x80, 0x40, 0x80, 0x01, 0x80, 0xFF, 0xFF, 0x01, 0x80, 0x01, 0xC0, 0x02, 0x40, 0x06, 0x20, 0x00, 0x00, 0x00, 0x00 }, // U+5931 失
    { 0x00, 0x00, 0x00, 0x00, 0x10, 0xC0, 0x0C, 0xC0, 0x06, 0xC0, 0x22, 0xC0, 0x30, 0xC0, 0x18, 0xC0, 0x04, 0xC0, 0x00, 0xC0, 0xFF, 0xFF, 0x00, 0x80, 0x01, 0xC0, 0x03, 0x60, 0x00, 0x00, 0x00, 0x00 }, // U+5934 头
    { 0x00, 0x00, 0x00, 0x00, 0x01, 0x80, 0x7F, 0xFE, 0x01, 0x80, 0x3F, 0xFC, 0x01, 0x04, 0x3F, 0xFC, 0x21, 0x04, 0x21, 0x00, 0x7F, 0xFE, 0x01, 0x82, 0x02, 0x82, 0x06, 0x5C, 0x00, 0x00, 0x00, 0x00 }, // U+5937 夷
    { 0x00, 0x00, 0x00, 0x00, 0x01, 0x80, 0x01, 0x00, 0x7F, 0xFE, 0x02, 0x40, 0x0C, 0x30, 0x3F, 0xFC, 0x40, 0x02, 0x00, 0x00, 0x7F, 0xFE, 0x08, 0x00, 0x0F, 0xF8, 0x00, 0x18, 0x00, 0x00, 0x00, 0x00 }, // U+5938 夸
    { 0x00, 0x00, 0x00, 0x00, 0x01, 0x80, 0x01, 0x80, 0x7F, 0xFE, 0x01, 0x80, 0x31, 0x88, 0x19, 0x98, 0x09, 0xB0, 0x01, 0x80, 0xFF, 0xFF, 0x01, 0x80, 0x02, 0x40, 0x06, 0x60, 0x00, 0x00, 0x00, 0x00 }, // U+5939 夹
    { 0x00, 0x00, 0x00, 0x00, 0x01, 0x80, 0x01, 0x00, 0x7F, 0xFE, 0x03, 0x40, 0x06, 0x60, 0x38, 0x1C, 0x60, 0x26, 0x00, 0x20, 0xFF, 0xFE, 0x00, 0x30, 0x00, 0x20, 0x18, 0x20, 0x00, 0x00, 0x00, 0x00 }, // U+593A 夺
    { 0x00, 0x00, 0x00, 0x00, 0x01, 0x80, 0x01, 0x00, 0x7F, 0xFE, 0x06, 0x40, 0x0D, 0x30, 0x39, 0x1C, 0x7F, 0xFE, 0x21, 0x0C, 0x3F, 0xFC, 0x21, 0x0C, 0x3F, 0xFD, 0x21, 0x03, 0x00, 0x00, 0x00, 0x00 }, // U+5944 奄
    { 0x00, 0x00, 0x00, 0x00, 0x00, 0x80, 0x7F, 0xFE, 0x03, 0x80, 0x0E, 0xF8, 0x70, 0x0C, 0x00, 0x00, 0xFF, 0xFF, 0x00, 0x08, 0x3F, 0x88, 0x30, 0x88, 0x20, 0x88, 0x20, 0x88, 0x00, 0x00, 0x00, 0x00 }, // U+5947 奇
    { 0x00, 0x00, 0x00, 0x00, 0x01, 0x80, 0x01, 0x00, 0x7F, 0xFE, 0x06, 0x40, 0x0C, 0x30, 0x30, 0x1C, 0x47, 0xE6, 0x00, 0x00, 0x00, 0x00, 0x7F, 0xFE, 0x00, 0x80, 0x08, 0x90, 0x00, 0x00, 0x00, 0x00 }, // U+5948 奈
    { 0x00, 0x00, 0x00, 0x00, 0x01, 0x80, 0x7F, 0xFE, 0x01, 0x00, 0x3F, 0xFC, 0x02, 0x00, 0x7F, 0xFE, 0x0C, 0x30, 0x19, 0x98, 0x6F, 0xFC, 0x41, 0x82, 0x01, 0x80, 0x3F, 0xFC, 0x00, 0x00, 0x00, 0x00 }, // U+5949 奉
    { 0x00, 0x00, 0x00, 0x00, 0x01, 0x00, 0x01, 0x00, 0x7F, 0xFE, 0x06, 0x60, 0x0C, 0x20, 0x18, 0x18, 0x70, 0x0E, 0xFF, 0xFE, 0x31, 0x8C, 0x31, 0x8C, 0x3F, 0xFC, 0x31, 0x8C, 0x00, 0x00, 0x00, 0x00 }, // U+594B 奋
    { 0x00, 0x00, 0x00, 0x00, 0x01, 0x00, 0x03, 0x00, 0x7F, 0xFE, 0x04, 0x20, 0x09, 0x90, 0x31, 0x8C, 0xCF, 0xF2, 0x01, 0x80, 0x7F, 0xFE, 0x01, 0x80, 0x1F, 0xF8, 0x01, 0x80, 0x00, 0x00, 0x00, 0x00 }, // U+594E 奎
    { 0x00, 0x00, 0x00, 0x00, 0x01, 0x80, 0x01, 0x00, 0x7F, 0xFE, 0x01, 0x00, 0x3F, 0xFC, 0x02, 0x00, 0xFF, 0xFF, 0x0C, 0x30, 0x18, 0x18, 0x6F, 0xE4, 0x41, 0x02, 0x3F, 0xFC, 0x00, 0x00, 0x00, 0x00 }, // U+594F 奏
    { 0x00, 0x00, 0x00, 0x00, 0x08, 0xFE, 0x7F, 0x22, 0x08, 0x22, 0x08, 0x26, 0x7E, 0x66, 0x08, 0x46, 0x7F, 0x44, 0x08, 0x9C, 0x08, 0x80, 0x01, 0x80, 0x7F, 0xFE, 0x03, 0xC0, 0x00, 0x00, 0x00, 0x00 }, // U+5951 契
    { 0x00, 0x00, 0x00, 0x00, 0x01, 0x00, 0x7F, 0xFE, 0x02, 0x40, 0x0C, 0x30, 0x19, 0x9C, 0x71, 0x87, 0x4F, 0xF0, 0x01, 0x80, 0x09, 0x90, 0x08, 0x10, 0xFF, 0xFF, 0x08, 0x10, 0x00, 0x00, 0x00, 0x00 }, // U+5954 奔
    { 0x00, 0x00, 0x00, 0x00, 0x0C, 0x40, 0x4C, 0xC0, 0x6C, 0xFE, 0x2D, 0x86, 0x0F, 0x44, 0x1C, 0x68, 0x6C, 0x30, 0x4C, 0x60, 0x0D, 0x80, 0x01, 0x80, 0x7F, 0xFF, 0x03, 0xC0, 0x00, 0x00, 0x00, 0x00 }, // U+5956 奖
    { 0x00, 0x00, 0x00, 0x00, 0x01, 0x00, 0x03, 0x00, 0x7F, 0xFE, 0x0C, 0x30, 0x3F, 0xFC, 0xC8, 0x03, 0x0F, 0xF8, 0x08, 0x00, 0x0F, 0xF8, 0x08, 0x00, 0x7F, 0xFE, 0x0C, 0x00, 0x00, 0x00, 0x00, 0x00 }, // U+5957 套
    { 0x00, 0x00, 0x00, 0x00, 0x04, 0x00, 0x04, 0x20, 0x7F, 0xFE, 0x02, 0x40, 0x3F, 0xFC, 0x22, 0x44, 0x2C, 0x34, 0x20, 0x04, 0x3F, 0xFC, 0x01, 0x00, 0xFF, 0xFF, 0x03, 0xC0, 0x00, 0x00, 0x00, 0x00 }, // U+5960 奠
    { 0x00, 0x00, 0x00, 0x00, 0x01, 0x00, 0x7F, 0xFE, 0x0C, 0x20, 0x39, 0x18, 0x4F, 0xEE, 0x01, 0x30, 0x7F, 0xFE, 0x03, 0x80, 0x1F, 0xF8, 0x78, 0x08, 0x0F, 0xF8, 0x08, 0x08, 0x00, 0x00, 0x00, 0x00 }, // U+5962 奢
    { 0x00, 0x00, 0x00, 0x00, 0x01, 0x00, 0x01, 0x00, 0x3F, 0xFC, 0x20, 0x04, 0x21, 0x94, 0x25, 0xA4, 0x2F, 0xF4, 0x23, 0xC4, 0x29, 0xB4, 0x01, 0x80, 0x7F, 0xFE, 0x03, 0x40, 0x00, 0x00, 0x00, 0x00 }, // U+5965 奥
    { 0x00, 0x00, 0x00, 0x00, 0x02, 0x00, 0x02, 0x00, 0x06, 0x00, 0x04, 0x00, 0xFF, 0xFF, 0x0C, 0x10, 0x08, 0x10, 0x18, 0x30, 0x10, 0x20, 0x18, 0x60, 0x06, 0xC0, 0x01, 0xC0, 0x00, 0x00, 0x00, 0x00 }, // U+5973 女
    { 0x00, 0x00, 0x00, 0x00, 0x10, 0x00, 0x11, 0xFE, 0x10, 0x86, 0xFE, 0x84, 0x32, 0xC4, 0x22, 0x44, 0x22, 0x4C, 0x64, 0x48, 0x24, 0x38, 0x1C, 0x30, 0x0C, 0x38, 0x12, 0xCC, 0x00, 0x00, 0x00, 0x00 }, // U+5974 奴
    { 0x00, 0x00, 0x00, 0x00, 0x13, 0xFC, 0x30, 0x8C, 0x20, 0x88, 0xFC, 0x88, 0x24, 0x88, 0x24, 0x9E, 0x64, 0x82, 0x4C, 0x82, 0x68, 0x82, 0x39, 0x82, 0x19, 0x02, 0x37, 0x02, 0x00, 0x00, 0x00, 0x00 }, // U+5976 奶
    { 0x00, 0x00, 0x00, 0x00, 0x31, 0xFE, 0x30, 0x30, 0x20, 0x30, 0xFC, 0x30, 0x24, 0x30, 0x24, 0x30, 0x67, 0xFF, 0x4C, 0x30, 0x48, 0x30, 0x38, 0x30, 0x18, 0x30, 0x3C, 0x30, 0x00, 0x00, 0x00, 0x00 }, // U+5978 奸
    { 0x00, 0x00, 0x00, 0x00, 0x20, 0x20, 0x21, 0x20, 0xFD, 0x3E, 0x2D, 0xFE, 0x6F, 0x22, 0x49, 0x22, 0x49, 0x26, 0x49, 0x3C, 0x79, 0x20, 0x31, 0x21, 0x39, 0x03, 0x00, 0x00, 0x00, 0x00, 0x00, 0x00 }, // U+5979 她
    { 0x00, 0x00, 0x00, 0x00, 0x10, 0x00, 0x31, 0xFE, 0x20, 0x06, 0xFC, 0x0C, 0x24, 0x18, 0x24, 0x10, 0x64, 0x10, 0x47, 0xFF, 0x4C, 0x30, 0x28, 0x10, 0x18, 0x10, 0x1C, 0x10, 0x00, 0x00, 0x00, 0x00 }, // U+597D 好
    { 0x00, 0x00, 0x00, 0x00, 0x10, 0x00, 0x10, 0x00, 0x10, 0x7E, 0xFE, 0x46, 0x32, 0x42, 0x22, 0x42, 0x22, 0x42, 0x66, 0x42, 0x64, 0x42, 0x34, 0x42, 0x1C, 0x42, 0x1C, 0x42, 0x00, 0x00, 0x00, 0x00 }, // U+5982 如
    { 0x00, 0x00, 0x00, 0x00, 0x01, 0x00, 0x00, 0x80, 0xFF, 0xFF, 0x10, 0x00, 0x10, 0x00, 0x1F, 0xFC, 0x02, 0x00, 0x06, 0x00, 0x7F, 0xFE, 0x08, 0x10, 0x1C, 0x20, 0x03, 0xE0, 0x00, 0x00, 0x00, 0x00 }, // U+5984 妄
    { 0x00, 0x00, 0x00, 0x00, 0x18, 0x40, 0x18, 0x40, 0x58, 0x40, 0x5F, 0xFF, 0x38, 0x84, 0x18, 0x84, 0x19, 0x84, 0x19, 0x0C, 0x39, 0x88, 0x58, 0xD8, 0x18, 0x30, 0x18, 0xF8, 0x00, 0x00, 0x00, 0x00 }, // U+5986 妆
    { 0x00, 0x00, 0x00, 0x00, 0x31, 0xFE, 0x20, 0x02, 0x20, 0x02, 0xFC, 0x02, 0x24, 0x02, 0x24, 0x02, 0x65, 0xFE, 0x44, 0x02, 0x68, 0x02, 0x18, 0x02, 0x1C, 0x02, 0x34, 0x02, 0x00, 0x00, 0x00, 0x00 }, // U+5987 妇
    { 0x00, 0x00, 0x00, 0x00, 0x31, 0xFC, 0x30, 0x04, 0x20, 0x84, 0xFC, 0x84, 0x24, 0x84, 0x25, 0x84, 0x65, 0xFE, 0x4C, 0x02, 0x48, 0x02, 0x3B, 0xFA, 0x18, 0x02, 0x3C, 0x02, 0x00, 0x00, 0x00, 0x00 }, // U+5988 妈
    { 0x00, 0x00, 0x00, 0x00, 0x30, 0x06, 0x21, 0xFE, 0x20, 0x30, 0xFC, 0x30, 0x24, 0x30, 0x64, 0x30, 0x47, 0xFF, 0x48, 0x30, 0x68, 0x30, 0x38, 0x30, 0x18, 0x30, 0x24, 0x30, 0x00, 0x00, 0x00, 0x00 }, // U+598A 妊
    { 0x00, 0x00, 0x00, 0x00, 0x30, 0x20, 0x20, 0x10, 0x21, 0xFE, 0xFD, 0x02, 0x25, 0x02, 0x25, 0x02, 0x45, 0x02, 0x49, 0xFE, 0x69, 0x02, 0x39, 0x00, 0x19, 0x00, 0x27, 0x00, 0x00, 0x00, 0x00, 0x00 }, // U+5992 妒
    { 0x00, 0x00, 0x00, 0x00, 0x20, 0x20, 0x20, 0x20, 0x23, 0xFF, 0xFC, 0x30, 0x2C, 0x20, 0x65, 0xFE, 0x49, 0x86, 0x48, 0x84, 0x68, 0xCC, 0x38, 0x48, 0x18, 0x70, 0x24, 0x70, 0x00, 0x00, 0x00, 0x00 }, // U+5993 妓
    { 0x00, 0x00, 0x00, 0x00, 0x10, 0x06, 0x31, 0xFE, 0x20, 0x30, 0xFC, 0x30, 0x24, 0x30, 0x24, 0x20, 0x67, 0xFF, 0x4C, 0x30, 0x68, 0x30, 0x18, 0x50, 0x18, 0x48, 0x34, 0x8C, 0x00, 0x00, 0x00, 0x00 }, // U+5996 妖
    { 0x00, 0x00, 0x00, 0x00, 0x30, 0x20, 0x30, 0x20, 0x20, 0x20, 0xFC, 0xA8, 0x25, 0xA4, 0x25, 0x26, 0x65, 0x22, 0x4F, 0x20, 0x4A, 0x24, 0x28, 0x24, 0x18, 0x08, 0x18, 0x10, 0x00, 0x00, 0x00, 0x00 }, // U+5999 妙
    { 0x00, 0x00, 0x00, 0x00, 0x00, 0x1E, 0x3F, 0xF0, 0x01, 0x04, 0x01, 0x88, 0x10, 0x98, 0x1A, 0x10, 0x04, 0x00, 0xFF, 0xFF, 0x08, 0x30, 0x18, 0x30, 0x1C, 0x60, 0x07, 0xC0, 0x00, 0x00, 0x00, 0x00 }, // U+59A5 妥
    { 0x00, 0x00, 0x00, 0x00, 0x30, 0x20, 0x30, 0x30, 0x20, 0x10, 0x23, 0xFF, 0xFC, 0xC0, 0x24, 0xC0, 0x64, 0xFE, 0x4C, 0xC6, 0x48, 0x86, 0x38, 0x86, 0x18, 0x86, 0x2D, 0x84, 0x00, 0x00, 0x00, 0x00 }, // U+59A8 妨
    { 0x00, 0x00, 0x00, 0x00, 0x21, 0xFE, 0x21, 0x02, 0x21, 0x02, 0xFD, 0xFE, 0x69, 0x02, 0x69, 0x40, 0x49, 0x40, 0x49, 0x46, 0x59, 0x5C, 0x33, 0x70, 0x3A, 0x41, 0x2E, 0x41, 0x00, 0x00, 0x00, 0x00 }, // U+59AE 妮
    { 0x00, 0x00, 0x00, 0x00, 0x20, 0x20, 0x20, 0x20, 0x23, 0xFE, 0xFC, 0x20, 0x2C, 0x20, 0x68, 0x20, 0x4B, 0xFE, 0x48, 0x70, 0x48, 0x70, 0x38, 0xA8, 0x19, 0x2C, 0x2E, 0x26, 0x00, 0x00, 0x00, 0x00 }, // U+59B9 妹
    { 0x00, 0x00, 0x00, 0x00, 0x01, 0x00, 0x7F, 0xFE, 0x01, 0x00, 0x3F, 0xFC, 0x01, 0x04, 0xFF, 0xFF, 0x01, 0x04, 0x3F, 0xFC, 0x02, 0x00, 0xFF, 0xFF, 0x08, 0x30, 0x07, 0xE0, 0x00, 0x00, 0x00, 0x00 }, // U+59BB 妻
    { 0x00, 0x00, 0x00, 0x00, 0x20, 0x00, 0x21, 0xFC, 0x21, 0x04, 0xFD, 0x24, 0x2D, 0x24, 0x2D, 0x04, 0x6F, 0xFF, 0x49, 0x04, 0x49, 0x24, 0x49, 0x24, 0x39, 0x04, 0x1B, 0xFE, 0x00, 0x00, 0x00, 0x00 }, // U+59C6 姆
    { 0x00, 0x00, 0x00, 0x00, 0x30, 0x20, 0x30, 0x60, 0x20, 0x48, 0xFC, 0x84, 0x24, 0x86, 0x25, 0xFE, 0x65, 0x82, 0x44, 0x00, 0x49, 0xFE, 0x39, 0x06, 0x19, 0x06, 0x3D, 0x06, 0x00, 0x00, 0x00, 0x00 }, // U+59CB 始
    { 0x00, 0x00, 0x00, 0x00, 0x31, 0xFC, 0x21, 0x04, 0x21, 0x04, 0xFD, 0x04, 0x2D, 0xFC, 0x2D, 0x04, 0x49, 0x04, 0x49, 0x04, 0x69, 0xFC, 0x39, 0x04, 0x19, 0x04, 0x25, 0x04, 0x00, 0x00, 0x00, 0x00 }, // U+59D0 姐
    { 0x00, 0x00, 0x00, 0x00, 0x30, 0x30, 0x30, 0x30, 0x20, 0x30, 0xFF, 0xFF, 0x24, 0x30, 0x24, 0x30, 0x64, 0x30, 0x4D, 0xFE, 0x49, 0x02, 0x39, 0x02, 0x19, 0x02, 0x3D, 0x02, 0x00, 0x00, 0x00, 0x00 }, // U+59D1 姑
    { 0x00, 0x00, 0x00, 0x00, 0x30, 0x10, 0x30, 0x90, 0x20, 0x90, 0xFD, 0xFE, 0x25, 0x30, 0x25, 0x10, 0x46, 0x10, 0x48, 0x10, 0x69, 0xFE, 0x18, 0x30, 0x1C, 0x10, 0x24, 0x10, 0x00, 0x00, 0x00, 0x00 }, // U+59D3 姓
    { 0x00, 0x00, 0x00, 0x00, 0x00, 0x3C, 0x3F, 0xF0, 0x01, 0x80, 0x01, 0x80, 0x7F, 0xFE, 0x07, 0xE0, 0x19, 0x9C, 0x61, 0x86, 0x02, 0x00, 0x7F, 0xFE, 0x08, 0x10, 0x1C, 0x20, 0x00, 0x00, 0x00, 0x00 }, // U+59D4 委
    { 0x00, 0x00, 0x00, 0x00, 0x20, 0x90, 0x20, 0x90, 0x22, 0x92, 0xFA, 0x96, 0x6B, 0x94, 0x49, 0x94, 0x48, 0x90, 0x49, 0x98, 0x5B, 0x9E, 0x34, 0x92, 0x38, 0x91, 0x29, 0x11, 0x00, 0x00, 0x00, 0x00 }, // U+59DA 姚
    { 0x00, 0x00, 0x00, 0x00, 0x0C, 0x30, 0x04, 0x20, 0x7F, 0xFE, 0x01, 0x80, 0x7F, 0xFE, 0x7F, 0xFE, 0x02, 0x00, 0x06, 0x00, 0xFF, 0xFF, 0x08, 0x30, 0x0E, 0x60, 0x03, 0xE0, 0x00, 0x00, 0x00, 0x00 }, // U+59DC 姜
    { 0x00, 0x00, 0x00, 0x00, 0x20, 0x40, 0x20, 0x42, 0x21, 0xFE, 0xFC, 0x4C, 0x2C, 0x48, 0x6F, 0xFF, 0x68, 0x60, 0x48, 0xC0, 0x4B, 0x86, 0x7E, 0x98, 0x18, 0xE2, 0x38, 0x82, 0x00, 0x00, 0x00, 0x00 }, // U+59E5 姥
    { 0x00, 0x00, 0x00, 0x00, 0x20, 0x20, 0x23, 0xFE, 0x20, 0x20, 0xFB, 0xFE, 0x28, 0x22, 0x6B, 0xFE, 0x4A, 0x22, 0x4A, 0x20, 0x4B, 0xFE, 0x30, 0x62, 0x18, 0xD6, 0x28, 0x98, 0x00, 0x00, 0x00, 0x00 }, // U+59E8 姨
    { 0x00, 0x00, 0x00, 0x00, 0x23, 0xFE, 0x22, 0x10, 0x22, 0x10, 0xFE, 0x10, 0x2A, 0xFE, 0x6A, 0x86, 0x4A, 0x86, 0x4A, 0x86, 0x4A, 0x86, 0x7A, 0xFE, 0x32, 0x96, 0x3A, 0x10, 0x00, 0x00, 0x00, 0x00 }, // U+59EC 姬
    { 0x00, 0x00, 0x00, 0x00, 0x23, 0xFE, 0x22, 0x02, 0x22, 0x22, 0xFA, 0x22, 0x6B, 0xFE, 0x4A, 0x22, 0x4A, 0x22, 0x4A, 0x72, 0x5A, 0x5A, 0x72, 0xCA, 0x32, 0x8A, 0x3A, 0x02, 0x00, 0x00, 0x00, 0x00 }, // U+59FB 姻
    { 0x00, 0x00, 0x00, 0x00, 0x21, 0x00, 0x13, 0xFE, 0x02, 0x66, 0x08, 0x64, 0x10, 0xD0, 0x61, 0x8C, 0x46, 0x06, 0x02, 0x00, 0x7F, 0xFE, 0x0C, 0x10, 0x1C, 0x20, 0x03, 0xE0, 0x00, 0x00, 0x00, 0x00 }, // U+59FF 姿
    { 0x00, 0x00, 0x00, 0x00, 0x00, 0x24, 0x00, 0x24, 0x3F, 0xFF, 0x20, 0x20, 0x3F, 0xA0, 0x22, 0x22, 0x26, 0x26, 0x3F, 0xB4, 0x24, 0xB4, 0x28, 0x98, 0x2D, 0x18, 0x63, 0x11, 0x00, 0x00, 0x00, 0x00 }, // U+5A01 威
    { 0x00, 0x00, 0x00, 0x00, 0x20, 0x20, 0x20, 0x20, 0x23, 0xFE, 0xF8, 0x20, 0x68, 0x20, 0x48, 0x20, 0x4B, 0xFF, 0x48, 0x00, 0x48, 0x20, 0x7B, 0xFE, 0x30, 0x20, 0x38, 0x20, 0x00, 0x00, 0x00, 0x00 }, // U+5A03 娃
    { 0x00, 0x00, 0x00, 0x08, 0x11, 0x98, 0x09, 0x90, 0x01, 0x80, 0x7F, 0xFE, 0x07, 0xE0, 0x3D, 0xBC, 0x61, 0x86, 0x06, 0x00, 0x7F, 0xFE, 0x08, 0x30, 0x1C, 0x20, 0x07, 0xC0, 0x00, 0x00, 0x00, 0x00 }, // U+5A04 娄
    { 0x00, 0x00, 0x00, 0x00, 0x20, 0x04, 0x23, 0xFE, 0x20, 0x20, 0xFC, 0x20, 0x2F, 0xFE, 0x6C, 0x50, 0x48, 0x88, 0x49, 0x04, 0x6A, 0x8A, 0x38, 0x88, 0x18, 0x88, 0x25, 0x88, 0x00, 0x00, 0x00, 0x00 }, // U+5A07 娇
    { 0x00, 0x00, 0x00, 0x00, 0x20, 0x20, 0x23, 0xFC, 0x23, 0x04, 0xFF, 0x04, 0x2B, 0xFC, 0x6B, 0x04, 0x4B, 0x04, 0x4B, 0xFC, 0x4B, 0x42, 0x7B, 0x24, 0x33, 0x38, 0x3B, 0x78, 0x00, 0x00, 0x00, 0x00 }, // U+5A18 娘
    { 0x00, 0x00, 0x00, 0x00, 0x20, 0x00, 0x27, 0xDE, 0x22, 0x52, 0xFA, 0x52, 0x2F, 0xD6, 0x4A, 0x54, 0x4A, 0x54, 0x52, 0x52, 0x57, 0xD3, 0x72, 0x51, 0x32, 0x53, 0x2A, 0x5E, 0x00, 0x00, 0x00, 0x00 }, // U+5A1C 娜
    { 0x00, 0x00, 0x00, 0x00, 0x21, 0xFE, 0x21, 0x06, 0x21, 0x06, 0xFD, 0xFE, 0x28, 0x00, 0x6B, 0xFE, 0x4A, 0x02, 0x4A, 0x02, 0x4B, 0xFE, 0x7A, 0x02, 0x33, 0xFE, 0x3A, 0x02, 0x00, 0x00, 0x00, 0x00 }, // U+5A1F 娟
    { 0x00, 0x00, 0x00, 0x00, 0x23, 0xFE, 0x22, 0x00, 0x22, 0x00, 0xFA, 0xFE, 0x6A, 0x00, 0x4A, 0x00, 0x4B, 0xFF, 0x4A, 0x90, 0x52, 0x92, 0x32, 0x9C, 0x32, 0x88, 0x2E, 0x9C, 0x00, 0x00, 0x00, 0x00 }, // U+5A20 娠
    { 0x00, 0x00, 0x00, 0x00, 0x20, 0x10, 0x20, 0xD0, 0x23, 0x90, 0xF8, 0x94, 0x68, 0x92, 0x4F, 0xFF, 0x49, 0x90, 0x48, 0x92, 0x51, 0xF6, 0x37, 0x9C, 0x38, 0x99, 0x28, 0xB9, 0x00, 0x00, 0x00, 0x00 }, // U+5A25 娥
    { 0x00, 0x00, 0x00, 0x00, 0x20, 0xC0, 0x20, 0xFC, 0xF9, 0x08, 0x2A, 0x18, 0x6F, 0xFE, 0x4A, 0x22, 0x4A, 0x22, 0x4B, 0xFE, 0x6A, 0x62, 0x18, 0x50, 0x18, 0xD1, 0x25, 0x91, 0x00, 0x00, 0x00, 0x00 }, // U+5A29 娩
    { 0x00, 0x00, 0x00, 0x00, 0x20, 0x00, 0x21, 0xFC, 0x21, 0x04, 0xFD, 0x04, 0x25, 0xFC, 0x6D, 0x04, 0x48, 0x00, 0x4B, 0xFE, 0x68, 0x20, 0x3B, 0xFF, 0x18, 0x70, 0x24, 0xD8, 0x00, 0x00, 0x00, 0x00 }, // U+5A31 娱
    { 0x00, 0x00, 0x00, 0x00, 0x7F, 0xFE, 0x22, 0x46, 0x3E, 0x64, 0x22, 0x38, 0x3E, 0x38, 0x22, 0x7E, 0xFF, 0xC2, 0x02, 0x00, 0xFF, 0xFF, 0x08, 0x10, 0x0E, 0x20, 0x03, 0xE0, 0x00, 0x00, 0x00, 0x00 }, // U+5A36 娶
    { 0x00, 0x00, 0x00, 0x00, 0x20, 0x20, 0x13, 0xFE, 0x62, 0x22, 0x03, 0xFE, 0x07, 0x84, 0x14, 0xD8, 0x2C, 0xF8, 0x4B, 0x86, 0x02, 0x00, 0x7F, 0xFE, 0x08, 0x30, 0x0E, 0x60, 0x00, 0x00, 0x00, 0x00 }, // U+5A46 婆
    { 0x00, 0x00, 0x00, 0x00, 0x20, 0x20, 0x20, 0x20, 0x23, 0xFE, 0xFA, 0x02, 0x69, 0x02, 0x49, 0xDE, 0x4A, 0x52, 0x5A, 0x52, 0x57, 0xD2, 0x34, 0x9E, 0x38, 0x90, 0x29, 0x13, 0x00, 0x00, 0x00, 0x00 }, // U+5A49 婉
    { 0x00, 0x00, 0x00, 0x00, 0x20, 0x04, 0x23, 0xFC, 0x23, 0x10, 0xFB, 0xFF, 0x2B, 0x11, 0x6B, 0x09, 0x4B, 0xEE, 0x48, 0x00, 0x49, 0xFE, 0x79, 0x02, 0x31, 0xFE, 0x39, 0x02, 0x00, 0x00, 0x00, 0x00 }, // U+5A5A 婚
    { 0x00, 0x00, 0x00, 0x00, 0x08, 0x10, 0x08, 0x10, 0x7F, 0xFE, 0x1C, 0x30, 0x2E, 0x58, 0x4A, 0x96, 0x49, 0x12, 0x02, 0x00, 0xFF, 0xFF, 0x0C, 0x30, 0x08, 0x60, 0x07, 0xC0, 0x00, 0x00, 0x00, 0x00 }, // U+5A6A 婪
    { 0x00, 0x00, 0x00, 0x00, 0x7E, 0x7E, 0x62, 0x42, 0x6A, 0x52, 0x6A, 0x52, 0x7A, 0x52, 0x3C, 0x3C, 0x62, 0xC2, 0x02, 0x00, 0xFF, 0xFF, 0x08, 0x10, 0x0E, 0x60, 0x03, 0xE0, 0x00, 0x00, 0x00, 0x00 }, // U+5A74 婴
    { 0x00, 0x00, 0x00, 0x00, 0x20, 0x20, 0x20, 0x20, 0x23, 0xFE, 0xFE, 0x02, 0x28, 0x20, 0x6B, 0xFE, 0x4B, 0x22, 0x4B, 0xFE, 0x4A, 0x22, 0x7A, 0x22, 0x33, 0xFE, 0x3B, 0x22, 0x00, 0x00, 0x00, 0x00 }, // U+5A76 婶
    { 0x00, 0x00, 0x00, 0x00, 0x23, 0xFE, 0x20, 0x22, 0x21, 0x3E, 0xF9, 0xA0, 0x2B, 0xFF, 0x4E, 0x00, 0x4B, 0xFE, 0x4B, 0x06, 0x5B, 0xFE, 0x73, 0x06, 0x33, 0xFE, 0x3B, 0x06, 0x00, 0x00, 0x00, 0x00 }, // U+5A7F 婿
    { 0x00, 0x00, 0x00, 0x00, 0x21, 0x04, 0x21, 0x04, 0x27, 0xFF, 0xFD, 0x04, 0x29, 0xFC, 0x69, 0x04, 0x49, 0x04, 0x49, 0xFC, 0x58, 0x20, 0x37, 0xFF, 0x38, 0xF8, 0x29, 0xA8, 0x00, 0x00, 0x00, 0x00 }, // U+5A92 媒
    { 0x00, 0x00, 0x00, 0x00, 0x23, 0xFE, 0x22, 0x22, 0x22, 0x22, 0xFB, 0xFE, 0x2A, 0x00, 0x4A, 0xFE, 0x4A, 0x82, 0x4A, 0xFE, 0x52, 0x82, 0x32, 0xFE, 0x32, 0x82, 0x2C, 0x82, 0x00, 0x00, 0x00, 0x00 }, // U+5A9A 媚
    { 0x00, 0x00, 0x00, 0x00, 0x20, 0x40, 0x20, 0x40, 0x23, 0xFE, 0xFA, 0x06, 0x6B, 0xFE, 0x4A, 0x06, 0x4B, 0xFE, 0x4A, 0x06, 0x5B, 0xFE, 0x30, 0x26, 0x33, 0xAE, 0x2E, 0x8A, 0x00, 0x00, 0x00, 0x00 }, // U+5AB3 媳
    { 0x00, 0x00, 0x00, 0x00, 0x20, 0x20, 0x20, 0x20, 0x23, 0xFE, 0xFA, 0x02, 0x68, 0x00, 0x4B, 0xFE, 0x48, 0x60, 0x49, 0xE2, 0x5A, 0x7C, 0x31, 0xBC, 0x3A, 0x74, 0x29, 0xD2, 0x00, 0x00, 0x00, 0x00 }, // U+5AC1 嫁
    { 0x00, 0x00, 0x00, 0x00, 0x20, 0x20, 0x20, 0xA0, 0x23, 0x3E, 0xFA, 0x22, 0x6B, 0xAE, 0x4A, 0x22, 0x4A, 0x22, 0x4B, 0xFE, 0x78, 0x20, 0x33, 0xFC, 0x38, 0x8C, 0x2C, 0x78, 0x00, 0x00, 0x00, 0x00 }, // U+5AC2 嫂
    { 0x00, 0x00, 0x00, 0x00, 0x20, 0x20, 0x20, 0x30, 0x61, 0xFE, 0xF9, 0x00, 0x4D, 0x40, 0x5F, 0x7E, 0x57, 0x50, 0x51, 0x90, 0x57, 0x10, 0x36, 0xFE, 0x32, 0x10, 0x2A, 0x28, 0x00, 0x00, 0x00, 0x00 }, // U+5AC9 嫉
    { 0x00, 0x00, 0x00, 0x00, 0x20, 0x88, 0x20, 0x98, 0x23, 0xFF, 0xF8, 0x90, 0x6B, 0xFE, 0x48, 0x92, 0x4F, 0xFF, 0x48, 0x92, 0x53, 0xFE, 0x30, 0x9A, 0x31, 0x98, 0x2B, 0x94, 0x00, 0x00, 0x00, 0x00 }, // U+5ACC 嫌
    { 0x00, 0x00, 0x00, 0x00, 0x20, 0x20, 0x20, 0x20, 0x27, 0xFF, 0xF8, 0x88, 0x68, 0x98, 0x4B, 0xFE, 0x4A, 0x22, 0x5A, 0xFA, 0x52, 0x22, 0x32, 0xFA, 0x3A, 0x8A, 0x2A, 0xFA, 0x00, 0x00, 0x00, 0x00 }, // U+5AE1 嫡
    { 0x00, 0x00, 0x00, 0x00, 0x21, 0x08, 0x21, 0x08, 0x27, 0xE8, 0xF9, 0x1F, 0x6F, 0xD2, 0x4D, 0x72, 0x55, 0x72, 0x55, 0x4A, 0x57, 0xCC, 0x31, 0x0C, 0x33, 0xCC, 0x2D, 0x2C, 0x00, 0x00, 0x00, 0x00 }, // U+5AE9 嫩
    { 0x00, 0x00, 0x00, 0x00, 0x3F, 0xFC, 0x00, 0x1C, 0x00, 0x30, 0x00, 0xC0, 0x00, 0x80, 0x00, 0x80, 0xFF, 0xFF, 0x01, 0x80, 0x00, 0x80, 0x00, 0x80, 0x00, 0x80, 0x00, 0x00, 0x00, 0x00, 0x00, 0x00 }, // U+5B50 子
    { 0x00, 0x00, 0x00, 0x00, 0x00, 0x20, 0x7F, 0x20, 0x03, 0x20, 0x06, 0x20, 0x04, 0x20, 0x0C, 0x20, 0x0F, 0xA0, 0x7E, 0x20, 0xE8, 0x20, 0x08, 0x22, 0x08, 0x23, 0x08, 0x23, 0x00, 0x00, 0x00, 0x00 }, // U+5B54 孔
    { 0x00, 0x00, 0x00, 0x00, 0x7F, 0xF0, 0x08, 0x10, 0x08, 0x30, 0x18, 0x3E, 0x10, 0x02, 0x37, 0xE2, 0x60, 0x62, 0x40, 0x9C, 0x00, 0x80, 0xFF, 0xFF, 0x00, 0x80, 0x00, 0x80, 0x00, 0x00, 0x00, 0x00 }, // U+5B55 孕
    { 0x00, 0x00, 0x00, 0x00, 0x01, 0x00, 0x00, 0x80, 0x7F, 0xFE, 0x40, 0x02, 0x40, 0x02, 0x1F, 0xF8, 0x00, 0x30, 0x00, 0xE0, 0xFF, 0xFF, 0x00, 0x80, 0x00, 0x80, 0x00, 0x80, 0x00, 0x00, 0x00, 0x00 }, // U+5B57 字
    { 0x00, 0x00, 0x00, 0x00, 0x04, 0x00, 0x04, 0x00, 0xFF, 0xFF, 0x0C, 0x00, 0x08, 0x00, 0x13, 0xFE, 0x30, 0x1C, 0x30, 0x20, 0x70, 0x20, 0x17, 0xFF, 0x10, 0x20, 0x10, 0x20, 0x00, 0x00, 0x00, 0x00 }, // U+5B58 存
    { 0x00, 0x00, 0x00, 0x00, 0xFC, 0x30, 0x0C, 0x30, 0x08, 0x30, 0x18, 0x30, 0x10, 0x34, 0x14, 0xB4, 0x39, 0xB4, 0x71, 0x32, 0x91, 0x32, 0x13, 0x32, 0x12, 0x33, 0x10, 0x30, 0x00, 0x00, 0x00, 0x00 }, // U+5B59 孙
    { 0x00, 0x00, 0x00, 0x00, 0x7F, 0x40, 0x02, 0x40, 0x04, 0x40, 0x0C, 0xFE, 0x18, 0x84, 0x1C, 0x84, 0x7D, 0x8C, 0xD9, 0xC8, 0x18, 0x48, 0x18, 0x78, 0x18, 0x30, 0x18, 0x78, 0x00, 0x00, 0x00, 0x00 }, // U+5B5C 孜
    { 0x00, 0x00, 0x00, 0x00, 0x03, 0x00, 0x03, 0x04, 0x3F, 0xFC, 0x03, 0x18, 0x03, 0x30, 0xFF, 0xFF, 0x03, 0x80, 0x1F, 0xF0, 0x30, 0x30, 0x40, 0x60, 0x3F, 0xFE, 0x00, 0x80, 0x00, 0x00, 0x00, 0x00 }, // U+5B5D 孝
    { 0x00, 0x00, 0x00, 0x00, 0x1F, 0xFC, 0x00, 0x38, 0x00, 0xE0, 0x7F, 0xFF, 0x00, 0x80, 0x00, 0x80, 0x07, 0x80, 0x00, 0x00, 0x3F, 0xFC, 0x22, 0x44, 0x22, 0x44, 0x00, 0x00, 0x00, 0x00, 0x00, 0x00 }, // U+5B5F 孟
    { 0x00, 0x00, 0x00, 0x00, 0x00, 0x7C, 0x3F, 0xC0, 0x01, 0x80, 0xFF, 0xFE, 0x07, 0xE0, 0x0D, 0xB0, 0x30, 0x0C, 0xDF, 0xF3, 0x00, 0x60, 0x00, 0x80, 0xFF, 0xFF, 0x00, 0x80, 0x00, 0x00, 0x00, 0x00 }, // U+5B63 季
    { 0x00, 0x00, 0x00, 0x00, 0x00, 0x1C, 0xFF, 0xF8, 0x0A, 0x48, 0x1A, 0x48, 0x12, 0x48, 0x32, 0x48, 0x36, 0x48, 0x3A, 0x48, 0x72, 0x4C, 0x32, 0x44, 0x32, 0x54, 0x32, 0x54, 0x00, 0x00, 0x00, 0x00 }, // U+5B64 孤
    { 0x00, 0x00, 0x00, 0x00, 0x21, 0x08, 0x11, 0x18, 0x08, 0x90, 0x7F, 0xFE, 0x40, 0x02, 0x40, 0x02, 0x1F, 0xF0, 0x00, 0x70, 0x00, 0x80, 0xFF, 0xFF, 0x00, 0x80, 0x00, 0x80, 0x00, 0x00, 0x00, 0x00 }, // U+5B66 学
    { 0x00, 0x00, 0x00, 0x00, 0x00, 0x20, 0xFC, 0x20, 0x0F, 0xFF, 0x08, 0x40, 0x18, 0x88, 0x11, 0x88, 0x1D, 0xF0, 0x70, 0x22, 0xF0, 0x64, 0x10, 0xCC, 0x13, 0x18, 0x16, 0x7C, 0x00, 0x00, 0x00, 0x00 }, // U+5B69 孩
    { 0x00, 0x00, 0x00, 0x00, 0x01, 0x00, 0x01, 0x80, 0x7F, 0xFE, 0x16, 0x68, 0x32, 0x4C, 0x62, 0x46, 0x42, 0x42, 0x1F, 0xF8, 0x00, 0x30, 0x00, 0xC0, 0xFF, 0xFF, 0x00, 0x80, 0x00, 0x00, 0x00, 0x00 }, // U+5B6A 孪
    { 0x00, 0x00, 0x00, 0x00, 0x10, 0x60, 0xFF, 0x60, 0x00, 0x60, 0x7E, 0xFC, 0x42, 0x6C, 0x7E, 0x4C, 0x00, 0x4C, 0x7E, 0xCC, 0x06, 0x6C, 0x0C, 0x6C, 0x1A, 0xDD, 0xFE, 0x85, 0x00, 0x00, 0x00, 0x00 }, // U+5B70 孰
    { 0x00, 0x00, 0x00, 0x00, 0x10, 0x06, 0x67, 0xFE, 0x44, 0x80, 0x54, 0xCA, 0x74, 0xEA, 0x77, 0xA0, 0x75, 0xBE, 0x54, 0x84, 0x74, 0x88, 0x54, 0xFF, 0x17, 0x08, 0x24, 0x08, 0x00, 0x00, 0x00, 0x00 }, // U+5B75 孵
    { 0x00, 0x00, 0x00, 0x00, 0xFB, 0xFE, 0x08, 0x20, 0x1B, 0xFE, 0x12, 0x22, 0x33, 0xAE, 0x30, 0x20, 0x39, 0xAC, 0x70, 0x00, 0xB3, 0xFF, 0x30, 0x40, 0x33, 0xFE, 0x32, 0x52, 0x00, 0x00, 0x00, 0x00 }, // U+5B7A 孺
    { 0x00, 0x00, 0x00, 0x00, 0x04, 0x20, 0xFF, 0xFF, 0x14, 0x30, 0x7E, 0xFE, 0x42, 0x44, 0x7F, 0xFE, 0x42, 0x10, 0x7E, 0xFE, 0x40, 0x10, 0x0F, 0xF0, 0x00, 0x60, 0xFF, 0xFF, 0x00, 0x00, 0x00, 0x00 }, // U+5B7D 孽
    { 0x00, 0x00, 0x00, 0x00, 0x01, 0x00, 0x00, 0x80, 0x7F, 0xFE, 0x40, 0x02, 0x40, 0x02, 0x00, 0x00, 0xFF, 0xFF, 0x00, 0x80, 0x00, 0x80, 0x00, 0x80, 0x00, 0x80, 0x00, 0x80, 0x00, 0x00, 0x00, 0x00 }, // U+5B81 宁
    { 0x00, 0x00, 0x00, 0x00, 0x01, 0x00, 0x00, 0x80, 0x7F, 0xFE, 0x40, 0x02, 0x40, 0x02, 0x10, 0x00, 0x10, 0x0C, 0x10, 0x78, 0x1B, 0xC0, 0x1E, 0x00, 0x18, 0x02, 0x10, 0x02, 0x00, 0x00, 0x00, 0x00 }, // U+5B83 它
    { 0x00, 0x00, 0x00, 0x00, 0x01, 0x00, 0x01, 0x80, 0x7F, 0xFE, 0x40, 0x02, 0x00, 0x78, 0x3F, 0xC0, 0x03, 0x00, 0x03, 0x00, 0x03, 0xFE, 0x7F, 0x80, 0x03, 0x02, 0x03, 0x02, 0x00, 0x00, 0x00, 0x00 }, // U+5B85 宅
    { 0x00, 0x00, 0x00, 0x00, 0x01, 0x00, 0x01, 0x80, 0x7F, 0xFE, 0x40, 0x02, 0x00, 0x00, 0x3F, 0xFC, 0x00, 0x80, 0x00, 0x80, 0xFF, 0xFF, 0x00, 0x80, 0x00, 0x80, 0x00, 0x80, 0x00, 0x00, 0x00, 0x00 }, // U+5B87 宇
    { 0x00, 0x00, 0x00, 0x00, 0x01, 0x00, 0x01, 0x80, 0x7F, 0xFE, 0x60, 0x02, 0x40, 0x32, 0x00, 0x30, 0x7F, 0xFE, 0x00, 0x30, 0x10, 0x30, 0x18, 0x30, 0x0C, 0x30, 0x04, 0x30, 0x00, 0x00, 0x00, 0x00 }, // U+5B88 守
    { 0x00, 0x00, 0x00, 0x00, 0x01, 0x00, 0x00, 0x80, 0x7F, 0xFE, 0x40, 0x02, 0x42, 0x02, 0x06, 0x00, 0xFF, 0xFF, 0x0C, 0x10, 0x08, 0x30, 0x18, 0x20, 0x07, 0x60, 0x01, 0xC0, 0x00, 0x00, 0x00, 0x00 }, // U+5B89 安
    { 0x00, 0x00, 0x00, 0x00, 0x01, 0x00, 0x01, 0x80, 0x7F, 0xFE, 0x40, 0x02, 0x41, 0x82, 0x01, 0x80, 0x01, 0x80, 0xFF, 0xFF, 0x03, 0xC0, 0x07, 0xE0, 0x0D, 0xB0, 0x19, 0x98, 0x00, 0x00, 0x00, 0x00 }, // U+5B8B 宋
    { 0x00, 0x00, 0x00, 0x00, 0x01, 0x00, 0x01, 0x80, 0x7F, 0xFE, 0x40, 0x02, 0x00, 0x00, 0x1F, 0xFC, 0x00, 0x00, 0x00, 0x00, 0x7F, 0xFE, 0x04, 0x40, 0x04, 0x40, 0x0C, 0x43, 0x00, 0x00, 0x00, 0x00 }, // U+5B8C 完
    { 0x00, 0x00, 0x00, 0x00, 0x01, 0x00, 0x01, 0x80, 0x7F, 0xFE, 0x40, 0x02, 0x40, 0x02, 0x06, 0x00, 0x7F, 0xFF, 0x0C, 0x00, 0x08, 0x80, 0x19, 0x90, 0x31, 0x18, 0x22, 0x0C, 0x00, 0x00, 0x00, 0x00 }, // U+5B8F 宏
    { 0x00, 0x00, 0x00, 0x00, 0x01, 0x00, 0x01, 0x80, 0x7F, 0xFE, 0x40, 0x02, 0x40, 0x02, 0x1F, 0xF8, 0x00, 0x00, 0x00, 0x00, 0xFF, 0xFF, 0x01, 0x80, 0x09, 0x90, 0x31, 0x98, 0x00, 0x00, 0x00, 0x00 }, // U+5B97 宗
    { 0x00, 0x00, 0x00, 0x00, 0x01, 0x00, 0x00, 0x80, 0x7F, 0xFE, 0x40, 0x02, 0x1F, 0xF8, 0x10, 0x08, 0x10, 0x08, 0x1F, 0xF8, 0x10, 0x08, 0x10, 0x00, 0x1F, 0xFC, 0x10, 0x0C, 0x00, 0x00, 0x00, 0x00 }, // U+5B98 官
    { 0x00, 0x00, 0x00, 0x00, 0x01, 0x00, 0x00, 0x80, 0x7F, 0xFE, 0x40, 0x02, 0x40, 0x02, 0x01, 0x80, 0x3F, 0xFC, 0x21, 0x84, 0x21, 0x84, 0x3F, 0xFC, 0x21, 0x84, 0x21, 0x84, 0x00, 0x00, 0x00, 0x00 }, // U+5B99 宙
    { 0x00, 0x00, 0x00, 0x00, 0x01, 0x00, 0x01, 0x80, 0x7F, 0xFE, 0x40, 0x02, 0x00, 0x02, 0x7F, 0xFE, 0x00, 0x80, 0x10, 0x80, 0x10, 0x80, 0x10, 0xFC, 0x30, 0x80, 0x38, 0x80, 0x00, 0x00, 0x00, 0x00 }, // U+5B9A 定
    { 0x00, 0x00, 0x00, 0x00, 0x01, 0x00, 0x00, 0x80, 0x7F, 0xFE, 0x40, 0x02, 0x50, 0x02, 0x1F, 0x7C, 0x33, 0x44, 0x22, 0x44, 0x22, 0x44, 0x5E, 0x44, 0x4C, 0x78, 0x0C, 0x42, 0x00, 0x00, 0x00, 0x00 }, // U+5B9B 宛
    { 0x00, 0x00, 0x00, 0x00, 0x01, 0x00, 0x01, 0x80, 0x7F, 0xFE, 0x40, 0x02, 0x40, 0x02, 0x1F, 0xF8, 0x18, 0x08, 0x10, 0x08, 0x1F, 0xF8, 0x18, 0x08, 0x1F, 0xF8, 0x18, 0x08, 0x00, 0x00, 0x00, 0x00 }, // U+5B9C 宜
    { 0x00, 0x00, 0x00, 0x00, 0x01, 0x00, 0x01, 0x80, 0x7F, 0xFE, 0x40, 0x02, 0x00, 0x00, 0x7F, 0xFE, 0x01, 0x80, 0x01, 0x80, 0x3F, 0xFC, 0x01, 0x80, 0x01, 0x80, 0x01, 0x98, 0x00, 0x00, 0x00, 0x00 }, // U+5B9D 宝
    { 0x00, 0x00, 0x00, 0x00, 0x01, 0x00, 0x00, 0x80, 0x7F, 0xFE, 0x40, 0x02, 0x48, 0x42, 0x04, 0x40, 0x32, 0x40, 0x18, 0x40, 0x04, 0xC0, 0x7F, 0xFF, 0x01, 0x80, 0x03, 0xC0, 0x00, 0x00, 0x00, 0x00 }, // U+5B9E 实
    { 0x00, 0x00, 0x00, 0x00, 0x01, 0x00, 0x01, 0x80, 0x7F, 0xFE, 0x40, 0x02, 0x44, 0x22, 0x04, 0x10, 0x7F, 0xFE, 0x04, 0x80, 0x04, 0x8C, 0x0C, 0xB8, 0x09, 0xE2, 0x13, 0x83, 0x00, 0x00, 0x00, 0x00 }, // U+5BA0 宠
    { 0x00, 0x00, 0x00, 0x00, 0x01, 0x00, 0x01, 0x80, 0x7F, 0xFE, 0x40, 0x02, 0x00, 0x00, 0x3F, 0xFC, 0x21, 0x84, 0x21, 0x84, 0x3F, 0xFC, 0x21, 0x84, 0x21, 0x84, 0x3F, 0xFC, 0x00, 0x00, 0x00, 0x00 }, // U+5BA1 审
    { 0x00, 0x00, 0x00, 0x00, 0x01, 0x00, 0x01, 0x80, 0x7F, 0xFE, 0x44, 0x02, 0x0F, 0xF8, 0x1C, 0x10, 0x26, 0x60, 0x43, 0xC0, 0x07, 0x70, 0x3C, 0x1F, 0xFF, 0xF8, 0x10, 0x08, 0x00, 0x00, 0x00, 0x00 }, // U+5BA2 客
    { 0x00, 0x00, 0x00, 0x00, 0x01, 0x00, 0x01, 0x80, 0x7F, 0xFE, 0x40, 0x02, 0x5F, 0xFA, 0x00, 0x00, 0x1F, 0xF8, 0x10, 0x08, 0x1F, 0xF8, 0x10, 0x08, 0x1F, 0xF8, 0x10, 0x08, 0x00, 0x00, 0x00, 0x00 }, // U+5BA3 宣
    { 0x00, 0x00, 0x00, 0x00, 0x01, 0x00, 0x01, 0x80, 0x7F, 0xFE, 0x40, 0x02, 0x1F, 0xFC, 0x06, 0x00, 0x0C, 0x38, 0x3F, 0xFC, 0x3F, 0x84, 0x01, 0x80, 0x3F, 0xFC, 0x01, 0x80, 0x00, 0x00, 0x00, 0x00 }, // U+5BA4 室
    { 0x00, 0x00, 0x00, 0x00, 0x01, 0x00, 0x00, 0x80, 0x7F, 0xFE, 0x40, 0x02, 0x3F, 0xFC, 0x20, 0x80, 0x20, 0x80, 0x3F, 0xFC, 0x20, 0x04, 0x20, 0x04, 0x3F, 0xFC, 0x20, 0x84, 0x00, 0x00, 0x00, 0x00 }, // U+5BA6 宦
    { 0x00, 0x00, 0x00, 0x00, 0x01, 0x00, 0x01, 0x80, 0x7F, 0xFE, 0x40, 0x02, 0x59, 0x82, 0x11, 0x80, 0x3F, 0xFC, 0x21, 0x80, 0x01, 0x80, 0x7F, 0xFE, 0x04, 0x40, 0x04, 0x40, 0x00, 0x00, 0x00, 0x00 }, // U+5BAA 宪
    { 0x00, 0x00, 0x00, 0x00, 0x01, 0x00, 0x01, 0x80, 0x7F, 0xFE, 0x40, 0x02, 0x1F, 0xF8, 0x10, 0x08, 0x10, 0x08, 0x1F, 0xF8, 0x10, 0x08, 0x00, 0x00, 0x3F, 0xFC, 0x20, 0x04, 0x00, 0x00, 0x00, 0x00 }, // U+5BAB 宫
    { 0x00, 0x00, 0x00, 0x00, 0x01, 0x00, 0x00, 0x80, 0x7F, 0xFE, 0x41, 0x02, 0x41, 0x82, 0x3F, 0xFC, 0x08, 0x10, 0x0C, 0x20, 0xFF, 0xFF, 0x01, 0x80, 0x01, 0x80, 0x7F, 0xFE, 0x00, 0x00, 0x00, 0x00 }, // U+5BB0 宰
    { 0x00, 0x00, 0x00, 0x00, 0x01, 0x00, 0x01, 0x80, 0x7F, 0xFE, 0x41, 0x82, 0x3F, 0xFC, 0x01, 0x80, 0x3F, 0xFC, 0x01, 0x80, 0x7F, 0xFE, 0x01, 0x80, 0x1F, 0xF8, 0x10, 0x08, 0x00, 0x00, 0x00, 0x00 }, // U+5BB3 害
    { 0x00, 0x00, 0x00, 0x00, 0x01, 0x00, 0x01, 0x80, 0x7F, 0xFE, 0x40, 0x02, 0x5F, 0xFA, 0x10, 0x08, 0x1F, 0xF8, 0x10, 0x08, 0x1F, 0xF8, 0x06, 0x00, 0xFF, 0xFF, 0x0C, 0x20, 0x00, 0x00, 0x00, 0x00 }, // U+5BB4 宴
    { 0x00, 0x00, 0x00, 0x00, 0x01, 0x00, 0x01, 0x80, 0x7F, 0xFE, 0x40, 0x02, 0x41, 0x9A, 0x59, 0x90, 0x3F, 0xFC, 0x20, 0x04, 0x3F, 0xFC, 0x20, 0x04, 0x3F, 0xFC, 0x20, 0x04, 0x00, 0x00, 0x00, 0x00 }, // U+5BB5 宵
    { 0x00, 0x00, 0x00, 0x00, 0x01, 0x00, 0x01, 0x80, 0x7F, 0xFE, 0x40, 0x02, 0x3F, 0xFC, 0x06, 0x00, 0x1F, 0x00, 0x63, 0x0C, 0x06, 0xB0, 0x18, 0xF0, 0x61, 0xD8, 0x06, 0x4C, 0x00, 0x00, 0x00, 0x00 }, // U+5BB6 家
    { 0x00, 0x00, 0x00, 0x00, 0x01, 0x00, 0x01, 0x80, 0x7F, 0xFE, 0x40, 0x02, 0x44, 0x22, 0x19, 0x98, 0x63, 0xC6, 0x0C, 0x30, 0x38, 0x1C, 0xFF, 0xFE, 0x10, 0x08, 0x10, 0x08, 0x00, 0x00, 0x00, 0x00 }, // U+5BB9 容
    { 0x00, 0x00, 0x00, 0x00, 0x01, 0x00, 0x01, 0x80, 0x7F, 0xFE, 0x40, 0x02, 0x04, 0x20, 0x7F, 0xFF, 0x04, 0x20, 0x3F, 0xF8, 0x20, 0x08, 0x21, 0x08, 0x21, 0x89, 0x02, 0x8B, 0x00, 0x00, 0x00, 0x00 }, // U+5BBD 宽
    { 0x00, 0x00, 0x00, 0x00, 0x01, 0x00, 0x01, 0x80, 0x7F, 0xFE, 0x40, 0x02, 0x40, 0x3A, 0x1F, 0xE0, 0x10, 0x00, 0x10, 0x00, 0x1F, 0xFE, 0x10, 0x20, 0x10, 0x20, 0xFF, 0xFF, 0x00, 0x00, 0x00, 0x00 }, // U+5BBE 宾
    { 0x00, 0x00, 0x00, 0x00, 0x01, 0x00, 0x00, 0x80, 0x7F, 0xFE, 0x48, 0x02, 0x5F, 0xFE, 0x10, 0x60, 0x10, 0x40, 0x33, 0xFC, 0x72, 0x04, 0x72, 0x04, 0x13, 0xFC, 0x12, 0x04, 0x00, 0x00, 0x00, 0x00 }, // U+5BBF 宿
    { 0x00, 0x00, 0x00, 0x00, 0x01, 0x00, 0x00, 0x80, 0x7F, 0xFE, 0x40, 0x02, 0x08, 0x00, 0x0F, 0xFE, 0x08, 0x44, 0x7F, 0x44, 0x08, 0x4C, 0x2A, 0x28, 0x69, 0x38, 0x49, 0x38, 0x00, 0x00, 0x00, 0x00 }, // U+5BC2 寂
    { 0x00, 0x00, 0x00, 0x00, 0x01, 0x00, 0x01, 0x80, 0x7F, 0xFE, 0x41, 0x82, 0x1F, 0xF8, 0x03, 0x80, 0x3C, 0x70, 0x00, 0x0C, 0xFF, 0xFF, 0x00, 0x08, 0x3F, 0x88, 0x20, 0x88, 0x00, 0x00, 0x00, 0x00 }, // U+5BC4 寄
    { 0x00, 0x00, 0x00, 0x00, 0x01, 0x00, 0x01, 0x80, 0x7F, 0xFE, 0x40, 0x02, 0x5F, 0xFA, 0x01, 0x80, 0x3F, 0xFC, 0x31, 0x84, 0x3F, 0xFC, 0x31, 0x84, 0x3F, 0xFC, 0x30, 0x04, 0x00, 0x00, 0x00, 0x00 }, // U+5BC5 寅
    { 0x00, 0x00, 0x00, 0x00, 0x01, 0x00, 0x01, 0x80, 0x7F, 0xFE, 0x41, 0x02, 0x2D, 0x98, 0x2C, 0x64, 0x4F, 0x96, 0x1E, 0x12, 0x67, 0xF0, 0x00, 0x00, 0x01, 0x80, 0x21, 0x84, 0x00, 0x00, 0x00, 0x00 }, // U+5BC6 密
    { 0x00, 0x00, 0x00, 0x00, 0x01, 0x00, 0x01, 0x80, 0x7F, 0xFE, 0x40, 0x02, 0x40, 0x22, 0x3E, 0x3C, 0x00, 0x20, 0x00, 0xFC, 0x7F, 0x4C, 0x34, 0x28, 0x34, 0x31, 0x24, 0x6B, 0x00, 0x00, 0x00, 0x00 }, // U+5BC7 寇
    { 0x00, 0x00, 0x00, 0x00, 0x01, 0x00, 0x7F, 0xFE, 0x40, 0x02, 0x5F, 0xFA, 0x00, 0x00, 0x1F, 0xF8, 0x10, 0x08, 0x1F, 0xF8, 0x00, 0x00, 0x3F, 0xFC, 0x21, 0x84, 0x3F, 0xFC, 0x00, 0x00, 0x00, 0x00 }, // U+5BCC 富
    { 0x00, 0x00, 0x00, 0x00, 0x01, 0x00, 0x01, 0x80, 0x7F, 0xFE, 0x40, 0x02, 0x04, 0x20, 0x65, 0xFE, 0x64, 0x20, 0x7C, 0x20, 0x07, 0xFF, 0x7C, 0x70, 0x24, 0xE8, 0x25, 0xA6, 0x00, 0x00, 0x00, 0x00 }, // U+5BD0 寐
    { 0x00, 0x00, 0x00, 0x00, 0x01, 0x00, 0x01, 0x80, 0x7F, 0xFE, 0x40, 0x02, 0x04, 0x20, 0x3F, 0xFE, 0x04, 0x20, 0x3F, 0xFC, 0x04, 0x20, 0x7F, 0xFE, 0x0C, 0x30, 0x33, 0x8C, 0x00, 0x00, 0x00, 0x00 }, // U+5BD2 寒
    { 0x00, 0x00, 0x00, 0x00, 0x01, 0x00, 0x01, 0x80, 0x7F, 0xFE, 0x40, 0x02, 0x5F, 0xFA, 0x1F, 0xF8, 0x11, 0x88, 0x11, 0x88, 0x1F, 0xF8, 0x01, 0x80, 0x3F, 0xFE, 0x2F, 0xF2, 0x00, 0x00, 0x00, 0x00 }, // U+5BD3 寓
    { 0x00, 0x00, 0x00, 0x00, 0x00, 0x80, 0x7F, 0xFE, 0x40, 0x02, 0x53, 0xFC, 0x10, 0x04, 0x51, 0xFC, 0x50, 0x04, 0x37, 0xFE, 0x14, 0x02, 0x30, 0x02, 0x71, 0xFC, 0x50, 0x88, 0x00, 0x00, 0x00, 0x00 }, // U+5BDD 寝
    { 0x00, 0x00, 0x00, 0x00, 0x01, 0x80, 0x7F, 0xFE, 0x44, 0x22, 0x3F, 0xFC, 0x04, 0x20, 0x1F, 0xF8, 0x10, 0x08, 0x1F, 0xF8, 0x10, 0x08, 0x1F, 0xF8, 0x01, 0x80, 0x7F, 0xFE, 0x00, 0x00, 0x00, 0x00 }, // U+5BDE 寞
    { 0x00, 0x00, 0x00, 0x00, 0x01, 0x00, 0x01, 0x80, 0x7F, 0xFE, 0x40, 0x02, 0x48, 0x02, 0x1F, 0x7C, 0x23, 0x4C, 0x4E, 0x38, 0x6F, 0xF0, 0x1F, 0xFC, 0x40, 0x82, 0x00, 0x80, 0x00, 0x00, 0x00, 0x00 }, // U+5BDF 察
    { 0x00, 0x00, 0x00, 0x00, 0x01, 0x00, 0x7F, 0xFE, 0x40, 0x02, 0x5F, 0xFA, 0x01, 0x00, 0x1F, 0xF8, 0x10, 0x08, 0x1F, 0xF8, 0x10, 0x08, 0x7F, 0xFE, 0x18, 0x18, 0x6F, 0xF6, 0x00, 0x00, 0x00, 0x00 }, // U+5BE1 寡
    { 0x00, 0x00, 0x00, 0x00, 0x01, 0x80, 0x7F, 0xFE, 0x40, 0x02, 0x3E, 0xFC, 0x12, 0x44, 0x1E, 0x04, 0x33, 0xFC, 0x1E, 0x78, 0x61, 0x8E, 0x0E, 0x60, 0x03, 0x98, 0x1C, 0x70, 0x00, 0x00, 0x00, 0x00 }, // U+5BE5 寥
    { 0x00, 0x00, 0x00, 0x00, 0x01, 0x00, 0x01, 0x80, 0x7F, 0xFE, 0x44, 0x22, 0x3F, 0xFC, 0x04, 0x20, 0x3F, 0xFC, 0x04, 0x20, 0xFF, 0xFF, 0x18, 0x98, 0x6F, 0xF6, 0x08, 0xA0, 0x00, 0x00, 0x00, 0x00 }, // U+5BE8 寨
    { 0x00, 0x00, 0x00, 0x00, 0x00, 0x10, 0x00, 0x10, 0x00, 0x10, 0xFF, 0xFF, 0x00, 0x30, 0x10, 0x10, 0x18, 0x10, 0x0C, 0x10, 0x06, 0x10, 0x04, 0x10, 0x00, 0x10, 0x00, 0x10, 0x00, 0x00, 0x00, 0x00 }, // U+5BF8 寸
    { 0x00, 0x00, 0x00, 0x00, 0x00, 0x04, 0x00, 0x04, 0x7E, 0x04, 0x06, 0x04, 0x47, 0xFF, 0x64, 0x04, 0x34, 0x84, 0x1C, 0xC4, 0x18, 0x44, 0x1C, 0x24, 0x14, 0x04, 0x26, 0x04, 0x00, 0x00, 0x00, 0x00 }, // U+5BF9 对
    { 0x00, 0x00, 0x00, 0x00, 0x01, 0x80, 0x01, 0x80, 0x3F, 0xFC, 0x01, 0x80, 0x01, 0x80, 0xFF, 0xFF, 0x00, 0x00, 0x00, 0x30, 0xFF, 0xFF, 0x18, 0x30, 0x0C, 0x30, 0x04, 0x30, 0x00, 0x00, 0x00, 0x00 }, // U+5BFA 寺
    { 0x00, 0x00, 0x00, 0x00, 0x3F, 0xFC, 0x00, 0x04, 0x3F, 0xFC, 0x00, 0x04, 0x00, 0x04, 0x3F, 0xFC, 0x00, 0x04, 0x00, 0x18, 0xFF, 0xFF, 0x00, 0x18, 0x08, 0x18, 0x00, 0x00, 0x00, 0x00, 0x00, 0x00 }, // U+5BFB 寻
    { 0x00, 0x00, 0x00, 0x00, 0x3F, 0xF8, 0x20, 0x08, 0x20, 0x08, 0x3F, 0xFA, 0x20, 0x0A, 0x20, 0x02, 0x1F, 0xFE, 0x00, 0x10, 0xFF, 0xFF, 0x00, 0x10, 0x08, 0x10, 0x00, 0x00, 0x00, 0x00, 0x00, 0x00 }, // U+5BFC 导
    { 0x00, 0x00, 0x00, 0x00, 0x01, 0x00, 0x01, 0x00, 0x7F, 0xFE, 0x03, 0x00, 0x3F, 0xFC, 0x02, 0x00, 0xFF, 0xFF, 0x04, 0x18, 0x0C, 0x08, 0x1F, 0xFF, 0x36, 0x08, 0x61, 0x08, 0x00, 0x00, 0x00, 0x00 }, // U+5BFF 寿
    { 0x00, 0x00, 0x00, 0x00, 0x08, 0x04, 0x08, 0x04, 0x7F, 0x04, 0x08, 0xFF, 0x08, 0x04, 0xFF, 0x44, 0x00, 0x44, 0x08, 0x64, 0x08, 0x24, 0x7F, 0x24, 0x08, 0x04, 0x08, 0x04, 0x00, 0x00, 0x00, 0x00 }, // U+5C01 封
    { 0x00, 0x00, 0x00, 0x00, 0x08, 0x04, 0x18, 0x04, 0x7E, 0x04, 0x42, 0xFF, 0x7E, 0x04, 0x42, 0x04, 0x7E, 0x84, 0x42, 0x44, 0x42, 0x64, 0xFE, 0x24, 0x0A, 0x04, 0x12, 0x04, 0x00, 0x00, 0x00, 0x00 }, // U+5C04 射
    { 0x00, 0x00, 0x00, 0x00, 0x10, 0x40, 0x10, 0x80, 0x11, 0xFE, 0x52, 0x06, 0x54, 0x98, 0x10, 0xE0, 0x17, 0x0C, 0x10, 0x0C, 0x37, 0xFF, 0x31, 0x0C, 0x51, 0x8C, 0x90, 0x8C, 0x00, 0x00, 0x00, 0x00 }, // U+5C06 将
    { 0x00, 0x00, 0x00, 0x00, 0x00, 0x04, 0x3F, 0x84, 0x20, 0x84, 0x20, 0x84, 0x3F, 0xFF, 0x20, 0x04, 0x3F, 0xA4, 0x20, 0x34, 0x7F, 0xD4, 0x42, 0x14, 0x4A, 0x84, 0x52, 0xC4, 0x00, 0x00, 0x00, 0x00 }, // U+5C09 尉
    { 0x00, 0x00, 0x00, 0x00, 0x04, 0x00, 0x04, 0x20, 0x7F, 0xFE, 0x02, 0x40, 0x3F, 0xFC, 0x26, 0x44, 0x20, 0x04, 0x3F, 0xFC, 0x20, 0x04, 0x3F, 0xFC, 0x00, 0x10, 0xFF, 0xFF, 0x00, 0x00, 0x00, 0x00 }, // U+5C0A 尊
    { 0x00, 0x00, 0x00, 0x00, 0x01, 0x80, 0x01, 0x80, 0x01, 0x80, 0x01, 0x80, 0x09, 0x90, 0x19, 0x98, 0x11, 0x88, 0x31, 0x8C, 0x21, 0x84, 0x61, 0x86, 0x41, 0x82, 0x41, 0x82, 0x00, 0x00, 0x00, 0x00 }, // U+5C0F 小
    { 0x00, 0x00, 0x00, 0x00, 0x01, 0x80, 0x01, 0x80, 0x09, 0x90, 0x19, 0x98, 0x11, 0x8C, 0x31, 0x86, 0x21, 0x8A, 0x61, 0x98, 0x41, 0xB0, 0x00, 0x60, 0x01, 0xC0, 0x07, 0x00, 0x00, 0x00, 0x00, 0x00 }, // U+5C11 少
    { 0x00, 0x00, 0x00, 0x00, 0x04, 0x00, 0x08, 0x00, 0x1F, 0xFE, 0x10, 0x02, 0x20, 0x86, 0x60, 0x84, 0x48, 0x90, 0x18, 0x98, 0x10, 0x88, 0x30, 0x8C, 0x60, 0x86, 0x40, 0x82, 0x00, 0x00, 0x00, 0x00 }, // U+5C14 尔
    { 0x00, 0x00, 0x00, 0x00, 0x01, 0x80, 0x01, 0x80, 0x09, 0x90, 0x19, 0x88, 0x61, 0x86, 0x41, 0x82, 0x00, 0x00, 0x01, 0x80, 0x7F, 0xFE, 0x01, 0x80, 0x03, 0x40, 0x06, 0x20, 0x00, 0x00, 0x00, 0x00 }, // U+5C16 尖
    { 0x00, 0x00, 0x00, 0x00, 0x01, 0x80, 0x01, 0x80, 0x09, 0x90, 0x19, 0x98, 0x31, 0x86, 0x61, 0x82, 0x40, 0x00, 0x01, 0x80, 0x01, 0x80, 0x3F, 0xFC, 0x01, 0x80, 0x01, 0x80, 0x00, 0x00, 0x00, 0x00 }, // U+5C18 尘
    { 0x00, 0x00, 0x00, 0x00, 0x01, 0x80, 0x21, 0x84, 0x19, 0x98, 0x09, 0x90, 0x01, 0x80, 0x7F, 0xFE, 0x60, 0x06, 0x67, 0xE6, 0x64, 0x26, 0x64, 0x26, 0x64, 0x26, 0x67, 0xE6, 0x00, 0x00, 0x00, 0x00 }, // U+5C1A 尚
    { 0x00, 0x00, 0x00, 0x00, 0x01, 0x80, 0x19, 0x98, 0x01, 0x80, 0x7F, 0xFE, 0x40, 0x02, 0x00, 0x00, 0x1F, 0xF8, 0x00, 0x00, 0x00, 0x00, 0xFF, 0xFF, 0x06, 0x00, 0x04, 0x20, 0x00, 0x00, 0x00, 0x00 }, // U+5C1D 尝
    { 0x00, 0x00, 0x00, 0x00, 0x02, 0x20, 0x02, 0x30, 0x02, 0x10, 0x02, 0x00, 0xFF, 0xFE, 0x02, 0xC0, 0x02, 0x40, 0x06, 0x40, 0x04, 0x40, 0x04, 0x42, 0x08, 0x43, 0x18, 0x42, 0x00, 0x00, 0x00, 0x00 }, // U+5C24 尤
    { 0x00, 0x00, 0x00, 0x00, 0x04, 0x00, 0x04, 0x1E, 0x0F, 0xF0, 0x7E, 0x18, 0x01, 0xF2, 0x07, 0xC2, 0x78, 0x3E, 0x00, 0x00, 0x7F, 0xFE, 0x04, 0x40, 0x04, 0x40, 0x0C, 0x43, 0x00, 0x00, 0x00, 0x00 }, // U+5C27 尧
    { 0x00, 0x00, 0x00, 0x00, 0x08, 0x20, 0x08, 0x28, 0xFF, 0x24, 0x00, 0x20, 0x7F, 0xFE, 0x43, 0x78, 0x43, 0x78, 0x7F, 0x58, 0x08, 0x58, 0x2A, 0x58, 0x6A, 0x59, 0x49, 0x99, 0x00, 0x00, 0x00, 0x00 }, // U+5C31 就
    { 0x00, 0x00, 0x00, 0x00, 0x3F, 0xFC, 0x30, 0x04, 0x20, 0x04, 0x20, 0x04, 0x20, 0x04, 0x3F, 0xFC, 0x20, 0x04, 0x20, 0x00, 0x20, 0x00, 0x20, 0x00, 0x20, 0x00, 0x00, 0x00, 0x00, 0x00, 0x00, 0x00 }, // U+5C38 尸
    { 0x00, 0x00, 0x00, 0x00, 0x7F, 0xFC, 0x04, 0x0C, 0x04, 0x0C, 0x04, 0x0C, 0xFF, 0xFF, 0x04, 0x0C, 0x04, 0x0C, 0x04, 0x0C, 0x7F, 0xFC, 0x0C, 0x0C, 0x08, 0x00, 0x10, 0x00, 0x00, 0x00, 0x00, 0x00 }, // U+5C39 尹
    { 0x00, 0x00, 0x00, 0x00, 0x1F, 0xFC, 0x10, 0x04, 0x10, 0x04, 0x10, 0x04, 0x10, 0x04, 0x1F, 0xFC, 0x11, 0x04, 0x31, 0x80, 0x30, 0x80, 0x20, 0xC0, 0x20, 0x60, 0x00, 0x00, 0x00, 0x00, 0x00, 0x00 }, // U+5C3A 尺
    { 0x00, 0x00, 0x00, 0x00, 0x3F, 0xFE, 0x20, 0x06, 0x20, 0x06, 0x20, 0x06, 0x3F, 0xFE, 0x20, 0x06, 0x20, 0x00, 0x22, 0x0C, 0x22, 0x78, 0x23, 0xC2, 0x22, 0x03, 0x00, 0x00, 0x00, 0x00, 0x00, 0x00 }, // U+5C3C 尼
    { 0x00, 0x00, 0x00, 0x00, 0x3F, 0xFC, 0x30, 0x04, 0x30, 0x04, 0x30, 0x04, 0x3F, 0xFC, 0x30, 0x64, 0x20, 0x20, 0x20, 0x30, 0x26, 0x18, 0x61, 0x8E, 0x4C, 0x42, 0x00, 0x00, 0x00, 0x00, 0x00, 0x00 }, // U+5C3D 尽
    { 0x00, 0x00, 0x00, 0x00, 0x3F, 0xFC, 0x20, 0x04, 0x3F, 0xFC, 0x20, 0x04, 0x20, 0x3C, 0x2F, 0xE0, 0x20, 0x80, 0x2F, 0xF8, 0x20, 0x80, 0x3F, 0xFC, 0x60, 0x81, 0x00, 0x00, 0x00, 0x00, 0x00, 0x00 }, // U+5C3E 尾
    { 0x00, 0x00, 0x00, 0x00, 0x3F, 0xFE, 0x20, 0x02, 0x20, 0x02, 0x3F, 0xFE, 0x20, 0x02, 0x20, 0x40, 0x3F, 0x42, 0x23, 0x6C, 0x22, 0x78, 0x22, 0x50, 0x26, 0x48, 0x44, 0x4C, 0x00, 0x00, 0x00, 0x00 }, // U+5C3F 尿
    { 0x00, 0x00, 0x00, 0x00, 0x3F, 0xFC, 0x20, 0x04, 0x3F, 0xFC, 0x20, 0x04, 0x20, 0x00, 0x3F, 0xFE, 0x20, 0x02, 0x27, 0xF2, 0x24, 0x32, 0x24, 0x32, 0x67, 0xF6, 0x00, 0x00, 0x00, 0x00, 0x00, 0x00 }, // U+5C40 局
    { 0x00, 0x00, 0x00, 0x00, 0x3F, 0xFE, 0x20, 0x02, 0x20, 0x02, 0x3F, 0xFE, 0x20, 0x02, 0x24, 0x20, 0x24, 0x22, 0x24, 0x2C, 0x27, 0xB0, 0x24, 0x20, 0x64, 0x21, 0x44, 0xA3, 0x00, 0x00, 0x00, 0x00 }, // U+5C41 屁
    { 0x00, 0x00, 0x00, 0x00, 0x3F, 0xFE, 0x20, 0x02, 0x20, 0x02, 0x3F, 0xFE, 0x20, 0x02, 0x20, 0x00, 0x27, 0xFC, 0x20, 0x00, 0x20, 0x00, 0x3F, 0xFF, 0x61, 0x10, 0x00, 0x00, 0x00, 0x00, 0x00, 0x00 }, // U+5C42 层
    { 0x00, 0x00, 0x00, 0x00, 0x3F, 0xFC, 0x20, 0x04, 0x20, 0x04, 0x3F, 0xFC, 0x20, 0x04, 0x20, 0xC0, 0x3F, 0xFE, 0x20, 0xC0, 0x20, 0xC0, 0x2F, 0xFC, 0x68, 0x04, 0x00, 0x00, 0x00, 0x00, 0x00, 0x00 }, // U+5C45 居
    { 0x00, 0x00, 0x00, 0x00, 0x3F, 0xFE, 0x20, 0x06, 0x20, 0x06, 0x3F, 0xFE, 0x20, 0x40, 0x24, 0x44, 0x24, 0x44, 0x27, 0xFC, 0x20, 0x40, 0x28, 0x46, 0x28, 0x46, 0x00, 0x00, 0x00, 0x00, 0x00, 0x00 }, // U+5C48 屈
    { 0x00, 0x00, 0x00, 0x00, 0x3F, 0xFE, 0x20, 0x02, 0x20, 0x02, 0x3F, 0xFE, 0x20, 0x02, 0x24, 0x00, 0x3F, 0xFF, 0x24, 0xC8, 0x24, 0x88, 0x24, 0xF8, 0x24, 0x88, 0x00, 0x00, 0x00, 0x00, 0x00, 0x00 }, // U+5C49 屉
    { 0x00, 0x00, 0x00, 0x00, 0x3F, 0xFE, 0x20, 0x06, 0x20, 0x06, 0x3F, 0xFE, 0x20, 0x06, 0x20, 0x40, 0x2F, 0xFC, 0x28, 0x44, 0x28, 0x44, 0x2F, 0xFC, 0x68, 0x44, 0x00, 0x00, 0x00, 0x00, 0x00, 0x00 }, // U+5C4A 届
    { 0x00, 0x00, 0x00, 0x00, 0x3F, 0xFE, 0x20, 0x02, 0x20, 0x02, 0x3F, 0xFE, 0x20, 0x00, 0x2F, 0xFE, 0x21, 0x10, 0x26, 0x08, 0x2F, 0xFC, 0x60, 0x06, 0x60, 0x40, 0x4F, 0xFE, 0x00, 0x00, 0x00, 0x00 }, // U+5C4B 屋
    { 0x00, 0x00, 0x00, 0x00, 0x3F, 0xFE, 0x20, 0x02, 0x20, 0x02, 0x3F, 0xFE, 0x20, 0x02, 0x20, 0x40, 0x24, 0x44, 0x22, 0x58, 0x20, 0x40, 0x3F, 0xFE, 0x21, 0xE0, 0x43, 0x50, 0x00, 0x00, 0x00, 0x00 }, // U+5C4E 屎
    { 0x00, 0x00, 0x00, 0x00, 0x3F, 0xFE, 0x20, 0x02, 0x20, 0x02, 0x3F, 0xFE, 0x22, 0x10, 0x21, 0x10, 0x2F, 0xFE, 0x23, 0x10, 0x23, 0x10, 0x3F, 0xFF, 0x62, 0x10, 0x00, 0x00, 0x00, 0x00, 0x00, 0x00 }, // U+5C4F 屏
    { 0x00, 0x00, 0x00, 0x00, 0x3F, 0xFE, 0x20, 0x02, 0x20, 0x02, 0x3F, 0xFE, 0x24, 0x44, 0x22, 0x48, 0x27, 0xFE, 0x24, 0x02, 0x27, 0xFE, 0x24, 0x02, 0x67, 0xFE, 0x44, 0x02, 0x00, 0x00, 0x00, 0x00 }, // U+5C51 屑
    { 0x00, 0x00, 0x00, 0x00, 0x3F, 0xFE, 0x20, 0x06, 0x3F, 0xFE, 0x20, 0x06, 0x22, 0x10, 0x2F, 0xFE, 0x22, 0x10, 0x22, 0x10, 0x3F, 0xFE, 0x24, 0x80, 0x64, 0x4C, 0x00, 0x00, 0x00, 0x00, 0x00, 0x00 }, // U+5C55 展
    { 0x00, 0x00, 0x00, 0x00, 0x3F, 0xFE, 0x20, 0x02, 0x3F, 0xFE, 0x20, 0x00, 0x2F, 0xFE, 0x20, 0x40, 0x27, 0xFC, 0x24, 0x44, 0x27, 0xFC, 0x20, 0x40, 0x2F, 0xFE, 0x68, 0x52, 0x00, 0x00, 0x00, 0x00 }, // U+5C5E 属
    { 0x00, 0x00, 0x00, 0x00, 0x3F, 0xFE, 0x20, 0x02, 0x20, 0x02, 0x3F, 0xFE, 0x20, 0x80, 0x2F, 0xF6, 0x20, 0x88, 0x2F, 0xFF, 0x20, 0xC0, 0x27, 0xFC, 0x7C, 0x04, 0x47, 0xFC, 0x00, 0x00, 0x00, 0x00 }, // U+5C60 屠
    { 0x00, 0x00, 0x00, 0x00, 0x3F, 0xFE, 0x20, 0x02, 0x20, 0x02, 0x3F, 0xFE, 0x24, 0x44, 0x23, 0x50, 0x2F, 0xFE, 0x23, 0x50, 0x2C, 0x46, 0x21, 0x00, 0x2F, 0xFE, 0x46, 0x30, 0x00, 0x00, 0x00, 0x00 }, // U+5C61 屡
    { 0x00, 0x00, 0x00, 0x00, 0x3F, 0xFE, 0x20, 0x02, 0x3F, 0xFE, 0x20, 0x00, 0x24, 0xFE, 0x2D, 0x00, 0x2B, 0xFE, 0x31, 0x02, 0x25, 0xFE, 0x2D, 0x02, 0x3C, 0xFE, 0x7C, 0xC0, 0x00, 0x00, 0x00, 0x00 }, // U+5C65 履
    { 0x00, 0x00, 0x00, 0x00, 0x01, 0x80, 0x01, 0x80, 0x01, 0x80, 0x7F, 0xFE, 0x01, 0x80, 0x21, 0x84, 0x21, 0x84, 0x21, 0x84, 0x3F, 0xFC, 0x01, 0x84, 0x01, 0x83, 0x01, 0x83, 0x00, 0x00, 0x00, 0x00 }, // U+5C6F 屯
    { 0x00, 0x00, 0x00, 0x00, 0x01, 0x80, 0x01, 0x80, 0x01, 0x80, 0x21, 0x84, 0x21, 0x84, 0x21, 0x84, 0x21, 0x84, 0x21, 0x84, 0x21, 0x84, 0x21, 0x84, 0x21, 0x84, 0x21, 0x84, 0x00, 0x00, 0x00, 0x00 }, // U+5C71 山
    { 0x00, 0x00, 0x00, 0x00, 0x10, 0x40, 0x10, 0xC0, 0x50, 0xFE, 0x55, 0x80, 0x55, 0x00, 0x57, 0xFC, 0x54, 0x0C, 0x54, 0x18, 0x54, 0x30, 0x54, 0x61, 0x54, 0xC3, 0x7C, 0x82, 0x00, 0x00, 0x00, 0x00 }, // U+5C79 屹
    { 0x00, 0x00, 0x00, 0x00, 0x10, 0x80, 0x10, 0x80, 0x10, 0xFF, 0x54, 0x80, 0x54, 0x80, 0x54, 0x80, 0x54, 0xFE, 0x54, 0x02, 0x54, 0x02, 0x55, 0xFA, 0x54, 0x02, 0x7C, 0x02, 0x00, 0x00, 0x00, 0x00 }, // U+5C7F 屿
    { 0x00, 0x00, 0x00, 0x00, 0x01, 0x80, 0x21, 0x84, 0x21, 0x84, 0x3F, 0xFC, 0x00, 0x04, 0x04, 0x00, 0x0F, 0xFC, 0x08, 0x0C, 0x10, 0x08, 0x64, 0x10, 0x42, 0x20, 0x01, 0xC0, 0x00, 0x00, 0x00, 0x00 }, // U+5C81 岁
    { 0x00, 0x00, 0x00, 0x00, 0x01, 0x80, 0x21, 0x84, 0x21, 0x84, 0x3F, 0xFC, 0x00, 0x04, 0x00, 0x00, 0x3F, 0xFC, 0x00, 0x0C, 0x00, 0x0C, 0x3F, 0xFC, 0x20, 0x02, 0x20, 0x02, 0x00, 0x00, 0x00, 0x00 }, // U+5C82 岂
    { 0x00, 0x00, 0x00, 0x00, 0x02, 0x40, 0x04, 0x20, 0x18, 0x10, 0x30, 0x0C, 0x5F, 0xFA, 0x06, 0x08, 0x1C, 0x18, 0x60, 0xF0, 0x01, 0x80, 0x21, 0x84, 0x21, 0x84, 0x21, 0x84, 0x00, 0x00, 0x00, 0x00 }, // U+5C94 岔
    { 0x00, 0x00, 0x00, 0x00, 0x01, 0x80, 0x21, 0x84, 0x3F, 0xFC, 0x00, 0x04, 0x00, 0x00, 0x3F, 0xFC, 0x20, 0x04, 0x2C, 0x34, 0x26, 0x64, 0x23, 0xC4, 0x23, 0xC4, 0x26, 0x64, 0x00, 0x00, 0x00, 0x00 }, // U+5C97 岗
    { 0x00, 0x00, 0x00, 0x00, 0x03, 0x00, 0x3F, 0xF8, 0x30, 0x08, 0x33, 0x08, 0x30, 0x88, 0x30, 0xF0, 0x30, 0x00, 0x3F, 0xFE, 0x00, 0x06, 0x66, 0x26, 0x66, 0x26, 0x7F, 0xE6, 0x00, 0x00, 0x00, 0x00 }, // U+5C9B 岛
    { 0x00, 0x00, 0x00, 0x00, 0x00, 0x80, 0x20, 0x84, 0x20, 0x84, 0x3F, 0xFC, 0x00, 0x00, 0x7F, 0xFF, 0x04, 0x00, 0x08, 0x00, 0x1F, 0xFC, 0x70, 0x04, 0x50, 0x04, 0x10, 0x04, 0x00, 0x00, 0x00, 0x00 }, // U+5CA9 岩
    { 0x00, 0x00, 0x00, 0x30, 0x10, 0x30, 0x10, 0x70, 0x50, 0x48, 0x54, 0x88, 0x55, 0xA4, 0x55, 0x32, 0x56, 0x11, 0x54, 0x00, 0x55, 0xFE, 0x54, 0x04, 0x54, 0x98, 0x7C, 0x70, 0x00, 0x00, 0x00, 0x00 }, // U+5CAD 岭
    { 0x00, 0x00, 0x00, 0x00, 0x00, 0x3C, 0x1F, 0xE0, 0x10, 0x00, 0x10, 0x00, 0x1F, 0xFE, 0x10, 0x20, 0x10, 0x20, 0xFF, 0xFF, 0x01, 0x80, 0x21, 0x84, 0x21, 0x84, 0x21, 0x84, 0x00, 0x00, 0x00, 0x00 }, // U+5CB3 岳
    { 0x00, 0x00, 0x00, 0x00, 0x00, 0x80, 0x30, 0x84, 0x30, 0x84, 0x3F, 0xFC, 0x00, 0x00, 0x3F, 0xFE, 0x20, 0x00, 0x20, 0x00, 0x2F, 0xFC, 0x20, 0x40, 0x20, 0x40, 0x2F, 0xFE, 0x00, 0x00, 0x00, 0x00 }, // U+5CB8 岸
    { 0x00, 0x00, 0x00, 0x00, 0x00, 0x80, 0x20, 0x82, 0x20, 0x82, 0x3F, 0xFE, 0x00, 0x06, 0x0C, 0x00, 0x4D, 0xFE, 0x4C, 0x06, 0x4C, 0x02, 0x49, 0xFE, 0x48, 0x06, 0x18, 0x02, 0x00, 0x00, 0x00, 0x00 }, // U+5CBF 岿
    { 0x00, 0x00, 0x00, 0x00, 0x10, 0x10, 0x10, 0x10, 0x11, 0xFE, 0x54, 0x10, 0x54, 0x10, 0x55, 0xFF, 0x54, 0x08, 0x54, 0x08, 0x55, 0xFF, 0x54, 0x88, 0x54, 0xC8, 0x54, 0x48, 0x00, 0x00, 0x00, 0x00 }, // U+5CD9 峙
    { 0x00, 0x00, 0x00, 0x00, 0x10, 0x30, 0x10, 0x30, 0x11, 0xFE, 0x54, 0x30, 0x55, 0x22, 0x55, 0xA4, 0x54, 0xA4, 0x54, 0x20, 0x57, 0xFF, 0x54, 0x30, 0x54, 0x50, 0x7C, 0xC8, 0x00, 0x00, 0x00, 0x00 }, // U+5CE1 峡
    { 0x00, 0x00, 0x00, 0x00, 0x01, 0x00, 0x01, 0x80, 0x7F, 0xFE, 0x06, 0x60, 0x16, 0x48, 0x66, 0x46, 0x46, 0x42, 0x06, 0x40, 0x21, 0x84, 0x21, 0x84, 0x21, 0x84, 0x21, 0x84, 0x00, 0x00, 0x00, 0x00 }, // U+5CE6 峦
    { 0x00, 0x00, 0x00, 0x00, 0x10, 0x18, 0x10, 0xF8, 0x57, 0x98, 0x54, 0x9C, 0x54, 0x9A, 0x57, 0xFF, 0x54, 0x98, 0x54, 0x8A, 0x54, 0xEE, 0x57, 0x8C, 0x54, 0x89, 0x7C, 0xB9, 0x00, 0x00, 0x00, 0x00 }, // U+5CE8 峨
    { 0x00, 0x00, 0x00, 0x00, 0x10, 0x48, 0x10, 0x44, 0x10, 0x82, 0x55, 0x90, 0x55, 0x30, 0x54, 0x68, 0x54, 0xC4, 0x55, 0x86, 0x57, 0xFF, 0x54, 0x82, 0x54, 0x82, 0x54, 0x82, 0x00, 0x00, 0x00, 0x00 }, // U+5CEA 峪
    { 0x00, 0x00, 0x00, 0x00, 0x10, 0x10, 0x11, 0x12, 0x10, 0x96, 0x54, 0x94, 0x55, 0xFE, 0x55, 0x02, 0x55, 0x02, 0x55, 0xFE, 0x55, 0x02, 0x55, 0x02, 0x55, 0xFE, 0x55, 0x02, 0x00, 0x00, 0x00, 0x00 }, // U+5CED 峭
    { 0x00, 0x00, 0x00, 0x00, 0x10, 0x40, 0x10, 0xFC, 0x55, 0x84, 0x56, 0x48, 0x54, 0x30, 0x54, 0xDC, 0x57, 0x02, 0x54, 0x30, 0x55, 0xFE, 0x54, 0x30, 0x55, 0xFE, 0x54, 0x30, 0x00, 0x00, 0x00, 0x00 }, // U+5CF0 峰
    { 0x00, 0x00, 0x00, 0x00, 0x10, 0x20, 0x10, 0x48, 0x55, 0x86, 0x55, 0xFE, 0x54, 0x88, 0x54, 0x86, 0x55, 0x43, 0x56, 0xFC, 0x54, 0x84, 0x55, 0x48, 0x56, 0x78, 0x7C, 0x38, 0x00, 0x00, 0x00, 0x00 }, // U+5CFB 峻
    { 0x00, 0x00, 0x00, 0x00, 0x01, 0x80, 0x21, 0x84, 0x3F, 0xFC, 0x01, 0x04, 0x01, 0x80, 0x7F, 0xFE, 0x40, 0x02, 0x5F, 0xFA, 0x00, 0x00, 0x00, 0x00, 0x7F, 0xFF, 0x00, 0x80, 0x00, 0x00, 0x00, 0x00 }, // U+5D07 崇
    { 0x00, 0x00, 0x00, 0x00, 0x10, 0x20, 0x10, 0x20, 0x57, 0xFE, 0x54, 0x60, 0x54, 0xD8, 0x55, 0x86, 0x57, 0xFF, 0x54, 0x04, 0x55, 0xE4, 0x55, 0x24, 0x55, 0x24, 0x7D, 0xE4, 0x00, 0x00, 0x00, 0x00 }, // U+5D0E 崎
    { 0x00, 0x00, 0x00, 0x00, 0x20, 0x82, 0x20, 0x82, 0x3F, 0xFE, 0x08, 0x82, 0x10, 0x40, 0x1F, 0xFE, 0x30, 0xC0, 0x7F, 0xFE, 0x10, 0xC0, 0x1F, 0xFE, 0x10, 0xC0, 0x10, 0xC0, 0x00, 0x00, 0x00, 0x00 }, // U+5D14 崔
    { 0x00, 0x00, 0x00, 0x00, 0x00, 0x80, 0x20, 0x86, 0x3F, 0xFE, 0x00, 0x00, 0x3F, 0xFF, 0x20, 0x40, 0x2F, 0xFC, 0x20, 0x40, 0x3F, 0xFE, 0x20, 0x00, 0x20, 0x40, 0x6F, 0xFC, 0x00, 0x00, 0x00, 0x00 }, // U+5D16 崖
    { 0x00, 0x00, 0x00, 0x00, 0x00, 0x80, 0x20, 0x86, 0x3F, 0xFE, 0x00, 0x00, 0x3E, 0x7E, 0x22, 0x42, 0x22, 0x42, 0x3E, 0x7E, 0x22, 0x42, 0x22, 0x42, 0x3E, 0x7E, 0x62, 0xC2, 0x00, 0x00, 0x00, 0x00 }, // U+5D29 崩
    { 0x00, 0x00, 0x00, 0x00, 0x01, 0x80, 0x21, 0x84, 0x3F, 0xFC, 0x00, 0x04, 0x10, 0x0E, 0x7F, 0x78, 0x20, 0x40, 0x28, 0x40, 0x68, 0x7F, 0x7F, 0x48, 0x08, 0xC8, 0x0F, 0x88, 0x00, 0x00, 0x00, 0x00 }, // U+5D2D 崭
    { 0x00, 0x00, 0x00, 0x00, 0x01, 0x80, 0x21, 0x84, 0x21, 0x84, 0x3F, 0xFC, 0x00, 0x04, 0x22, 0x20, 0xFF, 0xFE, 0x22, 0x52, 0x22, 0x92, 0x3E, 0x92, 0x22, 0x38, 0x22, 0x38, 0x00, 0x00, 0x00, 0x00 }, // U+5D4C 嵌
    { 0x00, 0x00, 0x00, 0x00, 0x21, 0x84, 0x21, 0x84, 0x3F, 0xFC, 0x00, 0x20, 0x7E, 0xFE, 0x08, 0x92, 0x7F, 0xFE, 0x3C, 0x92, 0x4A, 0xFC, 0x10, 0xA8, 0x7E, 0x78, 0x24, 0x5F, 0x00, 0x00, 0x00, 0x00 }, // U+5DCD 巍
    { 0x00, 0x00, 0x00, 0x00, 0x10, 0x04, 0x10, 0x84, 0x10, 0x84, 0x10, 0x84, 0x10, 0x84, 0x10, 0x84, 0x10, 0x84, 0x10, 0x84, 0x10, 0x84, 0x10, 0x84, 0x30, 0x84, 0x20, 0x84, 0x00, 0x00, 0x00, 0x00 }, // U+5DDD 川
    { 0x00, 0x00, 0x00, 0x00, 0x18, 0x84, 0x18, 0x84, 0x18, 0x84, 0x18, 0x84, 0x5C, 0xA4, 0x5E, 0xB4, 0x5A, 0x94, 0x52, 0x94, 0x90, 0x84, 0x10, 0x84, 0x10, 0x84, 0x30, 0x84, 0x00, 0x00, 0x00, 0x00 }, // U+5DDE 州
    { 0x00, 0x00, 0x00, 0x00, 0x41, 0x22, 0x23, 0x24, 0x32, 0x64, 0x16, 0x48, 0x04, 0xC8, 0xFC, 0x90, 0x3C, 0x90, 0x34, 0xC8, 0x32, 0x48, 0x32, 0x64, 0x31, 0x26, 0x31, 0x22, 0x00, 0x00, 0x00, 0x00 }, // U+5DE1 巡
    { 0x00, 0x00, 0x00, 0x00, 0x08, 0x84, 0x31, 0x18, 0x33, 0x18, 0x08, 0x84, 0x3F, 0xFC, 0x21, 0x84, 0x3F, 0xFC, 0x21, 0x84, 0x3F, 0xFC, 0x01, 0x80, 0x7F, 0xFE, 0x07, 0xE0, 0x00, 0x00, 0x00, 0x00 }, // U+5DE2 巢
    { 0x00, 0x00, 0x00, 0x00, 0x7F, 0xFE, 0x01, 0x80, 0x01, 0x80, 0x01, 0x80, 0x01, 0x80, 0x01, 0x80, 0x01, 0x80, 0x01, 0x80, 0x01, 0x80, 0x01, 0x80, 0x01, 0x80, 0x00, 0x00, 0x00, 0x00, 0x00, 0x00 }, // U+5DE5 工
    { 0x00, 0x00, 0x00, 0x00, 0x02, 0x00, 0x06, 0x00, 0x7F, 0xFF, 0x04, 0x00, 0x04, 0x00, 0x08, 0x00, 0x0F, 0xFE, 0x18, 0xC0, 0x10, 0x40, 0x20, 0x40, 0x60, 0x40, 0x00, 0x00, 0x00, 0x00, 0x00, 0x00 }, // U+5DE6 左
    { 0x00, 0x00, 0x00, 0x00, 0x01, 0xFF, 0xFC, 0xC0, 0x10, 0xC0, 0x10, 0xC0, 0x10, 0x80, 0x10, 0xFE, 0x10, 0x06, 0x10, 0x06, 0x10, 0x06, 0x16, 0x06, 0x7C, 0x06, 0x00, 0x00, 0x00, 0x00, 0x00, 0x00 }, // U+5DE7 巧
    { 0x00, 0x00, 0x00, 0x00, 0x3F, 0xFE, 0x20, 0x00, 0x20, 0x00, 0x20, 0x00, 0x3F, 0xF8, 0x20, 0x08, 0x20, 0x08, 0x20, 0x08, 0x3F, 0xF8, 0x20, 0x08, 0x20, 0x00, 0x00, 0x00, 0x00, 0x00, 0x00, 0x00 }, // U+5DE8 巨
    { 0x00, 0x00, 0x00, 0x00, 0x01, 0xF8, 0xF9, 0x08, 0x31, 0x08, 0x21, 0x08, 0x21, 0x48, 0x21, 0x48, 0x21, 0x68, 0x21, 0x28, 0x23, 0x08, 0x23, 0x08, 0x7E, 0x09, 0xE2, 0x09, 0x00, 0x00, 0x00, 0x00 }, // U+5DE9 巩
    { 0x00, 0x00, 0x00, 0x00, 0x7F, 0xFE, 0x01, 0x80, 0x01, 0x80, 0x11, 0x88, 0x11, 0x88, 0x11, 0x98, 0x39, 0x98, 0x2D, 0x9C, 0x65, 0xA6, 0x45, 0xE2, 0x41, 0xC0, 0x01, 0x80, 0x00, 0x00, 0x00, 0x00 }, // U+5DEB 巫
    { 0x00, 0x00, 0x00, 0x00, 0x08, 0x10, 0x04, 0x30, 0x7F, 0xFE, 0x01, 0x00, 0x3F, 0xFE, 0x02, 0x00, 0xFF, 0xFF, 0x0C, 0x00, 0x08, 0x00, 0x1F, 0xFC, 0x30, 0x40, 0x60, 0x40, 0x00, 0x00, 0x00, 0x00 }, // U+5DEE 差
    { 0x00, 0x00, 0x00, 0x00, 0x3F, 0xFC, 0x00, 0x04, 0x00, 0x04, 0x00, 0x04, 0x00, 0x04, 0x3F, 0xFC, 0x20, 0x04, 0x20, 0x00, 0x20, 0x00, 0x20, 0x02, 0x20, 0x03, 0x00, 0x00, 0x00, 0x00, 0x00, 0x00 }, // U+5DF1 己
    { 0x00, 0x00, 0x00, 0x00, 0x7F, 0xFC, 0x00, 0x0C, 0x00, 0x04, 0x20, 0x04, 0x20, 0x04, 0x3F, 0xFC, 0x20, 0x0C, 0x20, 0x00, 0x20, 0x02, 0x20, 0x02, 0x20, 0x02, 0x00, 0x00, 0x00, 0x00, 0x00, 0x00 }, // U+5DF2 已
    { 0x00, 0x00, 0x00, 0x00, 0x3F, 0xFC, 0x20, 0x04, 0x20, 0x04, 0x20, 0x04, 0x20, 0x04, 0x3F, 0xFC, 0x20, 0x04, 0x20, 0x00, 0x20, 0x00, 0x20, 0x02, 0x20, 0x02, 0x20, 0x02, 0x00, 0x00, 0x00, 0x00 }, // U+5DF3 巳
    { 0x00, 0x00, 0x00, 0x00, 0x3F, 0xFC, 0x21, 0x84, 0x21, 0x84, 0x21, 0x84, 0x21, 0x84, 0x3F, 0xFC, 0x20, 0x04, 0x20, 0x00, 0x20, 0x00, 0x20, 0x02, 0x20, 0x02, 0x00, 0x00, 0x00, 0x00, 0x00, 0x00 }, // U+5DF4 巴
    { 0x00, 0x00, 0x00, 0x00, 0x0C, 0x20, 0x0C, 0x20, 0x7F, 0xFE, 0x0C, 0x20, 0x0C, 0x20, 0xFF, 0xFF, 0x0C, 0x30, 0x3F, 0xFC, 0x58, 0x12, 0x10, 0x10, 0x1F, 0xF0, 0x18, 0x14, 0x00, 0x00, 0x00, 0x00 }, // U+5DF7 巷
    { 0x00, 0x00, 0x00, 0x00, 0x01, 0x80, 0x01, 0x80, 0x01, 0x80, 0x3F, 0xFC, 0x21, 0x84, 0x21, 0x84, 0x21, 0x84, 0x21, 0x84, 0x21, 0x84, 0x21, 0x84, 0x21, 0x84, 0x21, 0x84, 0x00, 0x00, 0x00, 0x00 }, // U+5DFE 巾
    { 0x00, 0x00, 0x00, 0x00, 0x00, 0x3E, 0x7F, 0xF0, 0x01, 0x80, 0x01, 0x80, 0x01, 0x80, 0x3F, 0xFC, 0x21, 0x84, 0x21, 0x84, 0x21, 0x84, 0x21, 0x84, 0x21, 0x84, 0x21, 0x84, 0x00, 0x00, 0x00, 0x00 }, // U+5E01 币
    { 0x00, 0x00, 0x01, 0x00, 0x01, 0x80, 0x00, 0x80, 0xFF, 0xFF, 0x01, 0x80, 0x01, 0x80, 0x3F, 0xFC, 0x21, 0x84, 0x21, 0x84, 0x21, 0x84, 0x21, 0x84, 0x21, 0x84, 0x21, 0x84, 0x00, 0x00, 0x00, 0x00 }, // U+5E02 市
    { 0x00, 0x00, 0x00, 0x00, 0x02, 0x00, 0x02, 0x00, 0xFF, 0xFF, 0x04, 0x00, 0x08, 0x80, 0x18, 0x80, 0x1F, 0xFC, 0x38, 0x84, 0x58, 0x84, 0x58, 0x84, 0x18, 0x84, 0x18, 0x84, 0x00, 0x00, 0x00, 0x00 }, // U+5E03 布
    { 0x00, 0x00, 0x00, 0x00, 0x08, 0x30, 0x48, 0x30, 0x49, 0xFE, 0x49, 0x32, 0x49, 0x32, 0x49, 0x32, 0x49, 0x32, 0x49, 0x32, 0x49, 0x32, 0x49, 0x32, 0x19, 0x32, 0x11, 0x3E, 0x00, 0x00, 0x00, 0x00 }, // U+5E05 帅
    { 0x00, 0x00, 0x00, 0x00, 0x10, 0x00, 0x10, 0xF8, 0x10, 0x88, 0x7E, 0x88, 0x56, 0x88, 0x52, 0xC8, 0x52, 0xA8, 0x52, 0xA8, 0x52, 0x88, 0x52, 0x88, 0x5D, 0x89, 0x11, 0x09, 0x00, 0x00, 0x00, 0x00 }, // U+5E06 帆
    { 0x00, 0x00, 0x00, 0x00, 0x08, 0x00, 0x4B, 0xFF, 0x48, 0x20, 0x48, 0x20, 0x49, 0xFE, 0x49, 0x22, 0x49, 0x22, 0x49, 0x22, 0x49, 0x22, 0x49, 0x22, 0x49, 0x22, 0x19, 0x22, 0x00, 0x00, 0x00, 0x00 }, // U+5E08 师
    { 0x00, 0x00, 0x00, 0x00, 0x38, 0x18, 0x0F, 0xE0, 0x78, 0x0C, 0x02, 0x00, 0xFF, 0xFF, 0x0C, 0x00, 0x18, 0x00, 0x3F, 0xFC, 0x70, 0x84, 0x50, 0x84, 0x10, 0x84, 0x00, 0x00, 0x00, 0x00, 0x00, 0x00 }, // U+5E0C 希
    { 0x00, 0x00, 0x00, 0x00, 0x10, 0x82, 0x10, 0x84, 0x7C, 0x88, 0x54, 0xB0, 0x54, 0xA0, 0x54, 0x80, 0x57, 0xFE, 0x54, 0x90, 0x54, 0x90, 0x54, 0x88, 0x5C, 0x8C, 0x10, 0xA6, 0x00, 0x00, 0x00, 0x00 }, // U+5E10 帐
    { 0x00, 0x00, 0x00, 0x00, 0x10, 0x10, 0x10, 0x20, 0x7E, 0xFE, 0x56, 0x82, 0x52, 0x82, 0x52, 0x82, 0x52, 0x82, 0x52, 0xFE, 0x52, 0x82, 0x52, 0x82, 0x56, 0x82, 0x5C, 0x82, 0x00, 0x00, 0x00, 0x00 }, // U+5E15 帕
    { 0x00, 0x00, 0x00, 0x00, 0x10, 0x20, 0x10, 0x20, 0x10, 0x20, 0x7E, 0x3F, 0x56, 0x30, 0x52, 0x20, 0x52, 0x20, 0x52, 0x20, 0x52, 0xFE, 0x52, 0x82, 0x56, 0x82, 0x5C, 0x82, 0x00, 0x00, 0x00, 0x00 }, // U+5E16 帖
    { 0x00, 0x00, 0x00, 0x00, 0x01, 0x00, 0x01, 0x80, 0x7F, 0xFE, 0x40, 0x02, 0x44, 0x32, 0x39, 0x9C, 0x41, 0x82, 0x3F, 0xFC, 0x21, 0x84, 0x21, 0x84, 0x21, 0x84, 0x21, 0x8C, 0x00, 0x00, 0x00, 0x00 }, // U+5E18 帘
    { 0x00, 0x00, 0x00, 0x00, 0x3F, 0xFC, 0x00, 0x0C, 0x1F, 0xFC, 0x00, 0x0C, 0x3F, 0xFC, 0x00, 0x00, 0x7F, 0xFE, 0x41, 0x82, 0x01, 0x80, 0x1F, 0xF8, 0x11, 0x88, 0x11, 0x88, 0x00, 0x00, 0x00, 0x00 }, // U+5E1A 帚
    { 0x00, 0x00, 0x00, 0x00, 0x03, 0x00, 0x02, 0x00, 0x3F, 0xFC, 0x20, 0x04, 0x3F, 0xFC, 0x20, 0x04, 0x3F, 0xFC, 0x20, 0x04, 0x01, 0x80, 0x7F, 0xFE, 0x61, 0x86, 0x61, 0x86, 0x00, 0x00, 0x00, 0x00 }, // U+5E1B 帛
    { 0x00, 0x00, 0x00, 0x00, 0x10, 0x00, 0x10, 0xFE, 0x10, 0x86, 0x7E, 0x86, 0x56, 0x86, 0x56, 0x86, 0x56, 0x86, 0x56, 0x86, 0x56, 0xFE, 0x56, 0x86, 0x56, 0x48, 0x5C, 0xCC, 0x00, 0x00, 0x00, 0x00 }, // U+5E1C 帜
    { 0x00, 0x00, 0x00, 0x00, 0x01, 0x00, 0x01, 0x80, 0x7F, 0xFE, 0x08, 0x10, 0x04, 0x30, 0x7F, 0xFE, 0x40, 0x02, 0x41, 0x82, 0x01, 0x80, 0x1F, 0xFC, 0x11, 0x8C, 0x11, 0x8C, 0x00, 0x00, 0x00, 0x00 }, // U+5E1D 帝
    { 0x00, 0x00, 0x00, 0x00, 0x09, 0x90, 0x09, 0x90, 0xFF, 0xFF, 0x19, 0x90, 0x09, 0x90, 0x00, 0x00, 0x7F, 0xFE, 0x40, 0x02, 0x00, 0x00, 0x1F, 0xFC, 0x11, 0x8C, 0x11, 0x8C, 0x00, 0x00, 0x00, 0x00 }, // U+5E26 带
    { 0x00, 0x00, 0x10, 0x30, 0x10, 0x30, 0x10, 0x3F, 0x7C, 0x30, 0x54, 0x30, 0x55, 0xFE, 0x55, 0x82, 0x55, 0x92, 0x55, 0x92, 0x55, 0xB2, 0x55, 0xB2, 0x5D, 0xA2, 0x11, 0xB2, 0x00, 0x00, 0x00, 0x00 }, // U+5E27 帧
    { 0x00, 0x00, 0x00, 0x00, 0x00, 0x80, 0x00, 0x80, 0x3F, 0xFF, 0x26, 0x18, 0x3F, 0xFF, 0x26, 0x18, 0x26, 0x18, 0x27, 0xF8, 0x26, 0xD8, 0x2F, 0xFC, 0x28, 0xC4, 0x68, 0xC4, 0x00, 0x00, 0x00, 0x00 }, // U+5E2D 席
    { 0x00, 0x00, 0x00, 0x00, 0x08, 0x00, 0x08, 0x7E, 0x7F, 0x64, 0x08, 0x6C, 0x7F, 0x66, 0x08, 0x62, 0x7F, 0xFE, 0x10, 0x60, 0x20, 0x80, 0x7F, 0xFC, 0x11, 0x8C, 0x10, 0x8C, 0x00, 0x00, 0x00, 0x00 }, // U+5E2E 帮
    { 0x00, 0x00, 0x00, 0x00, 0x11, 0x8C, 0x09, 0x90, 0x7F, 0xFE, 0x40, 0x02, 0x5F, 0xFA, 0x10, 0x08, 0x10, 0x08, 0x1F, 0xF8, 0x11, 0x88, 0x01, 0x80, 0x3F, 0xFC, 0x21, 0x84, 0x00, 0x00, 0x00, 0x00 }, // U+5E38 常
    { 0x00, 0x00, 0x00, 0x00, 0x10, 0x00, 0x11, 0xFE, 0x11, 0x02, 0x7D, 0x7A, 0x55, 0x02, 0x55, 0x7A, 0x54, 0x00, 0x55, 0xFE, 0x55, 0x02, 0x55, 0xFE, 0x55, 0x02, 0x5D, 0xFE, 0x00, 0x00, 0x00, 0x00 }, // U+5E3D 帽
    { 0x00, 0x00, 0x00, 0x00, 0x7F, 0xFE, 0x40, 0x02, 0x1F, 0xF8, 0x10, 0x08, 0x1F, 0xF8, 0x10, 0x08, 0x1F, 0xF8, 0x06, 0x00, 0x7F, 0xFE, 0x18, 0x18, 0x71, 0x0E, 0xDF, 0xFF, 0x00, 0x00, 0x00, 0x00 }, // U+5E42 幂
    { 0x00, 0x00, 0x00, 0x00, 0x10, 0x00, 0x13, 0xFF, 0x10, 0x00, 0x7C, 0xFE, 0x54, 0x86, 0x54, 0xFE, 0x54, 0x86, 0x54, 0x00, 0x55, 0xFE, 0x55, 0x12, 0x55, 0xFE, 0x5D, 0x12, 0x00, 0x00, 0x00, 0x00 }, // U+5E45 幅
    { 0x00, 0x00, 0x00, 0x00, 0x10, 0x00, 0x11, 0xFE, 0x11, 0x02, 0x7D, 0xFE, 0x55, 0x02, 0x55, 0xFE, 0x54, 0x20, 0x55, 0xA4, 0x54, 0xA4, 0x57, 0xFE, 0x5C, 0x50, 0x50, 0x51, 0x00, 0x00, 0x00, 0x00 }, // U+5E4C 幌
    { 0x00, 0x00, 0x00, 0x00, 0x04, 0x20, 0x7F, 0xFE, 0x04, 0x20, 0x3F, 0xFC, 0x30, 0x0C, 0x3F, 0xFC, 0x30, 0x0C, 0x3F, 0xFC, 0x06, 0x00, 0x7F, 0xFE, 0x31, 0x18, 0x7F, 0xFC, 0x00, 0x00, 0x00, 0x00 }, // U+5E55 幕
    { 0x00, 0x00, 0x10, 0x20, 0x10, 0x20, 0x11, 0xFE, 0x7C, 0x88, 0x54, 0x48, 0x57, 0xFF, 0x54, 0x00, 0x55, 0xFE, 0x55, 0x22, 0x55, 0xFE, 0x55, 0x22, 0x5D, 0xFE, 0x58, 0x20, 0x00, 0x00, 0x00, 0x00 }, // U+5E62 幢
    { 0x00, 0x00, 0x00, 0x00, 0x7F, 0xFC, 0x01, 0x80, 0x01, 0x80, 0x01, 0x80, 0x01, 0x80, 0x01, 0x80, 0xFF, 0xFF, 0x01, 0x80, 0x01, 0x80, 0x01, 0x80, 0x01, 0x80, 0x00, 0x00, 0x00, 0x00, 0x00, 0x00 }, // U+5E72 干
    { 0x00, 0x00, 0x00, 0x00, 0x7F, 0xFE, 0x01, 0x80, 0x21, 0x84, 0x11, 0x88, 0x09, 0x90, 0x09, 0xA0, 0x01, 0x80, 0xFF, 0xFF, 0x01, 0x80, 0x01, 0x80, 0x01, 0x80, 0x00, 0x00, 0x00, 0x00, 0x00, 0x00 }, // U+5E73 平
    { 0x00, 0x00, 0x00, 0x00, 0x08, 0x00, 0x18, 0x00, 0x1F, 0xFE, 0x30, 0xC0, 0x20, 0xC0, 0x40, 0xC0, 0x5F, 0xFE, 0x10, 0xC0, 0x10, 0xC0, 0x10, 0xC0, 0xFF, 0xFF, 0x00, 0xC0, 0x00, 0x00, 0x00, 0x00 }, // U+5E74 年
    { 0x00, 0x00, 0x00, 0x00, 0x08, 0x10, 0x0C, 0x10, 0x04, 0x20, 0x7F, 0xFE, 0x0C, 0x30, 0x0C, 0x30, 0x0C, 0x30, 0x0C, 0x30, 0xFF, 0xFF, 0x0C, 0x30, 0x08, 0x30, 0x08, 0x30, 0x00, 0x00, 0x00, 0x00 }, // U+5E76 并
    { 0x00, 0x00, 0x00, 0x00, 0x01, 0x80, 0x01, 0x80, 0x3F, 0xFC, 0x01, 0x80, 0x01, 0x80, 0xFF, 0xFF, 0x08, 0x30, 0x0C, 0x20, 0x3F, 0xFC, 0x01, 0x80, 0x01, 0x80, 0xFF, 0xFF, 0x00, 0x00, 0x00, 0x00 }, // U+5E78 幸
    { 0x00, 0x00, 0x00, 0x00, 0x08, 0x00, 0x19, 0xFE, 0x10, 0x06, 0x32, 0x06, 0x22, 0x06, 0x46, 0x06, 0x7C, 0x06, 0x08, 0x06, 0x18, 0x06, 0x12, 0x04, 0x22, 0x04, 0x67, 0x04, 0x00, 0x00, 0x00, 0x00 }, // U+5E7B 幻
    { 0x00, 0x00, 0x00, 0x00, 0x08, 0x20, 0x10, 0x20, 0x30, 0x20, 0x22, 0xFE, 0x66, 0x22, 0x7C, 0x22, 0x0C, 0x22, 0x18, 0x22, 0x14, 0x42, 0x34, 0x42, 0x26, 0xC2, 0x7E, 0x82, 0x00, 0x00, 0x00, 0x00 }, // U+5E7C 幼
    { 0x00, 0x00, 0x00, 0x00, 0x01, 0x80, 0x09, 0xB0, 0x49, 0xA2, 0x49, 0xA2, 0x53, 0xEA, 0x55, 0xCA, 0x7D, 0xF2, 0x49, 0x92, 0x49, 0xA2, 0x53, 0xEA, 0x7F, 0xFA, 0x43, 0x82, 0x00, 0x00, 0x00, 0x00 }, // U+5E7D 幽
    { 0x00, 0x00, 0x00, 0x00, 0x00, 0x80, 0x00, 0xC0, 0x3F, 0xFF, 0x30, 0x00, 0x30, 0x00, 0x30, 0x00, 0x30, 0x00, 0x30, 0x00, 0x30, 0x00, 0x30, 0x00, 0x20, 0x00, 0x20, 0x00, 0x00, 0x00, 0x00, 0x00 }, // U+5E7F 广
    { 0x00, 0x00, 0x00, 0x00, 0x00, 0x80, 0x00, 0xC0, 0x3F, 0xFF, 0x20, 0x00, 0x20, 0x40, 0x20, 0x40, 0x20, 0x40, 0x2F, 0xFE, 0x20, 0x40, 0x20, 0x40, 0x20, 0x40, 0x60, 0x40, 0x00, 0x00, 0x00, 0x00 }, // U+5E84 庄
    { 0x00, 0x00, 0x00, 0x00, 0x00, 0x80, 0x00, 0xC0, 0x3F, 0xFF, 0x20, 0x00, 0x20, 0x00, 0x20, 0x40, 0x20, 0xC0, 0x2F, 0xFE, 0x20, 0xC0, 0x20, 0xE0, 0x21, 0xA0, 0x61, 0x10, 0x00, 0x00, 0x00, 0x00 }, // U+5E86 庆
    { 0x00, 0x00, 0x00, 0x00, 0x00, 0x80, 0x00, 0x80, 0x3F, 0xFE, 0x20, 0x00, 0x24, 0x20, 0x24, 0x22, 0x24, 0x26, 0x27, 0xA8, 0x24, 0x30, 0x24, 0x20, 0x64, 0xA3, 0x45, 0xA2, 0x00, 0x00, 0x00, 0x00 }, // U+5E87 庇
    { 0x00, 0x00, 0x00, 0x00, 0x00, 0x80, 0x00, 0x80, 0x3F, 0xFE, 0x20, 0x00, 0x20, 0x00, 0x20, 0x40, 0x2F, 0xFE, 0x21, 0xE0, 0x21, 0x50, 0x22, 0x58, 0x24, 0x4C, 0x28, 0x46, 0x00, 0x00, 0x00, 0x00 }, // U+5E8A 床
    { 0x00, 0x00, 0x00, 0x00, 0x00, 0x80, 0x00, 0x80, 0x3F, 0xFF, 0x20, 0x00, 0x27, 0xFC, 0x20, 0x1C, 0x21, 0x30, 0x20, 0xE0, 0x2F, 0xFE, 0x20, 0x42, 0x20, 0x46, 0x60, 0x44, 0x00, 0x00, 0x00, 0x00 }, // U+5E8F 序
    { 0x00, 0x00, 0x00, 0x00, 0x00, 0x80, 0x3F, 0xFE, 0x20, 0x40, 0x20, 0x40, 0x20, 0x40, 0x27, 0xFC, 0x24, 0x04, 0x24, 0x04, 0x24, 0x04, 0x27, 0xFC, 0x64, 0x04, 0x64, 0x00, 0x00, 0x00, 0x00, 0x00 }, // U+5E90 庐
    { 0x00, 0x00, 0x00, 0x00, 0x00, 0x80, 0x00, 0xC0, 0x3F, 0xFF, 0x21, 0x00, 0x21, 0x00, 0x2F, 0xFE, 0x22, 0x00, 0x24, 0x00, 0x2F, 0xFE, 0x20, 0x60, 0x20, 0x60, 0x7F, 0xFF, 0x00, 0x00, 0x00, 0x00 }, // U+5E93 库
    { 0x00, 0x00, 0x00, 0x00, 0x00, 0x80, 0x00, 0xC0, 0x3F, 0xFE, 0x20, 0x00, 0x20, 0x80, 0x28, 0x84, 0x2C, 0xC4, 0x24, 0xCC, 0x24, 0x48, 0x26, 0x48, 0x26, 0x58, 0x62, 0x10, 0x00, 0x00, 0x00, 0x00 }, // U+5E94 应
    { 0x00, 0x00, 0x00, 0x00, 0x00, 0x80, 0x3F, 0xFF, 0x20, 0x00, 0x20, 0x00, 0x27, 0xFC, 0x24, 0x60, 0x24, 0x60, 0x24, 0x20, 0x27, 0xFE, 0x24, 0x20, 0x24, 0x20, 0x64, 0xB1, 0x00, 0x00, 0x00, 0x00 }, // U+5E95 底
    { 0x00, 0x00, 0x00, 0x00, 0x00, 0x80, 0x00, 0x80, 0x3F, 0xFF, 0x20, 0x00, 0x20, 0x00, 0x20, 0x80, 0x20, 0xFE, 0x20, 0xC0, 0x20, 0x80, 0x27, 0xFC, 0x64, 0x04, 0x64, 0x04, 0x00, 0x00, 0x00, 0x00 }, // U+5E97 店
    { 0x00, 0x00, 0x00, 0x00, 0x00, 0x80, 0x00, 0x80, 0x3F, 0xFE, 0x20, 0x00, 0x20, 0x40, 0x2F, 0xFE, 0x2C, 0x46, 0x2C, 0x46, 0x2F, 0xFE, 0x2C, 0x46, 0x2C, 0x46, 0x4C, 0x46, 0x00, 0x00, 0x00, 0x00 }, // U+5E99 庙
    { 0x00, 0x00, 0x00, 0x00, 0x00, 0x80, 0x00, 0x80, 0x3F, 0xFE, 0x20, 0x80, 0x2F, 0xFC, 0x20, 0x84, 0x3F, 0xFF, 0x20, 0x84, 0x20, 0x84, 0x2F, 0xFC, 0x61, 0xC4, 0x43, 0x20, 0x00, 0x00, 0x00, 0x00 }, // U+5E9A 庚
    { 0x00, 0x00, 0x00, 0x00, 0x00, 0x80, 0x00, 0x80, 0x3F, 0xFF, 0x20, 0x00, 0x22, 0x00, 0x26, 0x08, 0x25, 0xFF, 0x2C, 0x08, 0x3C, 0x88, 0x24, 0x88, 0x64, 0x48, 0x64, 0x48, 0x00, 0x00, 0x00, 0x00 }, // U+5E9C 府
    { 0x00, 0x00, 0x00, 0x00, 0x00, 0x80, 0x00, 0x80, 0x3F, 0xFF, 0x20, 0x00, 0x22, 0x10, 0x22, 0x08, 0x3F, 0xFE, 0x22, 0x40, 0x22, 0x44, 0x22, 0x48, 0x66, 0x78, 0x44, 0x61, 0x00, 0x00, 0x00, 0x00 }, // U+5E9E 庞
    { 0x00, 0x00, 0x00, 0x00, 0x00, 0x80, 0x00, 0x80, 0x3F, 0xFF, 0x20, 0x00, 0x24, 0x8C, 0x29, 0x00, 0x2F, 0xFF, 0x21, 0x00, 0x23, 0xFC, 0x23, 0x8C, 0x66, 0x98, 0x44, 0x70, 0x00, 0x00, 0x00, 0x00 }, // U+5E9F 废
    { 0x00, 0x00, 0x00, 0x00, 0x00, 0x80, 0x00, 0xC0, 0x3F, 0xFF, 0x20, 0x00, 0x22, 0x18, 0x3F, 0xFE, 0x22, 0x18, 0x23, 0xF8, 0x20, 0x00, 0x2F, 0xFC, 0x62, 0x18, 0x41, 0xE0, 0x00, 0x00, 0x00, 0x00 }, // U+5EA6 度
    { 0x00, 0x00, 0x00, 0x00, 0x00, 0x80, 0x00, 0x80, 0x7F, 0xFE, 0x60, 0xC0, 0x64, 0x48, 0x64, 0x48, 0x6E, 0x5C, 0x7B, 0x56, 0x71, 0xE2, 0x60, 0x40, 0x6F, 0xFE, 0x40, 0xC0, 0x00, 0x00, 0x00, 0x00 }, // U+5EA7 座
    { 0x00, 0x00, 0x00, 0x00, 0x00, 0x80, 0x3F, 0xFE, 0x20, 0x00, 0x3E, 0x00, 0x26, 0x0E, 0x2C, 0xF8, 0x2E, 0xFE, 0x22, 0x10, 0x6A, 0x10, 0x6E, 0xFE, 0x44, 0x00, 0x00, 0x00, 0x00, 0x00, 0x00, 0x00 }, // U+5EAD 庭
    { 0x00, 0x00, 0x00, 0x00, 0x00, 0x80, 0x00, 0x80, 0x3F, 0xFF, 0x20, 0x00, 0x22, 0x18, 0x3F, 0xFE, 0x22, 0x18, 0x22, 0x18, 0x23, 0xF8, 0x22, 0x18, 0x69, 0x24, 0x49, 0x26, 0x00, 0x00, 0x00, 0x00 }, // U+5EB6 庶
    { 0x00, 0x00, 0x00, 0x00, 0x00, 0x80, 0x00, 0xC0, 0x3F, 0xFE, 0x20, 0x80, 0x2F, 0xFC, 0x20, 0x84, 0x3F, 0xFF, 0x20, 0x84, 0x2F, 0xFC, 0x28, 0xC4, 0x24, 0xFC, 0x61, 0xF0, 0x00, 0x00, 0x00, 0x00 }, // U+5EB7 康
    { 0x00, 0x00, 0x00, 0x00, 0x00, 0x80, 0x3F, 0xFE, 0x20, 0x84, 0x3F, 0xFE, 0x20, 0x84, 0x2F, 0xFC, 0x20, 0x80, 0x2F, 0xFC, 0x28, 0x84, 0x4F, 0xFC, 0x48, 0x84, 0x4F, 0xFC, 0x00, 0x00, 0x00, 0x00 }, // U+5EB8 庸
    { 0x00, 0x00, 0x00, 0x00, 0x00, 0x80, 0x00, 0x80, 0x3F, 0xFE, 0x22, 0x10, 0x3F, 0xFE, 0x21, 0x20, 0x2F, 0xFC, 0x21, 0x24, 0x3F, 0xFF, 0x61, 0x24, 0x4F, 0xFC, 0x43, 0x20, 0x00, 0x00, 0x00, 0x00 }, // U+5EC9 廉
    { 0x00, 0x00, 0x00, 0x00, 0x00, 0x80, 0x00, 0x80, 0x3F, 0xFF, 0x22, 0x00, 0x22, 0x00, 0x2F, 0xBE, 0x28, 0xA2, 0x2F, 0xA4, 0x28, 0xAC, 0x2F, 0xA4, 0x28, 0xA2, 0x49, 0x22, 0x00, 0x00, 0x00, 0x00 }, // U+5ECA 廊
    { 0x00, 0x00, 0x00, 0x00, 0x00, 0x80, 0x00, 0x80, 0x3F, 0xFF, 0x22, 0x00, 0x3F, 0xFE, 0x28, 0xB2, 0x28, 0xB4, 0x2F, 0xB4, 0x60, 0x34, 0x7F, 0xB2, 0x41, 0xB2, 0x5F, 0xB2, 0x00, 0x00, 0x00, 0x00 }, // U+5ED3 廓
    { 0x00, 0x00, 0x00, 0x00, 0x00, 0x80, 0x3F, 0xFF, 0x20, 0x00, 0x3F, 0xFE, 0x24, 0xA2, 0x27, 0x9E, 0x39, 0xE2, 0x27, 0x10, 0x78, 0x46, 0x47, 0x30, 0x41, 0x84, 0x4C, 0x18, 0x00, 0x00, 0x00, 0x00 }, // U+5ED6 廖
    { 0x00, 0x00, 0x00, 0x00, 0x00, 0x1E, 0xFB, 0xF8, 0x18, 0x30, 0x10, 0x30, 0x31, 0x30, 0x61, 0x3E, 0x79, 0x30, 0x09, 0x30, 0x49, 0x30, 0x49, 0x30, 0x31, 0xFE, 0x30, 0x00, 0x00, 0x00, 0x00, 0x00 }, // U+5EF6 延
    { 0x00, 0x00, 0x00, 0x00, 0x00, 0x0E, 0xFB, 0xF8, 0x18, 0x20, 0x10, 0x20, 0x20, 0x20, 0x61, 0xFE, 0x78, 0x20, 0x08, 0x20, 0x48, 0x20, 0x48, 0x20, 0x73, 0xFE, 0x30, 0x00, 0x00, 0x00, 0x00, 0x00 }, // U+5EF7 廷
    { 0x00, 0x00, 0x00, 0x00, 0x00, 0x40, 0xFB, 0xFC, 0x18, 0x44, 0x17, 0xFF, 0x20, 0x44, 0x43, 0xFC, 0x78, 0x44, 0x08, 0x40, 0x4B, 0xFC, 0x50, 0x40, 0x77, 0xFE, 0x30, 0x40, 0x00, 0x00, 0x00, 0x00 }, // U+5EFA 建
    { 0x00, 0x00, 0x00, 0x00, 0x7F, 0xFE, 0x0C, 0x30, 0x0C, 0x10, 0x0C, 0x10, 0x0C, 0x10, 0x0C, 0x10, 0xFF, 0xFF, 0x0C, 0x30, 0x0C, 0x10, 0x08, 0x10, 0x08, 0x10, 0x00, 0x00, 0x00, 0x00, 0x00, 0x00 }, // U+5F00 开
    { 0x00, 0x00, 0x00, 0x00, 0x3F, 0xF8, 0x20, 0x08, 0x20, 0x08, 0x3F, 0xF8, 0x20, 0x0A, 0x20, 0x02, 0x1F, 0xFE, 0x00, 0x00, 0x00, 0x00, 0xFF, 0xFF, 0x08, 0x10, 0x00, 0x00, 0x00, 0x00, 0x00, 0x00 }, // U+5F02 异
    { 0x00, 0x00, 0x00, 0x00, 0x01, 0x00, 0x01, 0x80, 0xFF, 0xFF, 0x06, 0x00, 0x0C, 0x20, 0x18, 0x10, 0x3F, 0xFC, 0x00, 0x04, 0x0C, 0x30, 0x0C, 0x30, 0xFF, 0xFF, 0x08, 0x30, 0x00, 0x00, 0x00, 0x00 }, // U+5F03 弃
    { 0x00, 0x00, 0x00, 0x00, 0x7F, 0xFE, 0x01, 0x80, 0x01, 0x80, 0x3F, 0xFC, 0x01, 0x80, 0x01, 0x80, 0x7F, 0xFE, 0x00, 0x00, 0x08, 0x10, 0xFF, 0xFF, 0x08, 0x10, 0x00, 0x00, 0x00, 0x00, 0x00, 0x00 }, // U+5F04 弄
    { 0x00, 0x00, 0x00, 0x00, 0x08, 0x20, 0x2A, 0x20, 0x7F, 0x7F, 0x49, 0xE4, 0x5F, 0xE4, 0x5B, 0x1C, 0x6B, 0x18, 0x49, 0x3C, 0x4B, 0x67, 0x00, 0x00, 0x04, 0x20, 0xFF, 0xFF, 0x00, 0x00, 0x00, 0x00 }, // U+5F0A 弊
    { 0x00, 0x00, 0x00, 0x00, 0x00, 0x48, 0x00, 0x44, 0x00, 0x40, 0xFF, 0xFF, 0x00, 0x40, 0x00, 0x40, 0x7F, 0x40, 0x08, 0x60, 0x08, 0x60, 0x08, 0x20, 0x08, 0x20, 0x0F, 0xB3, 0x00, 0x00, 0x00, 0x00 }, // U+5F0F 式
    { 0x00, 0x00, 0x00, 0x00, 0x3F, 0xFC, 0x00, 0x0C, 0x00, 0x04, 0x3F, 0xFC, 0x30, 0x0C, 0x20, 0x00, 0x20, 0x00, 0x3F, 0xFC, 0x00, 0x04, 0x00, 0x04, 0x00, 0x04, 0x00, 0x00, 0x00, 0x00, 0x00, 0x00 }, // U+5F13 弓
    { 0x00, 0x00, 0x00, 0x00, 0x00, 0x04, 0x7F, 0x84, 0x00, 0x84, 0x00, 0x84, 0x3F, 0x84, 0x20, 0x84, 0x20, 0x04, 0x60, 0x04, 0x7F, 0x84, 0x00, 0x84, 0x00, 0x84, 0x00, 0x84, 0x00, 0x00, 0x00, 0x00 }, // U+5F15 引
    { 0x00, 0x00, 0x00, 0x00, 0x04, 0x60, 0x04, 0x60, 0x7F, 0xFE, 0x06, 0x66, 0x04, 0x66, 0x3F, 0xFE, 0x26, 0x66, 0x24, 0x60, 0x64, 0x60, 0x7F, 0xFE, 0x04, 0x62, 0x0C, 0x62, 0x00, 0x00, 0x00, 0x00 }, // U+5F17 弗
    { 0x00, 0x00, 0x00, 0x00, 0x7C, 0x10, 0x04, 0x30, 0x04, 0x30, 0x04, 0x20, 0x7C, 0x20, 0x44, 0x60, 0x40, 0x48, 0x40, 0x48, 0x7C, 0xCC, 0x04, 0x84, 0x04, 0x86, 0x05, 0x86, 0x00, 0x00, 0x00, 0x00 }, // U+5F18 弘
    { 0x00, 0x00, 0x00, 0x00, 0x78, 0x20, 0x08, 0x20, 0x09, 0x3E, 0x09, 0x3E, 0x7B, 0xE2, 0x4F, 0x22, 0x41, 0x22, 0x41, 0x22, 0x79, 0x26, 0x09, 0x3C, 0x09, 0x21, 0x09, 0x03, 0x00, 0x00, 0x00, 0x00 }, // U+5F1B 弛
    { 0x00, 0x00, 0x00, 0x00, 0x08, 0x10, 0x0C, 0x30, 0x04, 0x20, 0x7F, 0xFC, 0x01, 0x84, 0x01, 0x84, 0x3F, 0xFC, 0x21, 0x84, 0x61, 0x80, 0x7F, 0xFE, 0x07, 0x82, 0x05, 0x82, 0x00, 0x00, 0x00, 0x00 }, // U+5F1F 弟
    { 0x00, 0x00, 0x00, 0x00, 0x01, 0x82, 0x7D, 0x8C, 0x0D, 0x98, 0x05, 0xB0, 0x7D, 0xE0, 0x41, 0x80, 0x43, 0xFF, 0x41, 0xA0, 0x7D, 0x90, 0x09, 0x90, 0x09, 0x88, 0x09, 0xAC, 0x00, 0x00, 0x00, 0x00 }, // U+5F20 张
    { 0x00, 0x00, 0x00, 0x00, 0x00, 0x80, 0x78, 0x80, 0x09, 0xFE, 0x09, 0x02, 0x7B, 0x06, 0x4E, 0x24, 0x40, 0x20, 0x40, 0xA0, 0x79, 0xA8, 0x09, 0x24, 0x0B, 0x26, 0x0A, 0x22, 0x00, 0x00, 0x00, 0x00 }, // U+5F25 弥
    { 0x00, 0x00, 0x00, 0x00, 0x00, 0x20, 0x7C, 0x30, 0x0F, 0xFF, 0x0C, 0x40, 0x7C, 0xC0, 0x4C, 0x88, 0x41, 0x18, 0x41, 0xF0, 0x7C, 0x20, 0x08, 0x68, 0x08, 0xC4, 0x09, 0x84, 0x00, 0x00, 0x00, 0x00 }, // U+5F26 弦
    { 0x00, 0x00, 0x00, 0x00, 0x00, 0x06, 0x79, 0xFC, 0x09, 0x6C, 0x09, 0x6C, 0x79, 0x6C, 0x49, 0x64, 0x41, 0x64, 0x41, 0x64, 0x79, 0x64, 0x09, 0x64, 0x0A, 0x76, 0x0A, 0x72, 0x00, 0x00, 0x00, 0x00 }, // U+5F27 弧
    { 0x00, 0x00, 0x00, 0x00, 0x01, 0x00, 0x01, 0x80, 0x7F, 0xFE, 0x12, 0x58, 0x32, 0x4C, 0x60, 0x06, 0x7F, 0xFA, 0x00, 0x08, 0x3F, 0xF8, 0x20, 0x00, 0x3F, 0xFC, 0x00, 0x04, 0x00, 0x00, 0x00, 0x00 }, // U+5F2F 弯
    { 0x00, 0x00, 0x00, 0x00, 0x7E, 0xFE, 0x02, 0x06, 0x02, 0x06, 0x3E, 0x7E, 0x62, 0x46, 0x40, 0x40, 0x7E, 0xFE, 0x02, 0x02, 0x32, 0x32, 0x02, 0x3A, 0x7A, 0xFA, 0x00, 0x00, 0x00, 0x00, 0x00, 0x00 }, // U+5F31 弱
    { 0x00, 0x00, 0x00, 0x00, 0x00, 0x84, 0xF8, 0x88, 0x08, 0xD8, 0x0B, 0xFE, 0x0B, 0x22, 0x7A, 0x22, 0x4B, 0xFE, 0x42, 0x22, 0x7A, 0x22, 0x0B, 0xFE, 0x0B, 0x22, 0x08, 0x20, 0x00, 0x00, 0x00, 0x00 }, // U+5F39 弹
    { 0x00, 0x00, 0x00, 0x00, 0x79, 0xFC, 0x09, 0x04, 0x09, 0x04, 0x09, 0xFC, 0x79, 0x24, 0x48, 0x20, 0x43, 0xFE, 0x7A, 0x22, 0x0A, 0x22, 0x0B, 0xFE, 0x0A, 0x20, 0x00, 0x00, 0x00, 0x00, 0x00, 0x00 }, // U+5F3A 强
    { 0x00, 0x00, 0x00, 0x00, 0x0C, 0x00, 0x0D, 0xFE, 0x6C, 0x06, 0x6C, 0x02, 0x6C, 0x02, 0x6C, 0x02, 0x6D, 0xFE, 0x6C, 0x06, 0x6C, 0x02, 0x6C, 0x02, 0x68, 0x02, 0x08, 0x02, 0x00, 0x00, 0x00, 0x00 }, // U+5F52 归
    { 0x00, 0x00, 0x00, 0x00, 0x01, 0x80, 0x21, 0x84, 0x11, 0x8C, 0x19, 0x98, 0x09, 0xB0, 0x01, 0x80, 0x7F, 0xFE, 0x00, 0x06, 0x00, 0x06, 0x3F, 0xFE, 0x00, 0x06, 0x00, 0x06, 0x00, 0x00, 0x00, 0x00 }, // U+5F53 当
    { 0x00, 0x00, 0x00, 0x00, 0x3F, 0xF8, 0x00, 0x08, 0x00, 0x08, 0x3F, 0xF8, 0x00, 0x08, 0x00, 0x08, 0xFF, 0xFF, 0x01, 0xC0, 0x39, 0xCC, 0x03, 0xB0, 0x1D, 0x98, 0x00, 0x00, 0x00, 0x00, 0x00, 0x00 }, // U+5F55 录
    { 0x00, 0x00, 0x00, 0x00, 0x08, 0x00, 0x1F, 0xF8, 0x10, 0x08, 0x1F, 0xF8, 0x00, 0x10, 0x7F, 0xFF, 0x4A, 0x6C, 0x2C, 0xFC, 0x7E, 0x66, 0x1C, 0xFE, 0x2E, 0x54, 0x48, 0x92, 0x00, 0x00, 0x00, 0x00 }, // U+5F5D 彝
    { 0x00, 0x00, 0x00, 0x00, 0x00, 0x02, 0x7F, 0x84, 0x33, 0x18, 0x13, 0x30, 0x13, 0x22, 0x13, 0x06, 0xFF, 0xC8, 0x33, 0x30, 0x33, 0x22, 0x33, 0x06, 0x23, 0x0C, 0x23, 0x18, 0x00, 0x00, 0x00, 0x00 }, // U+5F62 形
    { 0x00, 0x00, 0x00, 0x00, 0x3F, 0x04, 0x21, 0x04, 0x29, 0x08, 0x29, 0x10, 0x25, 0x32, 0x25, 0x46, 0x21, 0x08, 0xFF, 0xB0, 0x21, 0x22, 0x21, 0x02, 0x21, 0x04, 0x21, 0x18, 0x00, 0x00, 0x00, 0x00 }, // U+5F64 彤
    { 0x00, 0x00, 0x00, 0x00, 0x01, 0x00, 0x01, 0x80, 0x7F, 0xFF, 0x08, 0x10, 0x04, 0x20, 0x3F, 0xFE, 0x20, 0x18, 0x21, 0xE0, 0x2E, 0x18, 0x21, 0xE0, 0x2E, 0x04, 0x60, 0x38, 0x00, 0x00, 0x00, 0x00 }, // U+5F66 彦
    { 0x00, 0x00, 0x00, 0x00, 0x07, 0x84, 0x7C, 0x0C, 0x08, 0x98, 0x49, 0xB0, 0x65, 0x42, 0x21, 0x04, 0x08, 0x18, 0x7F, 0xB0, 0x08, 0x62, 0x1E, 0x06, 0x2B, 0x0C, 0x69, 0x98, 0x00, 0x00, 0x00, 0x00 }, // U+5F69 彩
    { 0x00, 0x00, 0x00, 0x00, 0x04, 0x04, 0x07, 0xCC, 0x04, 0x18, 0x7F, 0xE2, 0x64, 0xC6, 0x7F, 0x0C, 0x64, 0x92, 0x67, 0xA2, 0x40, 0x04, 0x4F, 0x08, 0x49, 0x11, 0x49, 0x21, 0x00, 0x00, 0x00, 0x00 }, // U+5F6A 彪
    { 0x00, 0x00, 0x00, 0x00, 0x11, 0x02, 0x11, 0x04, 0x11, 0x08, 0x7B, 0xD0, 0x11, 0x02, 0x39, 0xC6, 0x37, 0x4C, 0x53, 0x10, 0x55, 0x20, 0x15, 0x02, 0x11, 0x06, 0x11, 0x0C, 0x00, 0x00, 0x00, 0x00 }, // U+5F6C 彬
    { 0x00, 0x00, 0x00, 0x00, 0x08, 0x04, 0x08, 0x0C, 0xFF, 0x88, 0x08, 0x30, 0x7F, 0xA2, 0x00, 0x06, 0x7F, 0x8C, 0x41, 0x90, 0x41, 0xA2, 0x3F, 0x82, 0x22, 0x04, 0x02, 0x08, 0x00, 0x00, 0x00, 0x00 }, // U+5F6D 彭
    { 0x00, 0x00, 0x00, 0x00, 0x08, 0x00, 0x0C, 0x04, 0x7F, 0x8C, 0x33, 0x18, 0xFF, 0xE2, 0x00, 0x06, 0x7F, 0x8C, 0x40, 0x90, 0x7F, 0xA2, 0x40, 0x82, 0x7F, 0x84, 0x04, 0x08, 0x00, 0x00, 0x00, 0x00 }, // U+5F70 彰
    { 0x00, 0x00, 0x00, 0x00, 0x7F, 0x84, 0x40, 0x8C, 0x7F, 0x98, 0x40, 0xA2, 0x7F, 0x86, 0x08, 0x0C, 0xFF, 0xD8, 0x00, 0x32, 0x7F, 0xA2, 0x40, 0x86, 0x7F, 0x8C, 0x00, 0x00, 0x00, 0x00, 0x00, 0x00 }, // U+5F71 影
    { 0x00, 0x00, 0x00, 0x00, 0x09, 0xF8, 0x11, 0x08, 0x31, 0x08, 0x61, 0x08, 0x0B, 0x0F, 0x1A, 0x00, 0x33, 0xFC, 0x71, 0x0C, 0xF1, 0x88, 0x30, 0xD0, 0x30, 0x60, 0x30, 0xF0, 0x00, 0x00, 0x00, 0x00 }, // U+5F79 役
    { 0x00, 0x00, 0x00, 0x00, 0x18, 0x00, 0x12, 0x7E, 0x22, 0x12, 0x42, 0x12, 0x0B, 0xD2, 0x1E, 0x12, 0x32, 0x12, 0x72, 0x32, 0xF2, 0x32, 0x32, 0xA2, 0x33, 0xA2, 0x32, 0x62, 0x00, 0x00, 0x00, 0x00 }, // U+5F7B 彻
    { 0x00, 0x00, 0x00, 0x00, 0x08, 0x20, 0x10, 0x20, 0x33, 0xFE, 0x62, 0x22, 0x0A, 0x26, 0x1A, 0x20, 0x33, 0xFC, 0x32, 0x84, 0x72, 0xCC, 0x32, 0x48, 0x32, 0x30, 0x34, 0x70, 0x00, 0x00, 0x00, 0x00 }, // U+5F7C 彼
    { 0x00, 0x00, 0x00, 0x00, 0x00, 0x40, 0x08, 0x60, 0x18, 0x00, 0x33, 0xFE, 0x68, 0x20, 0x58, 0x20, 0x10, 0x20, 0x30, 0x20, 0x73, 0xFE, 0x10, 0x20, 0x10, 0x20, 0x10, 0x20, 0x00, 0x00, 0x00, 0x00 }, // U+5F80 往
    { 0x00, 0x00, 0x00, 0x00, 0x08, 0x00, 0x1B, 0xFE, 0x30, 0x30, 0x60, 0x10, 0x48, 0x10, 0x08, 0x10, 0x11, 0x10, 0x31, 0x1E, 0x71, 0x10, 0x11, 0x10, 0x11, 0x10, 0x11, 0x10, 0x00, 0x00, 0x00, 0x00 }, // U+5F81 征
    { 0x00, 0x00, 0x00, 0x00, 0x08, 0x00, 0x13, 0xFC, 0x30, 0x0C, 0x60, 0x18, 0x08, 0x30, 0x18, 0xF8, 0x13, 0x86, 0x36, 0x02, 0xF0, 0x00, 0xB3, 0xFE, 0x30, 0x20, 0x30, 0x20, 0x00, 0x00, 0x00, 0x00 }, // U+5F84 径
    { 0x00, 0x00, 0x00, 0x00, 0x08, 0x20, 0x10, 0x20, 0x33, 0xFE, 0x60, 0x20, 0x08, 0x20, 0x1F, 0xFF, 0x10, 0x00, 0x30, 0x00, 0x77, 0xFF, 0xF0, 0x08, 0x31, 0x08, 0x31, 0x08, 0x00, 0x00, 0x00, 0x00 }, // U+5F85 待
    { 0x00, 0x00, 0x00, 0x00, 0x08, 0x00, 0x1B, 0xFC, 0x13, 0x04, 0x23, 0x04, 0x4B, 0xFC, 0x1B, 0x04, 0x13, 0x04, 0x33, 0xFC, 0x73, 0x44, 0x13, 0x22, 0x13, 0x3C, 0x13, 0x18, 0x00, 0x00, 0x00, 0x00 }, // U+5F88 很
    { 0x00, 0x00, 0x00, 0x00, 0x17, 0xFE, 0x16, 0x02, 0x26, 0x02, 0x46, 0xFA, 0x0E, 0x8A, 0x16, 0x8A, 0x36, 0x8A, 0x76, 0x8A, 0xF6, 0xFA, 0x36, 0x8A, 0x36, 0x02, 0x36, 0x02, 0x00, 0x00, 0x00, 0x00 }, // U+5F8A 徊
    { 0x00, 0x00, 0x00, 0x00, 0x08, 0x40, 0x10, 0x40, 0x33, 0xFC, 0x60, 0x44, 0x0F, 0xFF, 0x10, 0x44, 0x33, 0xFC, 0x70, 0x44, 0xF0, 0x40, 0x37, 0xFE, 0x30, 0x40, 0x37, 0xFF, 0x00, 0x00, 0x00, 0x00 }, // U+5F8B 律
    { 0x00, 0x00, 0x00, 0x00, 0x08, 0x60, 0x10, 0x70, 0x20, 0x90, 0x61, 0x0C, 0x0B, 0x06, 0x1F, 0xFF, 0x30, 0x20, 0x70, 0x20, 0x73, 0xFE, 0x30, 0x20, 0x31, 0x28, 0x32, 0x24, 0x00, 0x00, 0x00, 0x00 }, // U+5F90 徐
    { 0x00, 0x00, 0x00, 0x00, 0x08, 0x20, 0x10, 0x20, 0x33, 0xFE, 0x60, 0x20, 0x08, 0x20, 0x10, 0x20, 0x37, 0xFF, 0x70, 0x20, 0x72, 0x20, 0x32, 0x3E, 0x32, 0x20, 0x37, 0x20, 0x00, 0x00, 0x00, 0x00 }, // U+5F92 徒
    { 0x00, 0x00, 0x00, 0x00, 0x08, 0x00, 0x13, 0xFC, 0x32, 0x04, 0x63, 0xFC, 0x0A, 0x04, 0x13, 0xFC, 0x30, 0x00, 0x77, 0xFE, 0x70, 0x0C, 0x37, 0xFF, 0x31, 0x0C, 0x31, 0x0C, 0x00, 0x00, 0x00, 0x00 }, // U+5F97 得
    { 0x00, 0x00, 0x00, 0x00, 0x08, 0x90, 0x10, 0x90, 0x30, 0x90, 0x67, 0x9E, 0x08, 0x90, 0x10, 0x90, 0x37, 0x9E, 0x70, 0x90, 0x30, 0x90, 0x37, 0x9F, 0x30, 0x90, 0x30, 0x90, 0x00, 0x00, 0x00, 0x00 }, // U+5F98 徘
    { 0x00, 0x00, 0x00, 0x00, 0x12, 0x00, 0x17, 0xDE, 0x25, 0x12, 0x41, 0x12, 0x11, 0x12, 0x3F, 0xF2, 0x21, 0x12, 0x61, 0x12, 0xE5, 0x12, 0x25, 0xD2, 0x25, 0x12, 0x25, 0x12, 0x00, 0x00, 0x00, 0x00 }, // U+5FA1 御
    { 0x00, 0x00, 0x00, 0x00, 0x10, 0x1E, 0x17, 0xF0, 0x24, 0x30, 0x44, 0x30, 0x17, 0xFF, 0x14, 0x30, 0x25, 0xFE, 0x65, 0x86, 0xE5, 0xFE, 0x25, 0x06, 0x25, 0xFE, 0x25, 0x06, 0x00, 0x00, 0x00, 0x00 }, // U+5FAA 循
    { 0x00, 0x00, 0x00, 0x00, 0x11, 0x08, 0x31, 0x48, 0x65, 0x58, 0x5F, 0xDF, 0x10, 0x52, 0x20, 0x32, 0x27, 0xF2, 0x60, 0x06, 0xE7, 0x8C, 0x24, 0x8C, 0x24, 0xAC, 0x24, 0xFC, 0x00, 0x00, 0x00, 0x00 }, // U+5FAE 微
    { 0x00, 0x00, 0x00, 0x00, 0x10, 0x60, 0x17, 0xFE, 0x20, 0x60, 0x47, 0xFE, 0x1C, 0x92, 0x14, 0x92, 0x37, 0xFE, 0x70, 0x00, 0xF7, 0xFF, 0x30, 0x40, 0x35, 0x62, 0x35, 0x2A, 0x00, 0x00, 0x00, 0x00 }, // U+5FB7 德
    { 0x00, 0x00, 0x00, 0x00, 0x11, 0x08, 0x35, 0x48, 0x25, 0x48, 0x47, 0xDF, 0x90, 0x12, 0x3F, 0xF2, 0x24, 0xB2, 0x6F, 0x0E, 0xEF, 0xCC, 0x21, 0x2C, 0x21, 0x4C, 0x29, 0x4C, 0x00, 0x00, 0x00, 0x00 }, // U+5FBD 徽
    { 0x00, 0x00, 0x00, 0x00, 0x01, 0x00, 0x01, 0x80, 0x00, 0x80, 0x0C, 0xC0, 0x0C, 0x48, 0x2C, 0x0C, 0x2C, 0x04, 0x6C, 0x06, 0x4C, 0x02, 0x4C, 0x0A, 0x4C, 0x08, 0x0C, 0x08, 0x00, 0x00, 0x00, 0x00 }, // U+5FC3 心
    { 0x00, 0x00, 0x00, 0x00, 0x02, 0x00, 0x01, 0x08, 0x0C, 0x88, 0x0C, 0x98, 0x2C, 0x30, 0x2C, 0x24, 0x6C, 0x44, 0x4C, 0xC6, 0x4D, 0x82, 0x4F, 0x02, 0x0C, 0x08, 0x1C, 0x08, 0x00, 0x00, 0x00, 0x00 }, // U+5FC5 必
    { 0x00, 0x00, 0x00, 0x00, 0x10, 0x00, 0x13, 0xFC, 0x10, 0x0C, 0x18, 0x08, 0x54, 0x10, 0x50, 0x30, 0x90, 0x60, 0x10, 0xC0, 0x11, 0x80, 0x11, 0x03, 0x13, 0x03, 0x12, 0x03, 0x00, 0x00, 0x00, 0x00 }, // U+5FC6 忆
    { 0x00, 0x00, 0x00, 0x00, 0x3F, 0xF8, 0x00, 0x08, 0x00, 0x08, 0x3F, 0xF8, 0x20, 0x08, 0x20, 0x02, 0x30, 0x06, 0x1F, 0xFC, 0x01, 0x00, 0x29, 0x84, 0x48, 0x96, 0x48, 0x12, 0x00, 0x00, 0x00, 0x00 }, // U+5FCC 忌
    { 0x00, 0x00, 0x00, 0x00, 0x3F, 0xFC, 0x01, 0x04, 0x11, 0x04, 0x33, 0x04, 0x42, 0x04, 0x0C, 0x0C, 0x18, 0xF8, 0x60, 0x00, 0x01, 0x00, 0x28, 0x84, 0x48, 0x16, 0x00, 0x00, 0x00, 0x00, 0x00, 0x00 }, // U+5FCD 忍
    { 0x00, 0x00, 0x00, 0x00, 0x01, 0x80, 0x01, 0x80, 0xFF, 0xFF, 0x01, 0x80, 0x01, 0x80, 0x01, 0x80, 0x3F, 0xFC, 0x01, 0x00, 0x29, 0x04, 0x68, 0x86, 0x48, 0x92, 0x48, 0x12, 0x00, 0x00, 0x00, 0x00 }, // U+5FD7 志
    { 0x00, 0x00, 0x00, 0x00, 0x01, 0x00, 0x00, 0x80, 0xFF, 0xFF, 0x10, 0x00, 0x10, 0x00, 0x10, 0x00, 0x1F, 0xFC, 0x01, 0x00, 0x29, 0x84, 0x68, 0x84, 0x48, 0x12, 0x48, 0x12, 0x00, 0x00, 0x00, 0x00 }, // U+5FD8 忘
    { 0x00, 0x00, 0x00, 0x00, 0x10, 0x20, 0x10, 0x20, 0x10, 0x10, 0x5B, 0xFF, 0x55, 0x80, 0x55, 0x80, 0x91, 0x80, 0x11, 0x80, 0x11, 0x80, 0x11, 0x80, 0x11, 0x80, 0x11, 0x80, 0x00, 0x00, 0x00, 0x00 }, // U+5FD9 忙
    { 0x00, 0x00, 0x00, 0x00, 0x01, 0x80, 0x3F, 0xFC, 0x21, 0x84, 0x21, 0x84, 0x21, 0x84, 0x21, 0x84, 0x3F, 0xFC, 0x21, 0x84, 0x00, 0x00, 0x01, 0x00, 0x69, 0x8C, 0x48, 0x86, 0x00, 0x00, 0x00, 0x00 }, // U+5FE0 忠
    { 0x00, 0x00, 0x00, 0x00, 0x30, 0xC0, 0x30, 0xD8, 0x30, 0xC4, 0x30, 0x80, 0x7B, 0xFE, 0x70, 0xB0, 0xF0, 0xA0, 0x30, 0xA0, 0x30, 0xA0, 0x31, 0xA0, 0x31, 0x20, 0x33, 0x23, 0x00, 0x00, 0x00, 0x00 }, // U+5FE7 忧
    { 0x00, 0x00, 0x00, 0x00, 0x30, 0x40, 0x30, 0x40, 0x30, 0x40, 0x7B, 0xFC, 0x7C, 0x44, 0x70, 0x44, 0xB0, 0x44, 0xB0, 0x44, 0x37, 0xFF, 0x30, 0xE0, 0x30, 0xA0, 0x31, 0x90, 0x00, 0x00, 0x00, 0x00 }, // U+5FEB 快
    { 0x00, 0x00, 0x00, 0x00, 0x30, 0x20, 0x30, 0x20, 0x3B, 0xFE, 0x7A, 0x62, 0x72, 0x62, 0xF2, 0x62, 0xB0, 0x70, 0x30, 0x70, 0x30, 0x50, 0x30, 0x90, 0x31, 0x91, 0x33, 0x11, 0x00, 0x00, 0x00, 0x00 }, // U+5FF1 忱
    { 0x00, 0x00, 0x00, 0x00, 0x01, 0x80, 0x03, 0xC0, 0x06, 0x60, 0x19, 0x10, 0x31, 0x8C, 0x40, 0x82, 0x1F, 0xF0, 0x00, 0x10, 0x00, 0x20, 0x01, 0x20, 0x29, 0x84, 0x68, 0x94, 0x00, 0x00, 0x00, 0x00 }, // U+5FF5 念
    { 0x00, 0x00, 0x00, 0x00, 0x30, 0x0E, 0x31, 0xFE, 0x31, 0x00, 0x79, 0x00, 0x75, 0x00, 0xF1, 0xFF, 0xB1, 0x08, 0x31, 0x08, 0x31, 0x08, 0x33, 0x08, 0x32, 0x08, 0x32, 0x08, 0x00, 0x00, 0x00, 0x00 }, // U+5FFB 忻
    { 0x00, 0x00, 0x00, 0x00, 0x08, 0x00, 0x08, 0x00, 0x1F, 0xFE, 0x33, 0x24, 0x22, 0x64, 0x46, 0x44, 0x0C, 0xC4, 0x19, 0x8C, 0x23, 0x7C, 0x03, 0x00, 0x29, 0x9C, 0x68, 0x96, 0x00, 0x00, 0x00, 0x00 }, // U+5FFD 忽
    { 0x00, 0x00, 0x00, 0x00, 0x02, 0x40, 0x04, 0x20, 0x18, 0x10, 0x30, 0x0C, 0x5F, 0xFA, 0x06, 0x08, 0x04, 0x18, 0x18, 0xF0, 0x60, 0x00, 0x00, 0x00, 0x29, 0x94, 0x68, 0x96, 0x00, 0x00, 0x00, 0x00 }, // U+5FFF 忿
    { 0x00, 0x00, 0x00, 0x00, 0x30, 0x00, 0x37, 0xFF, 0x30, 0x20, 0x38, 0x60, 0x7C, 0x40, 0x74, 0xE8, 0xF0, 0xE8, 0xB1, 0x6C, 0x31, 0x64, 0x32, 0x66, 0x34, 0x62, 0x34, 0x60, 0x00, 0x00, 0x00, 0x00 }, // U+6000 怀
    { 0x00, 0x00, 0x00, 0x00, 0x01, 0x80, 0x01, 0x00, 0x7F, 0xFE, 0x01, 0x80, 0x02, 0x40, 0x06, 0x30, 0x0F, 0x1C, 0x31, 0x86, 0x40, 0x00, 0x01, 0x00, 0x2D, 0x84, 0x6C, 0x94, 0x00, 0x00, 0x00, 0x00 }, // U+6001 态
    { 0x00, 0x00, 0x00, 0x00, 0x08, 0x20, 0x08, 0x20, 0x08, 0x20, 0x1C, 0x30, 0x16, 0x50, 0x31, 0x48, 0x60, 0x8C, 0x41, 0x86, 0x02, 0x02, 0x29, 0x80, 0x68, 0x94, 0x48, 0x16, 0x00, 0x00, 0x00, 0x00 }, // U+6002 怂
    { 0x00, 0x00, 0x00, 0x00, 0x08, 0x00, 0x18, 0x00, 0x1F, 0xFE, 0x32, 0x00, 0x63, 0xFC, 0x42, 0x00, 0x02, 0x00, 0x03, 0xFC, 0x02, 0x00, 0x21, 0x84, 0x68, 0x96, 0x48, 0x12, 0x00, 0x00, 0x00, 0x00 }, // U+600E 怎
    { 0x00, 0x00, 0x00, 0x00, 0x10, 0x00, 0x10, 0xFE, 0x7E, 0x06, 0x22, 0x04, 0x22, 0x44, 0x66, 0x68, 0x34, 0x38, 0x1C, 0x3C, 0x62, 0xC7, 0x00, 0x00, 0x29, 0x14, 0x48, 0x92, 0x00, 0x00, 0x00, 0x00 }, // U+6012 怒
    { 0x00, 0x00, 0x00, 0x00, 0x37, 0xFF, 0x30, 0x20, 0x30, 0x20, 0x7A, 0x20, 0x7A, 0x20, 0xF2, 0x20, 0xB2, 0x3E, 0x32, 0x20, 0x32, 0x20, 0x32, 0x20, 0x32, 0x20, 0x32, 0x20, 0x00, 0x00, 0x00, 0x00 }, // U+6014 怔
    { 0x00, 0x00, 0x00, 0x00, 0x20, 0x60, 0x30, 0x40, 0x33, 0xFE, 0x32, 0x06, 0x7A, 0x02, 0x72, 0x02, 0xB2, 0x02, 0x33, 0xFE, 0x32, 0x06, 0x32, 0x02, 0x32, 0x02, 0x32, 0x02, 0x00, 0x00, 0x00, 0x00 }, // U+6015 怕
    { 0x00, 0x00, 0x00, 0x00, 0x30, 0x40, 0x30, 0x40, 0x37, 0xFF, 0x38, 0x80, 0x7D, 0x20, 0x71, 0x20, 0xF3, 0xFE, 0xB7, 0x22, 0x3F, 0x22, 0x3B, 0x22, 0x33, 0x22, 0x33, 0x22, 0x00, 0x00, 0x00, 0x00 }, // U+6016 怖
    { 0x00, 0x00, 0x00, 0x00, 0x10, 0x60, 0x10, 0x60, 0x18, 0x90, 0x5D, 0x08, 0x56, 0x46, 0xD4, 0x22, 0x90, 0x00, 0x17, 0xFE, 0x10, 0x0C, 0x10, 0x08, 0x12, 0x10, 0x11, 0xE0, 0x00, 0x00, 0x00, 0x00 }, // U+601C 怜
    { 0x00, 0x00, 0x00, 0x00, 0x3F, 0xFC, 0x21, 0x84, 0x21, 0x84, 0x3F, 0xFC, 0x21, 0x84, 0x21, 0x84, 0x3F, 0xFC, 0x21, 0x04, 0x01, 0x80, 0x68, 0x84, 0x48, 0x16, 0x00, 0x00, 0x00, 0x00, 0x00, 0x00 }, // U+601D 思
    { 0x00, 0x00, 0x00, 0x00, 0x03, 0x00, 0x0E, 0x20, 0x38, 0x18, 0x7F, 0xFC, 0x00, 0x02, 0x3F, 0xFC, 0x30, 0x0C, 0x30, 0x0C, 0x3F, 0xFC, 0x30, 0x0C, 0x01, 0x80, 0x28, 0x94, 0x00, 0x00, 0x00, 0x00 }, // U+6020 怠
    { 0x00, 0x00, 0x00, 0x00, 0x04, 0x00, 0x1F, 0xE0, 0x30, 0x60, 0x7F, 0xFC, 0x00, 0x04, 0x3F, 0xFC, 0x00, 0x04, 0x3F, 0xFC, 0x01, 0x04, 0x29, 0x84, 0x68, 0x96, 0x48, 0x12, 0x00, 0x00, 0x00, 0x00 }, // U+6025 急
    { 0x00, 0x00, 0x00, 0x00, 0x30, 0x20, 0x31, 0x20, 0x39, 0x20, 0x7B, 0xFE, 0x72, 0x20, 0xF6, 0x20, 0xB4, 0x20, 0x30, 0x20, 0x33, 0xFE, 0x30, 0x20, 0x30, 0x20, 0x30, 0x20, 0x00, 0x00, 0x00, 0x00 }, // U+6027 性
    { 0x00, 0x00, 0x00, 0x00, 0x10, 0x00, 0x1F, 0xFC, 0x23, 0xC4, 0x22, 0xC4, 0x52, 0xC4, 0x9C, 0xDC, 0x0C, 0xC1, 0x18, 0x43, 0x31, 0x7E, 0x48, 0x80, 0x28, 0x94, 0x68, 0x16, 0x00, 0x00, 0x00, 0x00 }, // U+6028 怨
    { 0x00, 0x00, 0x00, 0x00, 0x30, 0x00, 0x37, 0xFE, 0x31, 0x04, 0x39, 0x88, 0x7C, 0xD8, 0x70, 0x70, 0xF3, 0x98, 0xB6, 0x06, 0x30, 0x20, 0x33, 0xFE, 0x30, 0x60, 0x30, 0x20, 0x00, 0x00, 0x00, 0x00 }, // U+602A 怪
    { 0x00, 0x00, 0x00, 0x00, 0x30, 0x20, 0x30, 0x20, 0x30, 0x20, 0x7B, 0xFE, 0x78, 0x20, 0xF4, 0x20, 0xB0, 0x20, 0x37, 0xFF, 0x30, 0x40, 0x30, 0x80, 0x31, 0x88, 0x31, 0x0C, 0x00, 0x00, 0x00, 0x00 }, // U+602F 怯
    { 0x00, 0x00, 0x00, 0x00, 0x08, 0x10, 0x04, 0x20, 0x04, 0x60, 0x3F, 0xFC, 0x30, 0x0C, 0x30, 0x0C, 0x30, 0x0C, 0x3F, 0xFC, 0x30, 0x0C, 0x01, 0x00, 0x68, 0x84, 0x48, 0x06, 0x00, 0x00, 0x00, 0x00 }, // U+603B 总
    { 0x00, 0x00, 0x00, 0x00, 0x30, 0x20, 0x30, 0x20, 0x3B, 0xFE, 0x78, 0x20, 0x70, 0x20, 0xF7, 0xFF, 0xB0, 0x00, 0x30, 0x08, 0x37, 0xFF, 0x30, 0x08, 0x31, 0x08, 0x31, 0x88, 0x00, 0x00, 0x00, 0x00 }, // U+6043 恃
    { 0x00, 0x00, 0x00, 0x00, 0x01, 0x00, 0x01, 0x80, 0x7F, 0xFE, 0x06, 0x60, 0x16, 0x68, 0x36, 0x6C, 0x66, 0x66, 0x46, 0x62, 0x01, 0x00, 0x29, 0x84, 0x68, 0x94, 0x48, 0x12, 0x00, 0x00, 0x00, 0x00 }, // U+604B 恋
    { 0x00, 0x00, 0x00, 0x00, 0x20, 0x20, 0x22, 0x22, 0x32, 0x26, 0x79, 0x2C, 0x69, 0x28, 0xA0, 0x20, 0xA7, 0xFF, 0x21, 0x90, 0x20, 0x90, 0x21, 0x90, 0x21, 0x11, 0x23, 0x11, 0x00, 0x00, 0x00, 0x00 }, // U+604D 恍
    { 0x00, 0x00, 0x00, 0x00, 0xFD, 0xF8, 0x11, 0x08, 0x11, 0x08, 0x11, 0x08, 0x11, 0x48, 0x3D, 0x69, 0xF3, 0x0B, 0x02, 0x0A, 0x06, 0x0E, 0x21, 0x80, 0x68, 0x8C, 0x48, 0x16, 0x00, 0x00, 0x00, 0x00 }, // U+6050 恐
    { 0x00, 0x00, 0x00, 0x00, 0x30, 0x00, 0x37, 0xFE, 0x30, 0x00, 0x38, 0x00, 0x7F, 0xFC, 0x73, 0x04, 0xB3, 0x04, 0x33, 0xFC, 0x33, 0x04, 0x33, 0x04, 0x33, 0xFC, 0x33, 0x04, 0x00, 0x00, 0x00, 0x00 }, // U+6052 恒
    { 0x00, 0x00, 0x00, 0x00, 0x10, 0x00, 0x7E, 0xFC, 0x22, 0xC4, 0x22, 0xC4, 0x62, 0xC4, 0x36, 0xC4, 0x1C, 0xC4, 0x1E, 0xFC, 0x70, 0x44, 0x41, 0x00, 0x28, 0x84, 0x68, 0x96, 0x00, 0x00, 0x00, 0x00 }, // U+6055 恕
    { 0x00, 0x00, 0x00, 0x00, 0x31, 0x00, 0x31, 0x00, 0x37, 0xFF, 0x39, 0x00, 0x79, 0x30, 0x73, 0x20, 0xB3, 0x22, 0x32, 0xB6, 0x34, 0xB4, 0x34, 0x30, 0x38, 0x48, 0x38, 0xCC, 0x00, 0x00, 0x00, 0x00 }, // U+6062 恢
    { 0x00, 0x00, 0x00, 0x00, 0x20, 0x40, 0x20, 0x40, 0x37, 0xFE, 0x7E, 0x96, 0x6E, 0x92, 0xA6, 0x92, 0xA6, 0x92, 0x26, 0x92, 0x26, 0x92, 0x26, 0x92, 0x26, 0x92, 0x26, 0x92, 0x00, 0x00, 0x00, 0x00 }, // U+6064 恤
    { 0x00, 0x00, 0x00, 0x00, 0x13, 0xFC, 0x13, 0x04, 0x13, 0x04, 0x5B, 0xFC, 0x5F, 0x04, 0x57, 0x04, 0x93, 0xFC, 0x13, 0x64, 0x13, 0x20, 0x13, 0x26, 0x13, 0x18, 0x13, 0x48, 0x00, 0x00, 0x00, 0x00 }, // U+6068 恨
    { 0x00, 0x00, 0x00, 0x00, 0x3F, 0xFC, 0x21, 0x84, 0x2F, 0xF4, 0x21, 0x84, 0x23, 0xC4, 0x26, 0x64, 0x2C, 0x14, 0x3F, 0xFC, 0x20, 0x04, 0x29, 0x84, 0x68, 0x96, 0x00, 0x00, 0x00, 0x00, 0x00, 0x00 }, // U+6069 恩
    { 0x00, 0x00, 0x00, 0x00, 0x23, 0xFE, 0x22, 0x02, 0x22, 0x02, 0x72, 0xFA, 0x7A, 0x02, 0xAE, 0x02, 0xA2, 0xFA, 0x22, 0x9A, 0x22, 0x8A, 0x22, 0x8A, 0x22, 0xFA, 0x22, 0x82, 0x00, 0x00, 0x00, 0x00 }, // U+606B 恫
    { 0x00, 0x00, 0x00, 0x00, 0x30, 0x0E, 0x33, 0xFE, 0x38, 0x20, 0x78, 0x20, 0x77, 0xFF, 0x70, 0x20, 0xB0, 0x20, 0x33, 0xFE, 0x32, 0x06, 0x32, 0x06, 0x32, 0x06, 0x32, 0x06, 0x00, 0x00, 0x00, 0x00 }, // U+606C 恬
    { 0x00, 0x00, 0x00, 0x00, 0x0C, 0x20, 0x0C, 0x20, 0x7F, 0xFE, 0x0C, 0x20, 0x0C, 0x20, 0xFF, 0xFF, 0x0C, 0x30, 0x19, 0x18, 0x71, 0x0E, 0xC9, 0x4B, 0x19, 0x6C, 0x31, 0x24, 0x00, 0x00, 0x00, 0x00 }, // U+606D 恭
    { 0x00, 0x00, 0x00, 0x00, 0x03, 0x00, 0x3F, 0xFC, 0x30, 0x0C, 0x3F, 0xFC, 0x20, 0x0C, 0x3F, 0xFC, 0x20, 0x0C, 0x3F, 0xFC, 0x30, 0x0C, 0x01, 0x00, 0x49, 0x84, 0x48, 0x92, 0x00, 0x00, 0x00, 0x00 }, // U+606F 息
    { 0x00, 0x00, 0x00, 0x00, 0x10, 0x20, 0x10, 0x70, 0x18, 0xD8, 0x5D, 0x8C, 0x53, 0x06, 0xD6, 0x03, 0x91, 0xFC, 0x10, 0x00, 0x10, 0x00, 0x13, 0xFE, 0x13, 0x06, 0x13, 0x06, 0x00, 0x00, 0x00, 0x00 }, // U+6070 恰
    { 0x00, 0x00, 0x00, 0x00, 0x3F, 0xF8, 0x30, 0x08, 0x30, 0x08, 0x3F, 0xF8, 0x30, 0x08, 0x3F, 0xF8, 0x31, 0x0C, 0x31, 0x9C, 0x3E, 0x70, 0x39, 0x1E, 0x01, 0x80, 0x28, 0xD4, 0x00, 0x00, 0x00, 0x00 }, // U+6073 恳
    { 0x00, 0x00, 0x00, 0x00, 0x7F, 0xFE, 0x06, 0x40, 0x26, 0x44, 0x36, 0x4C, 0x16, 0x48, 0x06, 0x40, 0xFF, 0xFF, 0x00, 0x00, 0x29, 0x04, 0x68, 0x96, 0x48, 0x12, 0x00, 0x00, 0x00, 0x00, 0x00, 0x00 }, // U+6076 恶
    { 0x00, 0x00, 0x00, 0x00, 0x30, 0x20, 0x30, 0x20, 0x37, 0xFF, 0x78, 0x00, 0x7A, 0x80, 0xF2, 0xCA, 0xB2, 0x72, 0x32, 0x32, 0x32, 0x72, 0x32, 0xDA, 0x32, 0x8A, 0x32, 0x02, 0x00, 0x00, 0x00, 0x00 }, // U+607C 恼
    { 0x00, 0x00, 0x00, 0x00, 0x3F, 0xFC, 0x0C, 0x38, 0x03, 0xE0, 0x3F, 0xFC, 0x21, 0x84, 0x3F, 0xFC, 0x21, 0x84, 0x3F, 0xFC, 0x21, 0x84, 0x20, 0x1C, 0x01, 0x00, 0x28, 0x84, 0x00, 0x00, 0x00, 0x00 }, // U+607F 恿
    { 0x00, 0x00, 0x00, 0x00, 0x32, 0x26, 0x31, 0x24, 0x39, 0x20, 0x7B, 0xFE, 0x72, 0x02, 0xF2, 0x02, 0xB3, 0xFE, 0x32, 0x02, 0x32, 0x02, 0x33, 0xFE, 0x32, 0x02, 0x00, 0x00, 0x00, 0x00, 0x00, 0x00 }, // U+6084 悄
    { 0x00, 0x00, 0x00, 0x00, 0x00, 0x3C, 0x3F, 0xE8, 0x11, 0x98, 0x09, 0x90, 0x01, 0x80, 0x7F, 0xFE, 0x07, 0xE0, 0x19, 0x98, 0x61, 0x86, 0x29, 0x04, 0x69, 0x96, 0x48, 0x92, 0x00, 0x00, 0x00, 0x00 }, // U+6089 悉
    { 0x00, 0x00, 0x00, 0x00, 0x33, 0xFE, 0x32, 0x06, 0x33, 0xFE, 0x7A, 0x06, 0x7B, 0xFE, 0xF2, 0x06, 0xB0, 0x00, 0x33, 0xFE, 0x30, 0x20, 0x30, 0x20, 0x37, 0xFF, 0x30, 0x20, 0x00, 0x00, 0x00, 0x00 }, // U+608D 悍
    { 0x00, 0x00, 0x00, 0x00, 0x31, 0x00, 0x31, 0x00, 0x33, 0xFE, 0x7E, 0x00, 0x7F, 0xFC, 0xF2, 0x44, 0xBF, 0xFF, 0x32, 0x04, 0x32, 0x04, 0x32, 0x44, 0x32, 0x24, 0x33, 0xFE, 0x00, 0x00, 0x00, 0x00 }, // U+6094 悔
    { 0x00, 0x00, 0x00, 0x00, 0x37, 0xFE, 0x30, 0x80, 0x30, 0x80, 0x7B, 0xFC, 0x78, 0x84, 0xF1, 0x84, 0xB7, 0xFF, 0x30, 0x00, 0x33, 0xFC, 0x32, 0x04, 0x32, 0x04, 0x32, 0x04, 0x00, 0x00, 0x00, 0x00 }, // U+609F 悟
    { 0x00, 0x00, 0x00, 0x00, 0x10, 0x40, 0x14, 0xC0, 0x24, 0xFE, 0x25, 0x84, 0x65, 0x48, 0xA4, 0x78, 0x24, 0x30, 0x24, 0xFC, 0x21, 0x86, 0x01, 0x04, 0x29, 0x96, 0x68, 0x92, 0x00, 0x00, 0x00, 0x00 }, // U+60A0 悠
    { 0x00, 0x00, 0x00, 0x00, 0x01, 0x80, 0x3F, 0xFC, 0x21, 0x84, 0x3F, 0xFC, 0x01, 0x80, 0x3F, 0xFC, 0x21, 0x84, 0x3F, 0xFC, 0x21, 0x84, 0x01, 0x00, 0x29, 0x84, 0x68, 0x92, 0x00, 0x00, 0x00, 0x00 }, // U+60A3 患
    { 0x00, 0x00, 0x00, 0x00, 0x21, 0x08, 0x21, 0x98, 0x20, 0x90, 0x33, 0xFE, 0x7A, 0x06, 0x6E, 0x06, 0xE2, 0x06, 0xA2, 0x06, 0x23, 0xFE, 0x22, 0x90, 0x20, 0x90, 0x21, 0x90, 0x00, 0x00, 0x00, 0x00 }, // U+60A6 悦
    { 0x00, 0x00, 0x00, 0x00, 0x11, 0x00, 0x11, 0x00, 0x33, 0xFE, 0x36, 0x06, 0x74, 0x24, 0x31, 0x28, 0x36, 0x24, 0x34, 0x26, 0x31, 0xE2, 0x00, 0x00, 0x29, 0x04, 0x48, 0x96, 0x00, 0x00, 0x00, 0x00 }, // U+60A8 您
    { 0x00, 0x00, 0x00, 0x00, 0x1F, 0xF8, 0x10, 0x08, 0x1F, 0xF8, 0x10, 0x08, 0x1F, 0xF8, 0x10, 0x08, 0xFF, 0xFF, 0x18, 0x10, 0x3F, 0xF8, 0x00, 0x04, 0x29, 0x86, 0x00, 0x00, 0x00, 0x00, 0x00, 0x00 }, // U+60AC 悬
    { 0x00, 0x00, 0x00, 0x00, 0x22, 0x00, 0x23, 0x3E, 0x21, 0x02, 0x7C, 0x42, 0x6C, 0x22, 0xA5, 0xFA, 0xA4, 0x12, 0x24, 0x92, 0x24, 0xE2, 0x24, 0x62, 0x24, 0xF2, 0x25, 0x9A, 0x00, 0x00, 0x00, 0x00 }, // U+60AF 悯
    { 0x00, 0x00, 0x00, 0x00, 0x02, 0x40, 0x02, 0x40, 0x7E, 0x7E, 0x02, 0x40, 0x7E, 0x7E, 0x02, 0x40, 0x02, 0x40, 0x7E, 0x7F, 0x02, 0x40, 0x01, 0x04, 0x28, 0x96, 0x48, 0x12, 0x00, 0x00, 0x00, 0x00 }, // U+60B2 悲
    { 0x00, 0x00, 0x00, 0x00, 0x20, 0x1E, 0x23, 0xFC, 0x20, 0x20, 0x37, 0xFF, 0xF8, 0xF0, 0xAB, 0x2C, 0xA4, 0x03, 0x23, 0xFC, 0x20, 0x18, 0x20, 0x30, 0x2F, 0xFF, 0x20, 0x20, 0x00, 0x00, 0x00, 0x00 }, // U+60B8 悸
    { 0x00, 0x00, 0x00, 0x00, 0x30, 0x60, 0x30, 0x7E, 0x38, 0x60, 0x7B, 0xFE, 0x72, 0x06, 0xF3, 0xFE, 0xB2, 0x06, 0x32, 0x06, 0x33, 0xFE, 0x32, 0x26, 0x30, 0x20, 0x37, 0xFF, 0x00, 0x00, 0x00, 0x00 }, // U+60BC 悼
    { 0x00, 0x00, 0x00, 0x00, 0x20, 0x20, 0x27, 0xFE, 0x30, 0x20, 0x3B, 0xFE, 0x68, 0x20, 0x67, 0xFF, 0xA0, 0x00, 0xA3, 0xFE, 0x22, 0x06, 0x23, 0xFE, 0x22, 0x06, 0x23, 0xFE, 0x00, 0x00, 0x00, 0x00 }, // U+60C5 情
    { 0x00, 0x00, 0x00, 0x00, 0x20, 0x40, 0x20, 0x60, 0x27, 0xFF, 0x70, 0x00, 0xF8, 0x00, 0xAB, 0xFC, 0xA2, 0x04, 0x22, 0x04, 0x23, 0xFC, 0x22, 0x64, 0x22, 0x24, 0x22, 0x24, 0x00, 0x00, 0x00, 0x00 }, // U+60CA 惊
    { 0x00, 0x00, 0x00, 0x00, 0x20, 0x00, 0x20, 0x20, 0x23, 0xFE, 0x32, 0x02, 0x79, 0x00, 0x69, 0xDE, 0xA2, 0x52, 0xA2, 0x52, 0x27, 0x52, 0x25, 0xDE, 0x20, 0x90, 0x21, 0x90, 0x00, 0x00, 0x00, 0x00 }, // U+60CB 惋
    { 0x00, 0x00, 0x00, 0x00, 0x00, 0x68, 0x00, 0x64, 0x7F, 0xFE, 0x00, 0x20, 0x3F, 0x24, 0x21, 0x2C, 0x3F, 0x3A, 0x00, 0x32, 0x7F, 0x5A, 0x00, 0x0E, 0x29, 0x00, 0x68, 0x86, 0x00, 0x00, 0x00, 0x00 }, // U+60D1 惑
    { 0x00, 0x00, 0x00, 0x00, 0x33, 0xFC, 0x32, 0x04, 0x32, 0x04, 0x7B, 0xFC, 0x7A, 0x04, 0x73, 0xFC, 0xB0, 0x00, 0x33, 0x00, 0x33, 0xFE, 0x34, 0x92, 0x3C, 0x92, 0x31, 0x32, 0x00, 0x00, 0x00, 0x00 }, // U+60D5 惕
    { 0x00, 0x00, 0x00, 0x00, 0x30, 0x88, 0x30, 0x88, 0x33, 0xFE, 0x79, 0x88, 0x78, 0x88, 0xF7, 0xFF, 0xB0, 0x00, 0x33, 0xFC, 0x32, 0x04, 0x33, 0xFC, 0x32, 0x04, 0x32, 0x04, 0x00, 0x00, 0x00, 0x00 }, // U+60DC 惜
    { 0x00, 0x00, 0x00, 0x00, 0x31, 0x20, 0x31, 0x30, 0x33, 0x10, 0x3B, 0xFF, 0x7E, 0x30, 0x7E, 0x10, 0xFB, 0xFE, 0xB2, 0x30, 0x32, 0x10, 0x33, 0xFE, 0x32, 0x30, 0x32, 0x10, 0x00, 0x00, 0x00, 0x00 }, // U+60DF 惟
    { 0x00, 0x00, 0x00, 0x00, 0x01, 0x80, 0x7F, 0xFE, 0x01, 0x80, 0x3F, 0xFC, 0x21, 0x84, 0x3F, 0xFC, 0x21, 0x84, 0x3F, 0xFC, 0x01, 0x88, 0x7F, 0xFE, 0x01, 0x02, 0x00, 0x84, 0x00, 0x00, 0x00, 0x00 }, // U+60E0 惠
    { 0x00, 0x00, 0x00, 0x00, 0x30, 0x20, 0x30, 0x20, 0x33, 0xFF, 0x7A, 0x00, 0x7A, 0x20, 0xF6, 0x3F, 0xB2, 0x20, 0x32, 0x20, 0x32, 0xFE, 0x32, 0x82, 0x36, 0x82, 0x34, 0x82, 0x00, 0x00, 0x00, 0x00 }, // U+60E6 惦
    { 0x00, 0x00, 0x00, 0x00, 0x33, 0xFC, 0x32, 0x04, 0x33, 0xFC, 0x7A, 0x04, 0x7B, 0xFC, 0xF2, 0x04, 0xB3, 0xFC, 0x32, 0x04, 0x32, 0x04, 0x3F, 0xFF, 0x30, 0x00, 0x31, 0x98, 0x00, 0x00, 0x00, 0x00 }, // U+60E7 惧
    { 0x00, 0x00, 0x00, 0x00, 0x30, 0x40, 0x30, 0xC8, 0x33, 0x0C, 0x7B, 0xFE, 0x78, 0x40, 0xB7, 0xFF, 0xB1, 0x88, 0x33, 0x24, 0x34, 0xDB, 0x31, 0x30, 0x30, 0xC4, 0x31, 0x18, 0x00, 0x00, 0x00, 0x00 }, // U+60E8 惨
    { 0x00, 0x00, 0x00, 0x00, 0x10, 0x00, 0x37, 0xFE, 0x60, 0x20, 0x48, 0x20, 0x13, 0x3E, 0x33, 0x20, 0x73, 0x20, 0x53, 0x20, 0x17, 0xFF, 0x00, 0x00, 0x29, 0x04, 0x48, 0x96, 0x00, 0x00, 0x00, 0x00 }, // U+60E9 惩
    { 0x00, 0x00, 0x00, 0x00, 0x04, 0x00, 0x1F, 0xF8, 0x3C, 0x30, 0x43, 0xE0, 0x0F, 0xF0, 0x70, 0x1E, 0x1F, 0xF8, 0x11, 0x88, 0x1F, 0xF8, 0x11, 0x88, 0x0F, 0xF8, 0x29, 0x00, 0x00, 0x00, 0x00, 0x00 }, // U+60EB 惫
    { 0x00, 0x00, 0x00, 0x00, 0x22, 0x06, 0x22, 0x38, 0x2F, 0xE0, 0x74, 0x20, 0x65, 0x20, 0xA5, 0x3E, 0xAD, 0x24, 0x2F, 0xA4, 0x21, 0x24, 0x21, 0x24, 0x23, 0xE4, 0x2F, 0x64, 0x00, 0x00, 0x00, 0x00 }, // U+60ED 惭
    { 0x00, 0x00, 0x00, 0x00, 0x21, 0x08, 0x20, 0x88, 0x23, 0xFE, 0x72, 0x22, 0x7A, 0x22, 0xEB, 0xFE, 0xA2, 0x22, 0x22, 0x22, 0x23, 0xFE, 0x22, 0x22, 0x20, 0x20, 0x27, 0xFF, 0x00, 0x00, 0x00, 0x00 }, // U+60EE 惮
    { 0x00, 0x00, 0x00, 0x00, 0x20, 0x00, 0x23, 0xFE, 0x22, 0x26, 0x67, 0xFF, 0x72, 0x24, 0xEA, 0x24, 0xA3, 0xFC, 0xA0, 0x00, 0x27, 0xFE, 0x26, 0x62, 0x26, 0x62, 0x26, 0x62, 0x00, 0x00, 0x00, 0x00 }, // U+60EF 惯
    { 0x00, 0x00, 0x00, 0x00, 0x20, 0x80, 0x27, 0xFF, 0x31, 0x00, 0x6B, 0xFC, 0x26, 0x20, 0xAF, 0xFE, 0xA0, 0x00, 0x23, 0xFE, 0x22, 0x06, 0x23, 0xFE, 0x22, 0x06, 0x23, 0xFE, 0x00, 0x00, 0x00, 0x00 }, // U+60F0 惰
    { 0x00, 0x00, 0x00, 0x00, 0x10, 0x00, 0x11, 0xFE, 0x11, 0x06, 0xFD, 0xFE, 0x19, 0x06, 0x35, 0xFE, 0x51, 0x06, 0x51, 0x06, 0x11, 0xFE, 0x00, 0x00, 0x29, 0x10, 0x68, 0x96, 0x00, 0x00, 0x00, 0x00 }, // U+60F3 想
    { 0x00, 0x00, 0x00, 0x00, 0x20, 0x40, 0x23, 0xFC, 0x32, 0x04, 0x6F, 0xFC, 0x62, 0x04, 0xA3, 0xFC, 0xA2, 0x04, 0x20, 0x00, 0x27, 0xFE, 0x20, 0x60, 0x27, 0xFE, 0x20, 0x60, 0x00, 0x00, 0x00, 0x00 }, // U+60F6 惶
    { 0x00, 0x00, 0x00, 0x00, 0x04, 0x20, 0xFF, 0xFF, 0x05, 0x20, 0x02, 0x00, 0xFF, 0xFF, 0x0C, 0x00, 0x1F, 0xF8, 0x78, 0x08, 0x48, 0x08, 0x0F, 0xF8, 0x01, 0x00, 0x28, 0x96, 0x00, 0x00, 0x00, 0x00 }, // U+60F9 惹
    { 0x00, 0x00, 0x00, 0x00, 0x23, 0xFE, 0x22, 0x02, 0x23, 0xFE, 0x32, 0x02, 0x7A, 0x02, 0x63, 0xFE, 0xA2, 0x22, 0x22, 0x20, 0x27, 0xFE, 0x2C, 0x20, 0x23, 0xFE, 0x20, 0x20, 0x00, 0x00, 0x00, 0x00 }, // U+60FA 惺
    { 0x00, 0x00, 0x00, 0x00, 0x06, 0x20, 0x7C, 0x20, 0x19, 0x22, 0x19, 0xA4, 0x7E, 0xB4, 0x1C, 0x70, 0x7C, 0x48, 0x5B, 0x84, 0x1B, 0x02, 0x01, 0x04, 0x28, 0x94, 0x68, 0x92, 0x00, 0x00, 0x00, 0x00 }, // U+6101 愁
    { 0x00, 0x00, 0x00, 0x00, 0x01, 0x80, 0x04, 0x60, 0x17, 0xE8, 0x40, 0x02, 0x3F, 0x24, 0x21, 0x24, 0x3F, 0x24, 0x21, 0x24, 0x21, 0x0C, 0x27, 0x38, 0x01, 0x80, 0x2C, 0x90, 0x00, 0x00, 0x00, 0x00 }, // U+6108 愈
    { 0x00, 0x00, 0x00, 0x00, 0x20, 0x60, 0x20, 0xB0, 0x39, 0x18, 0x67, 0xFE, 0x6C, 0x02, 0xA7, 0xC4, 0xA4, 0x54, 0x24, 0x54, 0x27, 0xD4, 0x24, 0x54, 0x24, 0x54, 0x27, 0xD4, 0x00, 0x00, 0x00, 0x00 }, // U+6109 愉
    { 0x00, 0x00, 0x00, 0x00, 0x01, 0x00, 0x7F, 0xFE, 0x08, 0x30, 0xFF, 0xFF, 0x00, 0x00, 0x3F, 0xFC, 0x30, 0x0C, 0x3F, 0xFC, 0x30, 0x0C, 0x3F, 0xFC, 0x01, 0x04, 0x48, 0x82, 0x00, 0x00, 0x00, 0x00 }, // U+610F 意
    { 0x00, 0x00, 0x00, 0x00, 0x3F, 0xFC, 0x21, 0x8C, 0x3F, 0xFC, 0x21, 0x8C, 0x3F, 0xFC, 0x01, 0x80, 0x7F, 0xFE, 0x61, 0xB6, 0x7F, 0xF6, 0x61, 0x1C, 0x01, 0x80, 0x48, 0x94, 0x00, 0x00, 0x00, 0x00 }, // U+611A 愚
    { 0x00, 0x00, 0x00, 0x00, 0x00, 0x28, 0x00, 0x24, 0x3F, 0xFF, 0x20, 0x20, 0x2F, 0xA4, 0x20, 0x24, 0x2F, 0x98, 0x28, 0x98, 0x4F, 0xBA, 0x48, 0x4E, 0x01, 0x00, 0x28, 0x90, 0x00, 0x00, 0x00, 0x00 }, // U+611F 感
    { 0x00, 0x00, 0x00, 0x00, 0x20, 0x60, 0x20, 0x60, 0x27, 0xFE, 0x30, 0x60, 0x69, 0x08, 0x67, 0xFF, 0xA1, 0x08, 0x23, 0xFC, 0x22, 0x04, 0x22, 0x64, 0x22, 0x44, 0x22, 0x74, 0x00, 0x00, 0x00, 0x00 }, // U+6124 愤
    { 0x00, 0x00, 0x00, 0x00, 0x20, 0x40, 0x20, 0xC0, 0x27, 0xFE, 0x76, 0x22, 0x6F, 0xFE, 0xA6, 0x62, 0xA6, 0x42, 0x27, 0xFE, 0x26, 0x42, 0x20, 0xE8, 0x20, 0xB4, 0x21, 0x3F, 0x00, 0x00, 0x00, 0x00 }, // U+6127 愧
    { 0x00, 0x00, 0x00, 0x00, 0x3F, 0xFF, 0x20, 0x80, 0x27, 0xFC, 0x24, 0x04, 0x27, 0xFC, 0x24, 0x04, 0x27, 0xFC, 0x26, 0x4E, 0x39, 0xC2, 0x60, 0x00, 0x5A, 0x4E, 0x00, 0x00, 0x00, 0x00, 0x00, 0x00 }, // U+613F 愿
    { 0x00, 0x00, 0x00, 0x00, 0x04, 0x20, 0xFF, 0xFF, 0x18, 0x20, 0x12, 0x64, 0x22, 0xC8, 0x7C, 0xF8, 0x08, 0x10, 0x12, 0x64, 0x3F, 0x7E, 0x00, 0x02, 0x21, 0x84, 0x68, 0x96, 0x00, 0x00, 0x00, 0x00 }, // U+6148 慈
    { 0x00, 0x00, 0x00, 0x00, 0x21, 0x08, 0x27, 0xFF, 0x31, 0x08, 0x69, 0x00, 0x67, 0xFE, 0xA2, 0x00, 0xA2, 0x00, 0x23, 0xFE, 0x20, 0x00, 0x22, 0x4C, 0x22, 0x4C, 0x22, 0x4D, 0x00, 0x00, 0x00, 0x00 }, // U+614C 慌
    { 0x00, 0x00, 0x00, 0x00, 0x30, 0x60, 0x37, 0xFE, 0x30, 0x60, 0x7B, 0xFC, 0x7A, 0x04, 0xF3, 0xFC, 0xB2, 0x04, 0x33, 0xFC, 0x32, 0x04, 0x33, 0xFC, 0x32, 0x04, 0x3F, 0xFF, 0x00, 0x00, 0x00, 0x00 }, // U+614E 慎
    { 0x00, 0x00, 0x00, 0x00, 0x27, 0xFE, 0x23, 0x04, 0x33, 0xFC, 0x73, 0x04, 0x6B, 0xFC, 0xA3, 0x0E, 0xA7, 0xFC, 0x20, 0x04, 0x27, 0xFE, 0x24, 0xA2, 0x23, 0x94, 0x23, 0x9C, 0x00, 0x00, 0x00, 0x00 }, // U+6151 慑
    { 0x00, 0x00, 0x00, 0x00, 0x04, 0x20, 0x7F, 0xFE, 0x04, 0x20, 0x3F, 0xFC, 0x30, 0x0C, 0x3F, 0xFC, 0x30, 0x0C, 0x3F, 0xFC, 0x02, 0x00, 0xFF, 0xFF, 0x19, 0x18, 0x61, 0x5E, 0x00, 0x00, 0x00, 0x00 }, // U+6155 慕
    { 0x00, 0x00, 0x00, 0x00, 0x33, 0xFC, 0x32, 0x04, 0x7B, 0xFC, 0x7A, 0x04, 0x7B, 0xFC, 0x70, 0x00, 0xB7, 0xFE, 0xB4, 0x92, 0x37, 0xFE, 0x30, 0x00, 0x33, 0xFC, 0x00, 0x00, 0x00, 0x00, 0x00, 0x00 }, // U+6162 慢
    { 0x00, 0x00, 0x00, 0x00, 0x08, 0x10, 0x7E, 0x7E, 0x08, 0x10, 0x7E, 0x7C, 0x08, 0x10, 0x7F, 0xFE, 0x08, 0x00, 0x3F, 0xFC, 0x00, 0x04, 0x1F, 0xFC, 0x00, 0x04, 0x3F, 0xFC, 0x00, 0x00, 0x00, 0x00 }, // U+6167 慧
    { 0x00, 0x00, 0x00, 0x00, 0x27, 0xBE, 0x24, 0x88, 0x24, 0x88, 0x7F, 0xA8, 0x64, 0xA8, 0xA4, 0xA8, 0xA7, 0xBE, 0x24, 0x88, 0x24, 0x18, 0x25, 0x18, 0x25, 0xB9, 0x27, 0xE9, 0x00, 0x00, 0x00, 0x00 }, // U+6168 慨
    { 0x00, 0x00, 0x00, 0x00, 0x3F, 0x84, 0x20, 0x84, 0x3F, 0xFF, 0x20, 0x04, 0x3F, 0x24, 0x40, 0x34, 0x7F, 0x94, 0x42, 0x84, 0x52, 0x84, 0x8C, 0x3C, 0x01, 0x80, 0x28, 0x90, 0x00, 0x00, 0x00, 0x00 }, // U+6170 慰
    { 0x00, 0x00, 0x00, 0x00, 0x20, 0x20, 0x27, 0xFF, 0x24, 0x20, 0x27, 0xFE, 0x74, 0x22, 0x6F, 0xFF, 0xA4, 0x22, 0xA5, 0xFE, 0x25, 0x22, 0x24, 0xB4, 0x24, 0x7C, 0x2D, 0xAC, 0x00, 0x00, 0x00, 0x00 }, // U+6177 慷
    { 0x00, 0x00, 0x00, 0x00, 0x49, 0x00, 0x2B, 0x20, 0x2A, 0x3F, 0x7F, 0x64, 0x49, 0xE4, 0x59, 0x14, 0x5B, 0x18, 0x69, 0x18, 0x6B, 0x24, 0x00, 0x43, 0x28, 0x00, 0x48, 0x94, 0x00, 0x00, 0x00, 0x00 }, // U+618B 憋
    { 0x00, 0x00, 0x00, 0x00, 0x21, 0x08, 0x20, 0x98, 0x37, 0xFE, 0x7E, 0x2A, 0x6F, 0x2A, 0xA6, 0xA2, 0xA7, 0xFE, 0x20, 0x00, 0x23, 0xFC, 0x22, 0x04, 0x23, 0xFC, 0x22, 0x04, 0x00, 0x00, 0x00, 0x00 }, // U+618E 憎
    { 0x00, 0x00, 0x00, 0x00, 0x3E, 0x20, 0x02, 0x20, 0xFF, 0xFE, 0x22, 0xC4, 0x3E, 0xE4, 0x22, 0x2C, 0x3E, 0x18, 0x22, 0x18, 0xFF, 0xE4, 0x02, 0x82, 0x29, 0x04, 0x68, 0x96, 0x00, 0x00, 0x00, 0x00 }, // U+61A8 憨
    { 0x00, 0x00, 0x00, 0x00, 0x20, 0x14, 0x20, 0x12, 0x37, 0xFE, 0x7C, 0x10, 0x6F, 0xF2, 0xA4, 0x14, 0xA5, 0xFC, 0x25, 0x29, 0x2D, 0xFB, 0x28, 0x16, 0x21, 0x40, 0x25, 0x28, 0x00, 0x00, 0x00, 0x00 }, // U+61BE 憾
    { 0x00, 0x00, 0x00, 0x00, 0x21, 0x88, 0x2F, 0xFF, 0x31, 0x88, 0x7F, 0xFE, 0xA8, 0x40, 0xAF, 0xFF, 0xA0, 0x40, 0x27, 0xFE, 0x24, 0x42, 0x27, 0xFE, 0x24, 0x42, 0x27, 0xFE, 0x00, 0x00, 0x00, 0x00 }, // U+61C2 懂
    { 0x00, 0x00, 0x00, 0x00, 0x22, 0x00, 0x23, 0xBE, 0x34, 0x8A, 0x2C, 0x8A, 0x2F, 0xD2, 0x6D, 0x66, 0x25, 0x54, 0xA7, 0xDF, 0x25, 0x64, 0x27, 0xC4, 0x25, 0x7F, 0x25, 0x44, 0x00, 0x00, 0x00, 0x00 }, // U+61C8 懈
    { 0x00, 0x00, 0x00, 0x00, 0x30, 0x40, 0x33, 0xFE, 0x32, 0x02, 0x72, 0x2A, 0x7A, 0xB2, 0xF7, 0xFE, 0xB2, 0xF2, 0x33, 0x2A, 0x32, 0x02, 0x37, 0xFF, 0x30, 0x70, 0x30, 0x98, 0x00, 0x00, 0x00, 0x00 }, // U+61CA 懊
    { 0x00, 0x00, 0x00, 0x00, 0x22, 0x10, 0x22, 0x1C, 0x2F, 0xA4, 0x32, 0x24, 0x6A, 0x4C, 0x6F, 0xBE, 0xAA, 0xAA, 0xAA, 0xAA, 0x2F, 0xAA, 0x22, 0x2A, 0x27, 0xAA, 0x26, 0x88, 0x00, 0x00, 0x00, 0x00 }, // U+61D2 懒
    { 0x00, 0x00, 0x00, 0x00, 0x23, 0xFE, 0x20, 0x20, 0x37, 0xFE, 0x7C, 0x22, 0x69, 0xBC, 0xE0, 0x20, 0xA3, 0xBC, 0x20, 0x00, 0x27, 0xFF, 0x20, 0x40, 0x23, 0xFE, 0x22, 0x92, 0x00, 0x00, 0x00, 0x00 }, // U+61E6 懦
    { 0x00, 0x00, 0x00, 0x00, 0x04, 0x40, 0x04, 0x60, 0x06, 0x00, 0x06, 0x1E, 0x1F, 0xF8, 0x7E, 0x08, 0x02, 0x18, 0x02, 0x10, 0x01, 0x20, 0x01, 0xC0, 0x01, 0xC0, 0x03, 0xC2, 0x00, 0x00, 0x00, 0x00 }, // U+6208 戈
    { 0x00, 0x00, 0x00, 0x00, 0x00, 0x98, 0x00, 0x84, 0x00, 0x80, 0x3F, 0xFF, 0x20, 0x80, 0x20, 0x84, 0x20, 0x8C, 0x20, 0xC8, 0x20, 0x50, 0x20, 0x60, 0x60, 0xE2, 0x41, 0xA2, 0x00, 0x00, 0x00, 0x00 }, // U+620A 戊
    { 0x00, 0x00, 0x00, 0x00, 0x00, 0x48, 0x00, 0x44, 0x00, 0x40, 0x3F, 0xFF, 0x20, 0x40, 0x20, 0x40, 0x20, 0x44, 0x3F, 0x44, 0x20, 0x68, 0x20, 0x38, 0x60, 0x31, 0x40, 0x73, 0x00, 0x00, 0x00, 0x00 }, // U+620C 戌
    { 0x00, 0x00, 0x00, 0x00, 0x00, 0x48, 0x00, 0x44, 0x00, 0x40, 0x3F, 0xFF, 0x20, 0x40, 0x20, 0x40, 0x20, 0x44, 0x3C, 0x44, 0x27, 0x68, 0x20, 0x30, 0x20, 0x31, 0x40, 0x73, 0x00, 0x00, 0x00, 0x00 }, // U+620D 戍
    { 0x00, 0x00, 0x00, 0x00, 0x00, 0x48, 0x00, 0x44, 0x00, 0x40, 0xFF, 0xFF, 0x00, 0x40, 0x08, 0x40, 0x08, 0x44, 0x7F, 0x44, 0x08, 0x68, 0x08, 0x38, 0x10, 0x31, 0x10, 0x73, 0x00, 0x00, 0x00, 0x00 }, // U+620E 戎
    { 0x00, 0x00, 0x00, 0x00, 0x00, 0x58, 0x7C, 0x4C, 0x04, 0x44, 0x44, 0x7E, 0x65, 0xF0, 0x2C, 0x44, 0x18, 0x44, 0x18, 0x6C, 0x18, 0x38, 0x1C, 0x30, 0x26, 0x31, 0x62, 0x73, 0x00, 0x00, 0x00, 0x00 }, // U+620F 戏
    { 0x00, 0x00, 0x00, 0x00, 0x00, 0x48, 0x00, 0x4C, 0x00, 0x40, 0x3F, 0xFF, 0x20, 0x40, 0x20, 0x40, 0x3F, 0x44, 0x23, 0x64, 0x23, 0x6C, 0x22, 0x38, 0x62, 0x31, 0x5E, 0x73, 0x00, 0x00, 0x00, 0x00 }, // U+6210 成
    { 0x00, 0x00, 0x00, 0x00, 0x1E, 0x48, 0x7C, 0x4C, 0x08, 0x44, 0x08, 0x40, 0xFF, 0xFF, 0x18, 0x40, 0x08, 0x44, 0x0F, 0x44, 0x7C, 0x78, 0xD8, 0x30, 0x08, 0x61, 0x09, 0xB3, 0x00, 0x00, 0x00, 0x00 }, // U+6211 我
    { 0x00, 0x00, 0x00, 0x00, 0x00, 0x48, 0x00, 0x44, 0x00, 0x40, 0xFF, 0xFF, 0x00, 0x40, 0x32, 0x40, 0x32, 0x44, 0x32, 0x64, 0xFF, 0xAC, 0x22, 0x38, 0x22, 0x31, 0x22, 0x31, 0x00, 0x00, 0x00, 0x00 }, // U+6212 戒
    { 0x00, 0x00, 0x00, 0x48, 0x00, 0x44, 0x00, 0x40, 0xFF, 0xFF, 0x00, 0x40, 0x3E, 0x40, 0x22, 0x44, 0x22, 0x44, 0x22, 0x6C, 0x3E, 0x28, 0x22, 0x30, 0x00, 0x31, 0x3F, 0x73, 0x00, 0x00, 0x00, 0x00 }, // U+6216 或
    { 0x00, 0x00, 0x00, 0x00, 0x10, 0x6C, 0x10, 0x60, 0x10, 0x20, 0x1F, 0x26, 0x18, 0x7C, 0x11, 0xE2, 0x10, 0x26, 0x7E, 0x24, 0x42, 0x38, 0x42, 0x30, 0x42, 0x31, 0x42, 0xDB, 0x00, 0x00, 0x00, 0x00 }, // U+6218 战
    { 0x00, 0x00, 0x00, 0x00, 0x00, 0x24, 0x00, 0x24, 0x3F, 0xFE, 0x20, 0x30, 0x26, 0x30, 0x27, 0xB0, 0x26, 0x16, 0x26, 0x14, 0x3F, 0xD4, 0x62, 0x18, 0x6A, 0x98, 0x5A, 0xD9, 0x00, 0x00, 0x00, 0x00 }, // U+621A 戚
    { 0x00, 0x00, 0x00, 0x00, 0x04, 0x20, 0x7F, 0xAC, 0x04, 0x26, 0x04, 0x20, 0xFF, 0xFF, 0x14, 0x20, 0x32, 0x22, 0x3F, 0xA4, 0x62, 0x34, 0xBF, 0x9C, 0x22, 0x18, 0x3F, 0x91, 0x00, 0x00, 0x00, 0x00 }, // U+622A 截
    { 0x00, 0x00, 0x00, 0x00, 0xFF, 0x90, 0x18, 0x94, 0x58, 0x92, 0x5A, 0x90, 0x3B, 0x9E, 0x5C, 0xF8, 0x0C, 0x10, 0x33, 0x12, 0xC4, 0x96, 0x3A, 0x1C, 0x0C, 0x99, 0x73, 0x39, 0x00, 0x00, 0x00, 0x00 }, // U+622E 戮
    { 0x00, 0x00, 0x00, 0x00, 0x7F, 0x94, 0x08, 0x92, 0x4A, 0x90, 0x3B, 0x9F, 0x4C, 0xF8, 0x24, 0x12, 0x3F, 0x92, 0x64, 0x14, 0xFF, 0x9C, 0x24, 0x19, 0x3F, 0xB9, 0x00, 0x00, 0x00, 0x00, 0x00, 0x00 }, // U+6233 戳
    { 0x00, 0x00, 0x00, 0x00, 0x0C, 0x34, 0x7F, 0xB6, 0x0C, 0x30, 0xFF, 0xFF, 0x44, 0xB0, 0x7F, 0x92, 0x44, 0x92, 0x7F, 0x94, 0x12, 0x14, 0x12, 0x18, 0x7F, 0x98, 0x12, 0x19, 0x00, 0x00, 0x00, 0x00 }, // U+6234 戴
    { 0x00, 0x00, 0x00, 0x00, 0x01, 0x00, 0x00, 0x80, 0x3F, 0xFC, 0x20, 0x04, 0x20, 0x04, 0x20, 0x04, 0x20, 0x04, 0x3F, 0xFC, 0x20, 0x04, 0x20, 0x00, 0x20, 0x00, 0x20, 0x00, 0x00, 0x00, 0x00, 0x00 }, // U+6237 户
    { 0x00, 0x00, 0x00, 0x00, 0x00, 0x80, 0x00, 0x80, 0x3F, 0xFE, 0x20, 0x06, 0x3F, 0xFE, 0x20, 0x06, 0x20, 0x40, 0x2F, 0xFF, 0x23, 0x00, 0x23, 0xFC, 0x22, 0x04, 0x46, 0x04, 0x00, 0x00, 0x00, 0x00 }, // U+623F 房
    { 0x00, 0x00, 0x00, 0x00, 0x06, 0x06, 0x3C, 0xFC, 0x20, 0x80, 0x20, 0x80, 0x3E, 0x80, 0x22, 0x80, 0x22, 0xFF, 0x22, 0xC8, 0x3E, 0x88, 0x22, 0x88, 0x40, 0x88, 0x40, 0x88, 0x00, 0x00, 0x00, 0x00 }, // U+6240 所
    { 0x00, 0x00, 0x00, 0x00, 0x01, 0x00, 0x01, 0x80, 0x3F, 0xFE, 0x20, 0x06, 0x3F, 0xFE, 0x20, 0x06, 0x20, 0x00, 0x2F, 0xFE, 0x29, 0x22, 0x29, 0x22, 0x6F, 0xFE, 0x49, 0x22, 0x00, 0x00, 0x00, 0x00 }, // U+6241 扁
    { 0x00, 0x00, 0x01, 0x00, 0x01, 0x80, 0x3F, 0xFE, 0x20, 0x06, 0x3F, 0xFE, 0x20, 0x06, 0x20, 0x00, 0x3F, 0xFE, 0x21, 0x82, 0x2C, 0xA2, 0x25, 0x92, 0x6F, 0xBE, 0x58, 0xE2, 0x00, 0x00, 0x00, 0x00 }, // U+6247 扇
    { 0x00, 0x00, 0x00, 0x00, 0x00, 0x3C, 0x7F, 0xF0, 0x01, 0x80, 0x01, 0x80, 0x01, 0x80, 0x7F, 0xFC, 0x01, 0x80, 0x01, 0x80, 0x01, 0x80, 0xFF, 0xFF, 0x01, 0x80, 0x01, 0x80, 0x00, 0x00, 0x00, 0x00 }, // U+624B 手
    { 0x00, 0x00, 0x00, 0x00, 0x00, 0x30, 0x00, 0x30, 0x00, 0x30, 0x7F, 0xFF, 0x00, 0x70, 0x00, 0xF0, 0x00, 0xB0, 0x01, 0x30, 0x02, 0x30, 0x0C, 0x30, 0x18, 0x30, 0x70, 0x30, 0x00, 0x00, 0x00, 0x00 }, // U+624D 才
    { 0x00, 0x00, 0x00, 0x00, 0x08, 0x40, 0x08, 0x40, 0x08, 0x40, 0x7F, 0x40, 0x18, 0x40, 0x08, 0x40, 0x0B, 0x40, 0x1E, 0x40, 0x78, 0x40, 0xC8, 0x42, 0x08, 0x43, 0x08, 0x43, 0x00, 0x00, 0x00, 0x00 }, // U+624E 扎
    { 0x00, 0x00, 0x00, 0x00, 0x08, 0x60, 0x08, 0x60, 0x08, 0x60, 0x7E, 0x60, 0x18, 0x70, 0x08, 0x78, 0x08, 0x6C, 0x0F, 0x66, 0x7E, 0x62, 0xF8, 0x60, 0x08, 0x60, 0x08, 0x60, 0x00, 0x00, 0x00, 0x00 }, // U+6251 扑
    { 0x00, 0x00, 0x00, 0x00, 0x10, 0x88, 0x10, 0x88, 0x10, 0x88, 0xFC, 0x88, 0x31, 0x88, 0x11, 0x88, 0x1D, 0x88, 0x71, 0x08, 0xF1, 0x0C, 0x11, 0x04, 0x13, 0x04, 0x16, 0x06, 0x00, 0x00, 0x00, 0x00 }, // U+6252 扒
    { 0x00, 0x00, 0x00, 0x00, 0x10, 0x00, 0x11, 0xFF, 0x10, 0x08, 0xFE, 0x08, 0x10, 0x08, 0x10, 0x08, 0x12, 0x08, 0x1C, 0x08, 0x70, 0x08, 0xD0, 0x08, 0x10, 0x08, 0x10, 0x08, 0x00, 0x00, 0x00, 0x00 }, // U+6253 打
    { 0x00, 0x00, 0x00, 0x00, 0x30, 0x00, 0x33, 0xFC, 0x31, 0x8C, 0xFD, 0x08, 0x31, 0x08, 0x31, 0x10, 0x3D, 0x1E, 0x71, 0x02, 0xF1, 0x02, 0x31, 0x02, 0x33, 0x02, 0x32, 0x02, 0x00, 0x00, 0x00, 0x00 }, // U+6254 扔
    { 0x00, 0x00, 0x00, 0x00, 0x10, 0x00, 0x10, 0x3C, 0x13, 0xF0, 0xF8, 0x40, 0x10, 0x40, 0x10, 0x40, 0x10, 0x7E, 0x3B, 0xF0, 0xF0, 0x40, 0x10, 0x42, 0x10, 0x43, 0x10, 0x42, 0x00, 0x00, 0x00, 0x00 }, // U+6258 托
    { 0x00, 0x00, 0x00, 0x00, 0x10, 0x00, 0x13, 0xFE, 0x10, 0x30, 0xFC, 0x20, 0x10, 0x20, 0x10, 0x20, 0x10, 0x20, 0x1C, 0x20, 0xF8, 0x20, 0x10, 0x20, 0x10, 0x20, 0x10, 0x20, 0x00, 0x00, 0x00, 0x00 }, // U+625B 扛
    { 0x00, 0x00, 0x00, 0x00, 0x10, 0x00, 0x11, 0xFE, 0x11, 0x06, 0xFD, 0x02, 0x11, 0x02, 0x11, 0x02, 0x1D, 0x02, 0x79, 0x02, 0xD1, 0x02, 0x11, 0x02, 0x11, 0x02, 0x11, 0x02, 0x00, 0x00, 0x00, 0x00 }, // U+6263 扣
    { 0x00, 0x00, 0x00, 0x00, 0x10, 0x02, 0x11, 0xFE, 0x10, 0x30, 0xFC, 0x30, 0x10, 0x30, 0x10, 0x30, 0x13, 0xFF, 0x3C, 0x30, 0xF0, 0x30, 0x10, 0x30, 0x10, 0x30, 0x10, 0x30, 0x00, 0x00, 0x00, 0x00 }, // U+6266 扦
    { 0x00, 0x00, 0x00, 0x00, 0x30, 0x80, 0x30, 0x80, 0x30, 0x80, 0xFB, 0xF8, 0x30, 0x88, 0x30, 0x88, 0x33, 0x88, 0x39, 0x88, 0xF1, 0xC8, 0x31, 0x28, 0x33, 0x09, 0x32, 0x0D, 0x00, 0x00, 0x00, 0x00 }, // U+6267 执
    { 0x00, 0x00, 0x00, 0x00, 0x10, 0x20, 0x10, 0x10, 0x11, 0xFF, 0xFD, 0x00, 0x31, 0x00, 0x11, 0x00, 0x1D, 0x00, 0x71, 0x00, 0xF1, 0x00, 0x13, 0x00, 0x13, 0x00, 0x12, 0x00, 0x00, 0x00, 0x00, 0x00 }, // U+6269 扩
    { 0x00, 0x00, 0x00, 0x00, 0x10, 0x00, 0x13, 0xFE, 0x10, 0x06, 0xFC, 0x02, 0x10, 0x02, 0x10, 0x02, 0x1C, 0x02, 0x79, 0xFE, 0xF0, 0x06, 0x10, 0x02, 0x10, 0x02, 0x10, 0x02, 0x00, 0x00, 0x00, 0x00 }, // U+626B 扫
    { 0x00, 0x00, 0x00, 0x00, 0x30, 0x00, 0x33, 0xFC, 0x30, 0x1C, 0xF8, 0x30, 0x30, 0xC0, 0x31, 0x80, 0x3B, 0xFE, 0x70, 0x92, 0xB1, 0x92, 0x33, 0x32, 0x36, 0x22, 0x3C, 0x42, 0x00, 0x00, 0x00, 0x00 }, // U+626C 扬
    { 0x00, 0x00, 0x00, 0x00, 0x30, 0x00, 0x33, 0xFC, 0x30, 0x84, 0xFC, 0x84, 0x31, 0x84, 0x39, 0x84, 0x39, 0x84, 0x73, 0xFC, 0xB1, 0x04, 0x31, 0x04, 0x31, 0x04, 0x31, 0x04, 0x00, 0x00, 0x00, 0x00 }, // U+626D 扭
    { 0x00, 0x00, 0x00, 0x00, 0x30, 0x10, 0x30, 0x10, 0x30, 0x98, 0xF9, 0x88, 0x31, 0x04, 0x32, 0x06, 0x37, 0xFE, 0x38, 0x8C, 0xF1, 0x8C, 0x31, 0x8C, 0x31, 0x0C, 0x33, 0x0C, 0x00, 0x00, 0x00, 0x00 }, // U+626E 扮
    { 0x00, 0x00, 0x00, 0x00, 0x10, 0x10, 0x10, 0x10, 0x10, 0x10, 0xFD, 0x10, 0x11, 0x10, 0x11, 0x1E, 0x1D, 0x10, 0x79, 0x10, 0xF1, 0x10, 0x11, 0x10, 0x11, 0x10, 0x11, 0x10, 0x00, 0x00, 0x00, 0x00 }, // U+626F 扯
    { 0x00, 0x00, 0x00, 0x00, 0x30, 0x90, 0x30, 0x8C, 0x30, 0x80, 0xFF, 0xFE, 0x30, 0xB0, 0x30, 0xB0, 0x3C, 0xB0, 0x78, 0xB0, 0xF1, 0xB0, 0x31, 0x30, 0x31, 0x31, 0x33, 0x33, 0x00, 0x00, 0x00, 0x00 }, // U+6270 扰
    { 0x00, 0x00, 0x00, 0x00, 0x10, 0x0E, 0x13, 0xFC, 0x13, 0x00, 0xFF, 0x00, 0x33, 0xFE, 0x13, 0x46, 0x1F, 0x44, 0x73, 0x44, 0xF2, 0x2C, 0x12, 0x28, 0x12, 0x18, 0x12, 0x38, 0x00, 0x00, 0x00, 0x00 }, // U+6273 扳
    { 0x00, 0x00, 0x00, 0x00, 0x10, 0x20, 0x10, 0x20, 0x10, 0x20, 0xFF, 0xFE, 0x30, 0x20, 0x10, 0x20, 0x10, 0x20, 0x7F, 0xFF, 0xF0, 0x60, 0x10, 0x70, 0x10, 0xD0, 0x11, 0x88, 0x00, 0x00, 0x00, 0x00 }, // U+6276 扶
    { 0x00, 0x00, 0x00, 0x00, 0x32, 0x30, 0x32, 0x30, 0x32, 0x30, 0xFA, 0x32, 0x32, 0x36, 0x33, 0xFC, 0x3A, 0x30, 0x72, 0x30, 0xF2, 0x30, 0x32, 0x31, 0x32, 0x31, 0x32, 0x73, 0x00, 0x00, 0x00, 0x00 }, // U+6279 批
    { 0x00, 0x00, 0x00, 0x00, 0x20, 0x00, 0x23, 0xFF, 0x22, 0x00, 0xFA, 0x00, 0x32, 0xFE, 0x22, 0xC6, 0x3A, 0x86, 0x72, 0x84, 0xA2, 0x84, 0x22, 0x9C, 0x26, 0x81, 0x24, 0x83, 0x00, 0x00, 0x00, 0x00 }, // U+627C 扼
    { 0x00, 0x00, 0x00, 0x00, 0x10, 0x58, 0x10, 0x44, 0x10, 0x40, 0xFE, 0x5E, 0x13, 0xF0, 0x10, 0x44, 0x3C, 0x44, 0xF0, 0x48, 0x10, 0x70, 0x10, 0x60, 0x10, 0xE1, 0x11, 0xB3, 0x00, 0x00, 0x00, 0x00 }, // U+627E 找
    { 0x00, 0x00, 0x00, 0x00, 0x3F, 0xF8, 0x00, 0x30, 0x00, 0x00, 0x79, 0x92, 0x1F, 0xFE, 0x19, 0x98, 0x17, 0xE8, 0x11, 0x88, 0x31, 0x8C, 0x27, 0xE4, 0x41, 0x82, 0x00, 0x00, 0x00, 0x00, 0x00, 0x00 }, // U+627F 承
    { 0x00, 0x00, 0x00, 0x00, 0x30, 0x20, 0x30, 0x20, 0x33, 0xFF, 0xFC, 0x20, 0x30, 0x20, 0x30, 0x20, 0x3B, 0xFE, 0x71, 0x04, 0xB0, 0x84, 0x30, 0x88, 0x30, 0x58, 0x30, 0x70, 0x00, 0x00, 0x00, 0x00 }, // U+6280 技
    { 0x00, 0x00, 0x00, 0x00, 0x10, 0x20, 0x10, 0x20, 0x11, 0x24, 0xFD, 0x24, 0x31, 0x22, 0x12, 0x22, 0x3A, 0x20, 0x70, 0x22, 0xB0, 0x24, 0x10, 0x0C, 0x10, 0x18, 0x10, 0x60, 0x00, 0x00, 0x00, 0x00 }, // U+6284 抄
    { 0x00, 0x00, 0x00, 0x00, 0x30, 0x40, 0x30, 0x40, 0x30, 0x40, 0xFB, 0xFC, 0x30, 0x44, 0x30, 0x44, 0x3C, 0x44, 0x70, 0x44, 0xF3, 0xFF, 0x30, 0xE0, 0x30, 0xB0, 0x31, 0x18, 0x00, 0x00, 0x00, 0x00 }, // U+6289 抉
    { 0x00, 0x00, 0x00, 0x00, 0x20, 0x00, 0x23, 0xFC, 0x22, 0x64, 0xFE, 0x24, 0x22, 0x24, 0x22, 0x24, 0x3B, 0xFC, 0x72, 0x04, 0xA2, 0x00, 0x22, 0x03, 0x22, 0x03, 0x22, 0x02, 0x00, 0x00, 0x00, 0x00 }, // U+628A 把
    { 0x00, 0x00, 0x00, 0x00, 0x20, 0xC0, 0x23, 0x3E, 0x22, 0x22, 0xFA, 0x22, 0x22, 0x22, 0x22, 0x22, 0x3A, 0x22, 0x72, 0x22, 0xA2, 0x22, 0x22, 0x22, 0x22, 0xA2, 0x27, 0x3E, 0x00, 0x00, 0x00, 0x00 }, // U+6291 抑
    { 0x00, 0x00, 0x00, 0x00, 0x33, 0xFE, 0x30, 0x06, 0x30, 0x88, 0xF8, 0xF0, 0x30, 0x30, 0x33, 0xFF, 0x38, 0x22, 0x70, 0x22, 0xB0, 0x22, 0x30, 0x20, 0x30, 0x20, 0x30, 0x20, 0x00, 0x00, 0x00, 0x00 }, // U+6292 抒
    { 0x00, 0x00, 0x00, 0x00, 0x30, 0x1C, 0x33, 0xF8, 0x32, 0x48, 0xFA, 0x48, 0x32, 0x48, 0x32, 0x48, 0x3A, 0x48, 0x72, 0x48, 0xB2, 0x4C, 0x32, 0x44, 0x36, 0x44, 0x34, 0x46, 0x00, 0x00, 0x00, 0x00 }, // U+6293 抓
    { 0x00, 0x00, 0x00, 0x00, 0x10, 0x00, 0x11, 0xF8, 0x11, 0x88, 0xFD, 0x88, 0x31, 0x08, 0x13, 0x0F, 0x3E, 0x00, 0x73, 0xFC, 0xB1, 0x0C, 0x10, 0x88, 0x10, 0xD0, 0x10, 0x70, 0x00, 0x00, 0x00, 0x00 }, // U+6295 投
    { 0x00, 0x00, 0x00, 0x00, 0x10, 0x08, 0x11, 0x08, 0x10, 0xC8, 0xFC, 0x48, 0x33, 0x08, 0x11, 0x88, 0x18, 0x48, 0x70, 0x08, 0xB0, 0x0F, 0x11, 0xFC, 0x17, 0x08, 0x10, 0x08, 0x00, 0x00, 0x00, 0x00 }, // U+6296 抖
    { 0x00, 0x00, 0x00, 0x00, 0x30, 0x40, 0x30, 0x60, 0x30, 0x20, 0x33, 0xFE, 0xF8, 0x00, 0x30, 0x00, 0x31, 0xF8, 0x7D, 0x18, 0xF1, 0x08, 0x31, 0x08, 0x31, 0x08, 0x33, 0x09, 0x00, 0x00, 0x00, 0x00 }, // U+6297 抗
    { 0x00, 0x00, 0x00, 0x00, 0x10, 0x0E, 0x11, 0xFC, 0x11, 0x00, 0xFD, 0x00, 0x31, 0x00, 0x11, 0x00, 0x1D, 0xFF, 0x71, 0x08, 0xF3, 0x08, 0x13, 0x08, 0x12, 0x08, 0x12, 0x08, 0x00, 0x00, 0x00, 0x00 }, // U+6298 折
    { 0x00, 0x00, 0x00, 0x00, 0x33, 0xFE, 0x30, 0x40, 0x30, 0x40, 0xFC, 0x40, 0x30, 0x40, 0x33, 0xFF, 0x30, 0xC0, 0x78, 0xB0, 0xF0, 0xB0, 0x31, 0xB0, 0x31, 0x31, 0x33, 0x33, 0x00, 0x00, 0x00, 0x00 }, // U+629A 抚
    { 0x00, 0x00, 0x00, 0x00, 0x22, 0x10, 0x22, 0x10, 0x22, 0x10, 0xFA, 0x3E, 0x27, 0x92, 0x22, 0x92, 0x22, 0x92, 0x3A, 0x92, 0x72, 0x96, 0xA2, 0x96, 0x22, 0xA4, 0x26, 0xAC, 0x00, 0x00, 0x00, 0x00 }, // U+629B 抛
    { 0x00, 0x00, 0x00, 0x00, 0x13, 0xFF, 0x12, 0x00, 0x12, 0x84, 0xFA, 0x44, 0x32, 0x6C, 0x12, 0x38, 0x12, 0x18, 0x3A, 0x18, 0x72, 0x28, 0x92, 0x6C, 0x12, 0xC6, 0x12, 0x82, 0x00, 0x00, 0x00, 0x00 }, // U+62A0 抠
    { 0x00, 0x00, 0x00, 0x00, 0x30, 0x60, 0x30, 0x70, 0x30, 0x90, 0xF9, 0x08, 0x36, 0x06, 0x34, 0x02, 0x31, 0x0C, 0x79, 0x18, 0xF1, 0x60, 0x31, 0x80, 0x31, 0x02, 0x31, 0x02, 0x00, 0x00, 0x00, 0x00 }, // U+62A1 抡
    { 0x00, 0x00, 0x00, 0x00, 0x30, 0x20, 0x30, 0x70, 0x30, 0xD8, 0xFD, 0x8C, 0x33, 0x06, 0x34, 0x02, 0x31, 0xFC, 0x3D, 0x0C, 0x71, 0x0C, 0xF1, 0x08, 0x31, 0x78, 0x31, 0x02, 0x00, 0x00, 0x00, 0x00 }, // U+62A2 抢
    { 0x00, 0x00, 0x00, 0x00, 0x10, 0x20, 0x10, 0x20, 0x11, 0xFE, 0xFD, 0x02, 0x31, 0x02, 0x11, 0x02, 0x1D, 0x02, 0x71, 0xFE, 0xF3, 0x02, 0x13, 0x00, 0x12, 0x00, 0x12, 0x00, 0x00, 0x00, 0x00, 0x00 }, // U+62A4 护
    { 0x00, 0x00, 0x00, 0x00, 0x10, 0x00, 0x13, 0xFE, 0x12, 0x06, 0xFE, 0x06, 0x32, 0x3C, 0x12, 0x00, 0x1F, 0xFE, 0x72, 0xC6, 0xF2, 0x44, 0x12, 0x6C, 0x12, 0x38, 0x12, 0x38, 0x00, 0x00, 0x00, 0x00 }, // U+62A5 报
    { 0x00, 0x00, 0x00, 0x00, 0x23, 0xFE, 0x20, 0x20, 0x22, 0x22, 0xFB, 0x26, 0x31, 0x24, 0x21, 0x24, 0x38, 0x20, 0x77, 0xFF, 0xA0, 0x20, 0x20, 0x20, 0x20, 0x20, 0x20, 0x20, 0x00, 0x00, 0x00, 0x00 }, // U+62A8 抨
    { 0x00, 0x00, 0x00, 0x00, 0x20, 0x20, 0x20, 0x20, 0x23, 0xFE, 0xFA, 0x22, 0x22, 0x22, 0x22, 0x20, 0x3B, 0xFC, 0x72, 0x84, 0xE2, 0x8C, 0x22, 0x48, 0x26, 0x70, 0x24, 0x70, 0x00, 0x00, 0x00, 0x00 }, // U+62AB 披
    { 0x00, 0x00, 0x00, 0x00, 0x30, 0x40, 0x30, 0x40, 0x30, 0x88, 0xFD, 0x8C, 0x33, 0x06, 0x33, 0xFE, 0x30, 0x02, 0x38, 0x00, 0xF3, 0xFE, 0x32, 0x06, 0x32, 0x06, 0x32, 0x06, 0x00, 0x00, 0x00, 0x00 }, // U+62AC 抬
    { 0x00, 0x00, 0x00, 0x00, 0x11, 0x80, 0x11, 0x00, 0x11, 0xFE, 0xFE, 0x06, 0x36, 0x06, 0x17, 0xF6, 0x3A, 0x36, 0x72, 0x34, 0xB3, 0xF4, 0x12, 0x04, 0x12, 0x3D, 0x12, 0x03, 0x00, 0x00, 0x00, 0x00 }, // U+62B1 抱
    { 0x00, 0x00, 0x00, 0x00, 0x20, 0x0E, 0x23, 0xF8, 0xFA, 0x20, 0x22, 0x20, 0x22, 0x20, 0x22, 0x20, 0x3B, 0xFF, 0x72, 0x30, 0xE2, 0x10, 0x22, 0x10, 0x22, 0x51, 0x22, 0xD9, 0x00, 0x00, 0x00, 0x00 }, // U+62B5 抵
    { 0x00, 0x00, 0x00, 0x00, 0x20, 0x20, 0x20, 0x20, 0x20, 0x20, 0x27, 0xFE, 0xF8, 0x20, 0x30, 0x20, 0x33, 0xFE, 0x78, 0x70, 0xF0, 0xF0, 0x21, 0x28, 0x23, 0x2C, 0x26, 0x26, 0x00, 0x00, 0x00, 0x00 }, // U+62B9 抹
    { 0x00, 0x00, 0x00, 0x00, 0x33, 0xFE, 0x32, 0x22, 0x32, 0x22, 0xFA, 0x22, 0x32, 0x22, 0x33, 0xFE, 0x32, 0x22, 0x3A, 0x22, 0xF2, 0x22, 0x33, 0xFE, 0x32, 0x22, 0x30, 0x20, 0x00, 0x00, 0x00, 0x00 }, // U+62BC 押
    { 0x00, 0x00, 0x00, 0x00, 0x20, 0x20, 0x20, 0x20, 0x20, 0x20, 0xFF, 0xFE, 0x22, 0x22, 0x22, 0x22, 0x22, 0x22, 0x3A, 0x22, 0x73, 0xFE, 0xA2, 0x22, 0x22, 0x22, 0x22, 0x22, 0x00, 0x00, 0x00, 0x00 }, // U+62BD 抽
    { 0x00, 0x00, 0x00, 0x00, 0x33, 0xFE, 0x32, 0x02, 0x32, 0x02, 0xFE, 0x02, 0x33, 0xFE, 0x32, 0x12, 0x3E, 0x10, 0xF2, 0x10, 0x33, 0xFF, 0x32, 0x10, 0x32, 0x10, 0x32, 0x51, 0x00, 0x00, 0x00, 0x00 }, // U+62BF 抿
    { 0x00, 0x00, 0x00, 0x00, 0x20, 0x90, 0x20, 0x90, 0x27, 0xFE, 0xF8, 0x92, 0x20, 0x92, 0x27, 0xFE, 0x3C, 0x92, 0x74, 0x90, 0xA7, 0xFE, 0x21, 0x92, 0x21, 0x12, 0x21, 0x1E, 0x00, 0x00, 0x00, 0x00 }, // U+62C2 拂
    { 0x00, 0x00, 0x00, 0x00, 0x30, 0x20, 0x30, 0x20, 0x30, 0x10, 0xFF, 0xFE, 0x30, 0x20, 0x30, 0x20, 0x30, 0x20, 0x3C, 0x20, 0xF1, 0xFE, 0x30, 0x20, 0x30, 0x20, 0x30, 0x20, 0x00, 0x00, 0x00, 0x00 }, // U+62C4 拄
    { 0x00, 0x00, 0x00, 0x00, 0x10, 0x00, 0x11, 0xFE, 0x11, 0x06, 0xFD, 0x06, 0x11, 0x06, 0x11, 0xFE, 0x11, 0x06, 0x3D, 0x06, 0xF1, 0x06, 0x11, 0xFE, 0x11, 0x06, 0x10, 0x00, 0x00, 0x00, 0x00, 0x00 }, // U+62C5 担
    { 0x00, 0x00, 0x00, 0x00, 0x10, 0x0E, 0x13, 0xF8, 0x13, 0x00, 0xFF, 0x00, 0x33, 0x00, 0x13, 0xFE, 0x1F, 0x18, 0x73, 0x18, 0xF3, 0x78, 0x12, 0x1C, 0x12, 0x1E, 0x12, 0x18, 0x00, 0x00, 0x00, 0x00 }, // U+62C6 拆
    { 0x00, 0x00, 0x00, 0x00, 0x20, 0x00, 0x21, 0xFE, 0x23, 0x46, 0xFF, 0x26, 0x32, 0x24, 0x22, 0x04, 0x27, 0xFF, 0x3A, 0x44, 0x7A, 0x64, 0xE2, 0x24, 0x22, 0x04, 0x23, 0xFF, 0x00, 0x00, 0x00, 0x00 }, // U+62C7 拇
    { 0x00, 0x00, 0x00, 0x00, 0x10, 0x20, 0x10, 0x20, 0x10, 0x20, 0xFC, 0x3F, 0x10, 0x20, 0x10, 0x20, 0x10, 0x20, 0x7F, 0xFE, 0xF3, 0x06, 0x12, 0x06, 0x12, 0x06, 0x12, 0x06, 0x00, 0x00, 0x00, 0x00 }, // U+62C8 拈
    { 0x00, 0x00, 0x00, 0x00, 0x30, 0x20, 0x30, 0x20, 0x30, 0x20, 0x33, 0xFE, 0xFC, 0x00, 0x31, 0x04, 0x31, 0x0C, 0x3D, 0x88, 0x70, 0x88, 0xF0, 0x88, 0x30, 0x98, 0x30, 0x90, 0x00, 0x00, 0x00, 0x00 }, // U+62C9 拉
    { 0x00, 0x00, 0x00, 0x00, 0x20, 0x20, 0x22, 0x22, 0x23, 0x24, 0xF9, 0x2C, 0x30, 0x20, 0x27, 0xFE, 0x38, 0x20, 0x70, 0x20, 0xA0, 0x20, 0x27, 0xFF, 0x20, 0x20, 0x20, 0x20, 0x00, 0x00, 0x00, 0x00 }, // U+62CC 拌
    { 0x00, 0x00, 0x00, 0x00, 0x10, 0x60, 0x10, 0x40, 0x13, 0xFE, 0xFE, 0x02, 0x12, 0x02, 0x12, 0x02, 0x12, 0x02, 0x1B, 0xFE, 0x72, 0x02, 0xB2, 0x02, 0x12, 0x02, 0x12, 0x02, 0x00, 0x00, 0x00, 0x00 }, // U+62CD 拍
    { 0x00, 0x00, 0x00, 0x00, 0x20, 0x60, 0x20, 0x60, 0x20, 0x90, 0xF9, 0x88, 0x32, 0x46, 0x24, 0x22, 0x20, 0x00, 0x7B, 0xFE, 0xF0, 0x0C, 0x20, 0x08, 0x21, 0x10, 0x20, 0xE0, 0x00, 0x00, 0x00, 0x00 }, // U+62CE 拎
    { 0x00, 0x00, 0x00, 0x00, 0x31, 0xFE, 0x31, 0x06, 0x31, 0x06, 0xFD, 0xFE, 0x31, 0x06, 0x30, 0x40, 0x3C, 0x40, 0x73, 0xFE, 0xF0, 0x42, 0x30, 0xC2, 0x30, 0x82, 0x31, 0x82, 0x00, 0x00, 0x00, 0x00 }, // U+62D0 拐
    { 0x00, 0x00, 0x00, 0x00, 0x10, 0x00, 0x13, 0xFE, 0x13, 0x00, 0xFF, 0x00, 0x13, 0x00, 0x13, 0xFC, 0x1F, 0x04, 0x73, 0x04, 0xF3, 0x04, 0x13, 0xFC, 0x13, 0x04, 0x13, 0x00, 0x00, 0x00, 0x00, 0x00 }, // U+62D2 拒
    { 0x00, 0x00, 0x00, 0x00, 0x10, 0x00, 0x13, 0xFE, 0x10, 0x60, 0xFC, 0x40, 0x10, 0xC0, 0x10, 0x80, 0x11, 0x80, 0x1D, 0xFE, 0x7B, 0x02, 0xF7, 0x02, 0x15, 0x02, 0x11, 0x02, 0x00, 0x00, 0x00, 0x00 }, // U+62D3 拓
    { 0x00, 0x00, 0x00, 0x00, 0x30, 0x98, 0x30, 0x8C, 0x30, 0x80, 0xFF, 0xFF, 0x31, 0x80, 0x31, 0xFC, 0x39, 0x84, 0x73, 0x8C, 0xF2, 0x88, 0x32, 0x58, 0x34, 0x70, 0x38, 0x70, 0x00, 0x00, 0x00, 0x00 }, // U+62D4 拔
    { 0x00, 0x00, 0x00, 0x00, 0x21, 0x00, 0x21, 0x00, 0x23, 0xFE, 0xFA, 0x00, 0x26, 0x20, 0x23, 0x3E, 0x3B, 0xF6, 0x77, 0x26, 0xA3, 0x24, 0x23, 0x3C, 0x23, 0x21, 0x23, 0x23, 0x00, 0x00, 0x00, 0x00 }, // U+62D6 拖
    { 0x00, 0x00, 0x00, 0x00, 0x31, 0x80, 0x31, 0x00, 0x31, 0xFE, 0xFA, 0x02, 0x36, 0x02, 0x37, 0xF2, 0x3B, 0x12, 0x72, 0x12, 0xB2, 0x12, 0x32, 0x12, 0x33, 0xF2, 0x33, 0x02, 0x00, 0x00, 0x00, 0x00 }, // U+62D8 拘
    { 0x00, 0x00, 0x00, 0x00, 0x20, 0x20, 0x20, 0x20, 0x22, 0x22, 0xFA, 0x22, 0x32, 0x22, 0x22, 0x22, 0x23, 0xFE, 0x38, 0x22, 0xF0, 0x20, 0x22, 0x22, 0x22, 0x22, 0x22, 0x22, 0x00, 0x00, 0x00, 0x00 }, // U+62D9 拙
    { 0x00, 0x00, 0x00, 0x00, 0x30, 0x00, 0x33, 0xFE, 0x30, 0xC2, 0xFC, 0x82, 0x30, 0x82, 0x31, 0x06, 0x32, 0x3C, 0x38, 0x00, 0x73, 0xFE, 0xF3, 0x06, 0x33, 0x06, 0x33, 0x06, 0x00, 0x00, 0x00, 0x00 }, // U+62DB 招
    { 0x00, 0x00, 0x00, 0x00, 0x0E, 0x00, 0x79, 0xFE, 0x10, 0x10, 0x10, 0x10, 0x10, 0xFE, 0x7E, 0x10, 0x10, 0x10, 0x10, 0xFE, 0x7E, 0x10, 0x10, 0x10, 0x11, 0xFF, 0x30, 0x10, 0x00, 0x00, 0x00, 0x00 }, // U+62DC 拜
    { 0x00, 0x00, 0x00, 0x00, 0x30, 0x8C, 0x32, 0x4C, 0x32, 0x6C, 0xFA, 0x2C, 0x32, 0x0C, 0x32, 0x0C, 0x3A, 0x08, 0x72, 0x08, 0xB2, 0x48, 0x32, 0xC8, 0x33, 0x1C, 0x32, 0x34, 0x00, 0x00, 0x00, 0x00 }, // U+62DF 拟
    { 0x00, 0x00, 0x00, 0x00, 0x21, 0x18, 0x21, 0x0C, 0x21, 0x00, 0xFF, 0xFF, 0x31, 0x20, 0x21, 0x24, 0x39, 0x24, 0x71, 0x2C, 0xE1, 0x38, 0x23, 0x30, 0x22, 0x61, 0x26, 0xE3, 0x00, 0x00, 0x00, 0x00 }, // U+62E2 拢
    { 0x00, 0x00, 0x00, 0x00, 0x30, 0x40, 0x30, 0x40, 0x33, 0xFE, 0xF8, 0x80, 0x30, 0x80, 0x33, 0xF0, 0x31, 0x30, 0x3B, 0x30, 0xF3, 0xFE, 0x30, 0x30, 0x31, 0x34, 0x36, 0x36, 0x00, 0x00, 0x00, 0x00 }, // U+62E3 拣
    { 0x00, 0x00, 0x00, 0x00, 0x20, 0x00, 0x23, 0xFE, 0x22, 0x22, 0xFE, 0x22, 0x22, 0x22, 0x23, 0xFE, 0x3A, 0x22, 0x72, 0x22, 0xA2, 0x22, 0x27, 0xFE, 0x26, 0x22, 0x24, 0x22, 0x00, 0x00, 0x00, 0x00 }, // U+62E5 拥
    { 0x00, 0x00, 0x00, 0x00, 0x11, 0x04, 0x10, 0x8C, 0x10, 0x08, 0xFF, 0xFF, 0x10, 0x00, 0x10, 0x00, 0x10, 0x00, 0x1C, 0x00, 0x79, 0xFE, 0xF0, 0x00, 0x10, 0x00, 0x10, 0x00, 0x00, 0x00, 0x00, 0x00 }, // U+62E6 拦
    { 0x00, 0x00, 0x00, 0x00, 0x30, 0x20, 0x30, 0x20, 0x33, 0xFE, 0xFE, 0x02, 0x32, 0x02, 0x30, 0x00, 0x3F, 0xFF, 0x70, 0x20, 0xF0, 0x20, 0x30, 0x20, 0x30, 0x20, 0x30, 0x20, 0x00, 0x00, 0x00, 0x00 }, // U+62E7 拧
    { 0x00, 0x00, 0x00, 0x00, 0x30, 0x4C, 0x32, 0x40, 0x32, 0x40, 0xFF, 0xFF, 0x30, 0xC0, 0x30, 0x80, 0x38, 0xFE, 0x79, 0xC6, 0xF1, 0x44, 0x32, 0x6C, 0x36, 0x38, 0x34, 0x38, 0x00, 0x00, 0x00, 0x00 }, // U+62E8 拨
    { 0x00, 0x00, 0x00, 0x00, 0x30, 0x00, 0x33, 0xFE, 0x31, 0x04, 0xFC, 0x8C, 0x30, 0x70, 0x31, 0xF8, 0x33, 0x06, 0x38, 0x20, 0x73, 0xFE, 0xF0, 0x20, 0x30, 0x20, 0x37, 0xFF, 0x00, 0x00, 0x00, 0x00 }, // U+62E9 择
    { 0x00, 0x00, 0x00, 0x00, 0x30, 0x1E, 0x33, 0xF8, 0x30, 0x20, 0xF8, 0x20, 0x30, 0x20, 0x37, 0xFF, 0x30, 0x20, 0x38, 0x20, 0x70, 0x20, 0xF3, 0xFE, 0x32, 0x06, 0x32, 0x06, 0x00, 0x00, 0x00, 0x00 }, // U+62EC 括
    { 0x00, 0x00, 0x00, 0x00, 0x30, 0x10, 0x30, 0x16, 0x30, 0x10, 0x7F, 0xFF, 0x30, 0x10, 0x30, 0x10, 0x30, 0x10, 0x3F, 0xF8, 0x71, 0x98, 0x31, 0x88, 0x31, 0x88, 0x31, 0x89, 0x00, 0x00, 0x00, 0x00 }, // U+62ED 拭
    { 0x00, 0x00, 0x00, 0x00, 0x33, 0xFC, 0x30, 0x0C, 0x30, 0x18, 0xF8, 0x22, 0x37, 0xB6, 0x30, 0xBC, 0x31, 0xB8, 0x39, 0x28, 0x71, 0x24, 0x32, 0x26, 0x36, 0x62, 0x34, 0xC0, 0x00, 0x00, 0x00, 0x00 }, // U+62EF 拯
    { 0x00, 0x00, 0x00, 0x00, 0x21, 0x88, 0x21, 0x88, 0x21, 0x88, 0xFF, 0xFE, 0x21, 0x88, 0x21, 0x88, 0x39, 0x88, 0x71, 0x88, 0xA7, 0xFF, 0x20, 0x00, 0x20, 0x98, 0x21, 0x0C, 0x00, 0x00, 0x00, 0x00 }, // U+62F1 拱
    { 0x00, 0x00, 0x00, 0x00, 0x11, 0x88, 0x19, 0x10, 0x7F, 0xFE, 0x02, 0x00, 0xFF, 0xFF, 0x0C, 0x30, 0x18, 0x18, 0x67, 0xEC, 0x41, 0x82, 0x1F, 0xF8, 0x01, 0x80, 0x7F, 0xFE, 0x00, 0x00, 0x00, 0x00 }, // U+62F3 拳
    { 0x00, 0x00, 0x00, 0x00, 0x30, 0x60, 0x30, 0x70, 0x30, 0xD0, 0xF9, 0x88, 0x33, 0x06, 0x37, 0xFE, 0x30, 0x20, 0x38, 0x20, 0xF0, 0x20, 0x33, 0xFE, 0x30, 0x20, 0x30, 0x20, 0x00, 0x00, 0x00, 0x00 }, // U+62F4 拴
    { 0x00, 0x00, 0x00, 0x00, 0x30, 0x40, 0x30, 0x42, 0x33, 0xF4, 0xF8, 0x4C, 0x30, 0x58, 0x37, 0xFF, 0x30, 0x60, 0x78, 0xFE, 0xF2, 0x80, 0x34, 0x80, 0x30, 0xFC, 0x30, 0x04, 0x00, 0x00, 0x00, 0x00 }, // U+62F7 拷
    { 0x00, 0x00, 0x00, 0x00, 0x31, 0x04, 0x30, 0x8C, 0x30, 0x18, 0xFB, 0xFE, 0x30, 0x88, 0x30, 0x88, 0x38, 0x88, 0x70, 0x88, 0xB7, 0xFF, 0x31, 0x88, 0x31, 0x08, 0x31, 0x08, 0x00, 0x00, 0x00, 0x00 }, // U+62FC 拼
    { 0x00, 0x00, 0x00, 0x00, 0x30, 0x40, 0x30, 0x40, 0x33, 0xFE, 0xFE, 0x46, 0x32, 0x46, 0x33, 0xFE, 0x3E, 0x46, 0x72, 0x66, 0xB3, 0xFE, 0x32, 0x20, 0x30, 0x2C, 0x30, 0x38, 0x00, 0x00, 0x00, 0x00 }, // U+62FD 拽
    { 0x00, 0x00, 0x00, 0x00, 0x30, 0x60, 0x30, 0x70, 0x30, 0x90, 0xF9, 0x88, 0x33, 0x06, 0x34, 0x02, 0x31, 0xFC, 0x38, 0x00, 0x70, 0x00, 0xF3, 0xFC, 0x33, 0x04, 0x32, 0x04, 0x00, 0x00, 0x00, 0x00 }, // U+62FE 拾
    { 0x00, 0x00, 0x00, 0x00, 0x01, 0x80, 0x06, 0x60, 0x1F, 0xFC, 0x60, 0x06, 0x1F, 0xF8, 0x10, 0x08, 0x1F, 0xF8, 0x00, 0x00, 0x3F, 0xFC, 0x00, 0x80, 0x3F, 0xFC, 0x00, 0x80, 0x00, 0x00, 0x00, 0x00 }, // U+62FF 拿
    { 0x00, 0x00, 0x00, 0x00, 0x30, 0x20, 0x30, 0x20, 0x33, 0xFE, 0xFC, 0x20, 0x30, 0x20, 0x37, 0xFF, 0x30, 0x00, 0x38, 0x08, 0x78, 0x08, 0xF7, 0xFF, 0x30, 0x08, 0x31, 0x08, 0x00, 0x00, 0x00, 0x00 }, // U+6301 持
    { 0x00, 0x00, 0x00, 0x00, 0x30, 0x20, 0x30, 0x20, 0x33, 0xFE, 0xF8, 0x20, 0x30, 0x20, 0x33, 0xFE, 0x30, 0x00, 0x38, 0x00, 0x70, 0x20, 0xF3, 0xFE, 0x30, 0x20, 0x30, 0x20, 0x00, 0x00, 0x00, 0x00 }, // U+6302 挂
    { 0x00, 0x00, 0x00, 0x00, 0x32, 0x00, 0x32, 0x06, 0x32, 0x3C, 0xFF, 0xE2, 0x33, 0x02, 0x31, 0xFE, 0x30, 0x00, 0x3B, 0xFE, 0xF3, 0x06, 0x33, 0xFE, 0x33, 0x06, 0x33, 0x06, 0x00, 0x00, 0x00, 0x00 }, // U+6307 指
    { 0x00, 0x00, 0x00, 0x00, 0x30, 0x20, 0x30, 0x20, 0x33, 0xFE, 0xFE, 0x02, 0x32, 0x42, 0x30, 0xC0, 0x38, 0x80, 0x77, 0xFF, 0xF1, 0x8C, 0x31, 0x08, 0x33, 0x98, 0x30, 0xF0, 0x00, 0x00, 0x00, 0x00 }, // U+6309 按
    { 0x00, 0x00, 0x00, 0x00, 0x30, 0x20, 0x30, 0x60, 0x33, 0xFE, 0xF8, 0x88, 0x31, 0x0C, 0x33, 0xFE, 0x3C, 0x03, 0x70, 0x00, 0xF3, 0xFE, 0x31, 0x00, 0x31, 0xFC, 0x30, 0x04, 0x00, 0x00, 0x00, 0x00 }, // U+630E 挎
    { 0x00, 0x00, 0x00, 0x00, 0x20, 0x90, 0x20, 0x90, 0x22, 0x92, 0xFE, 0x96, 0x32, 0x94, 0x21, 0x9C, 0x20, 0x90, 0x39, 0x98, 0x73, 0x9C, 0xA4, 0x92, 0x21, 0x90, 0x21, 0x11, 0x00, 0x00, 0x00, 0x00 }, // U+6311 挑
    { 0x00, 0x00, 0x00, 0x00, 0x00, 0x20, 0x30, 0x20, 0x33, 0xFE, 0x7A, 0x02, 0x32, 0x8A, 0x31, 0x8C, 0x33, 0x02, 0x39, 0xF8, 0x70, 0x18, 0x30, 0x30, 0x30, 0xC0, 0x31, 0x83, 0x00, 0x00, 0x00, 0x00 }, // U+6316 挖
    { 0x00, 0x00, 0x00, 0x00, 0x10, 0x40, 0x7D, 0xF8, 0x18, 0x48, 0x7D, 0xC8, 0x10, 0xC8, 0x71, 0x2A, 0x02, 0x06, 0x3F, 0xFC, 0x00, 0x80, 0x3F, 0xFC, 0x00, 0x80, 0xFF, 0xFF, 0x00, 0x00, 0x00, 0x00 }, // U+631A 挚
    { 0x00, 0x00, 0x00, 0x00, 0x01, 0x00, 0x01, 0x80, 0x7F, 0xFE, 0x1A, 0x50, 0x32, 0x48, 0x62, 0x44, 0xC0, 0x02, 0x7F, 0xFE, 0x00, 0x80, 0x3F, 0xFC, 0x00, 0x80, 0xFF, 0xFF, 0x00, 0x00, 0x00, 0x00 }, // U+631B 挛
    { 0x00, 0x00, 0x00, 0x00, 0x32, 0x04, 0x32, 0x04, 0x32, 0x04, 0xF9, 0xFF, 0x30, 0x0C, 0x36, 0x44, 0x32, 0x44, 0x7A, 0x64, 0xF2, 0x24, 0x32, 0x04, 0x32, 0x0C, 0x33, 0x38, 0x00, 0x00, 0x00, 0x00 }, // U+631D 挝
    { 0x00, 0x00, 0x00, 0x00, 0x32, 0x10, 0x32, 0x10, 0x30, 0x10, 0xF8, 0xFE, 0x30, 0x10, 0x36, 0x10, 0x32, 0x18, 0x3A, 0x3C, 0xF2, 0x24, 0x32, 0x66, 0x32, 0x42, 0x33, 0x80, 0x00, 0x00, 0x00, 0x00 }, // U+631E 挞
    { 0x00, 0x00, 0x00, 0x00, 0x30, 0x20, 0x30, 0x20, 0x33, 0xFE, 0xF8, 0x20, 0x32, 0x26, 0x33, 0x24, 0x31, 0x28, 0x38, 0x20, 0xF7, 0xFF, 0x30, 0x60, 0x30, 0x50, 0x30, 0x98, 0x00, 0x00, 0x00, 0x00 }, // U+631F 挟
    { 0x00, 0x00, 0x00, 0x00, 0x20, 0x80, 0x20, 0x8E, 0x21, 0xF8, 0xFF, 0xC4, 0x20, 0x78, 0x20, 0x72, 0x38, 0xDA, 0x73, 0x0E, 0xE0, 0x00, 0x27, 0xFE, 0x20, 0x91, 0x21, 0x93, 0x00, 0x00, 0x00, 0x00 }, // U+6320 挠
    { 0x00, 0x00, 0x00, 0x00, 0x30, 0x60, 0x34, 0x62, 0x32, 0x66, 0xFB, 0x6C, 0x31, 0x68, 0x33, 0xFE, 0x30, 0x06, 0x38, 0x02, 0x70, 0x02, 0xB3, 0xFE, 0x30, 0x06, 0x30, 0x02, 0x00, 0x00, 0x00, 0x00 }, // U+6321 挡
    { 0x00, 0x00, 0x00, 0x00, 0x20, 0x80, 0x21, 0xF8, 0x23, 0x18, 0xFE, 0x30, 0x27, 0xFC, 0x20, 0x44, 0x20, 0x44, 0x3F, 0xFF, 0xE0, 0x44, 0x20, 0x44, 0x23, 0xFC, 0x20, 0x44, 0x00, 0x00, 0x00, 0x00 }, // U+6323 挣
    { 0x00, 0x00, 0x00, 0x00, 0x30, 0x20, 0x30, 0x20, 0x33, 0xFF, 0xF9, 0x0C, 0x30, 0x88, 0x30, 0xD0, 0x38, 0x70, 0x79, 0xDC, 0xF6, 0x06, 0x31, 0x08, 0x31, 0x08, 0x31, 0x08, 0x00, 0x00, 0x00, 0x00 }, // U+6324 挤
    { 0x00, 0x00, 0x00, 0x00, 0x30, 0x00, 0x33, 0xFE, 0x32, 0x02, 0xF8, 0xC0, 0x37, 0xFE, 0x31, 0x80, 0x31, 0x20, 0x3B, 0x20, 0x73, 0xFE, 0xF0, 0x20, 0x30, 0x20, 0x37, 0xFF, 0x00, 0x00, 0x00, 0x00 }, // U+6325 挥
    { 0x00, 0x00, 0x00, 0x00, 0x30, 0x40, 0x30, 0xC8, 0x30, 0x8C, 0xFF, 0x0E, 0x33, 0xFE, 0x31, 0x00, 0x39, 0xFE, 0x72, 0x20, 0xB4, 0x20, 0x37, 0xFE, 0x30, 0x70, 0x30, 0xD8, 0x00, 0x00, 0x00, 0x00 }, // U+6328 挨
    { 0x00, 0x00, 0x00, 0x00, 0x20, 0x00, 0x2F, 0xDE, 0x22, 0x52, 0xF2, 0x52, 0x2F, 0xD6, 0x22, 0x54, 0x22, 0x54, 0x72, 0x52, 0xEF, 0xD2, 0x26, 0x53, 0x24, 0x52, 0x24, 0x5E, 0x00, 0x00, 0x00, 0x00 }, // U+632A 挪
    { 0x00, 0x00, 0x00, 0x00, 0x30, 0x20, 0x31, 0x24, 0x31, 0x24, 0xF9, 0x2C, 0x33, 0x2C, 0x32, 0xAE, 0x3E, 0xF2, 0x7C, 0x70, 0xF0, 0x20, 0x33, 0xFE, 0x30, 0x20, 0x30, 0x20, 0x00, 0x00, 0x00, 0x00 }, // U+632B 挫
    { 0x00, 0x00, 0x00, 0x00, 0x23, 0xFE, 0x22, 0x00, 0x22, 0x00, 0xFA, 0x00, 0x22, 0xFE, 0x22, 0x00, 0x22, 0x00, 0x3B, 0xFE, 0xF2, 0xA0, 0x26, 0x96, 0x26, 0x9C, 0x24, 0x88, 0x00, 0x00, 0x00, 0x00 }, // U+632F 振
    { 0x00, 0x00, 0x00, 0x00, 0x27, 0xFE, 0x21, 0x18, 0x23, 0x18, 0xFA, 0x18, 0x26, 0x18, 0x27, 0x7E, 0x39, 0x18, 0x71, 0x18, 0xE5, 0x18, 0x25, 0x18, 0x27, 0x7E, 0x22, 0x00, 0x00, 0x00, 0x00, 0x00 }, // U+633A 挺
    { 0x00, 0x00, 0x20, 0x80, 0x21, 0x80, 0x21, 0xF8, 0xFB, 0x18, 0x22, 0x10, 0x23, 0xFE, 0x22, 0x62, 0x3A, 0x62, 0x73, 0xFE, 0xA2, 0x42, 0x20, 0x60, 0x20, 0xE1, 0x21, 0xA1, 0x00, 0x00, 0x00, 0x00 }, // U+633D 挽
    { 0x00, 0x00, 0x00, 0x00, 0x23, 0xFE, 0x20, 0xC0, 0x20, 0x80, 0xFB, 0xFC, 0x20, 0x84, 0x20, 0x84, 0x3F, 0xFF, 0x38, 0x00, 0x60, 0x00, 0xA3, 0xFC, 0x22, 0x04, 0x22, 0x04, 0x00, 0x00, 0x00, 0x00 }, // U+6342 捂
    { 0x00, 0x00, 0x00, 0x00, 0x27, 0xFE, 0x20, 0x8C, 0x20, 0x70, 0xFF, 0xFE, 0x32, 0x22, 0x22, 0x22, 0x33, 0xFE, 0x3A, 0x22, 0xF2, 0x22, 0x23, 0xFE, 0x22, 0x22, 0x22, 0x22, 0x00, 0x00, 0x00, 0x00 }, // U+6345 捅
    { 0x00, 0x00, 0x00, 0x00, 0x20, 0x00, 0x27, 0xFE, 0x26, 0x02, 0xFE, 0x22, 0x36, 0x22, 0x27, 0xFA, 0x26, 0x62, 0x3E, 0x62, 0x76, 0xBA, 0xE7, 0x2A, 0x27, 0x22, 0x26, 0x22, 0x00, 0x00, 0x00, 0x00 }, // U+6346 捆
    { 0x00, 0x00, 0x00, 0x00, 0x10, 0x00, 0x11, 0xFE, 0x11, 0x06, 0xFD, 0x06, 0x11, 0x06, 0x11, 0xFE, 0x1D, 0x26, 0x70, 0x20, 0xF1, 0x3E, 0x13, 0x20, 0x12, 0x20, 0x13, 0x20, 0x00, 0x00, 0x00, 0x00 }, // U+6349 捉
    { 0x00, 0x00, 0x00, 0x00, 0x27, 0xC2, 0x24, 0x42, 0x24, 0x52, 0xFF, 0xD2, 0x24, 0x52, 0x22, 0x12, 0x22, 0x12, 0x7F, 0xD2, 0xE2, 0x52, 0x22, 0x52, 0x22, 0x52, 0x22, 0x42, 0x00, 0x00, 0x00, 0x00 }, // U+634C 捌
    { 0x00, 0x00, 0x00, 0x00, 0x33, 0xFE, 0x32, 0x06, 0x33, 0xFE, 0xFA, 0x06, 0x33, 0xFE, 0x32, 0x06, 0x38, 0x00, 0x73, 0xFE, 0xF0, 0x20, 0x30, 0x20, 0x37, 0xFF, 0x30, 0x20, 0x00, 0x00, 0x00, 0x00 }, // U+634D 捍
    { 0x00, 0x00, 0x00, 0x00, 0x30, 0x20, 0x32, 0x22, 0x31, 0x26, 0xFD, 0x24, 0x30, 0x20, 0x33, 0xFE, 0x3A, 0x02, 0x72, 0x02, 0xF3, 0xFE, 0x32, 0x02, 0x33, 0xFE, 0x32, 0x02, 0x00, 0x00, 0x00, 0x00 }, // U+634E 捎
    { 0x00, 0x00, 0x00, 0x00, 0x33, 0xFE, 0x32, 0x06, 0x32, 0x06, 0xFB, 0xFE, 0x32, 0x06, 0x32, 0x06, 0x3B, 0xFE, 0x72, 0x06, 0xF0, 0x20, 0x30, 0x20, 0x33, 0xFE, 0x30, 0x20, 0x00, 0x00, 0x00, 0x00 }, // U+634F 捏
    { 0x00, 0x00, 0x00, 0x00, 0x30, 0x00, 0x31, 0xFC, 0x31, 0x04, 0xF9, 0xFC, 0x31, 0x04, 0x30, 0x00, 0x33, 0xFE, 0x3A, 0x02, 0x73, 0xFE, 0xB2, 0x02, 0x32, 0x02, 0x33, 0xFE, 0x00, 0x00, 0x00, 0x00 }, // U+6350 捐
    { 0x00, 0x00, 0x00, 0x00, 0x20, 0x28, 0x20, 0x24, 0x27, 0xFF, 0xF8, 0x20, 0x20, 0x20, 0x23, 0xFE, 0x2A, 0x22, 0x3A, 0x22, 0x63, 0xFE, 0xA2, 0x22, 0x22, 0x22, 0x23, 0xFE, 0x00, 0x00, 0x00, 0x00 }, // U+6355 捕
    { 0x00, 0x00, 0x00, 0x00, 0x30, 0x88, 0x30, 0x88, 0x33, 0xFE, 0xF8, 0x88, 0x30, 0x00, 0x33, 0xFE, 0x32, 0x02, 0x38, 0x40, 0xF3, 0xFE, 0x30, 0x46, 0x30, 0xC4, 0x30, 0x84, 0x00, 0x00, 0x00, 0x00 }, // U+635E 捞
    { 0x00, 0x00, 0x00, 0x00, 0x30, 0x00, 0x31, 0xFC, 0x31, 0x04, 0xFD, 0x04, 0x31, 0xFC, 0x31, 0x04, 0x30, 0x00, 0x3B, 0xFE, 0x7A, 0x22, 0xF2, 0x22, 0x32, 0x22, 0x32, 0x72, 0x00, 0x00, 0x00, 0x00 }, // U+635F 损
    { 0x00, 0x00, 0x00, 0x00, 0x30, 0x60, 0x30, 0x70, 0x30, 0x90, 0xF9, 0x8C, 0x32, 0x06, 0x37, 0xFF, 0x30, 0x00, 0x38, 0x44, 0xF2, 0x64, 0x33, 0x2C, 0x31, 0x28, 0x31, 0x18, 0x00, 0x00, 0x00, 0x00 }, // U+6361 捡
    { 0x00, 0x00, 0x00, 0x00, 0x20, 0x80, 0x21, 0xFC, 0xF9, 0x08, 0x22, 0x10, 0x27, 0xFE, 0x22, 0x26, 0x3A, 0x26, 0x72, 0x26, 0xA2, 0x26, 0x27, 0xFF, 0x20, 0x60, 0x20, 0xD0, 0x00, 0x00, 0x00, 0x00 }, // U+6362 换
    { 0x00, 0x00, 0x00, 0x00, 0x00, 0x40, 0x33, 0xFC, 0x32, 0x04, 0x7A, 0x64, 0x32, 0x24, 0x32, 0x3C, 0x32, 0x00, 0x3B, 0xFE, 0x70, 0x02, 0x74, 0x92, 0x34, 0x92, 0x34, 0x92, 0x00, 0x00, 0x00, 0x00 }, // U+6363 捣
    { 0x00, 0x00, 0x00, 0x00, 0x20, 0x40, 0x20, 0x40, 0x27, 0xFE, 0xF8, 0x40, 0x23, 0xFC, 0x20, 0x80, 0x27, 0xFE, 0x39, 0x08, 0xF6, 0x6C, 0x2F, 0xFE, 0x20, 0x60, 0x27, 0xFE, 0x00, 0x00, 0x00, 0x00 }, // U+6367 捧
    { 0x00, 0x00, 0x00, 0x00, 0x30, 0x00, 0x33, 0xFE, 0x32, 0x02, 0xFE, 0x02, 0x33, 0xFE, 0x32, 0x32, 0x32, 0x32, 0x3B, 0xFF, 0x72, 0x30, 0xF2, 0x30, 0x37, 0xFE, 0x35, 0x02, 0x00, 0x00, 0x00, 0x00 }, // U+636E 据
    { 0x00, 0x00, 0x00, 0x00, 0x20, 0x0E, 0x23, 0xFE, 0x20, 0x20, 0xF8, 0x20, 0x27, 0xFE, 0x21, 0x24, 0x39, 0x24, 0x77, 0xFF, 0xA1, 0x24, 0x21, 0x24, 0x27, 0xFE, 0x20, 0x20, 0x00, 0x00, 0x00, 0x00 }, // U+6376 捶
    { 0x00, 0x00, 0x00, 0x00, 0x20, 0x60, 0x27, 0xFE, 0xF8, 0x60, 0x23, 0xFC, 0x20, 0x64, 0x27, 0xFF, 0x38, 0x64, 0x73, 0xFC, 0xA0, 0x64, 0x22, 0x60, 0x22, 0x7E, 0x26, 0x60, 0x00, 0x00, 0x00, 0x00 }, // U+6377 捷
    { 0x00, 0x00, 0x00, 0x00, 0x30, 0x60, 0x30, 0x70, 0x30, 0x90, 0xF9, 0xA8, 0x33, 0x26, 0x37, 0xFE, 0x38, 0x08, 0x70, 0x18, 0xF0, 0x30, 0x33, 0xA2, 0x37, 0xA2, 0x35, 0x86, 0x00, 0x00, 0x00, 0x00 }, // U+637B 捻
    { 0x00, 0x00, 0x00, 0x00, 0x20, 0xD0, 0x27, 0x90, 0x24, 0x3F, 0xFC, 0x22, 0x24, 0x2A, 0x27, 0xCA, 0x24, 0x88, 0x7C, 0x88, 0xE4, 0x98, 0x24, 0x98, 0x24, 0x94, 0x24, 0xB4, 0x00, 0x00, 0x00, 0x00 }, // U+6380 掀
    { 0x00, 0x00, 0x00, 0x00, 0x20, 0x20, 0x20, 0x20, 0x23, 0xFF, 0xFA, 0x00, 0x22, 0x20, 0x22, 0x3F, 0x3A, 0x20, 0x72, 0x20, 0xE2, 0xFE, 0x22, 0x82, 0x26, 0x82, 0x24, 0x82, 0x00, 0x00, 0x00, 0x00 }, // U+6382 掂
    { 0x00, 0x00, 0x00, 0x00, 0x27, 0xFE, 0x20, 0xC2, 0x26, 0xB6, 0xFB, 0x9C, 0x23, 0x9C, 0x24, 0xB2, 0x20, 0x00, 0x3F, 0xFE, 0xF0, 0xA2, 0x20, 0x94, 0x27, 0x9C, 0x23, 0x98, 0x00, 0x00, 0x00, 0x00 }, // U+6387 掇
    { 0x00, 0x00, 0x00, 0x00, 0x20, 0x0E, 0x23, 0xF0, 0x22, 0x04, 0xF9, 0x24, 0x21, 0x2C, 0x27, 0xFE, 0x2E, 0x02, 0x38, 0x00, 0x63, 0xFC, 0xA1, 0x0C, 0x20, 0x88, 0x20, 0xD0, 0x00, 0x00, 0x00, 0x00 }, // U+6388 授
    { 0x00, 0x00, 0x00, 0x00, 0x30, 0x60, 0x30, 0x7E, 0x30, 0x60, 0xFB, 0xFE, 0x32, 0x06, 0x32, 0x06, 0x33, 0xFE, 0x3A, 0x06, 0x72, 0x06, 0xF3, 0xFE, 0x32, 0x26, 0x30, 0x20, 0x00, 0x00, 0x00, 0x00 }, // U+6389 掉
    { 0x00, 0x00, 0x00, 0x00, 0x11, 0x88, 0x09, 0x90, 0x7F, 0xFE, 0x40, 0x02, 0x5F, 0xFA, 0x10, 0x08, 0x1F, 0xF8, 0x00, 0x00, 0x7F, 0xFC, 0x00, 0x80, 0x3F, 0xFC, 0x00, 0x80, 0x00, 0x00, 0x00, 0x00 }, // U+638C 掌
    { 0x00, 0x00, 0x00, 0x00, 0x21, 0x00, 0x23, 0x00, 0x23, 0xFE, 0xFC, 0x02, 0x25, 0x02, 0x23, 0xF2, 0x26, 0x82, 0x78, 0x82, 0xE7, 0xFA, 0x20, 0x82, 0x24, 0x92, 0x27, 0xF2, 0x00, 0x00, 0x00, 0x00 }, // U+638F 掏
    { 0x00, 0x00, 0x00, 0x00, 0x30, 0x80, 0x31, 0x80, 0x31, 0xFE, 0xFF, 0x0C, 0x36, 0x18, 0x30, 0xC0, 0x3B, 0x1E, 0x72, 0x02, 0xB2, 0x02, 0x33, 0xDE, 0x32, 0x02, 0x32, 0x02, 0x00, 0x00, 0x00, 0x00 }, // U+6390 掐
    { 0x00, 0x00, 0x00, 0x00, 0x20, 0x90, 0x20, 0x90, 0x20, 0x90, 0xFF, 0x9E, 0x20, 0x90, 0x20, 0x90, 0x38, 0x90, 0x3F, 0x9E, 0x60, 0x90, 0xA0, 0x90, 0x20, 0x90, 0x27, 0x9F, 0x00, 0x00, 0x00, 0x00 }, // U+6392 排
    { 0x00, 0x00, 0x00, 0x00, 0x30, 0x20, 0x30, 0x20, 0x33, 0xFF, 0xF9, 0xA0, 0x31, 0x20, 0x33, 0x7E, 0x3B, 0x42, 0x77, 0xD2, 0xB7, 0xEC, 0x33, 0x24, 0x33, 0x18, 0x33, 0x18, 0x00, 0x00, 0x00, 0x00 }, // U+6396 掖
    { 0x00, 0x00, 0x00, 0x00, 0x27, 0xFE, 0x24, 0x02, 0x24, 0x02, 0xFF, 0xFE, 0x24, 0x10, 0x24, 0x96, 0x3C, 0x96, 0x74, 0xFE, 0xE4, 0x16, 0x24, 0x10, 0x25, 0x12, 0x2D, 0x12, 0x00, 0x00, 0x00, 0x00 }, // U+6398 掘
    { 0x00, 0x00, 0x00, 0x00, 0x30, 0x40, 0x30, 0x20, 0x37, 0xFE, 0xF8, 0x00, 0x33, 0xFE, 0x33, 0x06, 0x3B, 0x06, 0x73, 0x06, 0xF3, 0xFE, 0x33, 0x26, 0x30, 0x20, 0x31, 0x24, 0x00, 0x00, 0x00, 0x00 }, // U+63A0 掠
    { 0x00, 0x00, 0x00, 0x00, 0x30, 0x00, 0x33, 0xFE, 0x32, 0x02, 0xFA, 0x92, 0x31, 0x88, 0x33, 0x04, 0x32, 0x22, 0x38, 0x20, 0x77, 0xFF, 0xF0, 0xF0, 0x30, 0xA8, 0x31, 0x2C, 0x00, 0x00, 0x00, 0x00 }, // U+63A2 探
    { 0x00, 0x00, 0x00, 0x00, 0x24, 0x02, 0x3F, 0xB2, 0x44, 0x32, 0x7F, 0xF2, 0x04, 0x32, 0x3F, 0x86, 0x24, 0x9C, 0x23, 0x80, 0x7F, 0xFC, 0x00, 0x80, 0x3F, 0xFC, 0x00, 0x80, 0x00, 0x00, 0x00, 0x00 }, // U+63A3 掣
    { 0x00, 0x00, 0x00, 0x00, 0x30, 0x20, 0x30, 0x20, 0x33, 0xFE, 0xF9, 0x8C, 0x30, 0x88, 0x37, 0xFF, 0x38, 0x40, 0x70, 0xC0, 0xF7, 0xFF, 0x31, 0x08, 0x31, 0xD0, 0x00, 0x00, 0x00, 0x00, 0x00, 0x00 }, // U+63A5 接
    { 0x00, 0x00, 0x00, 0x00, 0x30, 0x60, 0x30, 0x20, 0x33, 0xFE, 0xFA, 0x02, 0x30, 0x88, 0x31, 0x8C, 0x7A, 0x02, 0xF3, 0xFE, 0x30, 0x20, 0x30, 0x20, 0x30, 0x20, 0x00, 0x00, 0x00, 0x00, 0x00, 0x00 }, // U+63A7 控
    { 0x00, 0x00, 0x21, 0xA0, 0x21, 0x10, 0x23, 0x10, 0xFF, 0xFF, 0x26, 0x30, 0x26, 0x30, 0x23, 0xFE, 0x22, 0x30, 0x7A, 0x30, 0xF2, 0x30, 0x23, 0xFE, 0x22, 0x30, 0x22, 0x30, 0x00, 0x00, 0x00, 0x00 }, // U+63A8 推
    { 0x00, 0x00, 0x00, 0x00, 0x30, 0x40, 0x30, 0x40, 0x37, 0xFE, 0xF9, 0x90, 0x31, 0x48, 0x32, 0x46, 0x37, 0xFE, 0x3A, 0x44, 0x73, 0xFC, 0xF2, 0x44, 0x32, 0x44, 0x33, 0xFD, 0x00, 0x00, 0x00, 0x00 }, // U+63A9 掩
    { 0x00, 0x00, 0x00, 0x00, 0x21, 0x88, 0x21, 0x88, 0x23, 0xFE, 0xF9, 0x88, 0x21, 0x88, 0x27, 0xFF, 0x20, 0x00, 0x3B, 0xFC, 0x72, 0x04, 0xA2, 0x04, 0x23, 0xFC, 0x22, 0x04, 0x00, 0x00, 0x00, 0x00 }, // U+63AA 措
    { 0x00, 0x00, 0x00, 0x00, 0x20, 0x20, 0x20, 0x3E, 0x20, 0x20, 0xFB, 0xFE, 0x22, 0x62, 0x23, 0xF8, 0x3A, 0x62, 0x72, 0x3C, 0xA2, 0x20, 0x23, 0xFE, 0x24, 0x22, 0x24, 0x62, 0x00, 0x00, 0x00, 0x00 }, // U+63B3 掳
    { 0x00, 0x00, 0x00, 0x00, 0x24, 0x40, 0x26, 0x5E, 0x22, 0x92, 0xF8, 0x92, 0x27, 0xD4, 0x21, 0x14, 0x39, 0x14, 0x71, 0x16, 0xE7, 0xF2, 0x21, 0x13, 0x23, 0x91, 0x22, 0x93, 0x00, 0x00, 0x00, 0x00 }, // U+63B7 掷
    { 0x00, 0x00, 0x00, 0x00, 0x21, 0x08, 0x20, 0x88, 0x23, 0xFE, 0xFA, 0x22, 0x23, 0xFE, 0x22, 0x22, 0x3A, 0x22, 0x73, 0xFE, 0xE2, 0x22, 0x20, 0x20, 0x27, 0xFF, 0x20, 0x20, 0x00, 0x00, 0x00, 0x00 }, // U+63B8 掸
    { 0x00, 0x00, 0x00, 0x00, 0x20, 0x40, 0x20, 0x88, 0x23, 0x0C, 0xFB, 0xFE, 0x20, 0x40, 0x27, 0xFF, 0x39, 0x88, 0x73, 0x24, 0xA4, 0xDB, 0x21, 0x34, 0x20, 0xC8, 0x23, 0x30, 0x00, 0x00, 0x00, 0x00 }, // U+63BA 掺
    { 0x00, 0x00, 0x00, 0x00, 0x23, 0xFE, 0x21, 0x88, 0x20, 0x70, 0xFF, 0xFE, 0x20, 0xB2, 0x23, 0x24, 0x3C, 0x20, 0x70, 0xE0, 0xE0, 0x20, 0x27, 0xFE, 0x20, 0xF0, 0x21, 0x28, 0x00, 0x00, 0x00, 0x00 }, // U+63C9 揉
    { 0x00, 0x00, 0x00, 0x00, 0x20, 0x40, 0x20, 0x40, 0x27, 0xFE, 0xF8, 0x40, 0x23, 0xFE, 0x20, 0x80, 0x27, 0xFF, 0x39, 0x18, 0xF7, 0xFC, 0x2C, 0x42, 0x23, 0xFC, 0x20, 0xE0, 0x00, 0x00, 0x00, 0x00 }, // U+63CD 揍
    { 0x00, 0x00, 0x00, 0x00, 0x20, 0x88, 0x20, 0x88, 0x27, 0xFF, 0xF8, 0x88, 0x20, 0x88, 0x20, 0x00, 0x23, 0xFE, 0x3A, 0x22, 0x72, 0x22, 0xA3, 0xFE, 0x22, 0x22, 0x22, 0x22, 0x00, 0x00, 0x00, 0x00 }, // U+63CF 描
    { 0x00, 0x00, 0x00, 0x00, 0x20, 0x00, 0x23, 0xFC, 0x23, 0x04, 0xFB, 0xFC, 0x23, 0x04, 0x23, 0xFC, 0x2B, 0x04, 0x38, 0x00, 0x67, 0xFF, 0xA0, 0x20, 0x23, 0x20, 0x22, 0x3E, 0x00, 0x00, 0x00, 0x00 }, // U+63D0 提
    { 0x00, 0x00, 0x00, 0x00, 0x20, 0x1E, 0x23, 0xF0, 0x20, 0x20, 0xF8, 0x20, 0x27, 0xFF, 0x20, 0x20, 0x29, 0xA0, 0x3B, 0x3E, 0x62, 0x22, 0xA2, 0x22, 0x23, 0xBE, 0x22, 0x22, 0x00, 0x00, 0x00, 0x00 }, // U+63D2 插
    { 0x00, 0x00, 0x00, 0x00, 0x31, 0xFC, 0x31, 0x04, 0x31, 0xFC, 0xF9, 0x04, 0x30, 0x00, 0x37, 0xFF, 0x31, 0x04, 0x79, 0xFC, 0xF1, 0x04, 0x31, 0xFC, 0x37, 0xFF, 0x30, 0x04, 0x00, 0x00, 0x00, 0x00 }, // U+63D6 揖
    { 0x00, 0x00, 0x00, 0x00, 0x20, 0x00, 0x27, 0xFE, 0x24, 0x02, 0xFC, 0x02, 0x27, 0xFE, 0x24, 0x00, 0x2F, 0xFE, 0x34, 0x48, 0x64, 0x86, 0xA5, 0xFE, 0x24, 0x20, 0x25, 0xFE, 0x00, 0x00, 0x00, 0x00 }, // U+63E1 握
    { 0x00, 0x00, 0x00, 0x00, 0x20, 0x20, 0x22, 0x22, 0x22, 0x22, 0xFB, 0xFE, 0x20, 0x00, 0x27, 0xFF, 0x20, 0x40, 0x38, 0x40, 0xF7, 0xFE, 0x24, 0x92, 0x24, 0x92, 0x24, 0x92, 0x00, 0x00, 0x00, 0x00 }, // U+63E3 揣
    { 0x00, 0x00, 0x00, 0x00, 0x32, 0x20, 0x32, 0x22, 0x33, 0xFC, 0xFA, 0x38, 0x32, 0x70, 0x33, 0xB2, 0x32, 0x1E, 0x38, 0x40, 0xF3, 0xFC, 0x32, 0x04, 0x33, 0xFC, 0x32, 0x04, 0x00, 0x00, 0x00, 0x00 }, // U+63E9 揩
    { 0x00, 0x00, 0x00, 0x00, 0x21, 0x88, 0x27, 0x08, 0x22, 0x08, 0xFA, 0x48, 0x2F, 0xCA, 0x23, 0x2A, 0x3B, 0xBA, 0x77, 0x98, 0xA6, 0x1C, 0x2A, 0x14, 0x22, 0x34, 0x22, 0x26, 0x00, 0x00, 0x00, 0x00 }, // U+63EA 揪
    { 0x00, 0x00, 0x00, 0x00, 0x20, 0x00, 0x23, 0xFC, 0x22, 0x04, 0xFB, 0xFC, 0x32, 0x04, 0x23, 0xFC, 0x21, 0x04, 0x3B, 0x00, 0xF3, 0xFE, 0x26, 0x62, 0x26, 0x72, 0x22, 0x9A, 0x00, 0x00, 0x00, 0x00 }, // U+63ED 揭
    { 0x00, 0x00, 0x00, 0x00, 0x20, 0x1E, 0x23, 0xF0, 0x21, 0x24, 0xF9, 0x2C, 0x23, 0xFE, 0x20, 0x80, 0x28, 0x80, 0x37, 0xFF, 0x61, 0x00, 0xA1, 0xFC, 0x23, 0x8C, 0x26, 0xD8, 0x00, 0x00, 0x00, 0x00 }, // U+63F4 援
    { 0x00, 0x00, 0x00, 0x00, 0x30, 0x90, 0x32, 0x9F, 0x32, 0xA0, 0xFA, 0xE8, 0x30, 0x84, 0x30, 0x00, 0x3B, 0xFC, 0x32, 0x04, 0xF2, 0x44, 0x32, 0x64, 0x32, 0x64, 0x30, 0xA0, 0x00, 0x00, 0x00, 0x00 }, // U+63FD 揽
    { 0x00, 0x00, 0x00, 0x00, 0x20, 0x80, 0x21, 0xF8, 0x23, 0x18, 0xFF, 0xFE, 0x32, 0x22, 0x22, 0x62, 0x3B, 0xFE, 0x70, 0x71, 0xE0, 0x93, 0x23, 0x1E, 0x24, 0xE0, 0x23, 0xF8, 0x00, 0x00, 0x00, 0x00 }, // U+6400 搀
    { 0x00, 0x00, 0x00, 0x00, 0x22, 0x00, 0x23, 0x7E, 0x21, 0x02, 0xFC, 0x42, 0x24, 0xFA, 0x27, 0x9A, 0x24, 0x72, 0x3C, 0xF2, 0xE7, 0x0E, 0x24, 0x02, 0x24, 0xFA, 0x24, 0x8A, 0x00, 0x00, 0x00, 0x00 }, // U+6401 搁
    { 0x00, 0x00, 0x00, 0x00, 0x20, 0x20, 0x21, 0x24, 0x20, 0xA8, 0xFB, 0xFE, 0x20, 0xF0, 0x21, 0x24, 0x26, 0x22, 0x38, 0x40, 0xF7, 0xFF, 0x21, 0x88, 0x21, 0x98, 0x20, 0x70, 0x00, 0x00, 0x00, 0x00 }, // U+6402 搂
    { 0x00, 0x00, 0x00, 0x00, 0x22, 0x44, 0x23, 0x64, 0x21, 0x2C, 0xFF, 0xFE, 0x24, 0x02, 0x24, 0x02, 0x23, 0xFC, 0x3A, 0x04, 0x7A, 0x64, 0xE2, 0x44, 0x22, 0x64, 0x20, 0x61, 0x00, 0x00, 0x00, 0x00 }, // U+6405 搅
    { 0x00, 0x00, 0x00, 0x00, 0x30, 0x2C, 0x30, 0x20, 0x37, 0xFE, 0xF8, 0x20, 0x33, 0xFE, 0x32, 0x22, 0x3B, 0xFE, 0x72, 0x22, 0xF3, 0xFE, 0x32, 0x22, 0x30, 0x08, 0x37, 0xFF, 0x00, 0x00, 0x00, 0x00 }, // U+640F 搏
    { 0x00, 0x00, 0x00, 0x00, 0x20, 0x40, 0x20, 0x20, 0x27, 0xFF, 0xF8, 0xC0, 0x21, 0x0C, 0x23, 0xF0, 0x38, 0x08, 0x77, 0xFE, 0xE0, 0x02, 0x23, 0xFE, 0x22, 0x22, 0x23, 0xFE, 0x00, 0x00, 0x00, 0x00 }, // U+6410 搐
    { 0x00, 0x00, 0x00, 0x00, 0x20, 0x84, 0x20, 0x88, 0x23, 0xFE, 0xF8, 0x40, 0x33, 0xFE, 0x20, 0x80, 0x38, 0x80, 0x77, 0xFF, 0xA1, 0x00, 0x23, 0xFE, 0x22, 0x20, 0x24, 0x20, 0x00, 0x00, 0x00, 0x00 }, // U+6413 搓
    { 0x00, 0x00, 0x00, 0x00, 0x27, 0xFE, 0x23, 0x24, 0x21, 0x88, 0xF8, 0xF0, 0x23, 0x9C, 0x26, 0x06, 0x20, 0x60, 0x3F, 0xFC, 0xF6, 0x64, 0x26, 0x64, 0x27, 0xFC, 0x26, 0x64, 0x00, 0x00, 0x00, 0x00 }, // U+6414 搔
    { 0x00, 0x00, 0x00, 0x00, 0x20, 0x20, 0x23, 0xBE, 0x22, 0x22, 0xFA, 0x22, 0x23, 0xAE, 0x22, 0x22, 0x2A, 0x22, 0x3B, 0xFE, 0x60, 0x20, 0xA3, 0xFC, 0x21, 0x0C, 0x20, 0x98, 0x00, 0x00, 0x00, 0x00 }, // U+641C 搜
    { 0x00, 0x00, 0x30, 0x40, 0x30, 0x20, 0x37, 0xFE, 0xF8, 0x00, 0x31, 0xFC, 0x31, 0x04, 0x31, 0xFC, 0x38, 0x00, 0x77, 0xFE, 0xF6, 0x02, 0x36, 0xFA, 0x36, 0x9A, 0x36, 0x9A, 0x00, 0x00, 0x00, 0x00 }, // U+641E 搞
    { 0x00, 0x00, 0x00, 0x00, 0x20, 0x20, 0x20, 0x20, 0x23, 0xFE, 0xFA, 0x20, 0x23, 0xFE, 0x22, 0x22, 0x3B, 0xFF, 0x72, 0x22, 0xE3, 0xFE, 0x26, 0x20, 0x24, 0x00, 0x25, 0xFC, 0x00, 0x00, 0x00, 0x00 }, // U+642A 搪
    { 0x00, 0x00, 0x00, 0x00, 0x22, 0x00, 0x22, 0x1C, 0x27, 0x94, 0xF4, 0xB4, 0x26, 0xA4, 0x24, 0xE3, 0x24, 0x80, 0x7F, 0xFE, 0xE4, 0xA2, 0x26, 0x94, 0x24, 0x94, 0x25, 0x98, 0x00, 0x00, 0x00, 0x00 }, // U+642C 搬
    { 0x00, 0x00, 0x00, 0x00, 0x21, 0x88, 0x21, 0x88, 0x27, 0xFE, 0xF9, 0x88, 0x21, 0xE8, 0x20, 0xF0, 0x29, 0x98, 0x3B, 0x0C, 0x67, 0xFE, 0xA0, 0x02, 0x23, 0xFC, 0x22, 0x04, 0x00, 0x00, 0x00, 0x00 }, // U+642D 搭
    { 0x00, 0x00, 0x21, 0x20, 0x23, 0x20, 0x23, 0xFE, 0xFE, 0x20, 0x27, 0xFE, 0x26, 0x20, 0x23, 0xFE, 0x3A, 0x20, 0x73, 0xFE, 0xE0, 0x00, 0x27, 0xF8, 0x21, 0x08, 0x21, 0x1E, 0x00, 0x00, 0x00, 0x00 }, // U+643A 携
    { 0x00, 0x00, 0x00, 0x00, 0x21, 0x88, 0x21, 0x88, 0x27, 0xFE, 0xF9, 0x88, 0x20, 0x68, 0x20, 0x70, 0x38, 0xD0, 0x71, 0xA8, 0xE6, 0x26, 0x27, 0xFE, 0x20, 0x20, 0x21, 0x28, 0x00, 0x00, 0x00, 0x00 }, // U+643D 搽
    { 0x00, 0x00, 0x00, 0x00, 0x20, 0x00, 0x27, 0xFE, 0x22, 0x04, 0xFB, 0xFC, 0x22, 0x04, 0x23, 0xFC, 0x3A, 0x04, 0x7F, 0xFF, 0xE0, 0x04, 0x27, 0xFE, 0x20, 0xA2, 0x25, 0x94, 0x00, 0x00, 0x00, 0x00 }, // U+6444 摄
    { 0x00, 0x00, 0x00, 0x00, 0x20, 0x00, 0x27, 0xFE, 0x26, 0x92, 0xFE, 0x92, 0x27, 0xFE, 0x26, 0x22, 0x20, 0x20, 0x3B, 0xFC, 0x70, 0x20, 0xE7, 0xFF, 0x20, 0xC0, 0x21, 0x88, 0x00, 0x00, 0x00, 0x00 }, // U+6446 摆
    { 0x00, 0x00, 0x00, 0x00, 0x20, 0x1E, 0x27, 0xF0, 0x20, 0x44, 0xFA, 0x64, 0x22, 0x28, 0x21, 0x00, 0x2B, 0xFE, 0x3E, 0x20, 0x60, 0x20, 0xA7, 0xFF, 0x20, 0x20, 0x22, 0x22, 0x00, 0x00, 0x00, 0x00 }, // U+6447 摇
    { 0x00, 0x00, 0x00, 0x00, 0x30, 0x20, 0x30, 0x20, 0x33, 0xFE, 0xFE, 0x02, 0x30, 0x1C, 0x31, 0xF0, 0x31, 0x00, 0x79, 0xFE, 0xF1, 0x18, 0x31, 0x18, 0x37, 0xFF, 0x30, 0x98, 0x00, 0x00, 0x00, 0x00 }, // U+6448 摈
    { 0x00, 0x00, 0x00, 0x00, 0x20, 0x28, 0x20, 0x48, 0x2F, 0x44, 0xF3, 0x7F, 0x22, 0xC8, 0x2A, 0xC8, 0x2F, 0xC8, 0x36, 0xFE, 0x76, 0x48, 0xE6, 0x48, 0x26, 0x7E, 0x2D, 0x48, 0x00, 0x00, 0x00, 0x00 }, // U+644A 摊
    { 0x00, 0x00, 0x00, 0x00, 0x20, 0x40, 0x20, 0x20, 0x27, 0xFE, 0xFC, 0x52, 0x32, 0x96, 0x23, 0xE4, 0x21, 0x40, 0x7A, 0x54, 0xF4, 0xFA, 0x20, 0x28, 0x27, 0xFF, 0x20, 0x20, 0x00, 0x00, 0x00, 0x00 }, // U+6454 摔
    { 0x00, 0x00, 0x30, 0x40, 0x30, 0x20, 0x37, 0xFF, 0xF9, 0x08, 0x30, 0x98, 0x33, 0xFE, 0x32, 0x22, 0x3A, 0x22, 0x73, 0xFA, 0xF2, 0x22, 0x32, 0xFA, 0x32, 0x8A, 0x32, 0x8A, 0x00, 0x00, 0x00, 0x00 }, // U+6458 摘
    { 0x00, 0x00, 0x00, 0x00, 0x20, 0x20, 0x22, 0x22, 0x22, 0x22, 0xFB, 0xFE, 0x21, 0x22, 0x23, 0x10, 0x2B, 0xFF, 0x3E, 0x30, 0x67, 0xFE, 0xA2, 0x30, 0x23, 0xFE, 0x22, 0x30, 0x00, 0x00, 0x00, 0x00 }, // U+6467 摧
    { 0x00, 0x00, 0x00, 0x80, 0x00, 0x80, 0x3F, 0xFF, 0x22, 0x10, 0x3F, 0x7E, 0x26, 0x38, 0x2F, 0x54, 0x32, 0x92, 0x20, 0x00, 0x2F, 0xFC, 0x60, 0xC0, 0x4F, 0xFC, 0x40, 0xC0, 0x00, 0x00, 0x00, 0x00 }, // U+6469 摩
    { 0x00, 0x00, 0x00, 0x00, 0x20, 0x98, 0x27, 0xFE, 0x21, 0x98, 0xF8, 0x00, 0x23, 0xFC, 0x22, 0x04, 0x23, 0xFC, 0x7A, 0x04, 0xF3, 0xFC, 0x22, 0x64, 0x20, 0x60, 0x27, 0xFE, 0x00, 0x00, 0x00, 0x00 }, // U+6478 摸
    { 0x00, 0x00, 0x00, 0x00, 0x04, 0x20, 0x7F, 0xFE, 0x04, 0x20, 0x1F, 0xF8, 0x10, 0x08, 0x1F, 0xF8, 0x10, 0x08, 0x1F, 0xF8, 0x04, 0x00, 0x7F, 0xFE, 0x10, 0x98, 0x5F, 0xF2, 0x00, 0x00, 0x00, 0x00 }, // U+6479 摹
    { 0x00, 0x00, 0x00, 0x00, 0x23, 0xFE, 0x22, 0x22, 0x23, 0xFE, 0xFE, 0x22, 0x33, 0xFE, 0x21, 0x02, 0x3B, 0xFC, 0x75, 0x8C, 0xA0, 0xF0, 0x27, 0x9F, 0x20, 0x00, 0x23, 0xFC, 0x00, 0x00, 0x00, 0x00 }, // U+6482 撂
    { 0x00, 0x00, 0x00, 0x00, 0x27, 0xFF, 0x25, 0x28, 0x25, 0x48, 0xFF, 0xFF, 0x24, 0x92, 0x26, 0xB2, 0x26, 0xA8, 0x76, 0xA8, 0xE6, 0xA8, 0x2B, 0xE8, 0x28, 0xAC, 0x28, 0x94, 0x00, 0x00, 0x00, 0x00 }, // U+6485 撅
    { 0x00, 0x00, 0x00, 0x00, 0x21, 0x08, 0x29, 0x48, 0x25, 0x48, 0xF5, 0x1F, 0x21, 0x12, 0x2F, 0xF2, 0x29, 0x72, 0x7B, 0xF2, 0xEB, 0xCA, 0x2F, 0xCC, 0x2D, 0xCC, 0x29, 0x4C, 0x00, 0x00, 0x00, 0x00 }, // U+6487 撇
    { 0x00, 0x00, 0x00, 0x00, 0x21, 0x24, 0x21, 0x24, 0xFF, 0xFE, 0x24, 0x02, 0x25, 0xFE, 0x21, 0x04, 0x39, 0xFC, 0x71, 0x00, 0xA3, 0xFE, 0x20, 0x20, 0x23, 0xFE, 0x20, 0x20, 0x00, 0x00, 0x00, 0x00 }, // U+6491 撑
    { 0x00, 0x00, 0x00, 0x00, 0x24, 0x88, 0x24, 0x88, 0x2F, 0xC8, 0xF4, 0x9F, 0x24, 0x92, 0x2F, 0xF2, 0x20, 0x32, 0x77, 0xF2, 0xE4, 0x4C, 0x27, 0xCC, 0x24, 0x4C, 0x27, 0xCC, 0x00, 0x00, 0x00, 0x00 }, // U+6492 撒
    { 0x00, 0x00, 0x00, 0x00, 0x24, 0x86, 0x24, 0x9C, 0x2F, 0xD0, 0xF4, 0x90, 0x27, 0x90, 0x24, 0x9F, 0x24, 0x94, 0x77, 0x94, 0xE4, 0x94, 0x24, 0xB4, 0x2F, 0xE4, 0x24, 0xA4, 0x00, 0x00, 0x00, 0x00 }, // U+6495 撕
    { 0x00, 0x00, 0x00, 0x40, 0x20, 0x20, 0x23, 0xFE, 0x20, 0x88, 0xFF, 0xFF, 0x20, 0x00, 0x23, 0xFE, 0x3A, 0x22, 0x73, 0xFE, 0xE2, 0x22, 0x23, 0xFE, 0x20, 0x20, 0x23, 0xFE, 0x00, 0x00, 0x00, 0x00 }, // U+649E 撞
    { 0x00, 0x00, 0x21, 0x08, 0x21, 0x08, 0x2F, 0xE8, 0x22, 0x9F, 0xF4, 0xD2, 0x2F, 0xD2, 0x20, 0x32, 0x27, 0xF2, 0x74, 0x4C, 0xE7, 0xCC, 0x24, 0x4C, 0x24, 0x4C, 0x27, 0xCC, 0x00, 0x00, 0x00, 0x00 }, // U+64A4 撤
    { 0x00, 0x00, 0x00, 0x00, 0x20, 0x40, 0x20, 0x40, 0x27, 0xFE, 0xFA, 0x66, 0x21, 0x9C, 0x23, 0x0C, 0x37, 0xFE, 0x7A, 0x04, 0xE3, 0xFC, 0x22, 0x04, 0x23, 0xFC, 0x22, 0x68, 0x00, 0x00, 0x00, 0x00 }, // U+64A9 撩
    { 0x00, 0x00, 0x00, 0x00, 0x20, 0x0C, 0x23, 0xF8, 0x20, 0x7E, 0xFF, 0xFE, 0x20, 0x42, 0x20, 0x3E, 0x39, 0x86, 0x7F, 0x38, 0xA3, 0x8E, 0x27, 0x38, 0x23, 0x8E, 0x2F, 0x38, 0x00, 0x00, 0x00, 0x00 }, // U+64AC 撬
    { 0x00, 0x00, 0x00, 0x00, 0x20, 0x1E, 0x27, 0xFC, 0x22, 0x2C, 0xF9, 0x28, 0x37, 0xFF, 0x20, 0xF8, 0x39, 0x2C, 0x36, 0x23, 0x67, 0xFE, 0xA2, 0x22, 0x23, 0xFE, 0x22, 0x22, 0x00, 0x00, 0x00, 0x00 }, // U+64AD 播
    { 0x00, 0x00, 0x00, 0x00, 0x23, 0xFC, 0x22, 0x04, 0x23, 0xFC, 0xFA, 0x04, 0x23, 0xFC, 0x20, 0x00, 0x2F, 0xFF, 0x7C, 0x40, 0xE7, 0xFE, 0x24, 0x52, 0x27, 0xD4, 0x24, 0x4C, 0x00, 0x00, 0x00, 0x00 }, // U+64AE 撮
    { 0x00, 0x00, 0x00, 0x00, 0x20, 0x00, 0x27, 0xBE, 0x24, 0xA2, 0xFF, 0xBE, 0x24, 0x30, 0x23, 0xDE, 0x38, 0x00, 0x71, 0x18, 0xA7, 0xFE, 0x21, 0x18, 0x2F, 0xFF, 0x20, 0x00, 0x00, 0x00, 0x00, 0x00 }, // U+64B0 撰
    { 0x00, 0x00, 0x00, 0x00, 0x21, 0x08, 0x21, 0x08, 0x27, 0xDE, 0xF9, 0x08, 0x27, 0xFE, 0x21, 0x8C, 0x22, 0xD6, 0x7C, 0x23, 0xE7, 0xFE, 0x21, 0x20, 0x23, 0xFC, 0x20, 0x20, 0x00, 0x00, 0x00, 0x00 }, // U+64B5 撵
    { 0x00, 0x00, 0x00, 0x00, 0x20, 0x14, 0x20, 0x12, 0x27, 0xFE, 0xFC, 0x10, 0x27, 0xF2, 0x24, 0x14, 0x3D, 0xFD, 0x7D, 0x2B, 0xE8, 0xFE, 0x21, 0x10, 0x25, 0x48, 0x25, 0x2A, 0x00, 0x00, 0x00, 0x00 }, // U+64BC 撼
    { 0x00, 0x00, 0x00, 0x00, 0x23, 0xFE, 0x20, 0x20, 0x27, 0xFE, 0xFC, 0x22, 0x25, 0xBE, 0x20, 0x20, 0x3B, 0xBC, 0x70, 0x00, 0xE3, 0xFE, 0x22, 0x22, 0x23, 0xFE, 0x23, 0xFE, 0x00, 0x00, 0x00, 0x00 }, // U+64C2 擂
    { 0x00, 0x00, 0x00, 0x00, 0x20, 0x40, 0x27, 0xFF, 0xF8, 0xF8, 0x27, 0xFE, 0x24, 0x8A, 0x24, 0xF2, 0x3C, 0x02, 0x77, 0xFE, 0xE2, 0x04, 0x23, 0xFC, 0x22, 0x04, 0x23, 0xFC, 0x00, 0x00, 0x00, 0x00 }, // U+64C5 擅
    { 0x00, 0x00, 0x00, 0x00, 0x20, 0x00, 0x23, 0xFC, 0x22, 0x04, 0xFB, 0xFC, 0x20, 0x00, 0x27, 0x9E, 0x24, 0x92, 0x3C, 0x92, 0x77, 0x9E, 0xA0, 0x40, 0x27, 0xFF, 0x20, 0xF0, 0x00, 0x00, 0x00, 0x00 }, // U+64CD 操
    { 0x00, 0x00, 0x12, 0x20, 0x7F, 0xA0, 0x32, 0x3E, 0x7F, 0x64, 0x81, 0x64, 0x39, 0x18, 0x21, 0x1C, 0x3F, 0x42, 0x00, 0x00, 0x7F, 0xFC, 0x00, 0x80, 0x3F, 0xFC, 0x00, 0x80, 0x00, 0x00, 0x00, 0x00 }, // U+64CE 擎
    { 0x00, 0x00, 0x00, 0x00, 0x20, 0x60, 0x20, 0x90, 0x23, 0x2C, 0xFF, 0xFE, 0x22, 0x9A, 0x22, 0x72, 0x3A, 0xF2, 0x73, 0xFE, 0xE0, 0x40, 0x27, 0xFE, 0x24, 0x92, 0x25, 0xFA, 0x00, 0x00, 0x00, 0x00 }, // U+64D2 擒
    { 0x00, 0x00, 0x00, 0x00, 0x21, 0x08, 0x25, 0x48, 0x25, 0x58, 0xFF, 0xDF, 0x23, 0x12, 0x25, 0xF2, 0x29, 0x72, 0x72, 0x06, 0xEF, 0xCC, 0x24, 0x4C, 0x26, 0x8C, 0x23, 0x8C, 0x00, 0x00, 0x00, 0x00 }, // U+64DE 擞
    { 0x00, 0x00, 0x00, 0x40, 0x20, 0x40, 0x27, 0xFE, 0x24, 0x02, 0xF1, 0xFE, 0x22, 0xB6, 0x20, 0x94, 0x25, 0x9C, 0x39, 0x0C, 0x73, 0xF6, 0xE6, 0x02, 0x2F, 0xFC, 0x20, 0x60, 0x00, 0x00, 0x00, 0x00 }, // U+64E6 擦
    { 0x00, 0x00, 0x00, 0x00, 0x12, 0xC8, 0x7B, 0xBE, 0x32, 0x1C, 0x5B, 0xAA, 0x52, 0xA8, 0x12, 0x08, 0x7F, 0xFE, 0x0C, 0x30, 0x1F, 0xD8, 0x60, 0x86, 0x4F, 0xF2, 0x00, 0x80, 0x00, 0x00, 0x00, 0x00 }, // U+6500 攀
    { 0x00, 0x00, 0x00, 0x00, 0x21, 0x08, 0x25, 0x28, 0x27, 0xFE, 0xF1, 0x08, 0x27, 0xFE, 0x22, 0x94, 0x24, 0xD5, 0x3C, 0xA6, 0xE0, 0x00, 0x27, 0xFC, 0x24, 0x04, 0x24, 0x44, 0x00, 0x00, 0x00, 0x00 }, // U+6512 攒
    { 0x00, 0x00, 0x00, 0x00, 0x20, 0x40, 0x20, 0x60, 0x27, 0xFE, 0xFC, 0x52, 0x27, 0xDE, 0x21, 0x08, 0x3F, 0xFE, 0x71, 0x08, 0xE7, 0xFE, 0x21, 0x08, 0x27, 0xFF, 0x21, 0xBC, 0x00, 0x00, 0x00, 0x00 }, // U+6518 攘
    { 0x00, 0x00, 0x00, 0x00, 0x27, 0x9E, 0x24, 0x92, 0xFF, 0x9E, 0x24, 0x82, 0x23, 0x0C, 0x32, 0x20, 0x77, 0xFE, 0xEA, 0x20, 0x23, 0xFC, 0x22, 0x20, 0x27, 0xFE, 0x21, 0x98, 0x00, 0x00, 0x00, 0x00 }, // U+652B 攫
    { 0x00, 0x00, 0x00, 0x00, 0x01, 0x80, 0x01, 0x80, 0xFF, 0xFF, 0x01, 0x80, 0x01, 0x80, 0x3F, 0xF8, 0x08, 0x18, 0x0C, 0x10, 0x04, 0x30, 0x02, 0x60, 0x01, 0xC0, 0x03, 0xC0, 0x00, 0x00, 0x00, 0x00 }, // U+652F 支
    { 0x00, 0x00, 0x00, 0x00, 0x08, 0x80, 0x08, 0x80, 0x48, 0x80, 0x49, 0xFF, 0x49, 0x0C, 0x4B, 0x8C, 0x4E, 0x88, 0x48, 0x88, 0x48, 0xD8, 0x58, 0x70, 0x78, 0x70, 0x48, 0x70, 0x00, 0x00, 0x00, 0x00 }, // U+6536 收
    { 0x00, 0x00, 0x00, 0x40, 0x7C, 0xC0, 0x04, 0xFF, 0x04, 0x8C, 0x05, 0x8C, 0x07, 0x88, 0x7E, 0x88, 0x44, 0xC8, 0x40, 0x58, 0x40, 0x50, 0x40, 0x30, 0x4C, 0x70, 0x58, 0xD8, 0x00, 0x00, 0x00, 0x00 }, // U+6539 改
    { 0x00, 0x00, 0x00, 0x00, 0x00, 0xC0, 0x00, 0xC0, 0xFC, 0x80, 0x11, 0xFF, 0x11, 0x84, 0x13, 0x84, 0x12, 0x8C, 0x10, 0x88, 0x10, 0x58, 0x10, 0x70, 0x3E, 0x30, 0xF8, 0x78, 0x00, 0x00, 0x00, 0x00 }, // U+653B 攻
    { 0x00, 0x00, 0x00, 0x00, 0x10, 0x20, 0x08, 0x60, 0x00, 0x40, 0xFF, 0x7F, 0x30, 0xC4, 0x20, 0xC4, 0x3F, 0x44, 0x22, 0x6C, 0x22, 0x28, 0x22, 0x38, 0x22, 0x30, 0x62, 0x38, 0x00, 0x00, 0x00, 0x00 }, // U+653E 放
    { 0x00, 0x00, 0x00, 0x00, 0x00, 0x40, 0x7F, 0x40, 0x08, 0xFF, 0x08, 0x84, 0x09, 0x84, 0x68, 0xC4, 0x6F, 0x4C, 0x68, 0x48, 0x68, 0x68, 0x68, 0x30, 0x6F, 0x30, 0x7C, 0x78, 0x00, 0x00, 0x00, 0x00 }, // U+653F 政
    { 0x00, 0x00, 0x00, 0x00, 0x18, 0x20, 0x18, 0x60, 0x18, 0x40, 0xFF, 0xFF, 0x19, 0xC4, 0x19, 0x44, 0x18, 0x44, 0x7E, 0x6C, 0x42, 0x28, 0x42, 0x38, 0x42, 0x30, 0x42, 0x78, 0x00, 0x00, 0x00, 0x00 }, // U+6545 故
    { 0x00, 0x00, 0x00, 0x00, 0x08, 0x20, 0x00, 0x20, 0xFF, 0x7F, 0x00, 0x46, 0x24, 0xC4, 0x62, 0xE4, 0xC1, 0x24, 0x22, 0x2C, 0x34, 0x38, 0x1C, 0x18, 0x0C, 0x18, 0x16, 0x2C, 0x00, 0x00, 0x00, 0x00 }, // U+6548 效
    { 0x00, 0x00, 0x00, 0x00, 0x06, 0x20, 0x7E, 0x60, 0x08, 0x40, 0x08, 0xFF, 0xFF, 0xC4, 0x09, 0x44, 0x08, 0x44, 0x08, 0x2C, 0x7E, 0x28, 0x42, 0x38, 0x42, 0x18, 0x42, 0x3C, 0x00, 0x00, 0x00, 0x00 }, // U+654C 敌
    { 0x00, 0x00, 0x30, 0x10, 0x20, 0x30, 0x3F, 0xA0, 0x40, 0x3F, 0xFF, 0x62, 0x29, 0x66, 0x29, 0x64, 0x21, 0x24, 0xFF, 0x94, 0x69, 0x1C, 0x49, 0x18, 0x41, 0x18, 0x7F, 0xB4, 0x00, 0x00, 0x00, 0x00 }, // U+654F 敏
    { 0x00, 0x00, 0x00, 0x00, 0x0A, 0x20, 0x08, 0x20, 0x7F, 0x20, 0x08, 0x7F, 0x48, 0x44, 0x4B, 0xC4, 0x2E, 0xC4, 0x08, 0xC4, 0x18, 0x28, 0x3E, 0x38, 0x6B, 0x38, 0x48, 0x38, 0x00, 0x00, 0x00, 0x00 }, // U+6551 救
    { 0x00, 0x00, 0x00, 0x00, 0x08, 0x20, 0x08, 0x20, 0x7F, 0x20, 0x08, 0x7F, 0x7E, 0x44, 0x08, 0x44, 0xFF, 0xE4, 0x20, 0xA4, 0x3E, 0x28, 0x22, 0x18, 0x22, 0x18, 0x62, 0x3C, 0x00, 0x00, 0x00, 0x00 }, // U+6556 敖
    { 0x00, 0x00, 0x00, 0x00, 0x18, 0x20, 0x18, 0xA0, 0x7F, 0x20, 0x1B, 0x7F, 0x1A, 0x44, 0xFF, 0xC4, 0x08, 0xC4, 0x7E, 0xCC, 0x66, 0x28, 0x4C, 0x38, 0x0F, 0x10, 0x78, 0x38, 0x00, 0x00, 0x00, 0x00 }, // U+6559 教
    { 0x00, 0x00, 0x00, 0x00, 0x0C, 0x20, 0x1E, 0x20, 0x13, 0x60, 0x21, 0x7F, 0x7E, 0xC6, 0x00, 0xC4, 0x09, 0x24, 0x49, 0x24, 0x6B, 0x24, 0x2B, 0x38, 0x2A, 0x18, 0x22, 0x18, 0x00, 0x00, 0x00, 0x00 }, // U+655B 敛
    { 0x00, 0x00, 0x00, 0x00, 0x08, 0x10, 0x49, 0xB0, 0x69, 0x20, 0x2A, 0x3F, 0x7F, 0xA2, 0x48, 0xE2, 0x5A, 0xE4, 0x5A, 0x94, 0x4A, 0x94, 0x6A, 0x9C, 0x48, 0x88, 0x48, 0x9C, 0x00, 0x00, 0x00, 0x00 }, // U+655D 敝
    { 0x00, 0x00, 0x00, 0x00, 0x08, 0x10, 0x49, 0xB0, 0x69, 0x20, 0x2A, 0x3F, 0x7F, 0xA2, 0x40, 0xE2, 0x40, 0xE4, 0x5E, 0x94, 0x52, 0x94, 0x52, 0x9C, 0x5E, 0x88, 0x50, 0x9C, 0x00, 0x00, 0x00, 0x00 }, // U+655E 敞
    { 0x00, 0x00, 0x00, 0x00, 0x00, 0x20, 0x3E, 0x20, 0x02, 0x20, 0xFF, 0xFF, 0x22, 0x46, 0x22, 0xE4, 0x22, 0xA4, 0x3E, 0x24, 0x3E, 0x3C, 0x22, 0x18, 0x22, 0x18, 0x7F, 0xBC, 0x00, 0x00, 0x00, 0x00 }, // U+6562 敢
    { 0x00, 0x00, 0x00, 0x00, 0x22, 0x20, 0x7F, 0x20, 0x22, 0x7F, 0x22, 0x46, 0xFF, 0xE4, 0x00, 0xA4, 0x7F, 0x24, 0x41, 0x24, 0x7F, 0x1C, 0x41, 0x18, 0x7F, 0x18, 0x41, 0x24, 0x00, 0x00, 0x00, 0x00 }, // U+6563 散
    { 0x00, 0x00, 0x00, 0x00, 0x10, 0x20, 0x08, 0x20, 0xFF, 0x60, 0x00, 0x7F, 0x7E, 0x46, 0x42, 0xC4, 0x7F, 0xC4, 0x00, 0x24, 0x7E, 0x28, 0x04, 0x38, 0x0F, 0x18, 0xF8, 0x38, 0x00, 0x00, 0x00, 0x00 }, // U+6566 敦
    { 0x00, 0x00, 0x00, 0x00, 0x12, 0x10, 0x12, 0x20, 0xFF, 0xA0, 0x12, 0x3F, 0x20, 0x66, 0x7F, 0xE6, 0x41, 0xE4, 0x7D, 0x24, 0x25, 0x34, 0x25, 0x18, 0x25, 0x18, 0x3D, 0x3C, 0x00, 0x00, 0x00, 0x00 }, // U+656C 敬
    { 0x00, 0x00, 0x00, 0x00, 0x08, 0x30, 0x49, 0x20, 0x2A, 0x20, 0x08, 0x7F, 0x7F, 0x46, 0x1E, 0xE6, 0x2A, 0xE4, 0xC9, 0x24, 0x10, 0x24, 0xFF, 0x38, 0x23, 0x18, 0x32, 0x18, 0x00, 0x00, 0x00, 0x00 }, // U+6570 数
    { 0x00, 0x00, 0x08, 0x08, 0x0C, 0x08, 0xFF, 0xC8, 0x00, 0x0F, 0x3F, 0x08, 0x21, 0x08, 0x3F, 0x7E, 0x00, 0x22, 0x7F, 0xA2, 0x40, 0xA6, 0x5E, 0x94, 0x52, 0x9C, 0x52, 0x98, 0x00, 0x00, 0x00, 0x00 }, // U+6572 敲
    { 0x00, 0x00, 0x00, 0x00, 0x08, 0x20, 0x7F, 0xA0, 0x08, 0x7F, 0x7F, 0x64, 0x49, 0xA4, 0x7F, 0x1C, 0x18, 0x18, 0x6F, 0x3E, 0xC8, 0x66, 0x7F, 0xFE, 0x00, 0x80, 0x10, 0xFC, 0x00, 0x00, 0x00, 0x00 }, // U+6574 整
    { 0x00, 0x00, 0x00, 0x00, 0x09, 0x10, 0x7F, 0xB0, 0x08, 0x20, 0x7F, 0x3F, 0x49, 0x62, 0x7F, 0xE6, 0x49, 0xE4, 0x08, 0x24, 0x7F, 0x94, 0x10, 0x18, 0x3F, 0x18, 0x21, 0x3C, 0x00, 0x00, 0x00, 0x00 }, // U+6577 敷
    { 0x00, 0x00, 0x01, 0x00, 0x01, 0x80, 0x00, 0x80, 0xFF, 0xFE, 0x18, 0x18, 0x08, 0x10, 0x08, 0x10, 0x04, 0x30, 0x04, 0x20, 0x02, 0x40, 0x01, 0x80, 0x03, 0xC0, 0x06, 0x70, 0x00, 0x00, 0x00, 0x00 }, // U+6587 文
    { 0x00, 0x00, 0x00, 0x00, 0x01, 0x00, 0x7F, 0xFE, 0x0C, 0x30, 0x06, 0x60, 0x07, 0xC0, 0x78, 0x3E, 0x00, 0x00, 0x3F, 0xFC, 0x03, 0x00, 0x3F, 0xFC, 0x26, 0x64, 0x26, 0x44, 0x00, 0x00, 0x00, 0x00 }, // U+658B 斋
    { 0x00, 0x00, 0x00, 0x00, 0x20, 0x18, 0x10, 0x1C, 0x11, 0xFA, 0x00, 0x1A, 0xFC, 0x18, 0x0B, 0xFF, 0x48, 0x08, 0x38, 0x48, 0x33, 0x48, 0x13, 0x78, 0x33, 0x49, 0x3B, 0x45, 0x00, 0x00, 0x00, 0x00 }, // U+658C 斌
    { 0x00, 0x00, 0x00, 0x00, 0x01, 0x00, 0xF9, 0x3E, 0x20, 0x08, 0x27, 0xE8, 0x20, 0xC8, 0x24, 0x88, 0xFA, 0xBE, 0x23, 0x88, 0x21, 0x88, 0x21, 0x88, 0x3B, 0xC8, 0x76, 0x48, 0x00, 0x00, 0x00, 0x00 }, // U+6591 斑
    { 0x00, 0x00, 0x00, 0x00, 0x00, 0x20, 0x08, 0x20, 0x0C, 0x20, 0x23, 0x20, 0x31, 0x20, 0x1C, 0x20, 0x0E, 0x20, 0x04, 0x20, 0x00, 0x3E, 0x3F, 0xFC, 0x78, 0x20, 0x00, 0x20, 0x00, 0x00, 0x00, 0x00 }, // U+6597 斗
    { 0x00, 0x00, 0x00, 0x00, 0x10, 0x08, 0x10, 0x88, 0x52, 0x48, 0x54, 0x28, 0x54, 0x08, 0x10, 0x88, 0xFE, 0xC8, 0x10, 0x28, 0x38, 0x08, 0x34, 0x1F, 0x55, 0xFC, 0xD0, 0x08, 0x00, 0x00, 0x00, 0x00 }, // U+6599 料
    { 0x00, 0x00, 0x00, 0x00, 0x08, 0x04, 0x1C, 0x44, 0x32, 0x44, 0x23, 0x24, 0x41, 0x24, 0xFE, 0x84, 0x08, 0x44, 0x08, 0x24, 0xFF, 0x04, 0x08, 0x0F, 0x2A, 0xFC, 0x4B, 0x04, 0x00, 0x00, 0x00, 0x00 }, // U+659C 斜
    { 0x00, 0x00, 0x00, 0x00, 0x23, 0x04, 0x23, 0x04, 0xFF, 0xA4, 0x23, 0x34, 0x3F, 0x14, 0x23, 0x44, 0x3F, 0x64, 0x23, 0x24, 0xFF, 0x84, 0x4A, 0x07, 0x5B, 0x3C, 0x71, 0xC4, 0x00, 0x00, 0x00, 0x00 }, // U+659F 斟
    { 0x00, 0x00, 0x00, 0x00, 0x10, 0x10, 0x10, 0x38, 0xFE, 0x68, 0x10, 0x4C, 0x7E, 0x86, 0x43, 0x0F, 0x7E, 0x6C, 0x42, 0x3C, 0x42, 0x8C, 0x7E, 0x4C, 0x10, 0x0C, 0xFF, 0xFE, 0x00, 0x00, 0x00, 0x00 }, // U+65A1 斡
    { 0x00, 0x00, 0x00, 0x00, 0x00, 0x1C, 0x3F, 0xFC, 0x20, 0x00, 0x20, 0x00, 0x20, 0x00, 0x20, 0x00, 0x3F, 0xFF, 0x20, 0x60, 0x20, 0x60, 0x20, 0x60, 0x20, 0x60, 0x60, 0x60, 0x00, 0x00, 0x00, 0x00 }, // U+65A4 斤
    { 0x00, 0x00, 0x00, 0x00, 0x00, 0x7C, 0x3F, 0xF0, 0x30, 0x00, 0x30, 0x00, 0x30, 0x00, 0x3F, 0xFE, 0x30, 0x60, 0x30, 0x60, 0x26, 0x60, 0x23, 0xE0, 0x20, 0x7C, 0x60, 0x66, 0x00, 0x00, 0x00, 0x00 }, // U+65A5 斥
    { 0x00, 0x00, 0x00, 0x00, 0x0C, 0x30, 0x38, 0x1C, 0x64, 0x22, 0x03, 0xC0, 0x0F, 0xF0, 0x70, 0x1F, 0x00, 0x70, 0x1F, 0xC0, 0x10, 0x00, 0x1F, 0xFE, 0x10, 0x20, 0x30, 0x20, 0x00, 0x00, 0x00, 0x00 }, // U+65A7 斧
    { 0x00, 0x00, 0x00, 0x00, 0x10, 0x0E, 0x10, 0xF8, 0x10, 0x80, 0xFE, 0x80, 0x20, 0x80, 0x68, 0xFF, 0x48, 0x88, 0x7E, 0x88, 0x08, 0x88, 0x3F, 0x88, 0xF9, 0x88, 0x09, 0x08, 0x00, 0x00, 0x00, 0x00 }, // U+65A9 斩
    { 0x00, 0x00, 0x00, 0x00, 0x44, 0x07, 0x44, 0xFC, 0x55, 0x40, 0x55, 0x40, 0x44, 0x40, 0x7F, 0xFF, 0x4C, 0x44, 0x4E, 0x44, 0x5F, 0x44, 0x75, 0x44, 0x64, 0x44, 0x44, 0xC4, 0x00, 0x00, 0x00, 0x00 }, // U+65AD 断
    { 0x00, 0x00, 0x00, 0x00, 0x22, 0x06, 0x22, 0x78, 0xFF, 0x40, 0x62, 0x40, 0x3E, 0x40, 0x22, 0x7F, 0x22, 0x44, 0x3E, 0x44, 0x22, 0x44, 0x22, 0x44, 0xFF, 0xC4, 0x26, 0xC4, 0x00, 0x00, 0x00, 0x00 }, // U+65AF 斯
    { 0x00, 0x00, 0x00, 0x00, 0x08, 0x00, 0x08, 0x06, 0x7F, 0x7C, 0x22, 0x40, 0x26, 0x40, 0xFF, 0x40, 0x08, 0x7F, 0x08, 0x4C, 0x7F, 0x4C, 0x08, 0x4C, 0x6A, 0x4C, 0x4A, 0x8C, 0x00, 0x00, 0x00, 0x00 }, // U+65B0 新
    { 0x00, 0x00, 0x01, 0x00, 0x01, 0x80, 0x00, 0x80, 0xFF, 0xFF, 0x04, 0x00, 0x04, 0x00, 0x04, 0x00, 0x07, 0xF8, 0x0C, 0x08, 0x0C, 0x08, 0x08, 0x08, 0x18, 0x08, 0x18, 0x08, 0x00, 0x00, 0x00, 0x00 }, // U+65B9 方
    { 0x00, 0x00, 0x00, 0x00, 0x10, 0x80, 0x10, 0x80, 0x11, 0xFF, 0xFF, 0x00, 0x22, 0x00, 0x20, 0x3E, 0x3D, 0xF6, 0x27, 0xA2, 0x25, 0x22, 0x2D, 0x26, 0x2D, 0x3C, 0x4D, 0x21, 0x00, 0x00, 0x00, 0x00 }, // U+65BD 施
    { 0x00, 0x00, 0x01, 0x00, 0x01, 0x80, 0x7F, 0xFE, 0x08, 0x10, 0x0C, 0x20, 0x7F, 0xFE, 0x41, 0x02, 0x01, 0x80, 0xFF, 0xFF, 0x0C, 0x00, 0x0F, 0xF8, 0x08, 0x08, 0x08, 0x08, 0x00, 0x00, 0x00, 0x00 }, // U+65C1 旁
    { 0x00, 0x00, 0x10, 0xC0, 0x10, 0xC0, 0x11, 0xFE, 0xFF, 0x00, 0x20, 0x0E, 0x20, 0xF0, 0x3C, 0xB0, 0x24, 0x92, 0x24, 0x96, 0x24, 0x98, 0x24, 0x88, 0x64, 0x88, 0x44, 0x84, 0x00, 0x00, 0x00, 0x00 }, // U+65C5 旅
    { 0x00, 0x00, 0x00, 0x00, 0x10, 0x80, 0x10, 0x80, 0x11, 0xFF, 0xFD, 0x00, 0x23, 0x00, 0x23, 0xFE, 0x3C, 0x32, 0x24, 0x32, 0x25, 0x30, 0x25, 0x3E, 0x6D, 0x30, 0x4D, 0xB0, 0x00, 0x00, 0x00, 0x00 }, // U+65CB 旋
    { 0x00, 0x00, 0x00, 0x00, 0x10, 0x80, 0x10, 0x80, 0x11, 0xFF, 0xFF, 0x00, 0x22, 0x40, 0x20, 0xFE, 0x3D, 0xB0, 0x25, 0x30, 0x24, 0x20, 0x27, 0xFE, 0x24, 0x30, 0x24, 0x68, 0x00, 0x00, 0x00, 0x00 }, // U+65CF 族
    { 0x00, 0x00, 0x00, 0x00, 0x20, 0x80, 0x11, 0xFF, 0xFD, 0x00, 0x22, 0x84, 0x23, 0xFE, 0x3C, 0x84, 0x24, 0xFC, 0x24, 0x84, 0x24, 0xFC, 0x2C, 0x84, 0x4F, 0xFF, 0x48, 0x48, 0x00, 0x00, 0x00, 0x00 }, // U+65D7 旗
    { 0x00, 0x00, 0x00, 0x00, 0x3F, 0xFC, 0x01, 0x00, 0x01, 0x00, 0x01, 0x00, 0xFF, 0xFF, 0x03, 0x00, 0x02, 0xC0, 0x06, 0xC0, 0x04, 0xC0, 0x0C, 0xC2, 0x18, 0x43, 0x00, 0x00, 0x00, 0x00, 0x00, 0x00 }, // U+65E0 无
    { 0x00, 0x00, 0x00, 0x00, 0x7E, 0xFE, 0x42, 0x10, 0x42, 0x90, 0x7E, 0x90, 0x42, 0x90, 0x42, 0xFF, 0x7E, 0x30, 0x42, 0x38, 0x44, 0x38, 0x44, 0x79, 0x4E, 0x59, 0x00, 0x00, 0x00, 0x00, 0x00, 0x00 }, // U+65E2 既
    { 0x00, 0x00, 0x00, 0x00, 0x3F, 0xFC, 0x30, 0x0C, 0x30, 0x0C, 0x30, 0x0C, 0x30, 0x0C, 0x30, 0x0C, 0x3F, 0xFC, 0x30, 0x0C, 0x30, 0x0C, 0x30, 0x0C, 0x30, 0x0C, 0x00, 0x00, 0x00, 0x00, 0x00, 0x00 }, // U+65E5 日
    { 0x00, 0x00, 0x00, 0x00, 0x00, 0x00, 0x3F, 0xFC, 0x30, 0x0C, 0x30, 0x0C, 0x30, 0x0C, 0x3F, 0xFC, 0x30, 0x0C, 0x30, 0x0C, 0x30, 0x0C, 0x3F, 0xFC, 0x30, 0x0C, 0x00, 0x00, 0x00, 0x00, 0x00, 0x00 }, // U+65E6 旦
    { 0x00, 0x00, 0x00, 0x00, 0x23, 0xFE, 0x22, 0x06, 0x22, 0x02, 0x22, 0x02, 0x22, 0x02, 0x23, 0xFE, 0x22, 0x06, 0x22, 0x02, 0x22, 0x02, 0x22, 0x02, 0x22, 0x02, 0x00, 0x00, 0x00, 0x00, 0x00, 0x00 }, // U+65E7 旧
    { 0x00, 0x00, 0x00, 0x00, 0x20, 0x18, 0x21, 0xE0, 0x3E, 0x02, 0x20, 0x02, 0x20, 0x02, 0x3F, 0xFC, 0x00, 0x00, 0x3F, 0xFC, 0x30, 0x0C, 0x3F, 0xFC, 0x30, 0x0C, 0x30, 0x04, 0x00, 0x00, 0x00, 0x00 }, // U+65E8 旨
    { 0x00, 0x00, 0x00, 0x00, 0x3F, 0xFC, 0x30, 0x04, 0x20, 0x04, 0x3F, 0xFC, 0x20, 0x04, 0x20, 0x04, 0x3F, 0xFC, 0x31, 0x84, 0x01, 0x80, 0xFF, 0xFF, 0x01, 0x80, 0x00, 0x00, 0x00, 0x00, 0x00, 0x00 }, // U+65E9 早
    { 0x00, 0x00, 0x00, 0x00, 0x08, 0x00, 0x08, 0x00, 0x1F, 0xFE, 0x30, 0x06, 0x20, 0x06, 0x7F, 0xC6, 0x50, 0x44, 0x10, 0x44, 0x1F, 0xC4, 0x10, 0x44, 0x10, 0x44, 0x1F, 0xC4, 0x00, 0x00, 0x00, 0x00 }, // U+65EC 旬
    { 0x00, 0x00, 0x00, 0x00, 0x20, 0xFC, 0x20, 0x84, 0x20, 0x84, 0xFC, 0x84, 0x24, 0xFC, 0x24, 0x84, 0x24, 0x84, 0x24, 0x84, 0x24, 0x84, 0x24, 0xFC, 0x24, 0x81, 0x64, 0x01, 0x00, 0x00, 0x00, 0x00 }, // U+65ED 旭
    { 0x00, 0x00, 0x00, 0x00, 0x3F, 0xFC, 0x20, 0x04, 0x3F, 0xFC, 0x20, 0x04, 0x3F, 0xFC, 0x20, 0x04, 0x00, 0x00, 0x3F, 0xFC, 0x01, 0x80, 0x01, 0x80, 0x7F, 0xFF, 0x01, 0x80, 0x00, 0x00, 0x00, 0x00 }, // U+65F1 旱
    { 0x00, 0x00, 0x00, 0x00, 0x00, 0x0C, 0x7C, 0x0C, 0x44, 0x0C, 0x45, 0xFF, 0x44, 0x0C, 0x7C, 0x0C, 0x44, 0x8C, 0x44, 0x8C, 0x44, 0xCC, 0x44, 0x4C, 0x44, 0x0C, 0x7C, 0x0C, 0x00, 0x00, 0x00, 0x00 }, // U+65F6 时
    { 0x00, 0x00, 0x00, 0x00, 0x00, 0x10, 0x7C, 0x10, 0x4D, 0xFF, 0x4D, 0x80, 0x4D, 0x00, 0x7D, 0x00, 0x4D, 0x00, 0x4D, 0x00, 0x4D, 0x00, 0x7D, 0x00, 0x41, 0x00, 0x03, 0x00, 0x00, 0x00, 0x00, 0x00 }, // U+65F7 旷
    { 0x00, 0x00, 0x00, 0x00, 0x7D, 0xFE, 0x44, 0x30, 0x44, 0x30, 0x44, 0x30, 0x44, 0x30, 0x7C, 0x30, 0x45, 0xFE, 0x44, 0x30, 0x44, 0x30, 0x44, 0x30, 0x7C, 0x30, 0x00, 0x00, 0x00, 0x00, 0x00, 0x00 }, // U+65FA 旺
    { 0x00, 0x00, 0x00, 0x00, 0x3F, 0xFC, 0x30, 0x04, 0x3F, 0xFC, 0x30, 0x04, 0x3F, 0xFC, 0x30, 0x04, 0x36, 0x04, 0x78, 0xFE, 0x60, 0x82, 0x60, 0x82, 0x66, 0x82, 0x00, 0x00, 0x00, 0x00, 0x00, 0x00 }, // U+6602 昂
    { 0x00, 0x00, 0x00, 0x00, 0x3F, 0xFC, 0x30, 0x04, 0x3F, 0xFC, 0x30, 0x04, 0x20, 0x04, 0x3F, 0xFC, 0x00, 0x00, 0x20, 0xC6, 0x3F, 0xD8, 0x20, 0xE2, 0x20, 0xC3, 0x00, 0x00, 0x00, 0x00, 0x00, 0x00 }, // U+6606 昆
    { 0x00, 0x00, 0x00, 0x00, 0x3F, 0xFC, 0x30, 0x0C, 0x3F, 0xFC, 0x30, 0x0C, 0x30, 0x0C, 0x3F, 0xFC, 0x00, 0x00, 0x3F, 0xFC, 0x20, 0x04, 0x3F, 0xFC, 0x20, 0x04, 0x20, 0x04, 0x00, 0x00, 0x00, 0x00 }, // U+660C 昌
    { 0x00, 0x00, 0x00, 0x00, 0x7C, 0xFE, 0x44, 0x86, 0x44, 0x82, 0x44, 0x82, 0x44, 0xFE, 0x7C, 0x82, 0x44, 0x82, 0x44, 0x82, 0x44, 0xFE, 0x44, 0x82, 0x7D, 0x82, 0x00, 0x00, 0x00, 0x00, 0x00, 0x00 }, // U+660E 明
    { 0x00, 0x00, 0x00, 0x00, 0x00, 0x0C, 0x3F, 0xF8, 0x20, 0x80, 0x3F, 0xFE, 0x20, 0x40, 0x2F, 0x22, 0x38, 0x02, 0x00, 0x00, 0x1F, 0xF8, 0x10, 0x08, 0x1F, 0xF8, 0x10, 0x08, 0x00, 0x00, 0x00, 0x00 }, // U+660F 昏
    { 0x00, 0x00, 0x00, 0x00, 0x3F, 0xFC, 0x30, 0x04, 0x3F, 0xFC, 0x30, 0x04, 0x3F, 0xFC, 0x08, 0x04, 0x18, 0x00, 0x3F, 0xFE, 0x62, 0x26, 0x46, 0x46, 0x0C, 0x44, 0x00, 0x00, 0x00, 0x00, 0x00, 0x00 }, // U+6613 易
    { 0x00, 0x00, 0x00, 0x00, 0x04, 0x20, 0x04, 0x20, 0x7F, 0xFE, 0x04, 0x20, 0x04, 0x20, 0xFF, 0xFF, 0x00, 0x00, 0x1F, 0xF8, 0x10, 0x08, 0x1F, 0xF8, 0x10, 0x08, 0x10, 0x08, 0x00, 0x00, 0x00, 0x00 }, // U+6614 昔
    { 0x00, 0x00, 0x00, 0x00, 0x3F, 0xFC, 0x20, 0x04, 0x3F, 0xFC, 0x20, 0x04, 0x3F, 0xFC, 0x10, 0x04, 0x30, 0x80, 0x3F, 0xFE, 0x60, 0x80, 0x5F, 0xFC, 0x00, 0x80, 0x00, 0x00, 0x00, 0x00, 0x00, 0x00 }, // U+661F 星
    { 0x00, 0x00, 0x00, 0x00, 0x00, 0x20, 0x78, 0x20, 0x49, 0xFC, 0x49, 0x24, 0x49, 0x24, 0x49, 0x24, 0x79, 0x24, 0x49, 0x24, 0x4F, 0xFF, 0x48, 0x70, 0x48, 0x50, 0x48, 0xD8, 0x00, 0x00, 0x00, 0x00 }, // U+6620 映
    { 0x00, 0x00, 0x01, 0x80, 0x01, 0x00, 0x7F, 0xFE, 0x01, 0x00, 0x3F, 0xFC, 0x02, 0x00, 0x7F, 0xFE, 0x08, 0x30, 0x3F, 0xFC, 0x48, 0x12, 0x0F, 0xF0, 0x08, 0x10, 0x08, 0x10, 0x00, 0x00, 0x00, 0x00 }, // U+6625 春
    { 0x00, 0x00, 0x00, 0x00, 0x00, 0x20, 0x78, 0x20, 0x48, 0x20, 0x49, 0xFE, 0x48, 0x20, 0x48, 0x20, 0x7B, 0xFE, 0x48, 0x70, 0x48, 0xA0, 0x48, 0xA8, 0x49, 0x24, 0x7E, 0x26, 0x00, 0x00, 0x00, 0x00 }, // U+6627 昧
    { 0x00, 0x00, 0x00, 0x80, 0x00, 0x80, 0x7C, 0x80, 0x4D, 0xFF, 0x4D, 0x40, 0x4F, 0x40, 0x4E, 0x40, 0x7C, 0x7E, 0x4C, 0x40, 0x4C, 0x40, 0x4C, 0x40, 0x4C, 0x7F, 0x4C, 0x40, 0x00, 0x00, 0x00, 0x00 }, // U+6628 昨
    { 0x00, 0x00, 0x00, 0x00, 0x7D, 0xFE, 0x4C, 0x42, 0x4C, 0x42, 0x4C, 0x42, 0x4C, 0x86, 0x7C, 0xBC, 0x4D, 0x00, 0x4F, 0xFE, 0x4D, 0x02, 0x4D, 0x02, 0x4D, 0x02, 0x00, 0x00, 0x00, 0x00, 0x00, 0x00 }, // U+662D 昭
    { 0x00, 0x00, 0x00, 0x00, 0x1F, 0xF8, 0x10, 0x08, 0x1F, 0xF8, 0x10, 0x08, 0x1F, 0xF8, 0x10, 0x08, 0x00, 0x00, 0x7F, 0xFF, 0x00, 0x80, 0x10, 0xFC, 0x10, 0x80, 0x00, 0x00, 0x00, 0x00, 0x00, 0x00 }, // U+662F 是
    { 0x00, 0x00, 0x00, 0x00, 0x3F, 0xFC, 0x30, 0x04, 0x30, 0x04, 0x3F, 0xFC, 0x20, 0x24, 0x20, 0x30, 0x3F, 0xF8, 0x50, 0x1E, 0x5F, 0xFB, 0x10, 0x18, 0x1F, 0xF8, 0x10, 0x18, 0x00, 0x00, 0x00, 0x00 }, // U+663C 昼
    { 0x00, 0x00, 0x00, 0x00, 0x3F, 0xFC, 0x20, 0x04, 0x3F, 0xFC, 0x20, 0x04, 0x20, 0x04, 0x3F, 0xFC, 0x20, 0x04, 0x20, 0x04, 0x22, 0x44, 0x12, 0x48, 0x12, 0x48, 0x00, 0x00, 0x00, 0x00, 0x00, 0x00 }, // U+663E 显
    { 0x00, 0x00, 0x00, 0x00, 0x3F, 0xFC, 0x20, 0x04, 0x3F, 0xFC, 0x20, 0x04, 0x3F, 0xFC, 0x20, 0x04, 0x19, 0x98, 0x09, 0xB0, 0x01, 0x80, 0xFF, 0xFF, 0x04, 0x62, 0x00, 0x00, 0x00, 0x00, 0x00, 0x00 }, // U+6643 晃
    { 0x00, 0x00, 0x00, 0x00, 0x7F, 0xFE, 0x02, 0x40, 0x22, 0x44, 0x32, 0x4C, 0x12, 0x48, 0x7F, 0xFF, 0x00, 0x00, 0x1F, 0xF8, 0x10, 0x08, 0x1F, 0xF8, 0x10, 0x08, 0x10, 0x08, 0x00, 0x00, 0x00, 0x00 }, // U+664B 晋
    { 0x00, 0x00, 0x00, 0x00, 0x00, 0x20, 0x78, 0x60, 0x4B, 0xFE, 0x4A, 0x02, 0x4A, 0x02, 0x4A, 0xFA, 0x7A, 0xCA, 0x4A, 0xCA, 0x4A, 0xCA, 0x4A, 0xCA, 0x4A, 0xFA, 0x7A, 0xC2, 0x00, 0x00, 0x00, 0x00 }, // U+664C 晌
    { 0x00, 0x00, 0x00, 0x00, 0x03, 0xFF, 0x78, 0x50, 0x48, 0x50, 0x4B, 0xFE, 0x4A, 0x52, 0x4A, 0x52, 0x7A, 0x92, 0x4A, 0x9A, 0x4B, 0x8E, 0x4B, 0x02, 0x4A, 0x02, 0x7A, 0x02, 0x00, 0x00, 0x00, 0x00 }, // U+6652 晒
    { 0x00, 0x00, 0x00, 0x00, 0x00, 0x80, 0x78, 0x8E, 0x49, 0xF8, 0x4F, 0xC4, 0x48, 0x78, 0x48, 0x32, 0x78, 0xDA, 0x4B, 0x0E, 0x48, 0x00, 0x4F, 0xFE, 0x48, 0x90, 0x48, 0x90, 0x00, 0x00, 0x00, 0x00 }, // U+6653 晓
    { 0x00, 0x00, 0x00, 0x00, 0x3F, 0xFC, 0x30, 0x0C, 0x3F, 0xFC, 0x30, 0x0C, 0x3F, 0xFC, 0x00, 0x00, 0x7F, 0xFE, 0x44, 0x02, 0x3F, 0xFC, 0x18, 0x80, 0x1F, 0xFC, 0x00, 0x00, 0x00, 0x00, 0x00, 0x00 }, // U+6655 晕
    { 0x00, 0x00, 0x00, 0xC0, 0x00, 0x80, 0x78, 0xFC, 0x49, 0x08, 0x4A, 0x18, 0x4B, 0xFE, 0x4A, 0x22, 0x7A, 0x22, 0x4A, 0x22, 0x4B, 0xFE, 0x4A, 0x72, 0x48, 0x51, 0x78, 0xD1, 0x00, 0x00, 0x00, 0x00 }, // U+665A 晚
    { 0x00, 0x00, 0x00, 0x00, 0x03, 0xFE, 0x78, 0x40, 0x48, 0xC0, 0x4B, 0xFC, 0x48, 0x84, 0x48, 0x84, 0x7F, 0xFF, 0x48, 0x00, 0x49, 0xFE, 0x49, 0x06, 0x49, 0x06, 0x79, 0x06, 0x00, 0x00, 0x00, 0x00 }, // U+6664 晤
    { 0x00, 0x00, 0x00, 0x00, 0x00, 0x80, 0x79, 0x80, 0x49, 0xFE, 0x4B, 0x00, 0x4B, 0xFC, 0x49, 0x24, 0x79, 0x24, 0x4F, 0xFF, 0x49, 0x44, 0x49, 0x24, 0x4B, 0x24, 0x7B, 0xFF, 0x00, 0x00, 0x00, 0x00 }, // U+6666 晦
    { 0x00, 0x00, 0x00, 0x00, 0x1F, 0xFC, 0x10, 0x04, 0x1F, 0xFC, 0x10, 0x04, 0x1F, 0xFC, 0x00, 0x00, 0x3F, 0xFE, 0x20, 0x00, 0x2F, 0xFC, 0x20, 0x00, 0x3F, 0xFE, 0x00, 0x00, 0x00, 0x00, 0x00, 0x00 }, // U+6668 晨
    { 0x00, 0x00, 0x00, 0x00, 0x08, 0x10, 0x04, 0x20, 0x7F, 0xFE, 0x02, 0x40, 0x32, 0x4C, 0x12, 0x48, 0xFF, 0xFF, 0x00, 0x00, 0x1F, 0xF8, 0x10, 0x08, 0x1F, 0xF8, 0x10, 0x08, 0x00, 0x00, 0x00, 0x00 }, // U+666E 普
    { 0x00, 0x00, 0x00, 0x00, 0x3F, 0xFC, 0x20, 0x04, 0x3F, 0xFC, 0x20, 0x04, 0x3F, 0xFC, 0x01, 0x00, 0x7F, 0xFE, 0x00, 0x00, 0x1F, 0xFC, 0x10, 0x0C, 0x1F, 0xFC, 0x00, 0x00, 0x00, 0x00, 0x00, 0x00 }, // U+666F 景
    { 0x00, 0x00, 0x00, 0x00, 0x01, 0x06, 0x79, 0x3C, 0x49, 0x20, 0x4F, 0xE0, 0x49, 0x20, 0x4B, 0x3F, 0x7B, 0xA4, 0x4B, 0x64, 0x4D, 0x24, 0x4D, 0x24, 0x4D, 0x24, 0x49, 0x24, 0x00, 0x00, 0x00, 0x00 }, // U+6670 晰
    { 0x00, 0x00, 0x00, 0x00, 0x00, 0x20, 0x7B, 0xFE, 0x48, 0x20, 0x4B, 0xFE, 0x48, 0x20, 0x4B, 0xFF, 0x78, 0x00, 0x49, 0xFE, 0x49, 0x02, 0x49, 0xFE, 0x49, 0x02, 0x49, 0xFE, 0x00, 0x00, 0x00, 0x00 }, // U+6674 晴
    { 0x00, 0x00, 0x00, 0x00, 0x3F, 0xF8, 0x30, 0x08, 0x3F, 0xF8, 0x30, 0x08, 0x3F, 0xF8, 0x30, 0x08, 0x00, 0x00, 0x7E, 0x7E, 0x42, 0x42, 0x7E, 0x7E, 0x42, 0x42, 0x00, 0x00, 0x00, 0x00, 0x00, 0x00 }, // U+6676 晶
    { 0x00, 0x00, 0x00, 0x00, 0x20, 0x00, 0x3F, 0x7E, 0x48, 0x42, 0x08, 0x42, 0xFF, 0xC2, 0x18, 0x7E, 0x16, 0x42, 0x61, 0x00, 0xDF, 0xF8, 0x10, 0x08, 0x1F, 0xF8, 0x10, 0x08, 0x00, 0x00, 0x00, 0x00 }, // U+667A 智
    { 0x00, 0x00, 0x00, 0x20, 0x00, 0x20, 0x7B, 0xFE, 0x48, 0x00, 0x49, 0xFE, 0x49, 0x06, 0x49, 0x06, 0x79, 0x06, 0x49, 0xFE, 0x49, 0x26, 0x48, 0x20, 0x49, 0x24, 0x79, 0x26, 0x00, 0x00, 0x00, 0x00 }, // U+667E 晾
    { 0x00, 0x00, 0x10, 0x00, 0x10, 0x06, 0xFF, 0x78, 0x20, 0x40, 0x48, 0x40, 0x7F, 0x7F, 0x08, 0xC8, 0xFF, 0x88, 0x08, 0x88, 0x1F, 0xF8, 0x10, 0x08, 0x1F, 0xF8, 0x10, 0x08, 0x00, 0x00, 0x00, 0x00 }, // U+6682 暂
    { 0x00, 0x00, 0x00, 0x00, 0x7B, 0xDE, 0x4A, 0x42, 0x4A, 0x42, 0x4A, 0x42, 0x4B, 0xDE, 0x7A, 0x00, 0x4A, 0x3E, 0x4B, 0xC2, 0x4A, 0x12, 0x4A, 0x14, 0x7B, 0xCC, 0x00, 0x00, 0x00, 0x00, 0x00, 0x00 }, // U+6687 暇
    { 0x00, 0x00, 0x00, 0x00, 0x3F, 0xFC, 0x20, 0x04, 0x3F, 0xFC, 0x20, 0x04, 0x3F, 0xFE, 0x01, 0x38, 0x7F, 0xFF, 0x03, 0x00, 0x1F, 0xFC, 0x78, 0x0C, 0x0F, 0xFC, 0x08, 0x0C, 0x00, 0x00, 0x00, 0x00 }, // U+6691 暑
    { 0x00, 0x00, 0x00, 0x00, 0x00, 0x0E, 0x03, 0xF0, 0x78, 0x00, 0x49, 0x24, 0x49, 0x2C, 0x4B, 0xFE, 0x78, 0x80, 0x4F, 0xFF, 0x49, 0x00, 0x49, 0xFC, 0x49, 0xCC, 0x00, 0x00, 0x00, 0x00, 0x00, 0x00 }, // U+6696 暖
    { 0x00, 0x00, 0x00, 0x20, 0x00, 0x20, 0x7B, 0xFE, 0x48, 0x84, 0x48, 0x8C, 0x48, 0x88, 0x4F, 0xFF, 0x78, 0x00, 0x49, 0xFE, 0x49, 0x06, 0x49, 0x06, 0x49, 0xFE, 0x79, 0x06, 0x00, 0x00, 0x00, 0x00 }, // U+6697 暗
    { 0x00, 0x00, 0x00, 0x00, 0x04, 0x20, 0x7F, 0xFE, 0x30, 0x0C, 0x3F, 0xFC, 0x30, 0x0C, 0x3F, 0xFC, 0x06, 0x00, 0x7F, 0xFE, 0x18, 0x18, 0x3F, 0xFC, 0xD0, 0x0B, 0x1F, 0xF8, 0x00, 0x00, 0x00, 0x00 }, // U+66AE 暮
    { 0x00, 0x00, 0x00, 0x00, 0x3F, 0xFC, 0x20, 0x04, 0x3F, 0xFC, 0x20, 0x04, 0x3F, 0xFC, 0x04, 0x20, 0x7F, 0xFE, 0x04, 0x20, 0x7F, 0xFE, 0x0C, 0x30, 0x3E, 0xBC, 0x00, 0x00, 0x00, 0x00, 0x00, 0x00 }, // U+66B4 暴
    { 0x00, 0x00, 0x00, 0x00, 0x03, 0xFE, 0x7A, 0x12, 0x4B, 0xFE, 0x48, 0x40, 0x49, 0xFC, 0x48, 0x48, 0x7F, 0xFF, 0x48, 0x40, 0x49, 0xFC, 0x4F, 0x04, 0x49, 0xFC, 0x79, 0x04, 0x00, 0x00, 0x00, 0x00 }, // U+66D9 曙
    { 0x00, 0x00, 0x00, 0x00, 0x03, 0xFC, 0x7A, 0x04, 0x4B, 0xFC, 0x4A, 0x04, 0x4B, 0xFC, 0x48, 0x90, 0x7B, 0xFE, 0x48, 0x90, 0x4F, 0xFE, 0x49, 0x2C, 0x4D, 0xAA, 0x00, 0x00, 0x00, 0x00, 0x00, 0x00 }, // U+66DD 曝
    { 0x00, 0x00, 0x00, 0x00, 0x3F, 0xFC, 0x20, 0x04, 0x20, 0x04, 0x20, 0x04, 0x20, 0x04, 0x20, 0x04, 0x3F, 0xF4, 0x20, 0x04, 0x20, 0x04, 0x20, 0x04, 0x20, 0x04, 0x20, 0x04, 0x00, 0x00, 0x00, 0x00 }, // U+66F0 曰
    { 0x00, 0x00, 0x00, 0x00, 0x06, 0x60, 0x06, 0x60, 0x06, 0x60, 0x7F, 0xFE, 0x66, 0x66, 0x66, 0x66, 0x66, 0x66, 0x66, 0x66, 0x7F, 0xFE, 0x66, 0x66, 0x66, 0x66, 0x66, 0x66, 0x00, 0x00, 0x00, 0x00 }, // U+66F2 曲
    { 0x00, 0x00, 0x00, 0x00, 0x01, 0x00, 0x3F, 0xFC, 0x21, 0x04, 0x21, 0x04, 0x21, 0x04, 0x3F, 0xFC, 0x21, 0x84, 0x21, 0x84, 0x3F, 0xFC, 0x20, 0x88, 0x00, 0x98, 0x00, 0xF2, 0x00, 0x00, 0x00, 0x00 }, // U+66F3 曳
    { 0x00, 0x00, 0x00, 0x00, 0x7F, 0xFE, 0x00, 0x80, 0x3F, 0xFC, 0x20, 0x84, 0x20, 0x84, 0x3F, 0xFC, 0x21, 0x84, 0x21, 0x84, 0x3F, 0xFC, 0x11, 0x04, 0x19, 0x00, 0x0E, 0x00, 0x00, 0x00, 0x00, 0x00 }, // U+66F4 更
    { 0x00, 0x00, 0x00, 0x00, 0x02, 0x60, 0x7F, 0xFE, 0x02, 0x60, 0x3F, 0xFC, 0x22, 0x64, 0x3F, 0xFC, 0x22, 0x64, 0x3F, 0xFC, 0x00, 0x00, 0x1F, 0xF8, 0x10, 0x08, 0x1F, 0xF8, 0x00, 0x00, 0x00, 0x00 }, // U+66F9 曹
    { 0x00, 0x00, 0x00, 0x00, 0x1F, 0xF8, 0x10, 0x08, 0x1F, 0xF8, 0x10, 0x08, 0x1F, 0xF8, 0x00, 0x00, 0x7F, 0xFE, 0x44, 0x22, 0x7F, 0xFE, 0x00, 0x00, 0x3F, 0xF8, 0x00, 0x00, 0x00, 0x00, 0x00, 0x00 }, // U+66FC 曼
    { 0x00, 0x00, 0x00, 0x00, 0x04, 0x30, 0x04, 0x20, 0x7F, 0xFE, 0x41, 0x82, 0x49, 0x92, 0x4D, 0xA2, 0x7F, 0xFE, 0x00, 0x00, 0x1F, 0xF8, 0x10, 0x08, 0x1F, 0xF8, 0x10, 0x08, 0x00, 0x00, 0x00, 0x00 }, // U+66FE 曾
    { 0x00, 0x00, 0x00, 0x00, 0x08, 0x10, 0x7F, 0xFE, 0x08, 0x10, 0xFF, 0xFE, 0x08, 0x30, 0x1C, 0x68, 0x22, 0x84, 0x40, 0x02, 0x3F, 0xFC, 0x30, 0x0C, 0x3F, 0xFC, 0x30, 0x0C, 0x00, 0x00, 0x00, 0x00 }, // U+66FF 替
    { 0x00, 0x00, 0x00, 0x00, 0x1F, 0xF8, 0x10, 0x08, 0x1F, 0xF8, 0x10, 0x08, 0x1F, 0xF8, 0x00, 0x00, 0xFF, 0xFF, 0x23, 0x00, 0x3F, 0xFE, 0x23, 0x44, 0x3F, 0x2C, 0x00, 0x00, 0x00, 0x00, 0x00, 0x00 }, // U+6700 最
    { 0x00, 0x00, 0x00, 0x00, 0x1F, 0xF8, 0x10, 0x08, 0x10, 0x08, 0x10, 0x08, 0x1F, 0xF8, 0x10, 0x08, 0x10, 0x08, 0x10, 0x08, 0x1F, 0xF8, 0x10, 0x08, 0x30, 0x08, 0x00, 0x00, 0x00, 0x00, 0x00, 0x00 }, // U+6708 月
    { 0x00, 0x00, 0x00, 0x00, 0x02, 0x00, 0x02, 0x00, 0x7F, 0xFF, 0x0C, 0x00, 0x08, 0x00, 0x1F, 0xFC, 0x38, 0x0C, 0x7F, 0xFC, 0x18, 0x0C, 0x18, 0x04, 0x1F, 0xFC, 0x18, 0x0C, 0x00, 0x00, 0x00, 0x00 }, // U+6709 有
    { 0x00, 0x00, 0x00, 0x00, 0x3E, 0x7E, 0x22, 0x42, 0x22, 0x42, 0x22, 0x42, 0x3E, 0x7E, 0x22, 0x42, 0x22, 0x42, 0x22, 0x42, 0x3E, 0x7E, 0x22, 0x42, 0x62, 0xC2, 0x00, 0x00, 0x00, 0x00, 0x00, 0x00 }, // U+670B 朋
    { 0x00, 0x00, 0x00, 0x00, 0x7D, 0xFE, 0x45, 0x06, 0x45, 0x06, 0x45, 0x3C, 0x7D, 0x00, 0x45, 0x00, 0x45, 0xFE, 0x45, 0x46, 0x7D, 0x64, 0x45, 0x2C, 0x45, 0x38, 0x00, 0x00, 0x00, 0x00, 0x00, 0x00 }, // U+670D 服
    { 0x00, 0x00, 0x00, 0x00, 0x21, 0x7E, 0x22, 0x42, 0x32, 0x42, 0x7F, 0x42, 0x08, 0x7E, 0x49, 0x42, 0x49, 0x42, 0x49, 0x42, 0x7F, 0x7E, 0x19, 0x42, 0x10, 0x42, 0x30, 0x82, 0x00, 0x00, 0x00, 0x00 }, // U+6714 朔
    { 0x00, 0x00, 0x00, 0x00, 0x10, 0x00, 0x08, 0x7E, 0x7E, 0x42, 0x62, 0x42, 0x62, 0x42, 0x7E, 0x7E, 0x62, 0x46, 0x62, 0x42, 0x7E, 0x42, 0x62, 0x7E, 0x68, 0xC2, 0x66, 0x82, 0x00, 0x00, 0x00, 0x00 }, // U+6717 朗
    { 0x00, 0x00, 0x00, 0x00, 0x10, 0x00, 0x08, 0xFC, 0x7E, 0x84, 0x20, 0xFC, 0x20, 0x84, 0x3E, 0xFC, 0x31, 0x04, 0x02, 0x1C, 0x00, 0x00, 0x7F, 0xFE, 0x01, 0x80, 0x3F, 0xFC, 0x00, 0x00, 0x00, 0x00 }, // U+671B 望
    { 0x00, 0x00, 0x00, 0x00, 0x08, 0x00, 0x08, 0x7E, 0xFF, 0x42, 0x08, 0x42, 0x7F, 0x7E, 0x43, 0x42, 0x7F, 0x42, 0x43, 0x42, 0x7F, 0x7E, 0x4B, 0x42, 0x08, 0x42, 0xFF, 0xC2, 0x00, 0x00, 0x00, 0x00 }, // U+671D 朝
    { 0x00, 0x00, 0x00, 0x00, 0x22, 0x7E, 0xFF, 0xE2, 0x22, 0x62, 0x3E, 0x62, 0x22, 0x7E, 0x22, 0x62, 0x3E, 0x62, 0x22, 0x62, 0x22, 0x7E, 0xFF, 0xC2, 0x36, 0x42, 0x00, 0x00, 0x00, 0x00, 0x00, 0x00 }, // U+671F 期
    { 0x00, 0x00, 0x00, 0x00, 0x01, 0x80, 0x01, 0x80, 0x01, 0x80, 0x7F, 0xFE, 0x01, 0x80, 0x03, 0xC0, 0x03, 0xC0, 0x05, 0xA0, 0x09, 0x90, 0x19, 0x98, 0x31, 0x8C, 0x61, 0x86, 0x00, 0x00, 0x00, 0x00 }, // U+6728 木
    { 0x00, 0x00, 0x00, 0x00, 0x01, 0x80, 0x01, 0x80, 0x7F, 0xFE, 0x01, 0x80, 0x01, 0x80, 0x01, 0x80, 0xFF, 0xFF, 0x03, 0xC0, 0x03, 0xC0, 0x0D, 0xA0, 0x19, 0x98, 0x61, 0x8E, 0x00, 0x00, 0x00, 0x00 }, // U+672A 未
    { 0x00, 0x00, 0x01, 0x80, 0x01, 0x80, 0x01, 0x80, 0x7F, 0xFE, 0x01, 0x80, 0x01, 0x80, 0x01, 0x80, 0x3F, 0xFC, 0x03, 0xC0, 0x03, 0xC0, 0x05, 0xA0, 0x09, 0x90, 0x11, 0x88, 0x00, 0x00, 0x00, 0x00 }, // U+672B 末
    { 0x00, 0x00, 0x00, 0x00, 0x01, 0x80, 0x01, 0x80, 0x7F, 0xFE, 0x01, 0x80, 0x03, 0xC0, 0x07, 0xC0, 0x05, 0xA0, 0x09, 0x90, 0x11, 0x98, 0x31, 0x8C, 0x61, 0x86, 0x4F, 0xF2, 0x00, 0x00, 0x00, 0x00 }, // U+672C 本
    { 0x00, 0x00, 0x00, 0x00, 0x18, 0x40, 0x18, 0x40, 0x18, 0x40, 0xFF, 0x40, 0x18, 0x40, 0x18, 0x40, 0x3C, 0x40, 0x3E, 0x40, 0x7A, 0x40, 0xD8, 0x42, 0x18, 0x43, 0x18, 0x43, 0x00, 0x00, 0x00, 0x00 }, // U+672D 札
    { 0x00, 0x00, 0x00, 0x00, 0x01, 0x90, 0x01, 0x98, 0x01, 0x88, 0x01, 0x80, 0x7F, 0xFE, 0x03, 0xC0, 0x03, 0xC0, 0x05, 0xA0, 0x0D, 0xB0, 0x19, 0x90, 0x31, 0x8C, 0x61, 0x86, 0x00, 0x00, 0x00, 0x00 }, // U+672F 术
    { 0x00, 0x00, 0x00, 0x00, 0x01, 0x80, 0x11, 0x80, 0x1F, 0xFC, 0x21, 0x80, 0x21, 0x80, 0x41, 0x80, 0x01, 0x80, 0x7F, 0xFE, 0x03, 0xC0, 0x03, 0xC0, 0x0D, 0xB0, 0x19, 0x98, 0x00, 0x00, 0x00, 0x00 }, // U+6731 朱
    { 0x00, 0x00, 0x00, 0x00, 0x18, 0x60, 0x18, 0x60, 0x18, 0x60, 0xFF, 0x60, 0x18, 0x60, 0x18, 0x78, 0x3C, 0x6C, 0x3E, 0x66, 0x7B, 0x63, 0x58, 0x60, 0x98, 0x60, 0x18, 0x60, 0x00, 0x00, 0x00, 0x00 }, // U+6734 朴
    { 0x00, 0x00, 0x00, 0x00, 0x0F, 0xF0, 0x08, 0x10, 0x08, 0x10, 0x18, 0x10, 0x30, 0x1E, 0x61, 0x80, 0x01, 0x80, 0xFF, 0xFF, 0x03, 0xC0, 0x0D, 0xA0, 0x31, 0x9C, 0x41, 0x86, 0x00, 0x00, 0x00, 0x00 }, // U+6735 朵
    { 0x00, 0x00, 0x00, 0x00, 0x10, 0x00, 0x11, 0xF8, 0x11, 0x88, 0xFD, 0x08, 0x11, 0x08, 0x31, 0x08, 0x39, 0x08, 0x75, 0x08, 0x51, 0x08, 0xD1, 0x08, 0x11, 0x09, 0x13, 0x09, 0x00, 0x00, 0x00, 0x00 }, // U+673A 机
    { 0x00, 0x00, 0x00, 0x00, 0x13, 0xFF, 0x10, 0xC0, 0x10, 0x80, 0xFC, 0x80, 0x30, 0x80, 0x30, 0xFE, 0x38, 0x06, 0x74, 0x06, 0x50, 0x06, 0xD0, 0x06, 0x10, 0x06, 0x10, 0x06, 0x00, 0x00, 0x00, 0x00 }, // U+673D 朽
    { 0x00, 0x00, 0x00, 0x00, 0x10, 0x08, 0x0C, 0x30, 0x03, 0xE0, 0x03, 0xE0, 0x1C, 0x38, 0x30, 0x8C, 0x00, 0x80, 0x7F, 0xFE, 0x01, 0x80, 0x08, 0x90, 0x18, 0x98, 0x20, 0x86, 0x00, 0x00, 0x00, 0x00 }, // U+6740 杀
    { 0x00, 0x00, 0x00, 0x00, 0x04, 0x00, 0x04, 0x00, 0x7F, 0xF0, 0x04, 0x10, 0x0C, 0x13, 0x18, 0x12, 0x30, 0x1E, 0x41, 0x80, 0x01, 0x80, 0xFF, 0xFE, 0x01, 0x80, 0x09, 0x90, 0x00, 0x00, 0x00, 0x00 }, // U+6742 杂
    { 0x00, 0x00, 0x00, 0x00, 0x10, 0x00, 0x13, 0xFE, 0x11, 0x06, 0xFD, 0x04, 0x31, 0x04, 0x31, 0x84, 0x38, 0x8C, 0x74, 0x88, 0x50, 0xC8, 0xD0, 0x50, 0x10, 0x30, 0x10, 0x70, 0x00, 0x00, 0x00, 0x00 }, // U+6743 权
    { 0x00, 0x00, 0x00, 0x00, 0x10, 0x00, 0x11, 0xFE, 0x10, 0x30, 0xFC, 0x30, 0x10, 0x30, 0x30, 0x30, 0x38, 0x30, 0x7F, 0xFF, 0x54, 0x30, 0xD0, 0x30, 0x10, 0x30, 0x10, 0x30, 0x00, 0x00, 0x00, 0x00 }, // U+6746 杆
    { 0x00, 0x00, 0x00, 0x00, 0x10, 0x0C, 0x10, 0x18, 0x10, 0x30, 0xFE, 0xE0, 0x10, 0x84, 0x30, 0x0C, 0x3C, 0x18, 0x76, 0x70, 0x50, 0xC0, 0xD1, 0x06, 0x10, 0x0C, 0x10, 0x18, 0x00, 0x00, 0x00, 0x00 }, // U+6749 杉
    { 0x00, 0x00, 0x00, 0x00, 0x01, 0x80, 0x01, 0x80, 0x7F, 0xFE, 0x03, 0xC0, 0x0D, 0xB0, 0x31, 0x8C, 0x40, 0x02, 0x1F, 0xF8, 0x00, 0x30, 0x00, 0xE0, 0xFF, 0xFF, 0x00, 0x80, 0x00, 0x00, 0x00, 0x00 }, // U+674E 李
    { 0x00, 0x00, 0x00, 0x00, 0x01, 0x80, 0x01, 0x80, 0x7F, 0xFE, 0x03, 0xC0, 0x05, 0xA0, 0x19, 0x98, 0x31, 0x8C, 0x40, 0x02, 0x3F, 0xFC, 0x20, 0x0C, 0x20, 0x04, 0x20, 0x04, 0x00, 0x00, 0x00, 0x00 }, // U+674F 杏
    { 0x00, 0x00, 0x00, 0x00, 0x10, 0x0C, 0x10, 0x0C, 0x10, 0x0C, 0xFF, 0xFF, 0x10, 0x1C, 0x30, 0x1C, 0x3C, 0x3C, 0x36, 0x2C, 0x52, 0x4C, 0xD0, 0xCC, 0x11, 0x8C, 0x13, 0x0C, 0x00, 0x00, 0x00, 0x00 }, // U+6750 材
    { 0x00, 0x00, 0x00, 0x00, 0x10, 0x0C, 0x10, 0x0C, 0x10, 0x0C, 0xFF, 0xFF, 0x10, 0x0C, 0x30, 0x0C, 0x3C, 0x8C, 0x36, 0x8C, 0x52, 0x4C, 0xD0, 0x4C, 0x10, 0x0C, 0x10, 0x0C, 0x00, 0x00, 0x00, 0x00 }, // U+6751 村
    { 0x00, 0x00, 0x00, 0x00, 0x10, 0x08, 0x10, 0x08, 0x10, 0x08, 0xFD, 0xFF, 0x30, 0x08, 0x31, 0x08, 0x39, 0x88, 0x7C, 0x88, 0x54, 0x98, 0xD0, 0x50, 0x10, 0x70, 0x10, 0x70, 0x00, 0x00, 0x00, 0x00 }, // U+6756 杖
    { 0x00, 0x00, 0x00, 0x00, 0x10, 0x20, 0x10, 0x20, 0x10, 0x20, 0xFE, 0x20, 0x10, 0x20, 0x33, 0xFE, 0x38, 0x20, 0x7C, 0x20, 0x56, 0x20, 0xD0, 0x20, 0x10, 0x20, 0x10, 0x20, 0x00, 0x00, 0x00, 0x00 }, // U+675C 杜
    { 0x00, 0x00, 0x01, 0x80, 0x01, 0x80, 0xFF, 0xFF, 0x01, 0x80, 0x01, 0x80, 0x3F, 0xFC, 0x21, 0x84, 0x21, 0x84, 0x21, 0x84, 0x3F, 0xFC, 0x23, 0xC4, 0x05, 0xE0, 0x09, 0x90, 0x00, 0x00, 0x00, 0x00 }, // U+675F 束
    { 0x00, 0x00, 0x00, 0x00, 0x10, 0x00, 0x13, 0xFE, 0x10, 0x20, 0xFE, 0x20, 0x10, 0x20, 0x30, 0x20, 0x38, 0x20, 0x74, 0x20, 0xD0, 0x20, 0x10, 0x20, 0x10, 0x20, 0x00, 0x00, 0x00, 0x00, 0x00, 0x00 }, // U+6760 杠
    { 0x00, 0x00, 0x04, 0x00, 0x0C, 0x00, 0x1F, 0xF8, 0x1C, 0x18, 0x26, 0x30, 0x43, 0xC0, 0x03, 0xE0, 0x1C, 0x3C, 0xE0, 0x86, 0x3F, 0xFC, 0x01, 0x80, 0x08, 0x90, 0x18, 0x98, 0x00, 0x00, 0x00, 0x00 }, // U+6761 条
    { 0x00, 0x00, 0x00, 0x00, 0x01, 0x80, 0x01, 0x80, 0x7F, 0xFE, 0x01, 0x80, 0x19, 0x88, 0x09, 0x90, 0x01, 0x80, 0xFF, 0xFF, 0x03, 0x80, 0x03, 0xC0, 0x0D, 0xA0, 0x19, 0x98, 0x00, 0x00, 0x00, 0x00 }, // U+6765 来
    { 0x00, 0x00, 0x00, 0x00, 0x10, 0x00, 0x13, 0xFC, 0x10, 0x1C, 0xFC, 0x30, 0x30, 0xE0, 0x31, 0x80, 0x3B, 0xFE, 0x7C, 0x92, 0x55, 0x92, 0xD1, 0x22, 0x13, 0x22, 0x16, 0x62, 0x00, 0x00, 0x00, 0x00 }, // U+6768 杨
    { 0x00, 0x00, 0x10, 0x40, 0x10, 0x60, 0x10, 0x20, 0x13, 0xFE, 0xFC, 0x00, 0x30, 0x00, 0x31, 0xF8, 0x79, 0x08, 0x75, 0x08, 0xD1, 0x08, 0x11, 0x08, 0x11, 0x09, 0x11, 0x09, 0x00, 0x00, 0x00, 0x00 }, // U+676D 杭
    { 0x00, 0x00, 0x00, 0x00, 0x10, 0x00, 0x13, 0xFF, 0x10, 0x20, 0xFC, 0x60, 0x30, 0x40, 0x3C, 0xE0, 0x34, 0xA8, 0x51, 0xAC, 0x53, 0x24, 0x96, 0x22, 0x14, 0x22, 0x10, 0x20, 0x00, 0x00, 0x00, 0x00 }, // U+676F 杯
    { 0x00, 0x00, 0x00, 0x00, 0x01, 0x80, 0x01, 0x80, 0x7F, 0xFE, 0x03, 0xC0, 0x03, 0xC0, 0x05, 0xA0, 0x19, 0x98, 0x31, 0x8E, 0xC1, 0x86, 0x01, 0x80, 0x00, 0x00, 0x24, 0x44, 0x00, 0x00, 0x00, 0x00 }, // U+6770 杰
    { 0x00, 0x00, 0x00, 0x00, 0x10, 0x50, 0x10, 0x98, 0x10, 0x88, 0xFD, 0x8C, 0x11, 0x06, 0x3B, 0x22, 0x3E, 0x62, 0x54, 0x40, 0xD0, 0xC8, 0x10, 0x8C, 0x11, 0x84, 0x00, 0x00, 0x00, 0x00, 0x00, 0x00 }, // U+677E 松
    { 0x00, 0x00, 0x00, 0x00, 0x10, 0x02, 0x13, 0xFE, 0x13, 0x00, 0xFF, 0x00, 0x33, 0x00, 0x33, 0xFE, 0x3B, 0x46, 0x77, 0x44, 0x53, 0x44, 0xD2, 0x2C, 0x12, 0x28, 0x12, 0x18, 0x00, 0x00, 0x00, 0x00 }, // U+677F 板
    { 0x00, 0x00, 0x00, 0x00, 0x10, 0x00, 0x13, 0xFC, 0x11, 0x08, 0xFD, 0x18, 0x31, 0x10, 0x31, 0x9E, 0x39, 0x86, 0x79, 0x84, 0x75, 0x44, 0xD1, 0x68, 0x12, 0x38, 0x12, 0x30, 0x00, 0x00, 0x00, 0x00 }, // U+6781 极
    { 0x00, 0x00, 0x00, 0x00, 0x10, 0x80, 0x11, 0x80, 0x11, 0xFE, 0xFF, 0x02, 0x32, 0x42, 0x38, 0xC2, 0x38, 0x82, 0x75, 0x02, 0xD3, 0x22, 0x13, 0xF2, 0x10, 0x0A, 0x10, 0x02, 0x00, 0x00, 0x00, 0x00 }, // U+6784 构
    { 0x00, 0x00, 0x00, 0x00, 0x11, 0xFE, 0x10, 0x30, 0x10, 0x30, 0x7C, 0x30, 0x10, 0x30, 0x30, 0x30, 0x39, 0xFE, 0x74, 0x30, 0x54, 0x30, 0xD0, 0x30, 0x10, 0x30, 0x10, 0x30, 0x00, 0x00, 0x00, 0x00 }, // U+6789 枉
    { 0x00, 0x00, 0x00, 0x00, 0x10, 0x0E, 0x11, 0xF8, 0x11, 0x00, 0xFD, 0x00, 0x31, 0x00, 0x39, 0x00, 0x39, 0xFF, 0x75, 0x08, 0x55, 0x08, 0xD1, 0x08, 0x11, 0x08, 0x13, 0x08, 0x00, 0x00, 0x00, 0x00 }, // U+6790 析
    { 0x00, 0x00, 0x00, 0x00, 0x10, 0x20, 0x10, 0x20, 0x13, 0xFE, 0xFE, 0x22, 0x32, 0x22, 0x38, 0x60, 0x38, 0x70, 0x54, 0x70, 0x90, 0x50, 0x10, 0x90, 0x11, 0x91, 0x11, 0x11, 0x00, 0x00, 0x00, 0x00 }, // U+6795 枕
    { 0x00, 0x00, 0x00, 0x00, 0x10, 0x20, 0x10, 0x20, 0x10, 0x20, 0xFD, 0xFE, 0x10, 0x30, 0x30, 0x70, 0x38, 0x70, 0x34, 0xA8, 0x52, 0xA8, 0x51, 0x24, 0xD1, 0x26, 0x12, 0x22, 0x00, 0x00, 0x00, 0x00 }, // U+6797 林
    { 0x00, 0x00, 0x00, 0x00, 0x10, 0x80, 0x10, 0x80, 0x11, 0x00, 0xFD, 0xFF, 0x33, 0x08, 0x33, 0x08, 0x39, 0x08, 0x7C, 0x88, 0x54, 0x98, 0xD0, 0xD0, 0x10, 0x70, 0x10, 0x60, 0x00, 0x00, 0x00, 0x00 }, // U+679A 枚
    { 0x00, 0x00, 0x00, 0x00, 0x3F, 0xFC, 0x21, 0x84, 0x3F, 0xFC, 0x21, 0x84, 0x21, 0x84, 0x3F, 0xFC, 0x21, 0x84, 0x01, 0x80, 0x7F, 0xFF, 0x03, 0xC0, 0x0D, 0xB0, 0x00, 0x00, 0x00, 0x00, 0x00, 0x00 }, // U+679C 果
    { 0x00, 0x00, 0x00, 0x00, 0x10, 0x20, 0x10, 0x20, 0x13, 0xFF, 0xFC, 0x20, 0x30, 0x20, 0x30, 0x20, 0x3B, 0xFE, 0x7D, 0x04, 0x54, 0x84, 0x90, 0x88, 0x10, 0x58, 0x10, 0x70, 0x00, 0x00, 0x00, 0x00 }, // U+679D 枝
    { 0x00, 0x00, 0x00, 0x00, 0x10, 0x00, 0x13, 0xFF, 0x12, 0x00, 0xFE, 0x84, 0x32, 0x44, 0x32, 0x68, 0x3A, 0x38, 0x76, 0x10, 0x72, 0x38, 0xD2, 0x6C, 0x12, 0xC4, 0x12, 0x84, 0x00, 0x00, 0x00, 0x00 }, // U+67A2 枢
    { 0x00, 0x00, 0x00, 0x00, 0x01, 0x80, 0x01, 0x80, 0x7F, 0xFE, 0x01, 0x80, 0x3F, 0xFC, 0x21, 0x84, 0x23, 0xC0, 0x0D, 0xB0, 0x31, 0x8C, 0x47, 0x82, 0x00, 0xE0, 0x1C, 0x00, 0x00, 0x00, 0x00, 0x00 }, // U+67A3 枣
    { 0x00, 0x00, 0x00, 0x00, 0x10, 0x60, 0x10, 0x70, 0x10, 0x90, 0xFD, 0x88, 0x33, 0x06, 0x34, 0x02, 0x39, 0xFC, 0x7D, 0x0C, 0x55, 0x0C, 0xD1, 0x0C, 0x11, 0x78, 0x11, 0x02, 0x00, 0x00, 0x00, 0x00 }, // U+67AA 枪
    { 0x00, 0x00, 0x00, 0x00, 0x13, 0xFC, 0x12, 0x04, 0x12, 0x14, 0xFE, 0x94, 0x32, 0xB4, 0x3A, 0x64, 0x3A, 0x64, 0x76, 0x64, 0xD2, 0xE4, 0x12, 0x94, 0x13, 0x94, 0x15, 0x15, 0x00, 0x00, 0x00, 0x00 }, // U+67AB 枫
    { 0x00, 0x00, 0x00, 0x00, 0x10, 0x20, 0x10, 0x20, 0x10, 0x20, 0xFF, 0xFF, 0x30, 0x30, 0x30, 0x20, 0x38, 0x20, 0x74, 0x20, 0x51, 0xFE, 0xD1, 0x02, 0x11, 0x02, 0x11, 0x02, 0x00, 0x00, 0x00, 0x00 }, // U+67AF 枯
    { 0x00, 0x00, 0x00, 0x00, 0x10, 0x00, 0x7F, 0x7E, 0x13, 0x46, 0x13, 0x46, 0x32, 0x46, 0x22, 0x7E, 0x4E, 0x46, 0x41, 0x80, 0x01, 0x80, 0xFF, 0xFF, 0x03, 0xC0, 0x0D, 0xA0, 0x00, 0x00, 0x00, 0x00 }, // U+67B6 架
    { 0x00, 0x00, 0x00, 0x00, 0x22, 0x00, 0x22, 0x00, 0x22, 0x1E, 0xFF, 0xD2, 0x22, 0x52, 0x22, 0x52, 0x3A, 0x52, 0x6A, 0x52, 0x62, 0x52, 0xA2, 0x52, 0x22, 0x52, 0x26, 0x52, 0x00, 0x00, 0x00, 0x00 }, // U+67B7 枷
    { 0x00, 0x00, 0x00, 0x00, 0x10, 0x00, 0x13, 0xFF, 0x10, 0x20, 0xFC, 0x20, 0x33, 0xFE, 0x32, 0x22, 0x3A, 0x22, 0x7A, 0x32, 0x56, 0x5A, 0x92, 0x4A, 0x13, 0x86, 0x13, 0x02, 0x00, 0x00, 0x00, 0x00 }, // U+67C4 柄
    { 0x00, 0x00, 0x00, 0x00, 0x10, 0x20, 0x10, 0x20, 0x11, 0xFE, 0xFD, 0x02, 0x31, 0x02, 0x31, 0x02, 0x39, 0x02, 0x75, 0xFE, 0x51, 0x02, 0xD1, 0x02, 0x11, 0x02, 0x11, 0x02, 0x00, 0x00, 0x00, 0x00 }, // U+67CF 柏
    { 0x00, 0x00, 0x00, 0x00, 0x18, 0x18, 0x18, 0x18, 0xFF, 0xFF, 0x18, 0x18, 0x1F, 0xF8, 0x18, 0x18, 0x1F, 0xF8, 0x19, 0x98, 0x01, 0x80, 0xFF, 0xFF, 0x03, 0xC0, 0x0D, 0xA0, 0x00, 0x00, 0x00, 0x00 }, // U+67D0 某
    { 0x00, 0x00, 0x00, 0x00, 0x11, 0x04, 0x11, 0x04, 0x11, 0x04, 0xFF, 0xFF, 0x31, 0x04, 0x31, 0x04, 0x39, 0x04, 0x75, 0xFC, 0x51, 0x04, 0x91, 0x04, 0x11, 0x04, 0x11, 0x04, 0x00, 0x00, 0x00, 0x00 }, // U+67D1 柑
    { 0x00, 0x00, 0x00, 0x00, 0x30, 0x40, 0x08, 0x40, 0x40, 0xFE, 0x63, 0xF0, 0x10, 0x42, 0x0C, 0x42, 0x38, 0x7E, 0x61, 0x80, 0x01, 0x80, 0xFF, 0xFF, 0x07, 0xC0, 0x0D, 0xA0, 0x00, 0x00, 0x00, 0x00 }, // U+67D2 柒
    { 0x00, 0x00, 0x00, 0x00, 0x30, 0x80, 0x18, 0x80, 0x43, 0xF8, 0x21, 0x88, 0x01, 0x09, 0x0B, 0x0B, 0x3D, 0x8E, 0x41, 0x80, 0x01, 0x80, 0x7F, 0xFF, 0x07, 0xC0, 0x0D, 0xB0, 0x00, 0x00, 0x00, 0x00 }, // U+67D3 染
    { 0x00, 0x00, 0x00, 0x00, 0x3F, 0xFC, 0x04, 0x18, 0x03, 0x60, 0x00, 0xC0, 0x7F, 0xFE, 0x06, 0x46, 0x18, 0xC4, 0x63, 0x80, 0x01, 0x80, 0x7F, 0xFF, 0x03, 0xC0, 0x00, 0x00, 0x00, 0x00, 0x00, 0x00 }, // U+67D4 柔
    { 0x00, 0x00, 0x00, 0x00, 0x10, 0x00, 0x11, 0xFF, 0x11, 0x00, 0xFD, 0x00, 0x31, 0x00, 0x31, 0xFE, 0x39, 0x06, 0x75, 0x06, 0x51, 0x06, 0xD1, 0xFE, 0x11, 0x06, 0x11, 0x00, 0x00, 0x00, 0x00, 0x00 }, // U+67DC 柜
    { 0x00, 0x00, 0x00, 0x00, 0x10, 0x80, 0x10, 0x80, 0x11, 0x80, 0x7F, 0xFF, 0x13, 0x40, 0x3A, 0x40, 0x3C, 0x7E, 0x54, 0x40, 0xD0, 0x40, 0x10, 0x7F, 0x10, 0x40, 0x10, 0x40, 0x00, 0x00, 0x00, 0x00 }, // U+67DE 柞
    { 0x00, 0x00, 0x00, 0x00, 0x10, 0x20, 0x10, 0x20, 0x10, 0x20, 0xFF, 0xFE, 0x32, 0x02, 0x32, 0x02, 0x30, 0x00, 0x7B, 0xFF, 0x74, 0x30, 0xD0, 0x20, 0x10, 0x20, 0x10, 0x20, 0x00, 0x00, 0x00, 0x00 }, // U+67E0 柠
    { 0x00, 0x00, 0x01, 0x80, 0x01, 0x80, 0x7F, 0xFE, 0x03, 0xC0, 0x0D, 0xB0, 0x31, 0x8C, 0x7F, 0xFE, 0x10, 0x08, 0x1F, 0xF8, 0x10, 0x08, 0x10, 0x08, 0x1F, 0xF8, 0x10, 0x08, 0x00, 0x00, 0x00, 0x00 }, // U+67E5 查
    { 0x00, 0x00, 0x00, 0x00, 0x01, 0x80, 0x7F, 0xFE, 0x01, 0x80, 0x01, 0x80, 0x3F, 0xFC, 0x29, 0x94, 0x2D, 0xA4, 0x25, 0xA4, 0x3F, 0xFC, 0x23, 0xC4, 0x05, 0xA0, 0x19, 0x98, 0x00, 0x00, 0x00, 0x00 }, // U+67EC 柬
    { 0x00, 0x00, 0x00, 0x00, 0x13, 0xFF, 0x10, 0x06, 0x10, 0x06, 0xFD, 0xF6, 0x31, 0x36, 0x39, 0x16, 0x3D, 0x16, 0x75, 0x16, 0xD1, 0x16, 0x11, 0xF6, 0x11, 0x06, 0x10, 0x06, 0x00, 0x00, 0x00, 0x00 }, // U+67EF 柯
    { 0x00, 0x00, 0x30, 0x40, 0x30, 0x20, 0x30, 0x20, 0xFF, 0xFE, 0x30, 0x20, 0x30, 0x20, 0x30, 0x20, 0x78, 0x20, 0x7B, 0xFE, 0x74, 0x20, 0xB0, 0x20, 0x30, 0x20, 0x30, 0x20, 0x00, 0x00, 0x00, 0x00 }, // U+67F1 柱
    { 0x00, 0x00, 0x00, 0x00, 0x30, 0xC0, 0x33, 0x9E, 0x32, 0x12, 0x7A, 0x52, 0x32, 0x52, 0x3A, 0x52, 0x7A, 0x52, 0x76, 0xD2, 0xB3, 0xD2, 0x32, 0x92, 0x30, 0x9E, 0x31, 0x90, 0x00, 0x00, 0x00, 0x00 }, // U+67F3 柳
    { 0x00, 0x00, 0x00, 0x00, 0x0C, 0xC0, 0x0C, 0xC4, 0x2F, 0xD8, 0x2C, 0xE2, 0x2C, 0xC2, 0x2C, 0xC2, 0x7F, 0x7E, 0x70, 0x00, 0x01, 0x80, 0xFF, 0xFF, 0x03, 0xC0, 0x0D, 0xB0, 0x00, 0x00, 0x00, 0x00 }, // U+67F4 柴
    { 0x00, 0x00, 0x00, 0x00, 0x30, 0x20, 0x30, 0x20, 0x30, 0x20, 0xFF, 0xFF, 0x30, 0x20, 0x30, 0x20, 0x3B, 0xFE, 0x7A, 0x22, 0x76, 0x22, 0xB2, 0x22, 0x32, 0x22, 0x32, 0x22, 0x00, 0x00, 0x00, 0x00 }, // U+67FF 柿
    { 0x00, 0x00, 0x00, 0x00, 0x20, 0x00, 0x23, 0x9E, 0x22, 0x96, 0xFA, 0x96, 0x22, 0x96, 0x22, 0x96, 0x32, 0x96, 0x7F, 0xFF, 0x6A, 0x96, 0xA2, 0x96, 0x22, 0xB6, 0x24, 0xA6, 0x00, 0x00, 0x00, 0x00 }, // U+6805 栅
    { 0x00, 0x00, 0x00, 0x00, 0x10, 0x00, 0x11, 0xFE, 0x10, 0x00, 0xFC, 0x00, 0x33, 0xFF, 0x30, 0x20, 0x38, 0x20, 0x54, 0x24, 0xD1, 0x24, 0x11, 0x26, 0x12, 0x22, 0x16, 0x23, 0x00, 0x00, 0x00, 0x00 }, // U+6807 标
    { 0x00, 0x00, 0x00, 0x00, 0x10, 0x50, 0x10, 0x4C, 0x10, 0x40, 0xFC, 0xFE, 0x33, 0xE0, 0x30, 0x40, 0x38, 0x7E, 0x77, 0xF0, 0xD0, 0x44, 0x10, 0x6C, 0x10, 0x39, 0x10, 0x73, 0x00, 0x00, 0x00, 0x00 }, // U+6808 栈
    { 0x00, 0x00, 0x00, 0x00, 0x10, 0x40, 0x30, 0xC0, 0x33, 0xFF, 0xFC, 0x80, 0x31, 0xA0, 0x31, 0x20, 0x3B, 0x20, 0x7F, 0xFE, 0x70, 0x20, 0xB0, 0x20, 0x31, 0x24, 0x33, 0x26, 0x00, 0x00, 0x00, 0x00 }, // U+680B 栋
    { 0x00, 0x00, 0x00, 0x00, 0x11, 0x04, 0x10, 0x8C, 0x10, 0xD8, 0xFF, 0xFF, 0x10, 0x00, 0x30, 0x00, 0x38, 0x00, 0x74, 0x00, 0x55, 0xFE, 0xD0, 0x00, 0x10, 0x00, 0x10, 0x00, 0x00, 0x00, 0x00, 0x00 }, // U+680F 栏
    { 0x00, 0x00, 0x00, 0x00, 0x30, 0x04, 0x30, 0x04, 0x37, 0xC4, 0x30, 0x44, 0xF8, 0x7F, 0x30, 0x44, 0x32, 0x84, 0x7B, 0xA4, 0x79, 0xB4, 0xF1, 0x94, 0x31, 0x84, 0x32, 0xC4, 0x00, 0x00, 0x00, 0x00 }, // U+6811 树
    { 0x00, 0x00, 0x00, 0x00, 0x10, 0x20, 0x10, 0x70, 0x10, 0xD8, 0xFD, 0x88, 0x33, 0x06, 0x37, 0xFE, 0x38, 0x20, 0x74, 0x20, 0x50, 0x20, 0xD3, 0xFE, 0x10, 0x20, 0x10, 0x20, 0x00, 0x00, 0x00, 0x00 }, // U+6813 栓
    { 0x00, 0x00, 0x00, 0x00, 0x33, 0xFF, 0x30, 0x50, 0x30, 0x50, 0xFF, 0xFE, 0x32, 0x52, 0x3A, 0x52, 0x7A, 0xD2, 0x72, 0x9A, 0xF3, 0x8E, 0x33, 0x02, 0x32, 0x02, 0x32, 0x02, 0x00, 0x00, 0x00, 0x00 }, // U+6816 栖
    { 0x00, 0x00, 0x00, 0x00, 0x7F, 0xFE, 0x06, 0x60, 0x06, 0x60, 0x3F, 0xFC, 0x26, 0x64, 0x26, 0x64, 0x3F, 0xFC, 0x21, 0x84, 0x01, 0x80, 0xFF, 0xFF, 0x07, 0xC0, 0x19, 0x98, 0x00, 0x00, 0x00, 0x00 }, // U+6817 栗
    { 0x00, 0x00, 0x00, 0x20, 0x10, 0x20, 0x10, 0x20, 0x13, 0xFE, 0xFC, 0x00, 0x30, 0x88, 0x39, 0x8C, 0x3B, 0x06, 0x76, 0x8A, 0x50, 0x88, 0xD0, 0xD8, 0x10, 0x70, 0x10, 0x70, 0x00, 0x00, 0x00, 0x00 }, // U+6821 校
    { 0x00, 0x00, 0x00, 0x00, 0x30, 0x20, 0x31, 0x20, 0x31, 0x20, 0xFF, 0xFE, 0x32, 0x20, 0x32, 0x20, 0x38, 0x20, 0x77, 0xFE, 0x70, 0x70, 0xF0, 0xB0, 0x31, 0xA8, 0x33, 0x24, 0x00, 0x00, 0x00, 0x00 }, // U+682A 株
    { 0x00, 0x00, 0x00, 0x00, 0x11, 0x04, 0x10, 0x8C, 0x10, 0x98, 0xFF, 0xFE, 0x30, 0x20, 0x30, 0x20, 0x39, 0xFE, 0x74, 0x20, 0x54, 0x20, 0xD0, 0x20, 0x17, 0xFF, 0x10, 0x20, 0x00, 0x00, 0x00, 0x00 }, // U+6837 样
    { 0x00, 0x00, 0x00, 0x00, 0x10, 0x20, 0x10, 0x30, 0x13, 0xFF, 0xFC, 0xC0, 0x30, 0x84, 0x31, 0x08, 0x39, 0xF8, 0x7F, 0x32, 0x54, 0x66, 0x90, 0xCC, 0x13, 0x18, 0x12, 0x38, 0x00, 0x00, 0x00, 0x00 }, // U+6838 核
    { 0x00, 0x00, 0x00, 0x00, 0x10, 0x00, 0x11, 0xFC, 0x11, 0x04, 0xFD, 0x04, 0x31, 0xFC, 0x31, 0x04, 0x39, 0x04, 0x7D, 0xFC, 0x55, 0x60, 0xD1, 0x26, 0x11, 0x3C, 0x11, 0x18, 0x00, 0x00, 0x00, 0x00 }, // U+6839 根
    { 0x00, 0x00, 0x10, 0xC0, 0x10, 0x80, 0x11, 0xFE, 0xFD, 0x84, 0x32, 0xCC, 0x32, 0x78, 0x38, 0x78, 0x37, 0xCE, 0x72, 0x02, 0x50, 0x00, 0xD1, 0xFE, 0x11, 0x06, 0x11, 0x06, 0x00, 0x00, 0x00, 0x00 }, // U+683C 格
    { 0x00, 0x00, 0x00, 0x00, 0x08, 0x20, 0x08, 0x28, 0x7F, 0x24, 0x08, 0x22, 0x08, 0x20, 0xFF, 0xFF, 0x00, 0x20, 0x08, 0x24, 0x7F, 0xA4, 0x18, 0x38, 0x1E, 0x18, 0x2B, 0x31, 0x00, 0x00, 0x00, 0x00 }, // U+683D 栽
    { 0x00, 0x00, 0x00, 0x00, 0x10, 0x20, 0x10, 0x20, 0x13, 0xFE, 0xFC, 0x20, 0x30, 0x20, 0x30, 0x20, 0x3B, 0xFF, 0x7C, 0x00, 0x54, 0x20, 0x93, 0xFE, 0x10, 0x20, 0x10, 0x20, 0x00, 0x00, 0x00, 0x00 }, // U+6842 桂
    { 0x00, 0x00, 0x00, 0x00, 0x20, 0x90, 0x20, 0x90, 0x24, 0x92, 0xFA, 0x94, 0x32, 0x94, 0x22, 0x98, 0x38, 0x90, 0x64, 0x98, 0x61, 0x9C, 0xA7, 0x96, 0x24, 0x92, 0x21, 0x10, 0x00, 0x00, 0x00, 0x00 }, // U+6843 桃
    { 0x00, 0x00, 0x00, 0x00, 0x10, 0xC0, 0x10, 0x80, 0x11, 0xFC, 0xFD, 0x0C, 0x33, 0x08, 0x33, 0xFF, 0x3B, 0x00, 0x77, 0x7C, 0x53, 0x44, 0x92, 0x44, 0x12, 0x5C, 0x12, 0x40, 0x00, 0x00, 0x00, 0x00 }, // U+6845 桅
    { 0x00, 0x00, 0x00, 0x00, 0x10, 0x00, 0x13, 0xFE, 0x12, 0x00, 0xFE, 0x00, 0x32, 0xFE, 0x32, 0x10, 0x3A, 0x10, 0x76, 0x7E, 0x52, 0x10, 0xD2, 0x10, 0x12, 0xFE, 0x12, 0x00, 0x00, 0x00, 0x00, 0x00 }, // U+6846 框
    { 0x00, 0x00, 0x01, 0x00, 0x01, 0x80, 0x7F, 0xFE, 0x40, 0x02, 0x02, 0x00, 0x7F, 0xFE, 0x08, 0x30, 0x0E, 0x60, 0x03, 0xF0, 0x7C, 0x1C, 0x01, 0x80, 0x7F, 0xFF, 0x03, 0xC0, 0x00, 0x00, 0x00, 0x00 }, // U+6848 案
    { 0x00, 0x00, 0x00, 0x00, 0x01, 0x00, 0x01, 0xFE, 0x01, 0x00, 0x3F, 0xFC, 0x20, 0x04, 0x3F, 0xFC, 0x20, 0x04, 0x3F, 0xFC, 0x01, 0x80, 0x01, 0x80, 0xFF, 0xFF, 0x07, 0xE0, 0x00, 0x00, 0x00, 0x00 }, // U+684C 桌
    { 0x00, 0x00, 0x00, 0x00, 0x13, 0xFE, 0x12, 0x02, 0x12, 0x02, 0xFE, 0xFA, 0x32, 0x02, 0x32, 0x02, 0x7A, 0xFA, 0x76, 0xCA, 0xD2, 0xCA, 0x12, 0xCA, 0x12, 0xFA, 0x12, 0xC2, 0x00, 0x00, 0x00, 0x00 }, // U+6850 桐
    { 0x00, 0x00, 0x00, 0x00, 0x1F, 0xF8, 0x18, 0x30, 0x03, 0xE0, 0x3C, 0x1C, 0x00, 0x00, 0x7F, 0x7E, 0x16, 0x44, 0x1C, 0x38, 0x42, 0x66, 0x01, 0x80, 0x7F, 0xFE, 0x00, 0x00, 0x00, 0x00, 0x00, 0x00 }, // U+6851 桑
    { 0x00, 0x00, 0x00, 0x00, 0x17, 0xFE, 0x10, 0x00, 0x10, 0x00, 0xFF, 0xFC, 0x33, 0x04, 0x33, 0x04, 0x3B, 0xFC, 0x77, 0x04, 0xD3, 0x04, 0x13, 0x04, 0x13, 0xFC, 0x13, 0x04, 0x00, 0x00, 0x00, 0x00 }, // U+6853 桓
    { 0x00, 0x00, 0x00, 0x00, 0x10, 0x20, 0x10, 0x20, 0x13, 0xFF, 0xFC, 0x20, 0x30, 0x20, 0x30, 0x20, 0x39, 0xFE, 0x7C, 0x00, 0x54, 0x00, 0x91, 0xFE, 0x11, 0x06, 0x11, 0x02, 0x00, 0x00, 0x00, 0x00 }, // U+6854 桔
    { 0x00, 0x00, 0x00, 0x00, 0x10, 0x20, 0x12, 0x22, 0x13, 0x26, 0xFD, 0x24, 0x30, 0x20, 0x33, 0xFE, 0x38, 0x02, 0x7C, 0x02, 0x54, 0x02, 0x93, 0xFE, 0x10, 0x02, 0x10, 0x02, 0x00, 0x00, 0x00, 0x00 }, // U+6863 档
    { 0x00, 0x00, 0x00, 0x00, 0x10, 0x00, 0x13, 0xFC, 0x10, 0x20, 0xFC, 0x60, 0x33, 0xFE, 0x38, 0xD0, 0x3C, 0x98, 0x75, 0x08, 0x52, 0x06, 0xD4, 0x8A, 0x10, 0x88, 0x11, 0x88, 0x00, 0x00, 0x00, 0x00 }, // U+6865 桥
    { 0x00, 0x00, 0x04, 0x40, 0x04, 0x40, 0x64, 0xFE, 0x25, 0x86, 0x17, 0x44, 0x1C, 0x68, 0x7C, 0x30, 0x44, 0xE0, 0x05, 0x80, 0x01, 0x80, 0xFF, 0xFF, 0x07, 0xC0, 0x0D, 0xB0, 0x00, 0x00, 0x00, 0x00 }, // U+6868 桨
    { 0x00, 0x00, 0x00, 0x00, 0x10, 0x20, 0x10, 0x10, 0x11, 0xFF, 0xFD, 0x10, 0x31, 0x10, 0x31, 0x10, 0x39, 0x10, 0x75, 0xFE, 0x53, 0x10, 0x93, 0x10, 0x12, 0x10, 0x12, 0x10, 0x00, 0x00, 0x00, 0x00 }, // U+6869 桩
    { 0x00, 0x00, 0x00, 0x00, 0x10, 0x00, 0x13, 0xFE, 0x10, 0x04, 0xFC, 0x88, 0x30, 0x70, 0x33, 0xFE, 0x3A, 0x22, 0x7E, 0x22, 0x57, 0xFE, 0xD2, 0x22, 0x13, 0xFE, 0x12, 0x22, 0x00, 0x00, 0x00, 0x00 }, // U+6876 桶
    { 0x00, 0x00, 0x00, 0x00, 0x30, 0x00, 0x0B, 0xFC, 0x40, 0x48, 0x62, 0x4E, 0x22, 0x8A, 0x08, 0x88, 0x19, 0x88, 0x33, 0x78, 0x24, 0x00, 0xFF, 0xFF, 0x07, 0xC0, 0x0D, 0xB0, 0x00, 0x00, 0x00, 0x00 }, // U+6881 梁
    { 0x00, 0x00, 0x10, 0x80, 0x11, 0x80, 0x13, 0xFE, 0xFF, 0x00, 0x32, 0x00, 0x31, 0xFC, 0x39, 0x24, 0x39, 0x24, 0x77, 0xFF, 0x53, 0x44, 0x92, 0x24, 0x12, 0x24, 0x13, 0xFF, 0x00, 0x00, 0x00, 0x00 }, // U+6885 梅
    { 0x00, 0x00, 0x00, 0x00, 0x21, 0x00, 0x21, 0x1E, 0x27, 0xD2, 0xF9, 0x12, 0x21, 0x14, 0x3F, 0xD4, 0x69, 0x16, 0x61, 0x12, 0xA7, 0xF3, 0x21, 0x12, 0x23, 0x1E, 0x22, 0x10, 0x00, 0x00, 0x00, 0x00 }, // U+6886 梆
    { 0x00, 0x00, 0x00, 0x00, 0x13, 0xFF, 0x10, 0x20, 0x13, 0xFE, 0xFE, 0x22, 0x32, 0x22, 0x3B, 0xFE, 0x3E, 0x22, 0x56, 0x22, 0xD3, 0xFE, 0x10, 0x22, 0x11, 0x60, 0x11, 0xC0, 0x00, 0x00, 0x00, 0x00 }, // U+6897 梗
    { 0x00, 0x00, 0x00, 0x00, 0x12, 0x22, 0x11, 0x26, 0x11, 0x24, 0xFC, 0x20, 0x33, 0xFE, 0x3A, 0x02, 0x3A, 0x02, 0x77, 0xFE, 0x52, 0x02, 0xD2, 0x02, 0x13, 0xFE, 0x12, 0x02, 0x00, 0x00, 0x00, 0x00 }, // U+68A2 梢
    { 0x00, 0x00, 0x00, 0x00, 0x08, 0x10, 0x08, 0x10, 0x7E, 0xFE, 0x18, 0x30, 0x3E, 0x7C, 0x68, 0x96, 0x49, 0x10, 0x04, 0x00, 0x0F, 0xF8, 0x18, 0x18, 0x64, 0x30, 0x43, 0x60, 0x00, 0x00, 0x00, 0x00 }, // U+68A6 梦
    { 0x00, 0x00, 0x00, 0x00, 0x13, 0xFE, 0x10, 0x40, 0x10, 0x40, 0xFF, 0xFC, 0x30, 0x84, 0x38, 0x84, 0x3F, 0xFF, 0x54, 0x00, 0xD0, 0x00, 0x11, 0xFE, 0x11, 0x06, 0x11, 0x06, 0x00, 0x00, 0x00, 0x00 }, // U+68A7 梧
    { 0x00, 0x00, 0x00, 0x00, 0x07, 0x06, 0x7E, 0x26, 0x08, 0x26, 0x7F, 0xA6, 0x0C, 0x26, 0x1F, 0x26, 0x69, 0x04, 0x48, 0x1C, 0x09, 0x80, 0xFF, 0xFF, 0x07, 0xC0, 0x0D, 0xA0, 0x00, 0x00, 0x00, 0x00 }, // U+68A8 梨
    { 0x00, 0x00, 0x00, 0x00, 0x10, 0x60, 0x10, 0x40, 0x10, 0xC8, 0xF9, 0x86, 0x31, 0xFE, 0x38, 0x88, 0x7B, 0x06, 0x72, 0x42, 0xD0, 0xFC, 0x11, 0x84, 0x12, 0xC8, 0x10, 0x70, 0x00, 0x00, 0x00, 0x00 }, // U+68AD 梭
    { 0x00, 0x00, 0x00, 0x00, 0x11, 0x08, 0x10, 0x98, 0x13, 0xFE, 0xF8, 0x22, 0x30, 0x22, 0x3B, 0xFE, 0x3A, 0x20, 0x72, 0x20, 0x73, 0xFE, 0xD0, 0x62, 0x10, 0xE2, 0x11, 0x22, 0x00, 0x00, 0x00, 0x00 }, // U+68AF 梯
    { 0x00, 0x00, 0x00, 0x00, 0x30, 0x14, 0x30, 0x12, 0x30, 0x10, 0xFB, 0xFE, 0x30, 0x10, 0x32, 0x92, 0x3A, 0x92, 0x72, 0x96, 0x77, 0xF4, 0xB2, 0x9C, 0x32, 0x98, 0x32, 0x99, 0x00, 0x00, 0x00, 0x00 }, // U+68B0 械
    { 0x00, 0x00, 0x00, 0x00, 0x30, 0x40, 0x30, 0x20, 0x33, 0xFE, 0xF8, 0xC0, 0x30, 0x88, 0x33, 0x0C, 0x7B, 0xFE, 0x70, 0x02, 0xF1, 0x48, 0x31, 0x48, 0x33, 0x49, 0x32, 0x49, 0x00, 0x00, 0x00, 0x00 }, // U+68B3 梳
    { 0x00, 0x00, 0x00, 0x00, 0x10, 0x20, 0x10, 0x70, 0x10, 0xD8, 0xFD, 0x8C, 0x33, 0x06, 0x32, 0x02, 0x39, 0xFC, 0x7C, 0x00, 0x52, 0x44, 0x91, 0x64, 0x11, 0x2C, 0x11, 0x28, 0x00, 0x00, 0x00, 0x00 }, // U+68C0 检
    { 0x00, 0x00, 0x00, 0x00, 0x10, 0x20, 0x10, 0x20, 0x11, 0xFE, 0xFD, 0x06, 0x31, 0xFE, 0x31, 0x06, 0x39, 0xFE, 0x75, 0x26, 0x50, 0x20, 0xD3, 0xFE, 0x12, 0x22, 0x12, 0x22, 0x00, 0x00, 0x00, 0x00 }, // U+68C9 棉
    { 0x00, 0x00, 0x00, 0x00, 0x11, 0x04, 0x11, 0x04, 0x17, 0xFE, 0xF9, 0x04, 0x31, 0x04, 0x31, 0xFC, 0x39, 0x04, 0x79, 0x04, 0x55, 0xFC, 0x91, 0x04, 0x11, 0x04, 0x17, 0xFF, 0x00, 0x00, 0x00, 0x00 }, // U+68CB 棋
    { 0x00, 0x00, 0x00, 0x00, 0x13, 0xFE, 0x12, 0x06, 0x12, 0x06, 0xFF, 0xFE, 0x32, 0x06, 0x32, 0x06, 0x3B, 0xFE, 0x78, 0x00, 0x52, 0x12, 0x93, 0xD6, 0x12, 0x1C, 0x12, 0x10, 0x00, 0x00, 0x00, 0x00 }, // U+68CD 棍
    { 0x00, 0x00, 0x00, 0x00, 0x30, 0x40, 0x30, 0x40, 0x33, 0xFE, 0xF8, 0x40, 0x33, 0xFE, 0x30, 0xC0, 0x3F, 0xFF, 0x79, 0x08, 0x73, 0x24, 0xB7, 0xFE, 0x34, 0x21, 0x30, 0x20, 0x00, 0x00, 0x00, 0x00 }, // U+68D2 棒
    { 0x00, 0x00, 0x00, 0x00, 0x30, 0x20, 0x30, 0x20, 0x33, 0xFE, 0xFE, 0x02, 0x30, 0x00, 0x39, 0xFC, 0x38, 0x00, 0x74, 0x00, 0x77, 0xFE, 0xB0, 0x20, 0x31, 0x28, 0x33, 0x24, 0x00, 0x00, 0x00, 0x00 }, // U+68D5 棕
    { 0x00, 0x00, 0x00, 0x00, 0x08, 0x10, 0x08, 0x10, 0xFE, 0xFE, 0x08, 0x10, 0x7E, 0xFE, 0x4A, 0x92, 0x4A, 0x92, 0x4A, 0x92, 0x5E, 0x9E, 0x18, 0x38, 0x3C, 0x74, 0x6E, 0xD4, 0x00, 0x00, 0x00, 0x00 }, // U+68D8 棘
    { 0x00, 0x00, 0x20, 0x00, 0x23, 0xDE, 0x22, 0xD2, 0x22, 0xD2, 0xFE, 0xD2, 0x23, 0xDE, 0x32, 0xD2, 0x3A, 0xD2, 0x6E, 0xD2, 0x63, 0xDE, 0xA2, 0xD2, 0x26, 0xD2, 0x24, 0xD2, 0x00, 0x00, 0x00, 0x00 }, // U+68DA 棚
    { 0x00, 0x00, 0x00, 0x00, 0x11, 0x8C, 0x09, 0x90, 0x7F, 0xFE, 0x40, 0x02, 0x40, 0x02, 0x5F, 0xFA, 0x10, 0x08, 0x10, 0x08, 0x1F, 0xF8, 0x01, 0x80, 0xFF, 0xFF, 0x07, 0xE0, 0x00, 0x00, 0x00, 0x00 }, // U+68E0 棠
    { 0x00, 0x00, 0x00, 0x00, 0x01, 0x80, 0x01, 0x80, 0x7F, 0xFE, 0x03, 0xC0, 0x0D, 0xA0, 0x31, 0x98, 0x41, 0x82, 0x08, 0x10, 0x7E, 0xFE, 0x18, 0x30, 0x1C, 0x78, 0x2A, 0x14, 0x00, 0x00, 0x00, 0x00 }, // U+68EE 森
    { 0x00, 0x00, 0x00, 0x00, 0x10, 0x20, 0x13, 0xFE, 0x10, 0x20, 0xFC, 0x20, 0x33, 0xFF, 0x38, 0x00, 0x3D, 0x8C, 0x72, 0xC3, 0x50, 0xFC, 0x91, 0x8C, 0x12, 0xC8, 0x10, 0x70, 0x00, 0x00, 0x00, 0x00 }, // U+68F1 棱
    { 0x00, 0x00, 0x00, 0x00, 0x13, 0xFC, 0x12, 0x24, 0x12, 0x24, 0xFF, 0xFC, 0x32, 0x24, 0x32, 0x24, 0x3B, 0xFC, 0x72, 0x20, 0x50, 0x20, 0x97, 0xFF, 0x10, 0xF0, 0x11, 0xA8, 0x00, 0x00, 0x00, 0x00 }, // U+68F5 棵
    { 0x00, 0x00, 0x00, 0x00, 0x10, 0x20, 0x10, 0x20, 0x13, 0xFE, 0xFE, 0x02, 0x33, 0xFC, 0x3B, 0x04, 0x7B, 0x04, 0x77, 0xFC, 0xD3, 0x00, 0x13, 0xFE, 0x13, 0x02, 0x13, 0x02, 0x00, 0x00, 0x00, 0x00 }, // U+68FA 棺
    { 0x00, 0x00, 0x10, 0x20, 0x10, 0x20, 0x13, 0xFE, 0xFC, 0x60, 0x30, 0xD8, 0x31, 0x04, 0x30, 0x00, 0x3F, 0xFF, 0x7C, 0x04, 0x53, 0xE4, 0xD3, 0x24, 0x13, 0x24, 0x13, 0xE4, 0x00, 0x00, 0x00, 0x00 }, // U+6905 椅
    { 0x00, 0x00, 0x00, 0x00, 0x30, 0x20, 0x30, 0x20, 0x33, 0xFE, 0xFC, 0x20, 0x30, 0x20, 0x33, 0xFC, 0x3B, 0x04, 0x7B, 0xFC, 0x77, 0x04, 0xB3, 0xFC, 0x33, 0x04, 0x33, 0x04, 0x00, 0x00, 0x00, 0x00 }, // U+690D 植
    { 0x00, 0x00, 0x00, 0x00, 0x10, 0xA0, 0x11, 0x10, 0x11, 0x00, 0xFF, 0xFF, 0x33, 0x10, 0x37, 0x10, 0x33, 0xFE, 0x79, 0x10, 0x55, 0x10, 0x91, 0x10, 0x11, 0xFE, 0x11, 0x10, 0x00, 0x00, 0x00, 0x00 }, // U+690E 椎
    { 0x00, 0x00, 0x00, 0x00, 0x21, 0x00, 0x21, 0x00, 0x21, 0xFE, 0xF9, 0x12, 0x31, 0x12, 0x37, 0xF2, 0x38, 0x12, 0x69, 0x14, 0x65, 0x5C, 0xA5, 0x4C, 0x2D, 0x2C, 0x29, 0x1C, 0x00, 0x00, 0x00, 0x00 }, // U+6912 椒
    { 0x00, 0x00, 0x00, 0x00, 0x20, 0x08, 0x27, 0x90, 0x24, 0xFF, 0xFD, 0x30, 0x25, 0x20, 0x25, 0x7E, 0x75, 0x62, 0x6D, 0x3E, 0x64, 0xA2, 0xA4, 0xA2, 0x24, 0xBE, 0x27, 0x22, 0x00, 0x00, 0x00, 0x00 }, // U+692D 椭
    { 0x00, 0x00, 0x00, 0x00, 0x2F, 0xFE, 0x24, 0xD2, 0x24, 0xD2, 0xFF, 0xD4, 0x24, 0xD4, 0x3C, 0xD6, 0x6F, 0xD2, 0x64, 0xD3, 0xA4, 0xD3, 0x27, 0xDE, 0x2E, 0xD0, 0x20, 0xD0, 0x00, 0x00, 0x00, 0x00 }, // U+6930 椰
    { 0x00, 0x00, 0x00, 0x00, 0x31, 0x00, 0x31, 0xFC, 0x31, 0x04, 0xFD, 0xFC, 0x30, 0x0C, 0x3F, 0xFF, 0x78, 0x40, 0x71, 0xE4, 0xB2, 0x68, 0x31, 0xBC, 0x36, 0x34, 0x30, 0xD2, 0x00, 0x00, 0x00, 0x00 }, // U+693D 椽
    { 0x00, 0x00, 0x00, 0x00, 0x30, 0x40, 0x30, 0x40, 0x37, 0xFE, 0xF8, 0x40, 0x33, 0xFE, 0x30, 0xC0, 0x77, 0xFF, 0x79, 0x08, 0xF3, 0xFC, 0x37, 0x0E, 0x33, 0xF8, 0x33, 0x08, 0x00, 0x00, 0x00, 0x00 }, // U+693F 椿
    { 0x00, 0x00, 0x00, 0x00, 0x31, 0x00, 0x31, 0x3E, 0x37, 0xD2, 0xF9, 0x12, 0x33, 0xD2, 0x31, 0x12, 0x3F, 0xE2, 0x79, 0x2C, 0x70, 0x00, 0xB0, 0x60, 0x37, 0xFF, 0x30, 0x60, 0x00, 0x00, 0x00, 0x00 }, // U+6954 楔
    { 0x00, 0x00, 0x00, 0x00, 0x08, 0x10, 0x08, 0x10, 0x7F, 0xFE, 0x18, 0x30, 0x3E, 0x7C, 0x6A, 0xD6, 0x48, 0x92, 0x00, 0x00, 0x7F, 0xFE, 0x01, 0x84, 0x11, 0x80, 0x11, 0xFC, 0x00, 0x00, 0x00, 0x00 }, // U+695A 楚
    { 0x00, 0x00, 0x00, 0x00, 0x13, 0xFE, 0x12, 0x52, 0x12, 0x52, 0xFA, 0x52, 0x33, 0xFE, 0x32, 0x22, 0x38, 0x20, 0x7F, 0xFF, 0xD0, 0x80, 0x10, 0xFC, 0x11, 0x84, 0x11, 0x04, 0x00, 0x00, 0x00, 0x00 }, // U+695E 楞
    { 0x00, 0x00, 0x00, 0x00, 0x12, 0x10, 0x12, 0x12, 0x13, 0xD4, 0xFE, 0x18, 0x32, 0x50, 0x32, 0x92, 0x3B, 0x1E, 0x7C, 0x40, 0x53, 0xFE, 0xD3, 0x06, 0x13, 0xFE, 0x13, 0x06, 0x00, 0x00, 0x00, 0x00 }, // U+6977 楷
    { 0x00, 0x00, 0x00, 0x00, 0x10, 0x20, 0x11, 0x24, 0x10, 0xA8, 0xFB, 0xFE, 0x30, 0xF8, 0x39, 0xAE, 0x3E, 0x22, 0x70, 0x00, 0x50, 0x00, 0xD7, 0xFF, 0x91, 0x88, 0x10, 0xD0, 0x00, 0x00, 0x00, 0x00 }, // U+697C 楼
    { 0x00, 0x00, 0x00, 0x00, 0x20, 0x00, 0x27, 0xBE, 0x24, 0x88, 0xFC, 0xA8, 0x27, 0xA8, 0x24, 0xA8, 0x74, 0xA8, 0x6F, 0xBE, 0x64, 0x88, 0xA4, 0x08, 0x24, 0x98, 0x25, 0x99, 0x00, 0x00, 0x00, 0x00 }, // U+6982 概
    { 0x00, 0x00, 0x00, 0x00, 0x10, 0x20, 0x10, 0x70, 0x10, 0x98, 0x7F, 0x8E, 0x36, 0xFB, 0x30, 0x00, 0x3B, 0xCA, 0x7A, 0x4A, 0xD3, 0xCA, 0x12, 0x4A, 0x13, 0xCA, 0x12, 0x4A, 0x00, 0x00, 0x00, 0x00 }, // U+6986 榆
    { 0x00, 0x00, 0x00, 0x00, 0x21, 0x00, 0x21, 0x9E, 0x23, 0xD2, 0xFA, 0x52, 0x22, 0x56, 0x23, 0xD4, 0x3A, 0x54, 0x6E, 0x52, 0x63, 0xD2, 0xA2, 0x12, 0x22, 0x93, 0x22, 0xDE, 0x00, 0x00, 0x00, 0x00 }, // U+6994 榔
    { 0x00, 0x00, 0x00, 0x00, 0x30, 0x40, 0x30, 0x20, 0x33, 0xFE, 0xF8, 0x88, 0x30, 0x98, 0x33, 0xFE, 0x3A, 0x22, 0x78, 0x20, 0x77, 0xFF, 0xB0, 0x80, 0x30, 0xFC, 0x31, 0x04, 0x00, 0x00, 0x00, 0x00 }, // U+699C 榜
    { 0x00, 0x00, 0x00, 0x00, 0x30, 0x20, 0x30, 0x20, 0x33, 0xFE, 0xFE, 0x1A, 0x30, 0x8C, 0x39, 0xC2, 0x37, 0xFE, 0x73, 0x40, 0x72, 0x7C, 0xB0, 0x40, 0x30, 0x40, 0x30, 0x7E, 0x00, 0x00, 0x00, 0x00 }, // U+69A8 榨
    { 0x00, 0x00, 0x00, 0x00, 0x10, 0x80, 0x12, 0x3E, 0xFE, 0x12, 0x32, 0x92, 0x33, 0xD2, 0x3F, 0x6E, 0x78, 0x40, 0x57, 0xFE, 0xD2, 0x22, 0x13, 0xFE, 0x12, 0x22, 0x12, 0x22, 0x00, 0x00, 0x00, 0x00 }, // U+69B4 榴
    { 0x00, 0x00, 0x00, 0x00, 0x30, 0x40, 0x30, 0x40, 0x33, 0xFE, 0xFE, 0xA2, 0x30, 0x90, 0x39, 0xFE, 0x3B, 0x10, 0x77, 0xFE, 0xF5, 0x10, 0x31, 0xFE, 0x31, 0x10, 0x31, 0x10, 0x00, 0x00, 0x00, 0x00 }, // U+69B7 榷
    { 0x00, 0x00, 0x00, 0x00, 0x30, 0x40, 0x30, 0x40, 0x33, 0xFE, 0xFA, 0x22, 0x33, 0xFE, 0x32, 0x22, 0x3A, 0x62, 0x7B, 0xFE, 0x72, 0x42, 0xB0, 0xE8, 0x30, 0xA4, 0x31, 0x3F, 0x00, 0x00, 0x00, 0x00 }, // U+69D0 槐
    { 0x00, 0x00, 0x00, 0x00, 0x30, 0x90, 0x32, 0x90, 0x32, 0x9F, 0xFA, 0xB0, 0x32, 0xA8, 0x32, 0xE4, 0x3A, 0x84, 0x78, 0x00, 0x73, 0xFE, 0xB2, 0x92, 0x32, 0x92, 0x32, 0x92, 0x00, 0x00, 0x00, 0x00 }, // U+69DB 槛
    { 0x00, 0x00, 0x00, 0x00, 0x30, 0x90, 0x37, 0xFF, 0x30, 0x90, 0xFF, 0xFE, 0x32, 0x92, 0x33, 0xFE, 0x7A, 0x92, 0x7F, 0xFE, 0xF0, 0x00, 0x33, 0xFC, 0x32, 0x04, 0x33, 0xFC, 0x00, 0x00, 0x00, 0x00 }, // U+69FD 槽
    { 0x00, 0x00, 0x00, 0x00, 0x10, 0x08, 0x12, 0xC8, 0x79, 0xBE, 0x32, 0xD8, 0x3A, 0x9C, 0x55, 0xAA, 0x53, 0xA8, 0x10, 0x48, 0x01, 0x80, 0x7F, 0xFE, 0x03, 0xC0, 0x06, 0x60, 0x00, 0x00, 0x00, 0x00 }, // U+6A0A 樊
    { 0x00, 0x00, 0x00, 0x00, 0x30, 0x20, 0x33, 0xFE, 0x30, 0x88, 0xFF, 0xFF, 0x30, 0x00, 0x3B, 0xFE, 0x7A, 0x06, 0x73, 0xFE, 0xB2, 0x06, 0x33, 0xFE, 0x30, 0x20, 0x37, 0xFF, 0x00, 0x00, 0x00, 0x00 }, // U+6A1F 樟
    { 0x00, 0x00, 0x00, 0x00, 0x10, 0x88, 0x10, 0x88, 0x17, 0xFF, 0x10, 0x88, 0xFC, 0x88, 0x33, 0xFE, 0x32, 0x06, 0x7B, 0xFE, 0x76, 0x06, 0xD3, 0xFE, 0x10, 0x20, 0x17, 0xFF, 0x00, 0x00, 0x00, 0x00 }, // U+6A21 模
    { 0x00, 0x00, 0x00, 0x00, 0x10, 0x88, 0x10, 0x88, 0x13, 0xFE, 0xFC, 0x88, 0x30, 0x88, 0x37, 0xFF, 0x30, 0x20, 0x7B, 0xFE, 0x7A, 0x22, 0xD3, 0xFE, 0x12, 0x22, 0x13, 0xFE, 0x00, 0x00, 0x00, 0x00 }, // U+6A2A 横
    { 0x00, 0x00, 0x00, 0x00, 0x23, 0xDE, 0x22, 0x52, 0x23, 0x52, 0xFF, 0x5A, 0x23, 0x48, 0x3B, 0x9C, 0x6E, 0x72, 0x60, 0xC0, 0xA7, 0xFF, 0x21, 0x08, 0x21, 0x90, 0x20, 0x70, 0x00, 0x00, 0x00, 0x00 }, // U+6A31 樱
    { 0x00, 0x00, 0x00, 0x00, 0x23, 0xFC, 0x20, 0x40, 0x23, 0xF8, 0xF8, 0x40, 0x27, 0xFE, 0x31, 0xC2, 0x67, 0x3E, 0x62, 0x38, 0xA3, 0x8E, 0x27, 0x38, 0x23, 0x8E, 0x2F, 0x38, 0x00, 0x00, 0x00, 0x00 }, // U+6A47 橇
    { 0x00, 0x00, 0x00, 0x00, 0x20, 0x24, 0x27, 0xF8, 0x20, 0xD2, 0xFA, 0x9E, 0x23, 0x0C, 0x23, 0xFE, 0x3C, 0x02, 0x7B, 0xFC, 0x62, 0x04, 0xA2, 0x04, 0x23, 0xFC, 0x21, 0x08, 0x00, 0x00, 0x00, 0x00 }, // U+6A59 橙
    { 0x00, 0x00, 0x00, 0x00, 0x20, 0x80, 0x21, 0xF8, 0x22, 0x10, 0xFB, 0xFE, 0x32, 0x22, 0x22, 0x22, 0x3B, 0xFE, 0x78, 0xC0, 0x63, 0x64, 0xA4, 0xB8, 0x23, 0x7C, 0x24, 0xD4, 0x00, 0x00, 0x00, 0x00 }, // U+6A61 橡
    { 0x00, 0x00, 0x00, 0x00, 0x27, 0xFF, 0x24, 0x00, 0x24, 0x02, 0xFF, 0xE2, 0x24, 0x1F, 0x25, 0xE2, 0x75, 0x22, 0x7D, 0x22, 0xED, 0xEA, 0x25, 0x0A, 0x25, 0x2A, 0x24, 0x22, 0x00, 0x00, 0x00, 0x00 }, // U+6A71 橱
    { 0x00, 0x00, 0x00, 0x00, 0x20, 0x60, 0x27, 0xFF, 0x20, 0x00, 0xFB, 0xFE, 0x22, 0x8A, 0x22, 0xFA, 0x7A, 0x02, 0x6F, 0xFE, 0xE2, 0x06, 0x23, 0xFE, 0x22, 0x06, 0x23, 0xFE, 0x00, 0x00, 0x00, 0x00 }, // U+6A80 檀
    { 0x00, 0x00, 0x00, 0x00, 0x21, 0x08, 0x27, 0xC0, 0x24, 0x5F, 0xFF, 0xD2, 0x24, 0x52, 0x37, 0xF2, 0x7C, 0x74, 0x69, 0x14, 0xAF, 0xCC, 0x22, 0x0C, 0x27, 0xCC, 0x24, 0x5C, 0x00, 0x00, 0x00, 0x00 }, // U+6A84 檄
    { 0x00, 0x00, 0x00, 0x00, 0x30, 0x88, 0x37, 0xFF, 0x30, 0x88, 0xFF, 0xFE, 0x32, 0x02, 0x30, 0xF8, 0x78, 0x00, 0x7B, 0xFE, 0xF8, 0xE6, 0x36, 0x6C, 0x31, 0xB4, 0x36, 0x56, 0x00, 0x00, 0x00, 0x00 }, // U+6AAC 檬
    { 0x00, 0x00, 0x00, 0x00, 0x04, 0x00, 0x08, 0x00, 0x0F, 0xFE, 0x10, 0x06, 0x31, 0x84, 0x21, 0x8C, 0x41, 0x80, 0x01, 0x80, 0x01, 0x80, 0x03, 0x40, 0x02, 0x60, 0x06, 0x30, 0x00, 0x00, 0x00, 0x00 }, // U+6B20 欠
    { 0x00, 0x00, 0x00, 0x00, 0x01, 0x00, 0x41, 0x00, 0x63, 0xFE, 0x32, 0x06, 0x16, 0x44, 0x04, 0x44, 0x10, 0x60, 0x10, 0x60, 0x30, 0xA0, 0x20, 0x90, 0x61, 0x18, 0x42, 0x0C, 0x00, 0x00, 0x00, 0x00 }, // U+6B21 次
    { 0x00, 0x00, 0x00, 0x00, 0x00, 0x80, 0x7C, 0x80, 0x05, 0xFE, 0x45, 0x02, 0x65, 0x26, 0x2F, 0x24, 0x38, 0x20, 0x18, 0x20, 0x18, 0x70, 0x1C, 0x70, 0x24, 0x50, 0x60, 0x88, 0x00, 0x00, 0x00, 0x00 }, // U+6B22 欢
    { 0x00, 0x00, 0x00, 0x00, 0x00, 0x20, 0x7E, 0x40, 0x60, 0x7F, 0x60, 0x42, 0x60, 0x82, 0x60, 0x96, 0x7F, 0x10, 0x64, 0x10, 0x64, 0x30, 0x64, 0x30, 0x44, 0x28, 0x44, 0x6C, 0x00, 0x00, 0x00, 0x00 }, // U+6B23 欣
    { 0x00, 0x00, 0x00, 0x00, 0x00, 0x60, 0x7F, 0x40, 0x40, 0x7E, 0x52, 0x42, 0x52, 0x92, 0x4E, 0x92, 0x4C, 0x96, 0x4C, 0x10, 0x4E, 0x30, 0x4A, 0x38, 0x53, 0x28, 0x51, 0x68, 0x00, 0x00, 0x00, 0x00 }, // U+6B27 欧
    { 0x00, 0x00, 0x00, 0x00, 0x10, 0x20, 0x32, 0x20, 0x61, 0x7F, 0x48, 0x42, 0x1C, 0xC2, 0x12, 0x90, 0x21, 0x10, 0x40, 0x10, 0x7F, 0x18, 0x23, 0x38, 0x23, 0x28, 0x23, 0x2C, 0x00, 0x00, 0x00, 0x00 }, // U+6B32 欲
    { 0x00, 0x00, 0x00, 0x00, 0x22, 0x20, 0xFF, 0x40, 0x22, 0x7E, 0x22, 0x42, 0x3E, 0xD2, 0x22, 0x92, 0x22, 0x94, 0x3E, 0x10, 0x22, 0x10, 0x22, 0x38, 0xFF, 0x28, 0x34, 0x28, 0x00, 0x00, 0x00, 0x00 }, // U+6B3A 欺
    { 0x00, 0x00, 0x00, 0x00, 0x08, 0x40, 0x08, 0x40, 0xFF, 0xC0, 0x08, 0xFE, 0x7F, 0xC2, 0x00, 0x92, 0x7E, 0x10, 0x00, 0x10, 0xFF, 0x10, 0x08, 0x30, 0x2A, 0x38, 0x4A, 0x28, 0x00, 0x00, 0x00, 0x00 }, // U+6B3E 款
    { 0x00, 0x00, 0x00, 0x00, 0x00, 0x20, 0x7F, 0x20, 0x41, 0x20, 0x7F, 0x3F, 0x41, 0x62, 0x7F, 0x52, 0x20, 0x52, 0x7F, 0x98, 0x48, 0x98, 0xC8, 0x98, 0x54, 0x98, 0x53, 0xA4, 0x00, 0x00, 0x00, 0x00 }, // U+6B47 歇
    { 0x00, 0x00, 0x00, 0x00, 0x22, 0x10, 0x12, 0x10, 0x7F, 0xBF, 0x14, 0x22, 0x7F, 0xA2, 0x14, 0xCA, 0x14, 0xC8, 0x7F, 0x88, 0x14, 0x98, 0x7F, 0x98, 0x34, 0x98, 0x36, 0x14, 0x00, 0x00, 0x00, 0x00 }, // U+6B49 歉
    { 0x00, 0x00, 0x00, 0x20, 0xFF, 0xA0, 0x01, 0x20, 0x79, 0x7E, 0x49, 0x42, 0x49, 0x52, 0x79, 0x52, 0x00, 0x10, 0xFF, 0x90, 0x01, 0x18, 0x79, 0x18, 0x49, 0x38, 0x49, 0x24, 0x00, 0x00, 0x00, 0x00 }, // U+6B4C 歌
    { 0x00, 0x00, 0x00, 0x00, 0x00, 0xC0, 0x00, 0xC0, 0x10, 0xC0, 0x10, 0xC0, 0x10, 0xFE, 0x10, 0xC0, 0x10, 0xC0, 0x10, 0xC0, 0x10, 0xC0, 0x10, 0xC0, 0x10, 0xC0, 0x10, 0xC0, 0x00, 0x00, 0x00, 0x00 }, // U+6B62 止
    { 0x00, 0x00, 0x00, 0x00, 0x7F, 0xFE, 0x00, 0xC0, 0x00, 0x80, 0x10, 0x80, 0x10, 0x80, 0x10, 0x80, 0x10, 0xFE, 0x10, 0xC0, 0x10, 0x80, 0x10, 0x80, 0x10, 0x80, 0x00, 0x00, 0x00, 0x00, 0x00, 0x00 }, // U+6B63 正
    { 0x00, 0x00, 0x00, 0x00, 0x04, 0x60, 0x04, 0x60, 0x04, 0x62, 0x24, 0x64, 0x27, 0xF8, 0x24, 0x70, 0x24, 0x60, 0x24, 0x60, 0x24, 0x60, 0x24, 0x62, 0x24, 0x63, 0x27, 0xE3, 0x00, 0x00, 0x00, 0x00 }, // U+6B64 此
    { 0x00, 0x00, 0x00, 0x00, 0x00, 0x80, 0x10, 0x80, 0x10, 0xFC, 0x10, 0x80, 0x10, 0x80, 0xFF, 0xFF, 0x00, 0x00, 0x00, 0x80, 0x08, 0x84, 0x18, 0x8C, 0x20, 0x98, 0x40, 0x60, 0x00, 0x00, 0x00, 0x00 }, // U+6B65 步
    { 0x00, 0x00, 0x00, 0x20, 0x00, 0x28, 0x3F, 0xA4, 0x00, 0x22, 0x00, 0x20, 0xFF, 0xFF, 0x06, 0x20, 0x24, 0x20, 0x24, 0x20, 0x27, 0xA0, 0x26, 0x30, 0x24, 0x11, 0x24, 0x13, 0x00, 0x00, 0x00, 0x00 }, // U+6B66 武
    { 0x00, 0x00, 0x00, 0x00, 0x08, 0x10, 0x08, 0x10, 0x09, 0xFF, 0x48, 0x10, 0x4E, 0x10, 0x48, 0x10, 0x49, 0xFE, 0x48, 0x86, 0x48, 0xC4, 0x48, 0x4C, 0x48, 0x68, 0x6E, 0x30, 0x00, 0x00, 0x00, 0x00 }, // U+6B67 歧
    { 0x00, 0x00, 0x00, 0x00, 0x7F, 0xFE, 0x01, 0x80, 0x03, 0x00, 0x0D, 0xB8, 0x79, 0x9E, 0xE1, 0x82, 0x00, 0x00, 0x7F, 0xFE, 0x00, 0x80, 0x10, 0x80, 0x10, 0xFC, 0x10, 0x80, 0x00, 0x00, 0x00, 0x00 }, // U+6B6A 歪
    { 0x00, 0x00, 0x00, 0x00, 0x7F, 0xFE, 0x06, 0x00, 0x04, 0x00, 0x0F, 0xFC, 0x08, 0x0C, 0x10, 0x08, 0x3C, 0x18, 0x66, 0x30, 0x43, 0x20, 0x01, 0xC0, 0x01, 0x80, 0x07, 0x00, 0x00, 0x00, 0x00, 0x00 }, // U+6B79 歹
    { 0x00, 0x00, 0x00, 0x00, 0x7F, 0xFE, 0x18, 0x60, 0x10, 0x60, 0x1F, 0x62, 0x31, 0x66, 0x21, 0x78, 0x73, 0x70, 0x5A, 0x60, 0x0E, 0x61, 0x04, 0x63, 0x08, 0x63, 0x00, 0x00, 0x00, 0x00, 0x00, 0x00 }, // U+6B7B 死
    { 0x00, 0x00, 0x00, 0x00, 0x00, 0x06, 0x7F, 0xFE, 0x30, 0x10, 0x20, 0x10, 0x3E, 0x10, 0x24, 0x10, 0x44, 0x10, 0x45, 0xFF, 0x1C, 0x10, 0x08, 0x10, 0x18, 0x10, 0x30, 0x10, 0x00, 0x00, 0x00, 0x00 }, // U+6B7C 歼
    { 0x00, 0x00, 0x00, 0x00, 0x00, 0x20, 0xFE, 0x20, 0x20, 0x20, 0x21, 0xFE, 0x3D, 0x26, 0x65, 0x26, 0x4D, 0x26, 0x79, 0x26, 0x9B, 0xFF, 0x18, 0x70, 0x10, 0x50, 0x20, 0x88, 0x00, 0x00, 0x00, 0x00 }, // U+6B83 殃
    { 0x00, 0x00, 0x00, 0x00, 0x00, 0x20, 0xFE, 0x60, 0x30, 0x48, 0x20, 0x8C, 0x3D, 0x86, 0x25, 0xFE, 0x64, 0x02, 0x44, 0x00, 0x5D, 0xFE, 0x09, 0x06, 0x19, 0x02, 0x11, 0x02, 0x00, 0x00, 0x00, 0x00 }, // U+6B86 殆
    { 0x00, 0x00, 0x00, 0x00, 0x00, 0x80, 0x7E, 0x80, 0x31, 0xFE, 0x23, 0x02, 0x3F, 0xF2, 0x25, 0x12, 0x4D, 0x12, 0x79, 0xF2, 0x99, 0x12, 0x19, 0x12, 0x11, 0xF2, 0x21, 0x02, 0x00, 0x00, 0x00, 0x00 }, // U+6B89 殉
    { 0x00, 0x00, 0x00, 0x00, 0x00, 0x20, 0x7E, 0xA0, 0x30, 0xA0, 0x31, 0xFE, 0x21, 0x20, 0x3D, 0x20, 0x24, 0x20, 0x47, 0xFE, 0x7C, 0x70, 0x18, 0x70, 0x18, 0xA8, 0x11, 0x24, 0x00, 0x00, 0x00, 0x00 }, // U+6B8A 殊
    { 0x00, 0x00, 0x00, 0x00, 0x00, 0x50, 0x7E, 0x48, 0x30, 0x40, 0x20, 0x40, 0x3C, 0xFE, 0x25, 0xF0, 0x24, 0x40, 0x44, 0x7E, 0x5D, 0xE0, 0x08, 0x44, 0x18, 0x6C, 0x10, 0x30, 0x00, 0x00, 0x00, 0x00 }, // U+6B8B 残
    { 0x00, 0x00, 0x00, 0x00, 0x00, 0x20, 0xFC, 0x20, 0x23, 0xFE, 0x20, 0x20, 0x3D, 0xFE, 0x25, 0x06, 0x49, 0xFE, 0x69, 0x06, 0x59, 0xFE, 0x19, 0x06, 0x11, 0xFE, 0x31, 0x06, 0x00, 0x00, 0x00, 0x00 }, // U+6B96 殖
    { 0x00, 0x00, 0x00, 0x00, 0x7E, 0x7C, 0x40, 0x4C, 0x72, 0x4C, 0x54, 0xCC, 0x5C, 0x87, 0x4D, 0x00, 0x4D, 0xFC, 0x5C, 0xC4, 0x56, 0x4C, 0x72, 0x48, 0x40, 0x30, 0x7E, 0x38, 0x00, 0x00, 0x00, 0x00 }, // U+6BB4 殴
    { 0x00, 0x00, 0x00, 0x00, 0x06, 0x00, 0x7C, 0xFC, 0x60, 0xCC, 0x60, 0xCC, 0x7E, 0x8C, 0x61, 0x87, 0x61, 0x00, 0x61, 0xFC, 0x7C, 0x84, 0x60, 0xCC, 0x60, 0x48, 0x7E, 0x30, 0x00, 0x00, 0x00, 0x00 }, // U+6BB5 段
    { 0x00, 0x00, 0x00, 0x00, 0x07, 0x00, 0x3C, 0x7C, 0x20, 0x44, 0x3E, 0x44, 0x22, 0xC4, 0x3F, 0x87, 0x22, 0x00, 0x7E, 0xFE, 0x60, 0x46, 0x7E, 0x44, 0x42, 0x28, 0x42, 0x38, 0x00, 0x00, 0x00, 0x00 }, // U+6BB7 殷
    { 0x00, 0x00, 0x00, 0x00, 0x7F, 0x3C, 0x41, 0x24, 0x41, 0x24, 0x7F, 0x44, 0x40, 0x47, 0x4A, 0x00, 0x7F, 0xFE, 0x4A, 0x46, 0x4A, 0x24, 0x7F, 0xAC, 0x4A, 0x18, 0x59, 0x18, 0x00, 0x00, 0x00, 0x00 }, // U+6BBF 殿
    { 0x00, 0x00, 0x00, 0x00, 0x10, 0x00, 0x3E, 0x7C, 0x42, 0x44, 0x42, 0x44, 0x76, 0x44, 0x42, 0x87, 0x7E, 0x00, 0x42, 0xFE, 0x00, 0x44, 0x7F, 0x44, 0x08, 0x28, 0x08, 0x38, 0x00, 0x00, 0x00, 0x00 }, // U+6BC1 毁
    { 0x00, 0x00, 0x00, 0x00, 0x08, 0x00, 0x08, 0x3C, 0x7F, 0x24, 0x22, 0x24, 0x16, 0x64, 0x7F, 0xC7, 0x18, 0x40, 0x39, 0xFE, 0x4F, 0x44, 0x36, 0x24, 0x4F, 0x38, 0x34, 0x98, 0x00, 0x00, 0x00, 0x00 }, // U+6BC5 毅
    { 0x00, 0x00, 0x00, 0x00, 0x1F, 0xFC, 0x10, 0x8C, 0x10, 0x8C, 0x31, 0x8C, 0x31, 0x8C, 0xFF, 0xFF, 0x21, 0x0C, 0x21, 0x08, 0x21, 0x08, 0x23, 0x08, 0x3F, 0xFE, 0x06, 0x08, 0x00, 0x00, 0x00, 0x00 }, // U+6BCB 毋
    { 0x00, 0x00, 0x00, 0x00, 0x1F, 0xFC, 0x11, 0x0C, 0x11, 0x0C, 0x30, 0x8C, 0x30, 0x8C, 0xFF, 0xFF, 0x23, 0x0C, 0x21, 0x88, 0x20, 0x88, 0x3F, 0xFE, 0x00, 0x08, 0x00, 0x00, 0x00, 0x00, 0x00, 0x00 }, // U+6BCD 母
    { 0x00, 0x00, 0x00, 0x00, 0x08, 0x00, 0x1F, 0xFE, 0x20, 0x00, 0x60, 0x00, 0x5F, 0xFC, 0x11, 0x0C, 0x11, 0x0C, 0x10, 0x8C, 0xFF, 0xFF, 0x31, 0x08, 0x21, 0x08, 0x20, 0x88, 0x00, 0x00, 0x00, 0x00 }, // U+6BCF 每
    { 0x00, 0x00, 0x00, 0x00, 0x01, 0x80, 0x7F, 0xFE, 0x01, 0x80, 0x3F, 0xFC, 0x01, 0x80, 0x01, 0x80, 0x7F, 0xFE, 0x11, 0x08, 0x30, 0x08, 0x7F, 0xFE, 0x21, 0x08, 0x21, 0x08, 0x00, 0x00, 0x00, 0x00 }, // U+6BD2 毒
    { 0x00, 0x00, 0x00, 0x00, 0x60, 0x80, 0x60, 0x80, 0x60, 0x82, 0x60, 0x86, 0x60, 0x8C, 0x7E, 0x98, 0x60, 0xF0, 0x60, 0xC0, 0x60, 0x80, 0x60, 0x82, 0x62, 0x83, 0x6E, 0x83, 0x00, 0x00, 0x00, 0x00 }, // U+6BD4 比
    { 0x00, 0x00, 0x00, 0x00, 0x20, 0x40, 0x20, 0x46, 0x3F, 0x5C, 0x30, 0x70, 0x20, 0x42, 0x23, 0x43, 0x3C, 0x42, 0x20, 0x7E, 0x01, 0x80, 0x01, 0x80, 0x01, 0x80, 0x7F, 0xFE, 0x00, 0x00, 0x00, 0x00 }, // U+6BD5 毕
    { 0x00, 0x00, 0x00, 0x00, 0x20, 0x80, 0x20, 0x86, 0x3E, 0x98, 0x20, 0xE0, 0x22, 0xC2, 0x3C, 0xC2, 0x60, 0x7E, 0x01, 0x08, 0x24, 0xB0, 0x24, 0x64, 0x45, 0x86, 0x4E, 0x0A, 0x00, 0x00, 0x00, 0x00 }, // U+6BD6 毖
    { 0x00, 0x00, 0x00, 0x00, 0x01, 0x90, 0x7D, 0x90, 0x55, 0x90, 0x55, 0x92, 0x55, 0x92, 0x55, 0xFC, 0x7D, 0x98, 0x55, 0x90, 0x55, 0x90, 0x55, 0x91, 0x55, 0x91, 0x7D, 0xB1, 0x00, 0x00, 0x00, 0x00 }, // U+6BD7 毗
    { 0x00, 0x00, 0x00, 0x00, 0x20, 0x86, 0x3E, 0x98, 0x20, 0xE2, 0x2E, 0xC2, 0x38, 0x7E, 0x00, 0x00, 0x7F, 0xFE, 0x10, 0x40, 0x3F, 0x46, 0x63, 0x58, 0x52, 0x62, 0x0C, 0x43, 0x00, 0x00, 0x00, 0x00 }, // U+6BD9 毙
    { 0x00, 0x00, 0x00, 0x00, 0x00, 0x7C, 0x7F, 0xC0, 0x01, 0x00, 0x01, 0x00, 0x01, 0xFE, 0x7F, 0x80, 0x01, 0x00, 0x01, 0x00, 0x01, 0xFE, 0x7F, 0x80, 0x01, 0x01, 0x01, 0x03, 0x00, 0x00, 0x00, 0x00 }, // U+6BDB 毛
    { 0x00, 0x00, 0x00, 0x00, 0x1C, 0x20, 0x70, 0x20, 0x10, 0x3E, 0x10, 0x20, 0x3C, 0x20, 0x71, 0xFC, 0x11, 0x04, 0x11, 0x04, 0x3D, 0x04, 0x71, 0x04, 0x11, 0xFC, 0x11, 0x03, 0x00, 0x00, 0x00, 0x00 }, // U+6BE1 毡
    { 0x00, 0x00, 0x01, 0x00, 0x01, 0x80, 0x7F, 0xFE, 0x00, 0x00, 0x1F, 0xF8, 0x10, 0x08, 0x1F, 0xF8, 0x00, 0x00, 0x7F, 0xFE, 0x40, 0xFA, 0x1F, 0x00, 0x01, 0xFC, 0x3F, 0x00, 0x00, 0x00, 0x00, 0x00 }, // U+6BEB 毫
    { 0x00, 0x00, 0x00, 0x00, 0x1C, 0x20, 0xF1, 0x24, 0x10, 0xAC, 0x10, 0x20, 0x3C, 0x78, 0xF0, 0x84, 0x11, 0x20, 0x10, 0x20, 0x3F, 0x24, 0xF0, 0xA8, 0x10, 0x70, 0x10, 0x89, 0x00, 0x00, 0x00, 0x00 }, // U+6BEF 毯
    { 0x00, 0x00, 0x00, 0x00, 0x00, 0x3C, 0x3F, 0xF0, 0x20, 0xC0, 0x20, 0x40, 0x20, 0x40, 0x20, 0x40, 0x3F, 0xFF, 0x20, 0x40, 0x20, 0x40, 0x20, 0x60, 0x20, 0x22, 0x23, 0x32, 0x00, 0x00, 0x00, 0x00 }, // U+6C0F 氏
    { 0x00, 0x00, 0x00, 0x00, 0x3F, 0xFC, 0x20, 0x04, 0x20, 0x04, 0x3F, 0xFC, 0x20, 0xC4, 0x20, 0x40, 0x20, 0x40, 0x3F, 0xFF, 0x20, 0x60, 0x20, 0x22, 0x26, 0x32, 0x00, 0x00, 0x00, 0x00, 0x00, 0x00 }, // U+6C11 民
    { 0x00, 0x00, 0x00, 0x00, 0x23, 0xFE, 0x32, 0x02, 0x12, 0x02, 0xFE, 0x02, 0x43, 0xFE, 0x42, 0x12, 0x42, 0x10, 0x42, 0x10, 0x43, 0xFF, 0x42, 0x10, 0x42, 0x10, 0x7A, 0x51, 0x00, 0x00, 0x00, 0x00 }, // U+6C13 氓
    { 0x00, 0x00, 0x00, 0x00, 0x10, 0x00, 0x1F, 0xFE, 0x10, 0x00, 0x20, 0x00, 0x2F, 0xFC, 0x40, 0x00, 0xC0, 0x00, 0x3F, 0xF8, 0x00, 0x08, 0x00, 0x08, 0x00, 0x09, 0x00, 0x09, 0x00, 0x00, 0x00, 0x00 }, // U+6C14 气
    { 0x00, 0x00, 0x00, 0x00, 0x18, 0x00, 0x1F, 0xFE, 0x30, 0x00, 0x6F, 0xFC, 0x40, 0x00, 0x3F, 0xF8, 0x00, 0x08, 0x7F, 0x88, 0x08, 0x88, 0x19, 0x88, 0x11, 0xE8, 0x10, 0x69, 0x00, 0x00, 0x00, 0x00 }, // U+6C16 氖
    { 0x00, 0x00, 0x00, 0x00, 0x10, 0x00, 0x1F, 0xFE, 0x20, 0x00, 0x7F, 0xFC, 0x40, 0x00, 0x3F, 0xF8, 0x01, 0x08, 0x19, 0x88, 0x30, 0xC8, 0x60, 0x68, 0x7F, 0xE8, 0x08, 0x49, 0x00, 0x00, 0x00, 0x00 }, // U+6C1B 氛
    { 0x00, 0x00, 0x00, 0x00, 0x10, 0x00, 0x1F, 0xFE, 0x20, 0x00, 0x3F, 0xFC, 0x40, 0x00, 0xBF, 0xF8, 0x09, 0x08, 0x7F, 0xE8, 0x09, 0x28, 0x7F, 0xE8, 0x49, 0x09, 0x7F, 0xFD, 0x00, 0x00, 0x00, 0x00 }, // U+6C1F 氟
    { 0x00, 0x00, 0x00, 0x00, 0x10, 0x00, 0x1F, 0xFE, 0x20, 0x00, 0x7F, 0xFC, 0x40, 0x00, 0x3F, 0xF8, 0x00, 0x08, 0x3F, 0xC8, 0x03, 0x88, 0x78, 0xF8, 0x00, 0x08, 0x3F, 0xC9, 0x00, 0x00, 0x00, 0x00 }, // U+6C22 氢
    { 0x00, 0x00, 0x00, 0x00, 0x10, 0x00, 0x3F, 0xFE, 0x20, 0x00, 0x5F, 0xFC, 0x40, 0x00, 0x3F, 0xF8, 0x02, 0x08, 0x7F, 0xE8, 0x18, 0x88, 0x3F, 0x48, 0x0C, 0xC9, 0x63, 0x8D, 0x00, 0x00, 0x00, 0x00 }, // U+6C26 氦
    { 0x00, 0x00, 0x00, 0x00, 0x10, 0x00, 0x3F, 0xFE, 0x20, 0x00, 0x7F, 0xFC, 0x40, 0x00, 0x3F, 0xF8, 0x10, 0x88, 0x09, 0x08, 0x7F, 0xE8, 0x06, 0x08, 0x7F, 0xE8, 0x06, 0x09, 0x00, 0x00, 0x00, 0x00 }, // U+6C27 氧
    { 0x00, 0x00, 0x00, 0x00, 0x10, 0x00, 0x3F, 0xFE, 0x20, 0x00, 0x5F, 0xFC, 0x00, 0x00, 0x3F, 0xF8, 0x04, 0x08, 0x7F, 0xE8, 0x4C, 0x28, 0x08, 0x08, 0xFF, 0xE9, 0x11, 0x89, 0x00, 0x00, 0x00, 0x00 }, // U+6C28 氨
    { 0x00, 0x00, 0x00, 0x00, 0x10, 0x00, 0x3F, 0xFE, 0x20, 0x00, 0x5F, 0xFC, 0x00, 0x00, 0x3F, 0xF8, 0x22, 0x68, 0x16, 0xC8, 0x0F, 0x88, 0x70, 0x68, 0x20, 0x28, 0x12, 0xC9, 0x00, 0x00, 0x00, 0x00 }, // U+6C2E 氮
    { 0x00, 0x00, 0x00, 0x00, 0x10, 0x00, 0x3F, 0xFE, 0x60, 0x00, 0x7F, 0xF8, 0x00, 0x08, 0x3F, 0xC8, 0x00, 0x48, 0x3F, 0xC8, 0x00, 0x48, 0x7F, 0xF8, 0x22, 0x49, 0x1F, 0x8D, 0x00, 0x00, 0x00, 0x00 }, // U+6C2F 氯
    { 0x00, 0x00, 0x00, 0x00, 0x10, 0x00, 0x3F, 0xFE, 0x20, 0x00, 0x7F, 0xF8, 0x02, 0x08, 0x3F, 0xC8, 0x02, 0x08, 0x7F, 0xF8, 0x20, 0x48, 0x3F, 0xC8, 0x20, 0x49, 0x3F, 0xCD, 0x00, 0x00, 0x00, 0x00 }, // U+6C30 氰
    { 0x00, 0x00, 0x00, 0x00, 0x01, 0x80, 0x01, 0x80, 0x01, 0x84, 0x01, 0x8C, 0x7D, 0xD8, 0x05, 0xF0, 0x0D, 0xE0, 0x09, 0xA0, 0x19, 0x90, 0x11, 0x98, 0x21, 0x8C, 0x61, 0x86, 0x00, 0x00, 0x00, 0x00 }, // U+6C34 水
    { 0x00, 0x00, 0x00, 0x00, 0x02, 0x00, 0x03, 0xC0, 0x00, 0x40, 0x3F, 0x80, 0x01, 0x84, 0x00, 0xDC, 0x7C, 0xF0, 0x0C, 0xA0, 0x08, 0xB0, 0x18, 0x90, 0x10, 0x8C, 0x60, 0x86, 0x00, 0x00, 0x00, 0x00 }, // U+6C38 永
    { 0x00, 0x00, 0x00, 0x00, 0x43, 0xFF, 0x30, 0x10, 0x10, 0x10, 0x00, 0x10, 0x40, 0x10, 0x60, 0x10, 0x10, 0x10, 0x00, 0x10, 0x10, 0x10, 0x30, 0x10, 0x20, 0x10, 0x60, 0x10, 0x00, 0x00, 0x00, 0x00 }, // U+6C40 汀
    { 0x00, 0x00, 0x00, 0x00, 0x40, 0x60, 0x30, 0x60, 0x10, 0x60, 0x00, 0x60, 0x40, 0x60, 0x67, 0xFF, 0x10, 0x60, 0x00, 0x60, 0x10, 0x60, 0x30, 0x60, 0x20, 0x60, 0x60, 0x60, 0x00, 0x00, 0x00, 0x00 }, // U+6C41 汁
    { 0x00, 0x00, 0x00, 0x00, 0x01, 0x98, 0x01, 0x80, 0x01, 0x80, 0x7F, 0xFF, 0x01, 0x80, 0x21, 0x80, 0x19, 0x84, 0x09, 0xC8, 0x03, 0xF0, 0x07, 0xB0, 0x19, 0x98, 0x61, 0x8C, 0x00, 0x00, 0x00, 0x00 }, // U+6C42 求
    { 0x00, 0x00, 0x00, 0x00, 0x40, 0x00, 0x37, 0xFE, 0x16, 0x00, 0x06, 0x00, 0xC6, 0x00, 0x66, 0x00, 0x26, 0x00, 0x06, 0x00, 0x26, 0x00, 0x36, 0x00, 0x26, 0x00, 0x26, 0x00, 0x00, 0x00, 0x00, 0x00 }, // U+6C47 汇
    { 0x00, 0x00, 0x00, 0x00, 0x40, 0x00, 0x37, 0xFC, 0x12, 0x04, 0x02, 0x04, 0x43, 0x0C, 0x61, 0x08, 0x21, 0x08, 0x00, 0x90, 0x10, 0xF0, 0x30, 0x60, 0x20, 0xE0, 0x21, 0x98, 0x00, 0x00, 0x00, 0x00 }, // U+6C49 汉
    { 0x00, 0x00, 0x00, 0x00, 0x60, 0x80, 0x30, 0x80, 0x09, 0xFE, 0x01, 0x02, 0x42, 0x06, 0x66, 0x04, 0x14, 0x84, 0x00, 0x68, 0x10, 0x38, 0x30, 0x30, 0x20, 0x60, 0x20, 0xC0, 0x00, 0x00, 0x00, 0x00 }, // U+6C50 汐
    { 0x00, 0x00, 0x00, 0x00, 0x40, 0x60, 0x30, 0x60, 0x10, 0x60, 0x04, 0x62, 0x44, 0x62, 0x64, 0x62, 0x24, 0x62, 0x04, 0x62, 0x24, 0x62, 0x24, 0x62, 0x24, 0x62, 0x64, 0x62, 0x00, 0x00, 0x00, 0x00 }, // U+6C55 汕
    { 0x00, 0x00, 0x00, 0x00, 0x40, 0x00, 0x33, 0xFE, 0x10, 0x20, 0x00, 0x20, 0x40, 0x20, 0x60, 0x20, 0x10, 0x20, 0x07, 0xFF, 0x00, 0x20, 0x30, 0x20, 0x30, 0x20, 0x20, 0x20, 0x00, 0x00, 0x00, 0x00 }, // U+6C57 汗
    { 0x00, 0x00, 0x00, 0x00, 0x4F, 0xF8, 0x20, 0x08, 0x11, 0x08, 0x01, 0x08, 0x81, 0x08, 0x41, 0x08, 0x2F, 0xE8, 0x21, 0x08, 0x01, 0x08, 0x21, 0x08, 0x21, 0x09, 0x61, 0x09, 0x00, 0x00, 0x00, 0x00 }, // U+6C5B 汛
    { 0x00, 0x00, 0x00, 0x00, 0x40, 0x80, 0x30, 0x80, 0x11, 0x80, 0x0F, 0xFF, 0xC1, 0x0C, 0x63, 0x08, 0x32, 0x08, 0x02, 0x18, 0x33, 0x10, 0x31, 0xB0, 0x20, 0xE0, 0x61, 0xF8, 0x00, 0x00, 0x00, 0x00 }, // U+6C5D 汝
    { 0x00, 0x00, 0x00, 0x00, 0x3F, 0xFC, 0x01, 0x80, 0x01, 0x80, 0x01, 0x80, 0x7F, 0xFE, 0x00, 0x00, 0x00, 0x80, 0x00, 0x84, 0x7C, 0xD8, 0x0C, 0xF0, 0x18, 0x90, 0x30, 0x8C, 0x00, 0x00, 0x00, 0x00 }, // U+6C5E 汞
    { 0x00, 0x00, 0x00, 0x00, 0x47, 0xFE, 0x30, 0x60, 0x10, 0x60, 0x00, 0x60, 0x40, 0x60, 0x60, 0x60, 0x10, 0x60, 0x00, 0x60, 0x10, 0x60, 0x30, 0x60, 0x20, 0x60, 0x60, 0x60, 0x00, 0x00, 0x00, 0x00 }, // U+6C5F 江
    { 0x00, 0x00, 0x00, 0x00, 0x40, 0x60, 0x30, 0x60, 0x16, 0x60, 0x06, 0x7E, 0x47, 0xF6, 0x6E, 0x66, 0x26, 0x66, 0x06, 0x66, 0x26, 0x7C, 0x36, 0x63, 0x26, 0x63, 0x26, 0x02, 0x00, 0x00, 0x00, 0x00 }, // U+6C60 池
    { 0x00, 0x00, 0x00, 0x00, 0x40, 0x00, 0x37, 0xFE, 0x10, 0x00, 0x00, 0x00, 0xC0, 0x00, 0x6F, 0xFF, 0x21, 0x00, 0x01, 0x00, 0x23, 0x00, 0x33, 0xFC, 0x20, 0x04, 0x20, 0x04, 0x00, 0x00, 0x00, 0x00 }, // U+6C61 污
    { 0x00, 0x00, 0x00, 0x00, 0x40, 0x00, 0x33, 0xFC, 0x10, 0x18, 0x00, 0x60, 0x43, 0x80, 0x67, 0xFE, 0x11, 0x92, 0x01, 0x32, 0x21, 0x22, 0x22, 0x22, 0x26, 0x62, 0x2C, 0x42, 0x00, 0x00, 0x00, 0x00 }, // U+6C64 汤
    { 0x00, 0x00, 0x00, 0x00, 0x40, 0x00, 0x37, 0xFE, 0x10, 0x60, 0x00, 0x60, 0x40, 0x60, 0x60, 0x60, 0x30, 0x60, 0x07, 0xFE, 0x10, 0x60, 0x30, 0x60, 0x20, 0x60, 0x20, 0x60, 0x00, 0x00, 0x00, 0x00 }, // U+6C6A 汪
    { 0x00, 0x00, 0x00, 0x00, 0x60, 0x40, 0x30, 0x40, 0x10, 0x40, 0x07, 0xFE, 0x40, 0x60, 0x60, 0x60, 0x20, 0xE0, 0x00, 0xA0, 0x30, 0x90, 0x31, 0x10, 0x23, 0x88, 0x66, 0x4C, 0x00, 0x00, 0x00, 0x00 }, // U+6C70 汰
    { 0x00, 0x00, 0x00, 0x00, 0x40, 0x00, 0x37, 0xFC, 0x11, 0x08, 0x01, 0x08, 0xC1, 0x10, 0x61, 0x1E, 0x23, 0x86, 0x02, 0x84, 0x22, 0xC4, 0x32, 0x48, 0x26, 0x38, 0x24, 0x30, 0x00, 0x00, 0x00, 0x00 }, // U+6C72 汲
    { 0x00, 0x00, 0x00, 0x00, 0x41, 0x08, 0x31, 0x08, 0x10, 0x98, 0x04, 0xD2, 0x44, 0x62, 0x24, 0x62, 0x04, 0x72, 0x14, 0x92, 0x35, 0x8A, 0x27, 0x0A, 0x24, 0x02, 0x64, 0x02, 0x00, 0x00, 0x00, 0x00 }, // U+6C79 汹
    { 0x00, 0x00, 0x00, 0x00, 0x41, 0x00, 0x33, 0xFE, 0x12, 0x00, 0x06, 0x00, 0x45, 0xFC, 0x60, 0x00, 0x20, 0x00, 0x07, 0xF8, 0x20, 0x08, 0x30, 0x08, 0x20, 0x09, 0x60, 0x0B, 0x00, 0x00, 0x00, 0x00 }, // U+6C7D 汽
    { 0x00, 0x00, 0x00, 0x00, 0x40, 0xA0, 0x31, 0x10, 0x13, 0x18, 0x02, 0x0C, 0xC4, 0x06, 0x68, 0x02, 0x33, 0xFC, 0x01, 0x8C, 0x11, 0x8C, 0x31, 0x0C, 0x21, 0x08, 0x62, 0x08, 0x00, 0x00, 0x00, 0x00 }, // U+6C7E 汾
    { 0x00, 0x00, 0x00, 0x00, 0x40, 0x40, 0x30, 0x20, 0x10, 0x30, 0x01, 0x80, 0x41, 0x82, 0x65, 0x82, 0x25, 0x82, 0x05, 0x82, 0x35, 0x83, 0x3D, 0x84, 0x21, 0x84, 0x21, 0x84, 0x00, 0x00, 0x00, 0x00 }, // U+6C81 沁
    { 0x00, 0x00, 0x00, 0x00, 0x40, 0x06, 0x33, 0xFE, 0x13, 0x00, 0x02, 0x00, 0x42, 0x00, 0x62, 0x00, 0x13, 0xFF, 0x03, 0x18, 0x02, 0x18, 0x32, 0x18, 0x26, 0x18, 0x66, 0x18, 0x00, 0x00, 0x00, 0x00 }, // U+6C82 沂
    { 0x00, 0x00, 0x00, 0x00, 0x40, 0x1C, 0x33, 0xF0, 0x10, 0x60, 0x00, 0x60, 0x40, 0x40, 0x60, 0x40, 0x27, 0xFE, 0x00, 0x60, 0x10, 0x60, 0x30, 0xF0, 0x21, 0x90, 0x23, 0x08, 0x00, 0x00, 0x00, 0x00 }, // U+6C83 沃
    { 0x00, 0x00, 0x00, 0x00, 0x40, 0x40, 0x20, 0x40, 0x17, 0xFE, 0x04, 0x42, 0x44, 0x42, 0x64, 0x42, 0x20, 0xE0, 0x00, 0xA0, 0x20, 0xA0, 0x21, 0x20, 0x23, 0x21, 0x66, 0x23, 0x00, 0x00, 0x00, 0x00 }, // U+6C88 沈
    { 0x00, 0x00, 0x00, 0x00, 0x40, 0x00, 0x37, 0xFE, 0x14, 0x02, 0x04, 0x02, 0x40, 0x00, 0x61, 0xF8, 0x21, 0x18, 0x01, 0x18, 0x21, 0x18, 0x21, 0x18, 0x23, 0x19, 0x62, 0x1B, 0x00, 0x00, 0x00, 0x00 }, // U+6C89 沉
    { 0x00, 0x00, 0x00, 0x00, 0x46, 0x00, 0x36, 0x7E, 0x16, 0x32, 0x06, 0x32, 0x47, 0xB2, 0x6E, 0x22, 0x26, 0x22, 0x06, 0x22, 0x26, 0xA2, 0x27, 0xA2, 0x26, 0x62, 0x24, 0x42, 0x00, 0x00, 0x00, 0x00 }, // U+6C8F 沏
    { 0x00, 0x00, 0x00, 0x00, 0x40, 0x60, 0x30, 0x60, 0x11, 0x68, 0x03, 0x6C, 0xC2, 0x66, 0x66, 0x62, 0x24, 0x66, 0x04, 0x64, 0x10, 0x68, 0x30, 0x18, 0x20, 0x60, 0x20, 0xC0, 0x00, 0x00, 0x00, 0x00 }, // U+6C99 沙
    { 0x00, 0x00, 0x00, 0x00, 0x40, 0x20, 0x20, 0x20, 0x17, 0xFF, 0x00, 0x60, 0x40, 0x20, 0x67, 0xFE, 0x26, 0x62, 0x06, 0x22, 0x26, 0x22, 0x26, 0x22, 0x26, 0x22, 0x26, 0x2E, 0x00, 0x00, 0x00, 0x00 }, // U+6C9B 沛
    { 0x00, 0x00, 0x00, 0x00, 0x01, 0x00, 0x23, 0x00, 0x13, 0xFE, 0x06, 0x06, 0x44, 0x86, 0x60, 0x86, 0x21, 0x86, 0x01, 0x66, 0x02, 0x26, 0x26, 0x36, 0x27, 0xF6, 0x20, 0x16, 0x00, 0x00, 0x00, 0x00 }, // U+6C9F 沟
    { 0x00, 0x00, 0x00, 0x00, 0x40, 0x00, 0x31, 0xF8, 0x11, 0x08, 0x01, 0x08, 0x42, 0x0F, 0x64, 0x00, 0x20, 0x00, 0x07, 0xFC, 0x23, 0x0C, 0x21, 0x88, 0x20, 0xF0, 0x60, 0xE0, 0x00, 0x00, 0x00, 0x00 }, // U+6CA1 没
    { 0x00, 0x00, 0x00, 0x00, 0x47, 0xFE, 0x34, 0x00, 0x15, 0x04, 0x04, 0x8C, 0x44, 0xC8, 0x64, 0x58, 0x24, 0x70, 0x04, 0x30, 0x04, 0x70, 0x24, 0x58, 0x24, 0x88, 0x25, 0x8C, 0x00, 0x00, 0x00, 0x00 }, // U+6CA4 沤
    { 0x00, 0x00, 0x00, 0x00, 0x47, 0xFF, 0x26, 0x00, 0x16, 0x20, 0x06, 0x20, 0x47, 0xFE, 0x26, 0x62, 0x06, 0x62, 0x24, 0x62, 0x24, 0x42, 0x24, 0x42, 0x64, 0xC6, 0x4C, 0x86, 0x00, 0x00, 0x00, 0x00 }, // U+6CA5 沥
    { 0x00, 0x00, 0x00, 0x00, 0x60, 0x60, 0x30, 0xE0, 0x11, 0x90, 0x03, 0x08, 0x46, 0x06, 0x6C, 0x02, 0x23, 0x0C, 0x03, 0x18, 0x13, 0x60, 0x33, 0x82, 0x23, 0x02, 0x23, 0x06, 0x00, 0x00, 0x00, 0x00 }, // U+6CA6 沦
    { 0x00, 0x00, 0x00, 0x00, 0x60, 0x60, 0x30, 0xE0, 0x19, 0x90, 0x03, 0x08, 0x86, 0x06, 0x6F, 0xFE, 0x22, 0x0C, 0x02, 0x0C, 0x12, 0x0C, 0x32, 0x08, 0x22, 0x7A, 0x22, 0x02, 0x00, 0x00, 0x00, 0x00 }, // U+6CA7 沧
    { 0x00, 0x00, 0x00, 0x00, 0x40, 0x40, 0x30, 0x20, 0x13, 0xFE, 0x02, 0x02, 0xC2, 0x02, 0x62, 0x02, 0x22, 0x02, 0x03, 0xFE, 0x22, 0x02, 0x36, 0x00, 0x24, 0x00, 0x64, 0x00, 0x00, 0x00, 0x00, 0x00 }, // U+6CAA 沪
    { 0x00, 0x00, 0x00, 0x00, 0x40, 0x60, 0x30, 0x60, 0x1F, 0xFE, 0x00, 0x60, 0x40, 0x60, 0x60, 0x60, 0x27, 0xFE, 0x00, 0xE0, 0x00, 0xF0, 0x31, 0x70, 0x31, 0x68, 0x22, 0x64, 0x00, 0x00, 0x00, 0x00 }, // U+6CAB 沫
    { 0x00, 0x00, 0x00, 0x00, 0x43, 0xFC, 0x32, 0x04, 0x12, 0x04, 0x02, 0x04, 0x43, 0xFC, 0x62, 0x04, 0x32, 0x04, 0x02, 0x04, 0x23, 0xFC, 0x22, 0x04, 0x22, 0x04, 0x62, 0x04, 0x00, 0x00, 0x00, 0x00 }, // U+6CAE 沮
    { 0x00, 0x00, 0x00, 0x00, 0x40, 0x00, 0x37, 0xFF, 0x10, 0x04, 0x00, 0x04, 0x47, 0xE4, 0x66, 0x24, 0x26, 0x24, 0x06, 0x24, 0x16, 0x24, 0x37, 0xE4, 0x26, 0x04, 0x20, 0x04, 0x00, 0x00, 0x00, 0x00 }, // U+6CB3 河
    { 0x00, 0x00, 0x00, 0x00, 0x41, 0x30, 0x21, 0x30, 0x1F, 0xFE, 0x01, 0x32, 0x41, 0x32, 0x2F, 0xFE, 0x09, 0x32, 0x09, 0x30, 0x2F, 0xFE, 0x21, 0x32, 0x63, 0x32, 0x62, 0x3E, 0x00, 0x00, 0x00, 0x00 }, // U+6CB8 沸
    { 0x00, 0x00, 0x00, 0x00, 0x40, 0x20, 0x30, 0x20, 0x17, 0xFE, 0x04, 0x62, 0x44, 0x22, 0x64, 0x22, 0x24, 0x22, 0x07, 0xFE, 0x24, 0x22, 0x24, 0x22, 0x24, 0x22, 0x64, 0x22, 0x00, 0x00, 0x00, 0x00 }, // U+6CB9 油
    { 0x00, 0x00, 0x00, 0x00, 0x40, 0xC0, 0x30, 0x80, 0x11, 0x88, 0x03, 0x0C, 0x46, 0x06, 0x67, 0xFE, 0x20, 0x02, 0x00, 0x00, 0x23, 0xFC, 0x22, 0x04, 0x22, 0x04, 0x62, 0x04, 0x00, 0x00, 0x00, 0x00 }, // U+6CBB 治
    { 0x00, 0x00, 0x00, 0x00, 0x47, 0xFE, 0x20, 0x82, 0x10, 0x82, 0x01, 0x82, 0x41, 0x02, 0x62, 0x06, 0x24, 0x3C, 0x00, 0x00, 0x03, 0xFE, 0x12, 0x06, 0x32, 0x06, 0x22, 0x06, 0x00, 0x00, 0x00, 0x00 }, // U+6CBC 沼
    { 0x00, 0x00, 0x00, 0x00, 0x40, 0x20, 0x30, 0x20, 0x10, 0x20, 0x07, 0xFF, 0x40, 0x20, 0x60, 0x20, 0x20, 0x20, 0x03, 0xFE, 0x12, 0x02, 0x12, 0x02, 0x32, 0x02, 0x22, 0x02, 0x00, 0x00, 0x00, 0x00 }, // U+6CBD 沽
    { 0x00, 0x00, 0x00, 0x00, 0x20, 0x60, 0x18, 0x60, 0x08, 0x60, 0x00, 0x7F, 0x40, 0x60, 0x60, 0x60, 0x10, 0x60, 0x03, 0xFE, 0x12, 0x06, 0x32, 0x06, 0x32, 0x06, 0x22, 0x06, 0x00, 0x00, 0x00, 0x00 }, // U+6CBE 沾
    { 0x00, 0x00, 0x00, 0x00, 0x40, 0x00, 0x31, 0xF8, 0x11, 0x08, 0x01, 0x08, 0x43, 0x08, 0x62, 0x0F, 0x24, 0x00, 0x03, 0xFC, 0x12, 0x04, 0x32, 0x04, 0x22, 0x04, 0x22, 0x04, 0x00, 0x00, 0x00, 0x00 }, // U+6CBF 沿
    { 0x00, 0x00, 0x00, 0x00, 0x40, 0x4C, 0x36, 0x4C, 0x16, 0x4C, 0x06, 0x4C, 0x4F, 0xFF, 0x66, 0x4C, 0x26, 0x4C, 0x06, 0x4C, 0x26, 0x4C, 0x26, 0x7C, 0x26, 0x4C, 0x66, 0x00, 0x00, 0x00, 0x00, 0x00 }, // U+6CC4 泄
    { 0x00, 0x00, 0x00, 0x00, 0x47, 0xFE, 0x34, 0x02, 0x14, 0x62, 0x04, 0x62, 0x44, 0x42, 0x64, 0x42, 0x24, 0x62, 0x04, 0xF2, 0x24, 0x92, 0x25, 0x8A, 0x25, 0x0A, 0x64, 0x02, 0x00, 0x00, 0x00, 0x00 }, // U+6CC5 泅
    { 0x00, 0x00, 0x01, 0x00, 0x03, 0x00, 0x3F, 0xFC, 0x30, 0x04, 0x30, 0x04, 0x3F, 0xFC, 0x30, 0x04, 0x30, 0x04, 0x3F, 0xFC, 0x00, 0xC4, 0x7C, 0xB8, 0x0C, 0xB0, 0x18, 0x98, 0x00, 0x00, 0x00, 0x00 }, // U+6CC9 泉
    { 0x00, 0x00, 0x00, 0x00, 0x60, 0x40, 0x30, 0x40, 0x13, 0xFE, 0x02, 0x06, 0x42, 0x06, 0x62, 0x06, 0x12, 0x06, 0x03, 0xFE, 0x12, 0x06, 0x32, 0x06, 0x32, 0x06, 0x22, 0x06, 0x00, 0x00, 0x00, 0x00 }, // U+6CCA 泊
    { 0x00, 0x00, 0x00, 0x00, 0x40, 0x40, 0x30, 0x64, 0x11, 0x2C, 0x01, 0x08, 0x41, 0x08, 0x65, 0x12, 0x25, 0x12, 0x05, 0x23, 0x35, 0x63, 0x3D, 0xC4, 0x21, 0x84, 0x23, 0x04, 0x00, 0x00, 0x00, 0x00 }, // U+6CCC 泌
    { 0x00, 0x00, 0x00, 0x00, 0x40, 0x60, 0x30, 0x60, 0x10, 0x60, 0x07, 0xFE, 0x40, 0x60, 0x60, 0x60, 0x20, 0x60, 0x0F, 0xFF, 0x20, 0xC0, 0x20, 0x80, 0x21, 0x88, 0x63, 0x0C, 0x00, 0x00, 0x00, 0x00 }, // U+6CD5 法
    { 0x00, 0x00, 0x00, 0x00, 0x40, 0x1E, 0x37, 0xF0, 0x10, 0x40, 0x00, 0x60, 0x40, 0x20, 0x67, 0xFC, 0x20, 0x0C, 0x00, 0x18, 0x20, 0x30, 0x20, 0xE0, 0x21, 0x80, 0x67, 0x00, 0x00, 0x00, 0x00, 0x00 }, // U+6CDB 泛
    { 0x00, 0x00, 0x00, 0x00, 0x40, 0x40, 0x30, 0x20, 0x17, 0xFE, 0x04, 0x02, 0xC0, 0x02, 0x60, 0x00, 0x2F, 0xFF, 0x00, 0x60, 0x20, 0x20, 0x30, 0x20, 0x20, 0x20, 0x60, 0x20, 0x00, 0x00, 0x00, 0x00 }, // U+6CDE 泞
    { 0x00, 0x00, 0x00, 0x00, 0x42, 0x00, 0x33, 0xFC, 0x16, 0x04, 0x0C, 0x04, 0x4F, 0xE4, 0x66, 0x24, 0x24, 0x24, 0x04, 0x24, 0x27, 0xE4, 0x26, 0x04, 0x24, 0x79, 0x24, 0x03, 0x00, 0x00, 0x00, 0x00 }, // U+6CE1 泡
    { 0x00, 0x00, 0x00, 0x00, 0x40, 0x20, 0x30, 0x20, 0x17, 0xFE, 0x46, 0x22, 0x64, 0x20, 0x27, 0xFC, 0x05, 0x84, 0x24, 0x84, 0x24, 0xC8, 0x24, 0x58, 0x64, 0x70, 0x68, 0x70, 0x00, 0x00, 0x00, 0x00 }, // U+6CE2 波
    { 0x00, 0x00, 0x00, 0x00, 0x00, 0x40, 0x70, 0x20, 0x17, 0xFE, 0x00, 0x00, 0x00, 0x00, 0x42, 0x0C, 0x23, 0x0C, 0x01, 0x08, 0x01, 0x08, 0x31, 0x08, 0x31, 0x98, 0x20, 0x90, 0x00, 0x00, 0x00, 0x00 }, // U+6CE3 泣
    { 0x00, 0x00, 0x00, 0x00, 0x47, 0xFE, 0x36, 0x02, 0x16, 0x02, 0x06, 0x02, 0xC7, 0xFE, 0x66, 0x02, 0x26, 0x80, 0x06, 0x86, 0x24, 0x8C, 0x34, 0xB0, 0x24, 0xE2, 0x6C, 0x82, 0x00, 0x00, 0x00, 0x00 }, // U+6CE5 泥
    { 0x00, 0x00, 0x00, 0x00, 0x40, 0x40, 0x30, 0x60, 0x17, 0xFE, 0x00, 0x60, 0x40, 0x60, 0x60, 0x60, 0x20, 0x60, 0x07, 0xFE, 0x20, 0x60, 0x20, 0x60, 0x20, 0x60, 0x60, 0x60, 0x00, 0x00, 0x00, 0x00 }, // U+6CE8 注
    { 0x00, 0x00, 0x00, 0x00, 0x40, 0x00, 0x37, 0xFE, 0x16, 0x06, 0x06, 0x02, 0x47, 0xFE, 0x66, 0x06, 0x26, 0x02, 0x06, 0x02, 0x27, 0xFE, 0x26, 0x06, 0x26, 0x02, 0x66, 0x02, 0x00, 0x00, 0x00, 0x00 }, // U+6CEA 泪
    { 0x00, 0x00, 0x00, 0x00, 0x01, 0x00, 0x7F, 0xFE, 0x01, 0x00, 0x3F, 0xFC, 0x02, 0x00, 0xFF, 0xFF, 0x08, 0x30, 0x19, 0x98, 0x7D, 0xBE, 0xC5, 0xA2, 0x07, 0xE0, 0x3D, 0x9C, 0x00, 0x00, 0x00, 0x00 }, // U+6CF0 泰
    { 0x00, 0x00, 0x00, 0x00, 0x40, 0x80, 0x30, 0x20, 0x10, 0x00, 0x03, 0xC0, 0x40, 0x62, 0x67, 0x64, 0x21, 0x78, 0x01, 0x70, 0x22, 0x50, 0x22, 0x48, 0x24, 0x4C, 0x6C, 0x46, 0x00, 0x00, 0x00, 0x00 }, // U+6CF3 泳
    { 0x00, 0x00, 0x00, 0x00, 0x7F, 0xFE, 0x0C, 0x00, 0x1F, 0xFC, 0x30, 0x0C, 0x50, 0x0C, 0x1F, 0xFC, 0x10, 0x8C, 0x00, 0x8C, 0x7C, 0xCC, 0x0C, 0xF0, 0x18, 0x90, 0x30, 0x8C, 0x00, 0x00, 0x00, 0x00 }, // U+6CF5 泵
    { 0x00, 0x00, 0x00, 0x00, 0x4F, 0xFE, 0x2C, 0x02, 0x1C, 0x02, 0x03, 0x00, 0x43, 0xFC, 0x62, 0x00, 0x22, 0x00, 0x03, 0xFE, 0x20, 0x06, 0x20, 0x06, 0x2F, 0xF6, 0x60, 0x06, 0x00, 0x00, 0x00, 0x00 }, // U+6CFB 泻
    { 0x00, 0x00, 0x00, 0x00, 0x40, 0xC8, 0x24, 0xC6, 0x14, 0x80, 0x0F, 0xFF, 0x41, 0x80, 0x21, 0x00, 0x01, 0xFE, 0x03, 0x84, 0x22, 0x84, 0x24, 0xC8, 0x6C, 0x70, 0x68, 0x70, 0x00, 0x00, 0x00, 0x00 }, // U+6CFC 泼
    { 0x00, 0x00, 0x00, 0x00, 0x40, 0x00, 0x37, 0xFC, 0x13, 0x04, 0x01, 0x08, 0x40, 0x98, 0x60, 0xE0, 0x61, 0xF0, 0x23, 0x1C, 0x0C, 0x46, 0x00, 0x40, 0x27, 0xFE, 0x20, 0x60, 0x00, 0x00, 0x00, 0x00 }, // U+6CFD 泽
    { 0x00, 0x00, 0x00, 0x00, 0x40, 0x60, 0x30, 0x60, 0x17, 0xFF, 0x00, 0x60, 0x40, 0x60, 0x67, 0xFE, 0x20, 0x00, 0x00, 0x00, 0x13, 0xFE, 0x32, 0x06, 0x22, 0x06, 0x22, 0x06, 0x00, 0x00, 0x00, 0x00 }, // U+6D01 洁
    { 0x00, 0x00, 0x00, 0x00, 0x41, 0x08, 0x31, 0x98, 0x17, 0xFE, 0x00, 0x60, 0x40, 0x60, 0x60, 0x60, 0x27, 0xFC, 0x00, 0x60, 0x10, 0x60, 0x30, 0x60, 0x27, 0xFE, 0x60, 0x60, 0x00, 0x00, 0x00, 0x00 }, // U+6D0B 洋
    { 0x00, 0x00, 0x00, 0x00, 0x4F, 0xFE, 0x20, 0xB0, 0x10, 0x90, 0x00, 0x90, 0x47, 0xFE, 0x65, 0xB2, 0x25, 0x92, 0x05, 0x12, 0x05, 0x12, 0x27, 0x1E, 0x26, 0x02, 0x24, 0x02, 0x00, 0x00, 0x00, 0x00 }, // U+6D12 洒
    { 0x00, 0x00, 0x00, 0x00, 0x40, 0x60, 0x32, 0x60, 0x12, 0x60, 0x07, 0xFE, 0x44, 0x60, 0x64, 0x60, 0x20, 0x60, 0x0F, 0xFF, 0x01, 0x90, 0x21, 0x10, 0x21, 0x11, 0x63, 0x11, 0x00, 0x00, 0x00, 0x00 }, // U+6D17 洗
    { 0x00, 0x00, 0x00, 0x00, 0x41, 0x00, 0x33, 0xFC, 0x13, 0x0C, 0x05, 0x98, 0x48, 0xF0, 0x61, 0xF8, 0x2E, 0x06, 0x00, 0x00, 0x33, 0xFC, 0x32, 0x04, 0x22, 0x04, 0x22, 0x04, 0x00, 0x00, 0x00, 0x00 }, // U+6D1B 洛
    { 0x00, 0x00, 0x00, 0x00, 0x40, 0x00, 0x27, 0xFE, 0x14, 0x02, 0x04, 0x02, 0x45, 0xFA, 0x64, 0x02, 0x24, 0x02, 0x05, 0xFA, 0x25, 0x1A, 0x25, 0x1A, 0x25, 0x1A, 0x65, 0xFA, 0x00, 0x00, 0x00, 0x00 }, // U+6D1E 洞
    { 0x00, 0x00, 0x00, 0x00, 0x40, 0x40, 0x37, 0xFC, 0x10, 0x44, 0x00, 0x44, 0x4F, 0xFF, 0x60, 0x44, 0x20, 0x44, 0x07, 0xFC, 0x00, 0x40, 0x2F, 0xFE, 0x20, 0x40, 0x60, 0x40, 0x00, 0x00, 0x00, 0x00 }, // U+6D25 津
    { 0x00, 0x00, 0x00, 0x00, 0x41, 0x08, 0x21, 0x08, 0x11, 0x08, 0x07, 0xFE, 0x41, 0x08, 0x61, 0x08, 0x21, 0x08, 0x01, 0x08, 0x01, 0x08, 0x2F, 0xFF, 0x20, 0x00, 0x21, 0x18, 0x00, 0x00, 0x00, 0x00 }, // U+6D2A 洪
    { 0x00, 0x00, 0x00, 0x00, 0x47, 0xFE, 0x32, 0x0C, 0x12, 0x0C, 0x03, 0xFC, 0x42, 0x0C, 0x62, 0x0C, 0x13, 0xFC, 0x02, 0x0C, 0x12, 0x0C, 0x33, 0x3F, 0x2F, 0xEC, 0x20, 0x0C, 0x00, 0x00, 0x00, 0x00 }, // U+6D31 洱
    { 0x00, 0x00, 0x00, 0x00, 0x42, 0x02, 0x22, 0x22, 0x12, 0x22, 0x02, 0x22, 0x47, 0xB2, 0x6A, 0xAA, 0x2A, 0xAA, 0x0A, 0x2A, 0x0A, 0x22, 0x22, 0x22, 0x22, 0x22, 0x66, 0x22, 0x00, 0x00, 0x00, 0x00 }, // U+6D32 洲
    { 0x00, 0x00, 0x00, 0x00, 0x40, 0x1E, 0x37, 0xF8, 0x10, 0x60, 0x00, 0x60, 0xCF, 0xFF, 0x60, 0x60, 0x20, 0x60, 0x00, 0x60, 0x23, 0xFE, 0x32, 0x06, 0x22, 0x06, 0x22, 0x06, 0x00, 0x00, 0x00, 0x00 }, // U+6D3B 活
    { 0x00, 0x00, 0x00, 0x00, 0x40, 0x60, 0x30, 0x60, 0x17, 0xFE, 0x00, 0x60, 0x40, 0x60, 0x60, 0x60, 0x17, 0xFE, 0x00, 0x00, 0x10, 0x20, 0x37, 0xFE, 0x20, 0x60, 0x20, 0x20, 0x00, 0x00, 0x00, 0x00 }, // U+6D3C 洼
    { 0x00, 0x00, 0x00, 0x00, 0x40, 0x60, 0x30, 0xE0, 0x10, 0x90, 0x03, 0x08, 0x46, 0x06, 0x6F, 0xFF, 0x20, 0x00, 0x00, 0x00, 0x27, 0xFE, 0x26, 0x06, 0x26, 0x06, 0x66, 0x06, 0x00, 0x00, 0x00, 0x00 }, // U+6D3D 洽
    { 0x00, 0x00, 0x00, 0x00, 0x40, 0x1E, 0x37, 0xF8, 0x14, 0x00, 0x04, 0x0E, 0x44, 0xF8, 0x64, 0x90, 0x24, 0x92, 0x04, 0x9C, 0x24, 0x98, 0x24, 0x88, 0x64, 0x8C, 0x48, 0x86, 0x00, 0x00, 0x00, 0x00 }, // U+6D3E 派
    { 0x00, 0x00, 0x00, 0x00, 0x40, 0x40, 0x20, 0x40, 0x17, 0xFE, 0x01, 0x80, 0x47, 0x08, 0x67, 0xFC, 0x20, 0x02, 0x20, 0x48, 0x22, 0x48, 0x22, 0x48, 0x22, 0x49, 0x64, 0x49, 0x00, 0x00, 0x00, 0x00 }, // U+6D41 流
    { 0x00, 0x00, 0x00, 0x00, 0x60, 0x90, 0x30, 0x88, 0x10, 0xC0, 0x00, 0xFE, 0x47, 0xE0, 0x60, 0xC0, 0x20, 0xFE, 0x07, 0xE0, 0x00, 0x44, 0x30, 0x4C, 0x30, 0x71, 0x20, 0xE3, 0x00, 0x00, 0x00, 0x00 }, // U+6D45 浅
    { 0x00, 0x00, 0x00, 0x00, 0x44, 0x40, 0x24, 0xFE, 0x25, 0x06, 0x06, 0x4C, 0x1C, 0x70, 0x74, 0xE0, 0x45, 0x80, 0x01, 0x80, 0x7D, 0x8C, 0x05, 0xD8, 0x09, 0xE0, 0x11, 0xB0, 0x00, 0x00, 0x00, 0x00 }, // U+6D46 浆
    { 0x00, 0x00, 0x00, 0x00, 0x41, 0x00, 0x31, 0xFE, 0x1F, 0xC0, 0x00, 0xCC, 0x40, 0x7A, 0x61, 0xE2, 0x26, 0x1E, 0x00, 0x00, 0x2F, 0xFE, 0x21, 0x30, 0x21, 0x30, 0x61, 0x33, 0x00, 0x00, 0x00, 0x00 }, // U+6D47 浇
    { 0x00, 0x00, 0x00, 0x00, 0x40, 0x40, 0x20, 0x40, 0x17, 0xFE, 0x06, 0x66, 0x44, 0x46, 0x64, 0x46, 0x24, 0x46, 0x04, 0x46, 0x07, 0xFE, 0x26, 0x66, 0x20, 0x44, 0x20, 0x46, 0x00, 0x00, 0x00, 0x00 }, // U+6D4A 浊
    { 0x00, 0x00, 0x00, 0x00, 0x40, 0x02, 0x2F, 0xDA, 0x18, 0x5A, 0x09, 0x5A, 0x89, 0x5A, 0x49, 0x5A, 0x69, 0x5A, 0x29, 0x5A, 0x09, 0x5A, 0x2B, 0x5A, 0x23, 0x1A, 0x23, 0x02, 0x00, 0x00, 0x00, 0x00 }, // U+6D4B 测
    { 0x00, 0x00, 0x00, 0x00, 0x4F, 0xFE, 0x23, 0x08, 0x11, 0x18, 0x41, 0x90, 0x60, 0xE0, 0x20, 0xE0, 0x01, 0xB8, 0x06, 0x0F, 0x09, 0x18, 0x01, 0x18, 0x23, 0x18, 0x22, 0x18, 0x00, 0x00, 0x00, 0x00 }, // U+6D4E 济
    { 0x00, 0x00, 0x00, 0x00, 0x47, 0xFE, 0x24, 0x02, 0x14, 0x82, 0x01, 0x80, 0x4F, 0xFE, 0x63, 0x00, 0x22, 0x20, 0x06, 0x20, 0x07, 0xFE, 0x20, 0x20, 0x20, 0x20, 0x2F, 0xFF, 0x00, 0x00, 0x00, 0x00 }, // U+6D51 浑
    { 0x00, 0x00, 0x00, 0x00, 0x40, 0x60, 0x20, 0x40, 0x17, 0xFE, 0x04, 0xC2, 0x44, 0xC2, 0x60, 0x80, 0x21, 0x22, 0x03, 0x2C, 0x23, 0x18, 0x27, 0x10, 0x2D, 0x08, 0x29, 0x0C, 0x00, 0x00, 0x00, 0x00 }, // U+6D53 浓
    { 0x00, 0x00, 0x00, 0x00, 0x42, 0x06, 0x22, 0x7C, 0x12, 0x40, 0x0F, 0xC0, 0x42, 0x40, 0x62, 0x7F, 0x23, 0xC4, 0x0F, 0x44, 0x2E, 0x44, 0x22, 0x44, 0x22, 0x44, 0x62, 0xC4, 0x00, 0x00, 0x00, 0x00 }, // U+6D59 浙
    { 0x00, 0x00, 0x00, 0x00, 0x40, 0xC0, 0x21, 0x88, 0x13, 0x0C, 0x07, 0xFE, 0x40, 0x02, 0x61, 0x08, 0x26, 0x04, 0x09, 0x82, 0x23, 0xFC, 0x27, 0x08, 0x2C, 0x98, 0x60, 0x60, 0x00, 0x00, 0x00, 0x00 }, // U+6D5A 浚
    { 0x00, 0x00, 0x00, 0x00, 0x40, 0x68, 0x20, 0x64, 0x1F, 0xFF, 0x00, 0x60, 0x47, 0xFE, 0x64, 0x62, 0x24, 0x62, 0x07, 0xFE, 0x24, 0x62, 0x24, 0x62, 0x27, 0xFE, 0x24, 0x62, 0x00, 0x00, 0x00, 0x00 }, // U+6D66 浦
    { 0x00, 0x00, 0x00, 0x00, 0x40, 0x20, 0x32, 0x20, 0x13, 0xFE, 0x04, 0x20, 0x40, 0x20, 0x6F, 0xFF, 0x20, 0x00, 0x00, 0x00, 0x23, 0xFC, 0x22, 0x04, 0x22, 0x04, 0x62, 0x04, 0x00, 0x00, 0x00, 0x00 }, // U+6D69 浩
    { 0x00, 0x00, 0x00, 0x00, 0x40, 0x40, 0x20, 0x40, 0x17, 0xFC, 0x04, 0x04, 0x47, 0xFC, 0x64, 0x04, 0x24, 0x04, 0x07, 0xFC, 0x24, 0xC4, 0x34, 0x42, 0x24, 0x6C, 0x24, 0x38, 0x00, 0x00, 0x00, 0x00 }, // U+6D6A 浪
    { 0x00, 0x00, 0x00, 0x00, 0x40, 0x1E, 0x27, 0xF0, 0x14, 0xC4, 0x42, 0x48, 0x60, 0x00, 0x27, 0xFC, 0x00, 0x0C, 0x20, 0x30, 0x2F, 0xFF, 0x60, 0x60, 0x60, 0x20, 0x00, 0x00, 0x00, 0x00, 0x00, 0x00 }, // U+6D6E 浮
    { 0x00, 0x00, 0x00, 0x00, 0x40, 0x90, 0x31, 0x08, 0x16, 0x66, 0x04, 0x62, 0x40, 0xE0, 0x60, 0x90, 0x21, 0x18, 0x02, 0x0E, 0x04, 0x06, 0x1F, 0xFC, 0x32, 0x04, 0x22, 0x04, 0x00, 0x00, 0x00, 0x00 }, // U+6D74 浴
    { 0x00, 0x00, 0x00, 0x00, 0x43, 0x00, 0x33, 0xFE, 0x14, 0x00, 0x0C, 0x00, 0x4B, 0xFC, 0x62, 0x44, 0x26, 0x64, 0x06, 0x24, 0x0F, 0xFF, 0x24, 0x84, 0x24, 0x44, 0x24, 0x24, 0x00, 0x00, 0x00, 0x00 }, // U+6D77 海
    { 0x00, 0x00, 0x00, 0x00, 0x47, 0xFC, 0x20, 0x04, 0x13, 0xFC, 0x00, 0x04, 0x47, 0xFC, 0x20, 0x00, 0x0F, 0xFF, 0x08, 0x03, 0x03, 0xFC, 0x21, 0x08, 0x20, 0x90, 0x20, 0xE0, 0x00, 0x00, 0x00, 0x00 }, // U+6D78 浸
    { 0x00, 0x00, 0x00, 0x00, 0x40, 0x60, 0x30, 0xE0, 0x11, 0x90, 0x03, 0x18, 0x46, 0x0E, 0x6F, 0xFA, 0x20, 0x40, 0x00, 0x40, 0x07, 0xFE, 0x20, 0x40, 0x22, 0x48, 0x66, 0x44, 0x00, 0x00, 0x00, 0x00 }, // U+6D82 涂
    { 0x00, 0x00, 0x00, 0x00, 0x47, 0xFC, 0x34, 0x04, 0x04, 0x04, 0x07, 0xFC, 0xC4, 0x04, 0x64, 0x04, 0x27, 0xFC, 0x04, 0x04, 0x00, 0x40, 0x30, 0x40, 0x27, 0xFE, 0x20, 0x40, 0x00, 0x00, 0x00, 0x00 }, // U+6D85 涅
    { 0x00, 0x00, 0x00, 0x00, 0x44, 0x62, 0x36, 0x66, 0x13, 0x68, 0x01, 0x60, 0x40, 0x60, 0x27, 0xFE, 0x04, 0x06, 0x27, 0xFE, 0x24, 0x02, 0x67, 0xFE, 0x64, 0x02, 0x00, 0x00, 0x00, 0x00, 0x00, 0x00 }, // U+6D88 消
    { 0x00, 0x00, 0x00, 0x00, 0x40, 0x20, 0x32, 0x20, 0x12, 0x3E, 0x02, 0x20, 0x42, 0x20, 0x6F, 0xFF, 0x20, 0x20, 0x01, 0x20, 0x33, 0x24, 0x32, 0x24, 0x24, 0x28, 0x24, 0x18, 0x00, 0x00, 0x00, 0x00 }, // U+6D89 涉
    { 0x00, 0x00, 0x00, 0x00, 0x40, 0x00, 0x37, 0xFE, 0x10, 0x0C, 0x03, 0x30, 0x40, 0xE0, 0x67, 0xFE, 0x24, 0x42, 0x04, 0x42, 0x27, 0xFE, 0x24, 0x42, 0x24, 0x42, 0x67, 0xFE, 0x00, 0x00, 0x00, 0x00 }, // U+6D8C 涌
    { 0x00, 0x00, 0x00, 0x00, 0x40, 0x06, 0x2F, 0x7C, 0x13, 0x08, 0x02, 0x08, 0x44, 0x48, 0x6F, 0x4E, 0x21, 0x48, 0x01, 0x48, 0x29, 0x48, 0x2F, 0x48, 0x66, 0x7E, 0x66, 0x00, 0x00, 0x00, 0x00, 0x00 }, // U+6D8E 涎
    { 0x00, 0x00, 0x00, 0x00, 0x41, 0x08, 0x31, 0x90, 0x17, 0xFE, 0x00, 0x42, 0x40, 0x42, 0x27, 0xFE, 0x04, 0x40, 0x04, 0x40, 0x07, 0xFE, 0x20, 0xC2, 0x21, 0xC2, 0x26, 0x5E, 0x00, 0x00, 0x00, 0x00 }, // U+6D95 涕
    { 0x00, 0x00, 0x00, 0x00, 0x40, 0x40, 0x67, 0xFE, 0x10, 0xC0, 0x00, 0xC0, 0x07, 0xFE, 0x60, 0x80, 0x20, 0x80, 0x0F, 0xFF, 0x01, 0x08, 0x23, 0xFF, 0x26, 0x08, 0x2D, 0x88, 0x00, 0x00, 0x00, 0x00 }, // U+6D9B 涛
    { 0x00, 0x00, 0x00, 0x00, 0x41, 0x88, 0x27, 0xFF, 0x11, 0x88, 0x00, 0x00, 0x47, 0xFE, 0x64, 0x02, 0x24, 0xC2, 0x00, 0xC0, 0x27, 0xFE, 0x20, 0x86, 0x20, 0x84, 0x61, 0x84, 0x00, 0x00, 0x00, 0x00 }, // U+6D9D 涝
    { 0x00, 0x00, 0x00, 0x00, 0x48, 0x20, 0x64, 0x20, 0x27, 0xFE, 0x02, 0x40, 0x80, 0xD0, 0x6C, 0x90, 0x24, 0xFE, 0x04, 0x10, 0x24, 0x10, 0x65, 0xFF, 0x64, 0x10, 0x44, 0x10, 0x00, 0x00, 0x00, 0x00 }, // U+6D9F 涟
    { 0x00, 0x00, 0x00, 0x00, 0x40, 0x00, 0x33, 0xFC, 0x12, 0x04, 0x02, 0x04, 0xC3, 0xFC, 0x62, 0x64, 0x20, 0x40, 0x07, 0xFE, 0x24, 0x42, 0x24, 0x62, 0x24, 0xB2, 0x25, 0x9A, 0x00, 0x00, 0x00, 0x00 }, // U+6DA1 涡
    { 0x00, 0x00, 0x00, 0x00, 0x41, 0x80, 0x31, 0x00, 0x13, 0xF8, 0x06, 0x18, 0x44, 0x30, 0x67, 0xFE, 0x24, 0x46, 0x04, 0x46, 0x24, 0x46, 0x2F, 0xFF, 0x60, 0xE0, 0x60, 0x90, 0x00, 0x00, 0x00, 0x00 }, // U+6DA3 涣
    { 0x00, 0x00, 0x00, 0x00, 0x41, 0x00, 0x23, 0xFC, 0x17, 0x0C, 0x04, 0xD8, 0x40, 0x70, 0x21, 0xDC, 0x0E, 0x67, 0x00, 0x60, 0x27, 0xFE, 0x20, 0x60, 0x62, 0x60, 0x42, 0x68, 0x00, 0x00, 0x00, 0x00 }, // U+6DA4 涤
    { 0x00, 0x00, 0x00, 0x00, 0x02, 0x7E, 0x63, 0x02, 0x34, 0x02, 0x04, 0x02, 0x05, 0xFA, 0x64, 0x62, 0x24, 0x62, 0x05, 0xFA, 0x04, 0x62, 0x24, 0x62, 0x24, 0x62, 0x25, 0xFA, 0x00, 0x00, 0x00, 0x00 }, // U+6DA6 润
    { 0x00, 0x00, 0x00, 0x00, 0x42, 0x00, 0x32, 0x7E, 0x11, 0x02, 0x0C, 0x02, 0x4D, 0xFA, 0x6D, 0x1A, 0x2D, 0x1A, 0x0D, 0xFA, 0x2D, 0x1A, 0x2D, 0x1A, 0x2D, 0xFA, 0x6D, 0x02, 0x00, 0x00, 0x00, 0x00 }, // U+6DA7 涧
    { 0x00, 0x00, 0x00, 0x00, 0x40, 0x40, 0x3E, 0x42, 0x02, 0x44, 0x02, 0x48, 0x42, 0x50, 0x2E, 0x40, 0x08, 0xFF, 0x08, 0x48, 0x0E, 0x48, 0x22, 0x48, 0x22, 0x44, 0x62, 0x56, 0x00, 0x00, 0x00, 0x00 }, // U+6DA8 涨
    { 0x00, 0x00, 0x00, 0x00, 0x47, 0xFE, 0x30, 0x42, 0x12, 0x42, 0x06, 0x42, 0x44, 0x86, 0x61, 0x3C, 0x26, 0x00, 0x00, 0x20, 0x32, 0x20, 0x32, 0x3E, 0x22, 0x20, 0x22, 0x20, 0x00, 0x00, 0x00, 0x00 }, // U+6DA9 涩
    { 0x00, 0x00, 0x00, 0x00, 0x40, 0x40, 0x30, 0x60, 0x17, 0xFE, 0x01, 0x0C, 0x41, 0x08, 0x60, 0x98, 0x2F, 0xFF, 0x00, 0x00, 0x23, 0xFC, 0x22, 0x04, 0x22, 0x04, 0x62, 0x04, 0x00, 0x00, 0x00, 0x00 }, // U+6DAA 涪
    { 0x00, 0x00, 0x00, 0x00, 0x47, 0xFF, 0x24, 0x20, 0x14, 0x20, 0x05, 0xFE, 0x44, 0x20, 0x24, 0x20, 0x07, 0xFE, 0x24, 0x20, 0x24, 0x20, 0x2F, 0xFE, 0x68, 0x20, 0x48, 0x20, 0x00, 0x00, 0x00, 0x00 }, // U+6DAF 涯
    { 0x00, 0x00, 0x00, 0x00, 0x00, 0x60, 0x77, 0xFF, 0x00, 0x00, 0x02, 0x60, 0xC2, 0x40, 0x66, 0x7E, 0x06, 0xC6, 0x0E, 0xB4, 0x3F, 0xD4, 0x26, 0x4C, 0x26, 0x38, 0x26, 0x30, 0x00, 0x00, 0x00, 0x00 }, // U+6DB2 液
    { 0x00, 0x00, 0x00, 0x00, 0x47, 0xFC, 0x30, 0x0C, 0x00, 0x38, 0x00, 0x60, 0x02, 0x4A, 0x69, 0x5A, 0x29, 0x52, 0x08, 0x42, 0x09, 0xF2, 0x2B, 0x5A, 0x2E, 0x4A, 0x28, 0x42, 0x00, 0x00, 0x00, 0x00 }, // U+6DB5 涵
    { 0x00, 0x00, 0x00, 0x00, 0x47, 0xFE, 0x24, 0x02, 0x14, 0x42, 0x04, 0x42, 0x45, 0xFA, 0x24, 0x42, 0x05, 0xF2, 0x25, 0x92, 0x25, 0x92, 0x25, 0xF2, 0x65, 0x92, 0x64, 0x02, 0x00, 0x00, 0x00, 0x00 }, // U+6DB8 涸
    { 0x00, 0x00, 0x00, 0x00, 0x40, 0x20, 0x37, 0xFE, 0x16, 0x02, 0x04, 0x02, 0x40, 0x00, 0x67, 0xFF, 0x20, 0x20, 0x00, 0x20, 0x22, 0x20, 0x22, 0x3E, 0x22, 0x20, 0x26, 0x20, 0x00, 0x00, 0x00, 0x00 }, // U+6DC0 淀
    { 0x00, 0x00, 0x00, 0x00, 0x42, 0x22, 0x36, 0x64, 0x1C, 0xC8, 0x06, 0x66, 0x42, 0x22, 0x20, 0x00, 0x07, 0xFE, 0x04, 0x46, 0x24, 0x46, 0x27, 0xFE, 0x24, 0x46, 0x24, 0x46, 0x00, 0x00, 0x00, 0x00 }, // U+6DC4 淄
    { 0x00, 0x00, 0x00, 0x00, 0x43, 0x0C, 0x21, 0xF8, 0x11, 0xF8, 0x06, 0x04, 0x40, 0xC0, 0x67, 0xFF, 0x21, 0x00, 0x03, 0xFE, 0x26, 0x06, 0x2B, 0xFE, 0x22, 0x06, 0x63, 0xFE, 0x00, 0x00, 0x00, 0x00 }, // U+6DC6 淆
    { 0x00, 0x00, 0x00, 0x00, 0x42, 0x08, 0x22, 0x08, 0x12, 0x08, 0x0F, 0xBE, 0x42, 0x18, 0x63, 0x98, 0x26, 0xBC, 0x06, 0x2C, 0x2A, 0x6A, 0x2A, 0x4A, 0x72, 0x88, 0x62, 0x08, 0x00, 0x00, 0x00, 0x00 }, // U+6DCB 淋
    { 0x00, 0x00, 0x00, 0x00, 0x40, 0x60, 0x24, 0x62, 0x16, 0x64, 0x03, 0x68, 0x47, 0xFE, 0x64, 0x02, 0x24, 0x02, 0x05, 0xF2, 0x25, 0x92, 0x25, 0x92, 0x25, 0xF2, 0x65, 0x82, 0x00, 0x00, 0x00, 0x00 }, // U+6DCC 淌
    { 0x00, 0x00, 0x00, 0x00, 0x63, 0x00, 0x33, 0x00, 0x13, 0xFE, 0x03, 0x32, 0x43, 0x12, 0x6F, 0xF2, 0x20, 0x12, 0x01, 0x14, 0x25, 0x54, 0x2D, 0x4C, 0x29, 0x48, 0x61, 0x1C, 0x00, 0x00, 0x00, 0x00 }, // U+6DD1 淑
    { 0x00, 0x00, 0x00, 0x00, 0x00, 0x40, 0x20, 0x40, 0x10, 0x7E, 0x10, 0x40, 0x47, 0xFE, 0x66, 0x06, 0x27, 0xFE, 0x06, 0x06, 0x37, 0xFE, 0x36, 0x66, 0x20, 0x60, 0x2F, 0xFF, 0x00, 0x00, 0x00, 0x00 }, // U+6DD6 淖
    { 0x00, 0x00, 0x00, 0x00, 0x42, 0x00, 0x33, 0xFE, 0x14, 0x02, 0x0D, 0x02, 0x4B, 0x02, 0x63, 0xFA, 0x26, 0xC2, 0x00, 0xC2, 0x0F, 0xFE, 0x20, 0xC2, 0x24, 0xCA, 0x64, 0xCA, 0x00, 0x00, 0x00, 0x00 }, // U+6DD8 淘
    { 0x00, 0x00, 0x00, 0x00, 0x40, 0x26, 0x32, 0x2C, 0x11, 0x60, 0x00, 0x60, 0x40, 0xF8, 0x63, 0x8C, 0x26, 0x62, 0x00, 0x60, 0x26, 0x44, 0x23, 0x6C, 0x20, 0x68, 0x60, 0x90, 0x00, 0x00, 0x00, 0x00 }, // U+6DE1 淡
    { 0x00, 0x00, 0x00, 0x00, 0x42, 0x08, 0x62, 0x18, 0x32, 0x10, 0x1F, 0x94, 0x44, 0x26, 0x64, 0x62, 0x27, 0xD0, 0x04, 0x88, 0x24, 0x84, 0x2C, 0x80, 0x68, 0xA0, 0x49, 0x90, 0x00, 0x00, 0x00, 0x00 }, // U+6DE4 淤
    { 0x00, 0x00, 0x00, 0x00, 0x40, 0x1E, 0x37, 0xF0, 0x10, 0x44, 0x06, 0x44, 0x02, 0x6C, 0x42, 0x08, 0x20, 0x0E, 0x07, 0xF0, 0x00, 0x60, 0x20, 0x60, 0x2F, 0xFF, 0x20, 0x60, 0x00, 0x00, 0x00, 0x00 }, // U+6DEB 淫
    { 0x00, 0x00, 0x00, 0x00, 0x40, 0x40, 0x30, 0x60, 0x17, 0xFE, 0x03, 0x00, 0x43, 0x08, 0x33, 0x88, 0x04, 0x9E, 0x2C, 0x22, 0x20, 0x60, 0x2F, 0xFF, 0x20, 0x60, 0x60, 0x60, 0x00, 0x00, 0x00, 0x00 }, // U+6DEC 淬
    { 0x00, 0x00, 0x00, 0x00, 0x41, 0x20, 0x33, 0x10, 0x13, 0xFE, 0x06, 0x30, 0x4E, 0x30, 0x2B, 0xFE, 0x02, 0x30, 0x22, 0x30, 0x23, 0xFE, 0x22, 0x30, 0x22, 0x30, 0x62, 0x30, 0x00, 0x00, 0x00, 0x00 }, // U+6DEE 淮
    { 0x00, 0x00, 0x00, 0x00, 0x40, 0x00, 0x37, 0xFE, 0x14, 0x02, 0x04, 0x92, 0x43, 0x0C, 0x64, 0x62, 0x10, 0x60, 0x07, 0xFE, 0x20, 0x60, 0x20, 0xF0, 0x21, 0x68, 0x22, 0x6C, 0x00, 0x00, 0x00, 0x00 }, // U+6DF1 深
    { 0x00, 0x00, 0x00, 0x00, 0x40, 0x40, 0x30, 0x60, 0x17, 0xFF, 0x00, 0x00, 0x43, 0xFC, 0x62, 0x04, 0x23, 0xFC, 0x00, 0x00, 0x23, 0xFC, 0x20, 0x38, 0x2F, 0xFF, 0x60, 0x20, 0x00, 0x00, 0x00, 0x00 }, // U+6DF3 淳
    { 0x00, 0x00, 0x00, 0x00, 0x40, 0x00, 0x37, 0xFC, 0x14, 0x04, 0x07, 0xFC, 0x44, 0x04, 0x67, 0xFC, 0x24, 0x04, 0x00, 0x00, 0x04, 0x22, 0x27, 0xEC, 0x24, 0x38, 0x24, 0x22, 0x00, 0x00, 0x00, 0x00 }, // U+6DF7 混
    { 0x00, 0x00, 0x00, 0x00, 0x40, 0x40, 0x20, 0xC0, 0x17, 0xFE, 0x01, 0x10, 0x43, 0x48, 0x64, 0x46, 0x2F, 0xFE, 0x04, 0x44, 0x27, 0xFC, 0x24, 0x44, 0x27, 0xFD, 0x64, 0x41, 0x00, 0x00, 0x00, 0x00 }, // U+6DF9 淹
    { 0x00, 0x00, 0x00, 0x00, 0x40, 0x00, 0x37, 0xFE, 0x10, 0x40, 0x00, 0xC0, 0x4F, 0xFE, 0x61, 0x90, 0x21, 0x18, 0x02, 0x08, 0x04, 0x46, 0x28, 0x42, 0x22, 0x54, 0x62, 0x56, 0x00, 0x00, 0x00, 0x00 }, // U+6DFB 添
    { 0x00, 0x00, 0x00, 0x00, 0x40, 0x60, 0x37, 0xFF, 0x10, 0x60, 0x07, 0xFE, 0x40, 0x60, 0x6F, 0xFF, 0x20, 0x00, 0x07, 0xFE, 0x26, 0x06, 0x27, 0xFE, 0x26, 0x06, 0x27, 0xFE, 0x00, 0x00, 0x00, 0x00 }, // U+6E05 清
    { 0x00, 0x00, 0x00, 0x00, 0x44, 0x02, 0x24, 0x62, 0x15, 0x6A, 0x05, 0xFA, 0xC4, 0xF2, 0x64, 0x62, 0x05, 0xFA, 0x04, 0x62, 0x04, 0xE2, 0x24, 0xF2, 0x25, 0x7A, 0x6F, 0x6A, 0x00, 0x00, 0x00, 0x00 }, // U+6E0A 渊
    { 0x00, 0x00, 0x00, 0x00, 0x40, 0x60, 0x30, 0x60, 0x17, 0xFE, 0x00, 0x60, 0x47, 0xFC, 0x20, 0x60, 0x0F, 0xFF, 0x20, 0x00, 0x27, 0xFC, 0x26, 0x04, 0x26, 0x44, 0x66, 0x64, 0x00, 0x00, 0x00, 0x00 }, // U+6E0D 渍
    { 0x00, 0x00, 0x00, 0x00, 0x44, 0x06, 0x64, 0x3C, 0x2F, 0xE0, 0x0C, 0x20, 0x0A, 0x20, 0x4A, 0x20, 0x2A, 0x3F, 0x1F, 0xA4, 0x02, 0x24, 0x22, 0x24, 0x27, 0xE4, 0x7E, 0x64, 0x00, 0x00, 0x00, 0x00 }, // U+6E10 渐
    { 0x00, 0x00, 0x00, 0x00, 0x41, 0x00, 0x31, 0xF8, 0x12, 0x18, 0x04, 0x10, 0x4F, 0xFE, 0x64, 0x46, 0x24, 0x46, 0x07, 0xFE, 0x24, 0x46, 0x24, 0x46, 0x27, 0xFE, 0x64, 0x06, 0x00, 0x00, 0x00, 0x00 }, // U+6E14 渔
    { 0x00, 0x00, 0x00, 0x00, 0x40, 0x40, 0x31, 0x88, 0x13, 0x3C, 0x07, 0xC2, 0x40, 0x40, 0x6F, 0xFE, 0x21, 0x90, 0x03, 0x08, 0x2E, 0x66, 0x29, 0xD2, 0x22, 0x64, 0x61, 0xD8, 0x00, 0x00, 0x00, 0x00 }, // U+6E17 渗
    { 0x00, 0x00, 0x00, 0x00, 0x40, 0x60, 0x20, 0xB0, 0x11, 0x18, 0x07, 0xFE, 0x48, 0x02, 0x67, 0xD4, 0x24, 0xD4, 0x07, 0xD4, 0x24, 0xD4, 0x24, 0xD4, 0x27, 0xD4, 0x24, 0xC4, 0x00, 0x00, 0x00, 0x00 }, // U+6E1D 渝
    { 0x00, 0x00, 0x00, 0x00, 0x20, 0x00, 0x3B, 0xFE, 0x4A, 0x00, 0x63, 0xFC, 0x22, 0x04, 0x0B, 0xFC, 0x32, 0x00, 0x43, 0xFE, 0x01, 0x80, 0x7F, 0xFF, 0x03, 0xC0, 0x0D, 0xA0, 0x00, 0x00, 0x00, 0x00 }, // U+6E20 渠
    { 0x00, 0x00, 0x00, 0x00, 0x40, 0x20, 0x27, 0xFF, 0x14, 0x00, 0x04, 0x88, 0x47, 0xFF, 0x64, 0x88, 0x24, 0xF8, 0x04, 0x88, 0x24, 0x00, 0x25, 0xFC, 0x6C, 0x8C, 0x48, 0x78, 0x00, 0x00, 0x00, 0x00 }, // U+6E21 渡
    { 0x00, 0x00, 0x00, 0x00, 0x40, 0x40, 0x27, 0xFE, 0x10, 0xE0, 0x01, 0x48, 0x46, 0x44, 0x68, 0x42, 0x23, 0xFC, 0x02, 0x04, 0x23, 0xFC, 0x22, 0x04, 0x23, 0xFC, 0x62, 0x04, 0x00, 0x00, 0x00, 0x00 }, // U+6E23 渣
    { 0x00, 0x00, 0x00, 0x00, 0x42, 0x08, 0x22, 0x08, 0x0F, 0xC8, 0x02, 0x3E, 0x4F, 0xCA, 0x38, 0x4A, 0x07, 0x8A, 0x01, 0x9A, 0x23, 0x12, 0x23, 0xD2, 0x2F, 0x12, 0x42, 0x32, 0x00, 0x00, 0x00, 0x00 }, // U+6E24 渤
    { 0x00, 0x00, 0x00, 0x00, 0x40, 0x00, 0x37, 0xFC, 0x16, 0x04, 0x07, 0xFC, 0x46, 0x04, 0x67, 0xFC, 0x26, 0x04, 0x00, 0x00, 0x27, 0xFE, 0x24, 0x96, 0x24, 0x96, 0x64, 0x96, 0x00, 0x00, 0x00, 0x00 }, // U+6E29 温
    { 0x00, 0x00, 0x00, 0x00, 0x47, 0xFE, 0x34, 0x62, 0x17, 0xFE, 0x04, 0x62, 0x47, 0xFE, 0x60, 0x00, 0x23, 0xFC, 0x02, 0x04, 0x13, 0xFC, 0x32, 0x04, 0x23, 0xFC, 0x22, 0x04, 0x00, 0x00, 0x00, 0x00 }, // U+6E2D 渭
    { 0x00, 0x00, 0x00, 0x00, 0x41, 0x10, 0x37, 0xFE, 0x11, 0x10, 0x01, 0x10, 0x4F, 0xFE, 0x63, 0x18, 0x22, 0x08, 0x07, 0xFC, 0x2E, 0x1E, 0x3A, 0x1A, 0x23, 0xFA, 0x62, 0x02, 0x00, 0x00, 0x00, 0x00 }, // U+6E2F 港
    { 0x00, 0x00, 0x00, 0x00, 0x67, 0xFC, 0x36, 0x04, 0x07, 0xFC, 0x06, 0x04, 0x46, 0x04, 0x67, 0xFC, 0x21, 0x00, 0x03, 0xFE, 0x04, 0x42, 0x2C, 0x62, 0x26, 0xB2, 0x26, 0x02, 0x00, 0x00, 0x00, 0x00 }, // U+6E34 渴
    { 0x00, 0x00, 0x00, 0x00, 0x46, 0x10, 0x62, 0x20, 0x20, 0x3F, 0x1F, 0xE0, 0x04, 0x40, 0xC4, 0x7E, 0x67, 0x86, 0x24, 0x8C, 0x04, 0x88, 0x24, 0xFF, 0x28, 0x88, 0x69, 0x88, 0x00, 0x00, 0x00, 0x00 }, // U+6E38 游
    { 0x00, 0x00, 0x00, 0x00, 0x40, 0x18, 0x2F, 0x18, 0x19, 0x3C, 0x09, 0x5A, 0x4F, 0x5A, 0x29, 0x5B, 0x09, 0xD9, 0x2F, 0x98, 0x29, 0x1A, 0x29, 0x06, 0x69, 0x0C, 0x4F, 0x18, 0x00, 0x00, 0x00, 0x00 }, // U+6E3A 渺
    { 0x00, 0x00, 0x00, 0x00, 0x43, 0x80, 0x2E, 0x7E, 0x02, 0x08, 0x02, 0x08, 0x4F, 0xFE, 0x22, 0x08, 0x02, 0x08, 0x22, 0x7E, 0x2F, 0x88, 0x66, 0x08, 0x44, 0x7F, 0x44, 0x08, 0x00, 0x00, 0x00, 0x00 }, // U+6E43 湃
    { 0x00, 0x00, 0x00, 0x00, 0x40, 0x40, 0x24, 0x42, 0x14, 0x42, 0x07, 0xFE, 0x40, 0x00, 0x2F, 0xFF, 0x00, 0x40, 0x00, 0x40, 0x27, 0xFE, 0x24, 0x92, 0x24, 0x92, 0x64, 0x92, 0x00, 0x00, 0x00, 0x00 }, // U+6E4D 湍
    { 0x00, 0x00, 0x00, 0x00, 0x42, 0x00, 0x22, 0x3E, 0x12, 0x22, 0x0F, 0xA2, 0x42, 0x22, 0x62, 0x3E, 0x2F, 0xA2, 0x08, 0xA2, 0x08, 0xA2, 0x28, 0xBE, 0x2F, 0xA2, 0x28, 0x62, 0x00, 0x00, 0x00, 0x00 }, // U+6E56 湖
    { 0x00, 0x00, 0x00, 0x00, 0x42, 0x00, 0x22, 0x7E, 0x12, 0x42, 0x0F, 0xC2, 0x42, 0x7E, 0x66, 0x42, 0x27, 0x42, 0x06, 0xC2, 0x2A, 0x7E, 0x3A, 0x42, 0x72, 0x42, 0x62, 0x42, 0x00, 0x00, 0x00, 0x00 }, // U+6E58 湘
    { 0x00, 0x00, 0x00, 0x00, 0x43, 0x04, 0x27, 0xFF, 0x13, 0x04, 0x03, 0xFC, 0x43, 0x04, 0x63, 0xFC, 0x23, 0x04, 0x03, 0x04, 0x2F, 0xFF, 0x24, 0x48, 0x24, 0x8C, 0x65, 0x84, 0x00, 0x00, 0x00, 0x00 }, // U+6E5B 湛
    { 0x00, 0x00, 0x00, 0x00, 0x40, 0x40, 0x37, 0xFE, 0x10, 0x90, 0x02, 0x9C, 0x44, 0x96, 0x68, 0x92, 0x20, 0x00, 0x07, 0xFC, 0x00, 0x04, 0x27, 0xFC, 0x24, 0x00, 0x27, 0xFC, 0x00, 0x00, 0x00, 0x00 }, // U+6E7E 湾
    { 0x00, 0x00, 0x00, 0x00, 0x40, 0x00, 0x37, 0xFC, 0x16, 0x04, 0x07, 0xFC, 0x46, 0x04, 0x67, 0xFC, 0x26, 0x04, 0x04, 0x92, 0x24, 0x92, 0x24, 0x96, 0x26, 0x94, 0x62, 0x94, 0x00, 0x00, 0x00, 0x00 }, // U+6E7F 湿
    { 0x00, 0x00, 0x00, 0x00, 0x40, 0x40, 0x37, 0xFC, 0x14, 0x44, 0x07, 0xFC, 0x40, 0x40, 0x6F, 0xFF, 0x20, 0x00, 0x07, 0xFC, 0x04, 0x04, 0x24, 0x44, 0x24, 0x44, 0x64, 0xF4, 0x00, 0x00, 0x00, 0x00 }, // U+6E83 溃
    { 0x00, 0x00, 0x00, 0x00, 0x00, 0x14, 0x4F, 0x92, 0x38, 0x90, 0x0A, 0x9E, 0x4A, 0xF0, 0x6A, 0x90, 0x2A, 0x96, 0x0A, 0xF8, 0x0A, 0x92, 0x2A, 0x94, 0x22, 0x1C, 0x67, 0x19, 0x00, 0x00, 0x00, 0x00 }, // U+6E85 溅
    { 0x00, 0x00, 0x00, 0x00, 0x4F, 0x7E, 0x29, 0x08, 0x19, 0x28, 0x0F, 0x28, 0x49, 0x68, 0x69, 0x7E, 0x2F, 0x08, 0x08, 0x18, 0x29, 0x18, 0x29, 0x18, 0x2B, 0xB9, 0x6E, 0xE9, 0x00, 0x00, 0x00, 0x00 }, // U+6E89 溉
    { 0x00, 0x00, 0x00, 0x00, 0x40, 0x00, 0x27, 0xFF, 0x14, 0x20, 0x04, 0x20, 0x45, 0xFE, 0x65, 0x06, 0x25, 0xFE, 0x05, 0x06, 0x25, 0xFE, 0x24, 0x20, 0x2C, 0xA4, 0x69, 0xA4, 0x00, 0x00, 0x00, 0x00 }, // U+6E90 源
    { 0x00, 0x00, 0x00, 0x00, 0x41, 0xFE, 0x66, 0x12, 0x35, 0x12, 0x05, 0xB2, 0x05, 0xA2, 0x47, 0xA2, 0x24, 0x6C, 0x00, 0x40, 0x07, 0xFE, 0x24, 0x46, 0x24, 0x46, 0x27, 0xFE, 0x00, 0x00, 0x00, 0x00 }, // U+6E9C 溜
    { 0x00, 0x00, 0x00, 0x00, 0x42, 0x0C, 0x31, 0x08, 0x11, 0x10, 0x07, 0xFE, 0x40, 0x00, 0x60, 0x00, 0x21, 0x18, 0x0C, 0x02, 0x27, 0xFC, 0x24, 0x94, 0x24, 0x94, 0x64, 0x94, 0x00, 0x00, 0x00, 0x00 }, // U+6EA2 溢
    { 0x00, 0x00, 0x00, 0x00, 0x40, 0x0E, 0x2F, 0xFC, 0x14, 0x44, 0x02, 0xEC, 0x43, 0x18, 0x27, 0xF0, 0x00, 0xC8, 0x03, 0x0C, 0x27, 0xFE, 0x20, 0x40, 0x2F, 0xFF, 0x60, 0xE0, 0x00, 0x00, 0x00, 0x00 }, // U+6EAA 溪
    { 0x00, 0x00, 0x00, 0x00, 0x48, 0x80, 0x24, 0x9E, 0x01, 0x12, 0x0F, 0xD2, 0x02, 0x12, 0x4A, 0xDE, 0x2A, 0xD2, 0x0A, 0xD2, 0x2A, 0xD2, 0x2F, 0xDE, 0x62, 0xF2, 0x42, 0x22, 0x00, 0x00, 0x00, 0x00 }, // U+6EAF 溯
    { 0x00, 0x00, 0x00, 0x00, 0x00, 0x40, 0x77, 0xFE, 0x14, 0x02, 0x05, 0x0A, 0x43, 0x0C, 0x66, 0x66, 0x00, 0x90, 0x01, 0x88, 0x02, 0x06, 0x37, 0xFE, 0x22, 0x04, 0x22, 0x04, 0x00, 0x00, 0x00, 0x00 }, // U+6EB6 溶
    { 0x00, 0x00, 0x00, 0x00, 0x4F, 0xBE, 0x20, 0x82, 0x20, 0x82, 0x0F, 0xBE, 0x48, 0xA2, 0x28, 0x20, 0x0F, 0xBE, 0x00, 0x82, 0x28, 0xA2, 0x24, 0x92, 0x6F, 0x9E, 0x58, 0xA2, 0x00, 0x00, 0x00, 0x00 }, // U+6EBA 溺
    { 0x00, 0x00, 0x00, 0x00, 0x40, 0x10, 0x6F, 0x30, 0x3A, 0x28, 0x0A, 0x44, 0x0A, 0xC2, 0x4A, 0xFF, 0x2E, 0x10, 0x0A, 0x10, 0x0B, 0xFF, 0x29, 0x10, 0x2B, 0x54, 0x6E, 0x92, 0x00, 0x00, 0x00, 0x00 }, // U+6EC1 滁
    { 0x00, 0x00, 0x00, 0x00, 0x40, 0x40, 0x27, 0xFE, 0x10, 0x40, 0x07, 0xFC, 0x46, 0x04, 0x27, 0xFC, 0x06, 0x04, 0x07, 0xFC, 0x26, 0x04, 0x26, 0x04, 0x27, 0xFC, 0x6F, 0xFF, 0x00, 0x00, 0x00, 0x00 }, // U+6EC7 滇
    { 0x00, 0x00, 0x00, 0x00, 0x41, 0x08, 0x21, 0x98, 0x1F, 0xFF, 0x03, 0x18, 0x42, 0x10, 0x26, 0xB2, 0x04, 0xA4, 0x0F, 0xFC, 0x21, 0x08, 0x22, 0x18, 0x22, 0x90, 0x64, 0xB4, 0x00, 0x00, 0x00, 0x00 }, // U+6ECB 滋
    { 0x00, 0x00, 0x00, 0x00, 0x40, 0x00, 0x23, 0xFC, 0x12, 0x04, 0x03, 0xE4, 0x42, 0x64, 0x6F, 0xFE, 0x28, 0x02, 0x03, 0xFC, 0x22, 0x04, 0x23, 0xFC, 0x62, 0x04, 0x63, 0xFC, 0x00, 0x00, 0x00, 0x00 }, // U+6ED1 滑
    { 0x00, 0x00, 0x00, 0x00, 0x40, 0x40, 0x20, 0x60, 0x1F, 0xFE, 0x0C, 0x42, 0x4C, 0x42, 0x67, 0xFE, 0x21, 0x08, 0x01, 0x10, 0x2F, 0xFE, 0x20, 0x40, 0x20, 0x40, 0x67, 0xFE, 0x00, 0x00, 0x00, 0x00 }, // U+6ED3 滓
    { 0x00, 0x00, 0x00, 0x00, 0x40, 0x1E, 0x37, 0xF8, 0x10, 0x42, 0x06, 0x44, 0x42, 0x24, 0x21, 0x88, 0x06, 0x3E, 0x24, 0x02, 0x24, 0x02, 0x27, 0xBE, 0x24, 0x02, 0x64, 0x02, 0x00, 0x00, 0x00, 0x00 }, // U+6ED4 滔
    { 0x00, 0x00, 0x00, 0x00, 0x40, 0x60, 0x37, 0xFE, 0x11, 0x98, 0x03, 0x0C, 0x46, 0x46, 0x64, 0xC2, 0x21, 0x90, 0x03, 0x0C, 0x07, 0xFC, 0x20, 0xE2, 0x21, 0xB4, 0x67, 0x18, 0x00, 0x00, 0x00, 0x00 }, // U+6EDA 滚
    { 0x00, 0x00, 0x00, 0x00, 0x42, 0x44, 0x62, 0x44, 0x2F, 0xFE, 0x02, 0x44, 0x42, 0x44, 0x60, 0x00, 0x2F, 0xFE, 0x08, 0x02, 0x00, 0x00, 0x27, 0xFC, 0x24, 0x44, 0x24, 0x44, 0x00, 0x00, 0x00, 0x00 }, // U+6EDE 滞
    { 0x00, 0x00, 0x00, 0x00, 0x41, 0x18, 0x6F, 0xFF, 0x21, 0x18, 0x00, 0x00, 0xCF, 0xFF, 0x61, 0x90, 0x21, 0x90, 0x0F, 0xFE, 0x2D, 0x12, 0x2D, 0x92, 0x6D, 0x9A, 0x6E, 0x6E, 0x00, 0x00, 0x00, 0x00 }, // U+6EE1 满
    { 0x00, 0x00, 0x00, 0x00, 0x40, 0x40, 0x30, 0x7E, 0x10, 0x40, 0x07, 0xFF, 0x44, 0x02, 0x64, 0x42, 0x25, 0xF8, 0x04, 0x42, 0x04, 0x7C, 0x24, 0x20, 0x2D, 0xF2, 0x2B, 0xD2, 0x00, 0x00, 0x00, 0x00 }, // U+6EE4 滤
    { 0x00, 0x00, 0x00, 0x00, 0x00, 0x90, 0x24, 0x90, 0x14, 0xBE, 0x04, 0xA0, 0x04, 0xE0, 0x44, 0xC8, 0x24, 0x84, 0x04, 0x84, 0x00, 0x00, 0x27, 0xFC, 0x24, 0xB4, 0x24, 0xB4, 0x00, 0x00, 0x00, 0x00 }, // U+6EE5 滥
    { 0x00, 0x00, 0x00, 0x00, 0x40, 0x40, 0x20, 0x40, 0x17, 0xFE, 0x00, 0x90, 0x42, 0x94, 0x64, 0x96, 0x28, 0x92, 0x00, 0x90, 0x00, 0x40, 0x2F, 0xFE, 0x20, 0xE0, 0x61, 0x58, 0x00, 0x00, 0x00, 0x00 }, // U+6EE6 滦
    { 0x00, 0x00, 0x40, 0x40, 0x20, 0x60, 0x1F, 0xFE, 0x0C, 0x02, 0x0C, 0x0A, 0x43, 0xF8, 0x62, 0x00, 0x22, 0x00, 0x03, 0xFE, 0x02, 0x10, 0x22, 0x10, 0x3F, 0xFF, 0x20, 0x00, 0x00, 0x00, 0x00, 0x00 }, // U+6EE8 滨
    { 0x00, 0x00, 0x00, 0x00, 0x40, 0x28, 0x20, 0x68, 0x1F, 0x48, 0x03, 0x7F, 0xC3, 0xC8, 0x2B, 0xC8, 0x0B, 0xFE, 0x06, 0x48, 0x26, 0x48, 0x26, 0x7E, 0x6E, 0x48, 0x4B, 0x48, 0x00, 0x00, 0x00, 0x00 }, // U+6EE9 滩
    { 0x00, 0x00, 0x00, 0x00, 0x40, 0x40, 0x2F, 0xFF, 0x11, 0x08, 0x01, 0x08, 0x41, 0x10, 0x67, 0xFE, 0x24, 0x42, 0x05, 0xFA, 0x04, 0x42, 0x25, 0xF2, 0x25, 0x12, 0x65, 0x12, 0x00, 0x00, 0x00, 0x00 }, // U+6EF4 滴
    { 0x00, 0x00, 0x00, 0x00, 0x4F, 0xFE, 0x20, 0x90, 0x10, 0x90, 0x0F, 0xFE, 0x0C, 0x92, 0x6C, 0x92, 0x2F, 0xFE, 0x00, 0x00, 0x03, 0xFC, 0x20, 0x00, 0x2F, 0xFE, 0x20, 0x40, 0x00, 0x00, 0x00, 0x00 }, // U+6F02 漂
    { 0x00, 0x00, 0x00, 0x00, 0x40, 0x40, 0x20, 0x40, 0x17, 0xFE, 0x00, 0xC0, 0x43, 0x78, 0x6C, 0x46, 0x20, 0xE0, 0x03, 0xB8, 0x0E, 0x4F, 0x21, 0x50, 0x20, 0x40, 0x63, 0x58, 0x00, 0x00, 0x00, 0x00 }, // U+6F06 漆
    { 0x00, 0x00, 0x00, 0x00, 0x40, 0x00, 0x6F, 0xFE, 0x2C, 0x02, 0x0F, 0xFE, 0xCC, 0x00, 0x6F, 0xFF, 0x28, 0x20, 0x0B, 0xFE, 0x2A, 0x22, 0x2A, 0xAA, 0x6A, 0x22, 0x4A, 0x22, 0x00, 0x00, 0x00, 0x00 }, // U+6F0F 漏
    { 0x00, 0x00, 0x00, 0x00, 0x40, 0x40, 0x2F, 0xFE, 0x10, 0x90, 0x04, 0x60, 0x45, 0x92, 0x64, 0x02, 0x27, 0xFE, 0x00, 0x40, 0x07, 0xFE, 0x25, 0x92, 0x25, 0x92, 0x64, 0x7A, 0x00, 0x00, 0x00, 0x00 }, // U+6F13 漓
    { 0x00, 0x00, 0x00, 0x00, 0x40, 0x40, 0x3F, 0xFE, 0x1C, 0x02, 0x0C, 0x02, 0x43, 0xFC, 0x60, 0x40, 0x27, 0xFC, 0x04, 0x44, 0x07, 0xFC, 0x24, 0x44, 0x27, 0xFC, 0x24, 0x04, 0x00, 0x00, 0x00, 0x00 }, // U+6F14 演
    { 0x00, 0x00, 0x00, 0x00, 0x41, 0x10, 0x6F, 0xFE, 0x11, 0x10, 0x00, 0x00, 0x47, 0xFC, 0x64, 0x04, 0x27, 0xFC, 0x04, 0x04, 0x07, 0xFC, 0x24, 0x44, 0x20, 0x40, 0x6F, 0xFE, 0x00, 0x00, 0x00, 0x00 }, // U+6F20 漠
    { 0x00, 0x00, 0x00, 0x00, 0x40, 0x00, 0x37, 0xFC, 0x14, 0x04, 0x07, 0xFC, 0x44, 0x04, 0x64, 0x04, 0x2F, 0xFE, 0x0C, 0x92, 0x2F, 0xFE, 0x20, 0x00, 0x27, 0xFC, 0x23, 0x08, 0x00, 0x00, 0x00, 0x00 }, // U+6F2B 漫
    { 0x00, 0x00, 0x00, 0x00, 0x42, 0x10, 0x6F, 0xD0, 0x22, 0x1F, 0xCF, 0xFA, 0x6A, 0x6A, 0x2A, 0x68, 0x07, 0x18, 0x22, 0x18, 0x27, 0x98, 0x6A, 0xD4, 0x5A, 0x24, 0x00, 0x00, 0x00, 0x00, 0x00, 0x00 }, // U+6F31 漱
    { 0x00, 0x00, 0x00, 0x00, 0x40, 0x40, 0x27, 0xFE, 0x11, 0x08, 0x0F, 0xFF, 0x40, 0x00, 0x27, 0xFC, 0x04, 0x04, 0x07, 0xFC, 0x24, 0x04, 0x27, 0xFC, 0x20, 0x40, 0x6F, 0xFF, 0x00, 0x00, 0x00, 0x00 }, // U+6F33 漳
    { 0x00, 0x00, 0x00, 0x00, 0x41, 0x08, 0x27, 0xFF, 0x10, 0x60, 0x07, 0xFE, 0x40, 0x60, 0x27, 0xFF, 0x00, 0x40, 0x23, 0xF0, 0x20, 0x66, 0x2F, 0x7C, 0x21, 0x78, 0x66, 0x6C, 0x00, 0x00, 0x00, 0x00 }, // U+6F3E 漾
    { 0x00, 0x00, 0x00, 0x00, 0x42, 0x28, 0x64, 0x28, 0x24, 0x48, 0x09, 0x7F, 0x8A, 0xC8, 0x5E, 0xC8, 0x25, 0x7E, 0x08, 0x48, 0x2F, 0x48, 0x20, 0x7E, 0x60, 0x48, 0x47, 0x48, 0x00, 0x00, 0x00, 0x00 }, // U+6F4D 潍
    { 0x00, 0x00, 0x00, 0x00, 0x40, 0x1E, 0x27, 0xE4, 0x12, 0x4C, 0x03, 0x48, 0xCF, 0xFF, 0x61, 0xF0, 0x03, 0x4C, 0x0C, 0x03, 0x27, 0xFC, 0x24, 0x44, 0x24, 0x44, 0x27, 0xFC, 0x00, 0x00, 0x00, 0x00 }, // U+6F58 潘
    { 0x00, 0x00, 0x00, 0x00, 0x42, 0x08, 0x2F, 0xBE, 0x12, 0x08, 0x0F, 0xFE, 0x42, 0x18, 0x67, 0x14, 0x2D, 0x22, 0x08, 0xC3, 0x00, 0x00, 0x27, 0xFC, 0x24, 0x04, 0x27, 0xFC, 0x00, 0x00, 0x00, 0x00 }, // U+6F5C 潜
    { 0x00, 0x00, 0x00, 0x00, 0x40, 0x10, 0x2F, 0xBE, 0x09, 0xA2, 0x09, 0xE4, 0x49, 0xDC, 0x2F, 0x98, 0x0A, 0x36, 0x03, 0xC2, 0x2A, 0x7E, 0x2A, 0x42, 0x6A, 0x42, 0x4F, 0xC2, 0x00, 0x00, 0x00, 0x00 }, // U+6F5E 潞
    { 0x00, 0x00, 0x00, 0x00, 0x40, 0x40, 0x27, 0xFE, 0x10, 0xE0, 0x06, 0x96, 0x43, 0x08, 0x67, 0xFC, 0x2E, 0x07, 0x03, 0xFC, 0x22, 0x04, 0x21, 0xFC, 0x22, 0x40, 0x66, 0x48, 0x00, 0x00, 0x00, 0x00 }, // U+6F66 潦
    { 0x00, 0x00, 0x00, 0x00, 0x4F, 0xFF, 0x20, 0x90, 0x17, 0xFE, 0x04, 0x92, 0x47, 0xFC, 0x60, 0x00, 0x27, 0xFC, 0x06, 0x04, 0x27, 0xFC, 0x26, 0x04, 0x27, 0xFC, 0x60, 0x40, 0x00, 0x00, 0x00, 0x00 }, // U+6F6D 潭
    { 0x00, 0x00, 0x00, 0x00, 0x42, 0x1E, 0x7F, 0xD2, 0x02, 0x12, 0x02, 0x12, 0x4F, 0x92, 0x68, 0x9E, 0x0F, 0x92, 0x08, 0x92, 0x08, 0x92, 0x2F, 0xBE, 0x62, 0x32, 0x7F, 0xE2, 0x00, 0x00, 0x00, 0x00 }, // U+6F6E 潮
    { 0x00, 0x00, 0x00, 0x00, 0x40, 0x24, 0x27, 0xF8, 0x14, 0x92, 0x03, 0x9C, 0x47, 0x0C, 0x6D, 0xF2, 0x20, 0x00, 0x23, 0xFC, 0x22, 0x04, 0x22, 0x04, 0x23, 0xFC, 0x61, 0x18, 0x00, 0x00, 0x00, 0x00 }, // U+6F84 澄
    { 0x00, 0x00, 0x00, 0x00, 0x42, 0x08, 0x63, 0x18, 0x3F, 0xD0, 0x06, 0x9F, 0x8C, 0x92, 0x4F, 0xF2, 0x2F, 0xB2, 0x08, 0xD4, 0x2F, 0x8C, 0x28, 0x8C, 0x6F, 0x8C, 0x48, 0x9C, 0x00, 0x00, 0x00, 0x00 }, // U+6F88 澈
    { 0x00, 0x00, 0x00, 0x00, 0x42, 0x00, 0x62, 0x04, 0x3F, 0xC8, 0x02, 0x10, 0x0F, 0xE2, 0x40, 0x06, 0x2F, 0xCC, 0x08, 0x58, 0x28, 0x50, 0x28, 0x42, 0x6F, 0xC4, 0x48, 0x8C, 0x00, 0x00, 0x00, 0x00 }, // U+6F8E 澎
    { 0x00, 0x00, 0x00, 0x00, 0x44, 0x00, 0x26, 0xFE, 0x12, 0x02, 0x08, 0x42, 0x4B, 0xFA, 0x28, 0x42, 0x0B, 0xFA, 0x0B, 0x5A, 0x2A, 0xEA, 0x2B, 0xFA, 0x68, 0xE2, 0x49, 0x52, 0x00, 0x00, 0x00, 0x00 }, // U+6F9C 澜
    { 0x00, 0x00, 0x00, 0x00, 0x43, 0xFC, 0x32, 0x0C, 0x12, 0x0C, 0x03, 0xFC, 0x40, 0x00, 0x67, 0xBE, 0x24, 0xA2, 0x04, 0xA2, 0x07, 0xBE, 0x20, 0x60, 0x2F, 0xFF, 0x20, 0xF0, 0x00, 0x00, 0x00, 0x00 }, // U+6FA1 澡
    { 0x00, 0x00, 0x00, 0x00, 0x40, 0x80, 0x27, 0xFE, 0x15, 0x4A, 0x05, 0x5A, 0x44, 0x52, 0x67, 0xFE, 0x24, 0xE2, 0x05, 0xF2, 0x07, 0x4E, 0x20, 0x40, 0x2F, 0xFF, 0x60, 0xA0, 0x00, 0x00, 0x00, 0x00 }, // U+6FB3 澳
    { 0x00, 0x00, 0x00, 0x00, 0x42, 0x08, 0x6F, 0xD0, 0x28, 0xDF, 0x0F, 0xD2, 0xC8, 0xD2, 0x2F, 0xF2, 0x02, 0x34, 0x02, 0x1C, 0x1F, 0xCC, 0x24, 0x0C, 0x64, 0x0C, 0x4F, 0x94, 0x00, 0x00, 0x00, 0x00 }, // U+6FC0 激
    { 0x00, 0x00, 0x00, 0x00, 0x42, 0x00, 0x2A, 0x7F, 0x0B, 0x88, 0x0A, 0x08, 0xCA, 0x3E, 0x7F, 0xE2, 0x02, 0x2A, 0x0A, 0xEA, 0x2B, 0xAA, 0x73, 0x2A, 0x53, 0x2A, 0x46, 0x18, 0x00, 0x00, 0x00, 0x00 }, // U+6FD2 濒
    { 0x00, 0x00, 0x00, 0x00, 0x47, 0xFC, 0x24, 0x04, 0x17, 0xFC, 0x04, 0x04, 0x47, 0xFC, 0x61, 0x10, 0x2F, 0xFE, 0x01, 0x10, 0x0F, 0xFE, 0x22, 0x48, 0x2F, 0x5E, 0x39, 0x53, 0x00, 0x00, 0x00, 0x00 }, // U+7011 瀑
    { 0x00, 0x00, 0x00, 0x00, 0x41, 0x10, 0x2F, 0xFF, 0x11, 0x10, 0x07, 0xBE, 0x44, 0xA2, 0x67, 0xBE, 0x22, 0x60, 0x07, 0xFE, 0x2C, 0x20, 0x2F, 0xFE, 0x24, 0x20, 0x67, 0xFE, 0x00, 0x00, 0x00, 0x00 }, // U+704C 灌
    { 0x00, 0x00, 0x00, 0x00, 0x01, 0x80, 0x01, 0x80, 0x01, 0x80, 0x21, 0x84, 0x31, 0x8C, 0x11, 0x98, 0x09, 0x90, 0x09, 0xA0, 0x01, 0x80, 0x03, 0x40, 0x06, 0x60, 0x0C, 0x20, 0x00, 0x00, 0x00, 0x00 }, // U+706B 火
    { 0x00, 0x00, 0x00, 0x00, 0x7F, 0xFF, 0x01, 0x80, 0x01, 0x80, 0x21, 0x84, 0x31, 0x8C, 0x11, 0x88, 0x09, 0x90, 0x01, 0xC0, 0x02, 0x40, 0x06, 0x20, 0x04, 0x30, 0x00, 0x00, 0x00, 0x00, 0x00, 0x00 }, // U+706D 灭
    { 0x00, 0x00, 0x00, 0x00, 0x10, 0x00, 0x13, 0xFF, 0x10, 0x10, 0x94, 0x10, 0xD4, 0x10, 0x54, 0x10, 0x58, 0x10, 0x10, 0x10, 0x30, 0x10, 0x38, 0x10, 0x2C, 0x10, 0x26, 0x10, 0x00, 0x00, 0x00, 0x00 }, // U+706F 灯
    { 0x00, 0x00, 0x00, 0x00, 0x08, 0x00, 0x08, 0x00, 0x7F, 0xFE, 0x08, 0x00, 0x08, 0x40, 0x08, 0x44, 0x1C, 0x44, 0x12, 0x48, 0x12, 0x68, 0x20, 0xA0, 0x20, 0x90, 0x41, 0x18, 0x00, 0x00, 0x00, 0x00 }, // U+7070 灰
    { 0x00, 0x00, 0x00, 0x00, 0x3F, 0xFC, 0x00, 0x04, 0x1F, 0xFC, 0x00, 0x04, 0x3F, 0xFC, 0x00, 0x04, 0x01, 0x80, 0x21, 0x84, 0x11, 0x8C, 0x0B, 0xD8, 0x02, 0x70, 0x00, 0x00, 0x00, 0x00, 0x00, 0x00 }, // U+7075 灵
    { 0x00, 0x00, 0x00, 0x00, 0x10, 0x10, 0x10, 0x10, 0x92, 0x10, 0xD4, 0x10, 0x54, 0x10, 0x55, 0xFE, 0x54, 0x30, 0x10, 0x10, 0x38, 0x10, 0x2C, 0x10, 0x24, 0x10, 0x60, 0x10, 0x00, 0x00, 0x00, 0x00 }, // U+7076 灶
    { 0x00, 0x00, 0x00, 0x00, 0x06, 0x00, 0x0E, 0x00, 0x1F, 0xF8, 0x30, 0x18, 0x60, 0x60, 0x01, 0xE0, 0x1E, 0x3C, 0x71, 0x86, 0x01, 0x80, 0x21, 0x8C, 0x13, 0xD8, 0x0E, 0x60, 0x00, 0x00, 0x00, 0x00 }, // U+7078 灸
    { 0x00, 0x00, 0x00, 0x00, 0x10, 0x40, 0x10, 0xC0, 0x94, 0x80, 0xD4, 0xFE, 0x55, 0x82, 0x55, 0x02, 0x59, 0x02, 0x10, 0x82, 0x38, 0x62, 0x3C, 0x22, 0x24, 0x02, 0x62, 0x02, 0x00, 0x00, 0x00, 0x00 }, // U+707C 灼
    { 0x00, 0x00, 0x00, 0x00, 0x01, 0x00, 0x01, 0x80, 0x7F, 0xFE, 0x40, 0x02, 0x41, 0x82, 0x01, 0x80, 0x21, 0x84, 0x31, 0x8C, 0x19, 0x98, 0x09, 0xD0, 0x03, 0x40, 0x06, 0x20, 0x00, 0x00, 0x00, 0x00 }, // U+707E 灾
    { 0x00, 0x00, 0x00, 0x00, 0x10, 0x20, 0x10, 0x20, 0xB4, 0x20, 0xB7, 0x22, 0x7B, 0x22, 0x7B, 0x22, 0x7B, 0x22, 0x23, 0x22, 0x33, 0x22, 0x3B, 0x22, 0x2F, 0x22, 0x67, 0x22, 0x00, 0x00, 0x00, 0x00 }, // U+707F 灿
    { 0x00, 0x00, 0x00, 0x00, 0x10, 0x20, 0x10, 0x10, 0x95, 0xFE, 0x95, 0x02, 0x55, 0x02, 0x55, 0x02, 0x59, 0x02, 0x31, 0xFE, 0x39, 0x02, 0x3D, 0x00, 0x27, 0x00, 0x63, 0x00, 0x00, 0x00, 0x00, 0x00 }, // U+7089 炉
    { 0x00, 0x00, 0x00, 0x00, 0x10, 0x40, 0x10, 0xC0, 0x92, 0x80, 0xD6, 0xFE, 0x55, 0x82, 0x55, 0x22, 0x59, 0x26, 0x10, 0x20, 0x38, 0x30, 0x38, 0x70, 0x24, 0x58, 0x64, 0xC8, 0x00, 0x00, 0x00, 0x00 }, // U+708A 炊
    { 0x00, 0x00, 0x00, 0x00, 0x00, 0x80, 0x20, 0x84, 0x11, 0x88, 0x09, 0x90, 0x02, 0x70, 0x1C, 0x1C, 0x71, 0x82, 0x21, 0x80, 0x31, 0x84, 0x19, 0x88, 0x0A, 0x50, 0x06, 0x20, 0x00, 0x00, 0x00, 0x00 }, // U+708E 炎
    { 0x00, 0x00, 0x00, 0x00, 0x10, 0x20, 0x10, 0x20, 0x94, 0xA4, 0x95, 0xA4, 0x55, 0x22, 0x55, 0x22, 0x5B, 0x22, 0x12, 0x26, 0x38, 0x2C, 0x2C, 0x18, 0x24, 0x30, 0x60, 0x60, 0x00, 0x00, 0x00, 0x00 }, // U+7092 炒
    { 0x00, 0x00, 0x00, 0x00, 0x10, 0x40, 0x10, 0x40, 0x94, 0x40, 0x95, 0xFC, 0x54, 0x44, 0x78, 0x44, 0x78, 0x44, 0x30, 0x44, 0x37, 0xFF, 0x38, 0xE0, 0x2C, 0xA0, 0x65, 0x10, 0x00, 0x00, 0x00, 0x00 }, // U+7094 炔
    { 0x00, 0x00, 0x00, 0x00, 0x10, 0x40, 0x10, 0x20, 0x13, 0xFE, 0xB4, 0x00, 0x7C, 0x00, 0x79, 0xF8, 0x79, 0x08, 0x21, 0x08, 0x31, 0x08, 0x39, 0x08, 0x2D, 0x09, 0x62, 0x09, 0x00, 0x00, 0x00, 0x00 }, // U+7095 炕
    { 0x00, 0x00, 0x00, 0x00, 0x06, 0x00, 0x0E, 0x00, 0x1F, 0xFC, 0x30, 0x1C, 0x60, 0x30, 0x13, 0xC0, 0x1E, 0x04, 0x70, 0x84, 0x11, 0x8C, 0x19, 0x88, 0x0B, 0x58, 0x06, 0x30, 0x00, 0x00, 0x00, 0x00 }, // U+7099 炙
    { 0x00, 0x00, 0x00, 0x00, 0x11, 0xFE, 0x11, 0x00, 0x95, 0x00, 0xD5, 0x00, 0x59, 0xFE, 0x79, 0x02, 0x31, 0x02, 0x31, 0x02, 0x31, 0x02, 0x39, 0xFE, 0x29, 0x02, 0x6D, 0x00, 0x00, 0x00, 0x00, 0x00 }, // U+70AC 炬
    { 0x00, 0x00, 0x00, 0x00, 0x01, 0x80, 0x21, 0x84, 0x21, 0x84, 0x3F, 0xFC, 0x00, 0x04, 0x08, 0x00, 0x7F, 0xFE, 0x18, 0x00, 0x14, 0x44, 0x16, 0x4C, 0x32, 0xE8, 0x20, 0xB0, 0x00, 0x00, 0x00, 0x00 }, // U+70AD 炭
    { 0x00, 0x00, 0x00, 0x00, 0x10, 0x80, 0x11, 0x80, 0x95, 0xFE, 0x97, 0x06, 0x7E, 0x06, 0x7F, 0xF6, 0x79, 0x16, 0x21, 0x16, 0x31, 0xF6, 0x39, 0x04, 0x29, 0x3D, 0x41, 0x03, 0x00, 0x00, 0x00, 0x00 }, // U+70AE 炮
    { 0x00, 0x00, 0x00, 0x00, 0x23, 0xFE, 0x22, 0x02, 0xA6, 0x02, 0xAE, 0xFA, 0x6A, 0xDA, 0x6A, 0xCA, 0x2A, 0xCA, 0x22, 0xCA, 0x32, 0xCA, 0x32, 0xFA, 0x2A, 0xC2, 0x4A, 0x02, 0x00, 0x00, 0x00, 0x00 }, // U+70AF 炯
    { 0x00, 0x00, 0x00, 0x00, 0x13, 0xFF, 0x10, 0x20, 0x10, 0x20, 0x97, 0xFE, 0x76, 0x22, 0x7A, 0x22, 0x7A, 0x72, 0x22, 0x7A, 0x32, 0xCA, 0x3B, 0x86, 0x2B, 0x02, 0x6A, 0x02, 0x00, 0x00, 0x00, 0x00 }, // U+70B3 炳
    { 0x00, 0x00, 0x00, 0x00, 0x10, 0x80, 0x10, 0x80, 0x11, 0xFF, 0x97, 0x40, 0xD6, 0x40, 0x5E, 0x40, 0x58, 0x7E, 0x30, 0x40, 0x30, 0x40, 0x30, 0x40, 0x38, 0x7E, 0x2C, 0x40, 0x00, 0x00, 0x00, 0x00 }, // U+70B8 炸
    { 0x00, 0x00, 0x00, 0x00, 0x01, 0x00, 0x01, 0xFE, 0x01, 0x80, 0x01, 0x00, 0x3F, 0xFC, 0x30, 0x04, 0x30, 0x04, 0x30, 0x04, 0x3F, 0xFC, 0x30, 0x04, 0x00, 0x00, 0x24, 0x44, 0x00, 0x00, 0x00, 0x00 }, // U+70B9 点
    { 0x00, 0x00, 0x00, 0x00, 0x30, 0x40, 0x30, 0xC0, 0x33, 0xFE, 0xB4, 0x80, 0xF9, 0x80, 0x7B, 0xF0, 0x79, 0x30, 0x23, 0x30, 0x23, 0xFE, 0x30, 0x30, 0x39, 0x34, 0x29, 0x36, 0x00, 0x00, 0x00, 0x00 }, // U+70BC 炼
    { 0x00, 0x00, 0x00, 0x00, 0x13, 0xFE, 0x13, 0x02, 0x97, 0x02, 0x97, 0x02, 0x57, 0x02, 0x7B, 0x02, 0x7B, 0x02, 0x33, 0xFE, 0x33, 0x02, 0x38, 0x88, 0x2D, 0x8C, 0x67, 0x06, 0x00, 0x00, 0x00, 0x00 }, // U+70BD 炽
    { 0x00, 0x00, 0x00, 0x00, 0x10, 0x0E, 0x11, 0xF8, 0x11, 0x00, 0x95, 0x30, 0xD7, 0x30, 0x5B, 0x30, 0x7A, 0x30, 0x33, 0xFF, 0x30, 0x30, 0x39, 0x34, 0x29, 0x34, 0x26, 0x32, 0x00, 0x00, 0x00, 0x00 }, // U+70C1 烁
    { 0x00, 0x00, 0x00, 0x00, 0x11, 0x04, 0x10, 0x8C, 0x94, 0xC8, 0xD4, 0x18, 0x57, 0xFF, 0x58, 0x00, 0x78, 0x00, 0x30, 0x00, 0x31, 0xFE, 0x30, 0x00, 0x28, 0x00, 0x64, 0x00, 0x00, 0x00, 0x00, 0x00 }, // U+70C2 烂
    { 0x00, 0x00, 0x00, 0x00, 0x11, 0xFC, 0x10, 0x0C, 0x94, 0x18, 0xD4, 0x30, 0x5C, 0x78, 0x59, 0x86, 0x72, 0x02, 0x30, 0x00, 0x39, 0xFC, 0x28, 0x20, 0x24, 0x20, 0x64, 0x20, 0x00, 0x00, 0x00, 0x00 }, // U+70C3 烃
    { 0x00, 0x00, 0x00, 0x00, 0x00, 0x06, 0x7F, 0xA6, 0x08, 0x26, 0x10, 0x26, 0x3F, 0xA6, 0x21, 0x26, 0x53, 0x26, 0x1E, 0x26, 0x0C, 0x06, 0x30, 0x1C, 0x40, 0x00, 0x00, 0x00, 0x00, 0x00, 0x00, 0x00 }, // U+70C8 烈
    { 0x00, 0x00, 0x00, 0x00, 0x30, 0x88, 0x30, 0x88, 0x30, 0x88, 0xB7, 0xFE, 0xF8, 0x88, 0x78, 0x88, 0x78, 0x88, 0x20, 0x88, 0x27, 0xFF, 0x30, 0x00, 0x38, 0x88, 0x69, 0x8C, 0x00, 0x00, 0x00, 0x00 }, // U+70D8 烘
    { 0x00, 0x00, 0x00, 0x00, 0x30, 0x80, 0x30, 0x80, 0x35, 0xFE, 0xBF, 0x84, 0xFA, 0xC8, 0x78, 0x70, 0x61, 0xDC, 0x23, 0x06, 0x31, 0xFE, 0x29, 0x06, 0x29, 0x06, 0x45, 0x06, 0x00, 0x00, 0x00, 0x00 }, // U+70D9 烙
    { 0x00, 0x00, 0x00, 0x00, 0x10, 0x20, 0x10, 0x20, 0x10, 0x20, 0x97, 0xFE, 0x5F, 0x26, 0x5A, 0x26, 0x7A, 0x26, 0x32, 0x26, 0x33, 0xFE, 0x3B, 0x20, 0x2C, 0x24, 0x64, 0x26, 0x00, 0x00, 0x00, 0x00 }, // U+70DB 烛
    { 0x00, 0x00, 0x00, 0x00, 0x30, 0x00, 0x33, 0xFE, 0x32, 0x02, 0xB6, 0x22, 0x7E, 0x22, 0x7B, 0xFE, 0x7A, 0x62, 0x22, 0x62, 0x22, 0x72, 0x32, 0x52, 0x32, 0x9A, 0x2A, 0x8A, 0x00, 0x00, 0x00, 0x00 }, // U+70DF 烟
    { 0x00, 0x00, 0x00, 0x00, 0x30, 0x40, 0x30, 0x42, 0x33, 0xF4, 0xA4, 0x4C, 0x68, 0x48, 0x7F, 0xFF, 0x78, 0x60, 0x20, 0xFE, 0x23, 0x80, 0x34, 0xFC, 0x28, 0x04, 0x48, 0x04, 0x00, 0x00, 0x00, 0x00 }, // U+70E4 烤
    { 0x00, 0x00, 0x00, 0x00, 0x10, 0x00, 0x13, 0xFF, 0x10, 0x20, 0x94, 0x60, 0xD7, 0xFE, 0x7B, 0x06, 0x7B, 0x22, 0x33, 0x22, 0x33, 0x22, 0x33, 0x22, 0x3B, 0x22, 0x28, 0x70, 0x00, 0x00, 0x00, 0x00 }, // U+70E6 烦
    { 0x00, 0x00, 0x00, 0x00, 0x20, 0x80, 0x20, 0xFE, 0x23, 0xE4, 0xA0, 0x48, 0x68, 0x71, 0x69, 0xF3, 0x3E, 0x1A, 0x20, 0x0E, 0x20, 0x00, 0x33, 0xFE, 0x30, 0x90, 0x29, 0x92, 0x00, 0x00, 0x00, 0x00 }, // U+70E7 烧
    { 0x00, 0x00, 0x00, 0x00, 0x10, 0x20, 0x10, 0x70, 0x14, 0x58, 0x94, 0x8C, 0x55, 0x06, 0x5A, 0xFF, 0x70, 0x00, 0x10, 0x00, 0x33, 0xFE, 0x38, 0x40, 0x28, 0xC8, 0x65, 0x84, 0x00, 0x00, 0x00, 0x00 }, // U+70E9 烩
    { 0x00, 0x00, 0x00, 0x00, 0x20, 0x00, 0x37, 0xFC, 0x10, 0x38, 0x40, 0xE0, 0x23, 0x80, 0x17, 0xFE, 0x31, 0x32, 0x63, 0x62, 0x44, 0xDE, 0x00, 0x00, 0x31, 0x88, 0x19, 0x98, 0x00, 0x00, 0x00, 0x00 }, // U+70EB 烫
    { 0x00, 0x00, 0x00, 0x00, 0x11, 0xFE, 0x11, 0x06, 0x11, 0x06, 0x95, 0xFE, 0xD5, 0x16, 0x79, 0x10, 0x7A, 0x08, 0x32, 0xC6, 0x26, 0x72, 0x34, 0x10, 0x29, 0x00, 0x6C, 0xE0, 0x00, 0x00, 0x00, 0x00 }, // U+70EC 烬
    { 0x00, 0x00, 0x00, 0x00, 0x10, 0x40, 0x10, 0x40, 0x7D, 0xF8, 0x10, 0xC8, 0x1F, 0xC8, 0x71, 0xC8, 0x50, 0xE9, 0x11, 0xA9, 0x11, 0x0F, 0x72, 0x06, 0x04, 0x00, 0x20, 0x40, 0x00, 0x00, 0x00, 0x00 }, // U+70ED 热
    { 0x00, 0x00, 0x00, 0x00, 0x21, 0x04, 0x20, 0xD8, 0xA0, 0x78, 0xEB, 0x86, 0x68, 0x40, 0x6B, 0xFF, 0x20, 0xB0, 0x21, 0x30, 0x23, 0xFE, 0x37, 0x32, 0x39, 0x32, 0x49, 0x32, 0x00, 0x00, 0x00, 0x00 }, // U+70EF 烯
    { 0x00, 0x00, 0x00, 0x00, 0x30, 0x20, 0x30, 0x20, 0x23, 0xFE, 0xA6, 0x02, 0xEA, 0x02, 0x69, 0xFC, 0x78, 0x00, 0x38, 0x00, 0x23, 0xFE, 0x30, 0x98, 0x28, 0x99, 0x48, 0x9B, 0x00, 0x00, 0x00, 0x00 }, // U+70F7 烷
    { 0x00, 0x00, 0x00, 0x00, 0x01, 0x00, 0x7F, 0xFE, 0x00, 0x00, 0x1F, 0xFC, 0x10, 0x0C, 0x1F, 0xFC, 0x00, 0x00, 0x7F, 0xFC, 0x00, 0x38, 0x00, 0x80, 0x01, 0x80, 0x0F, 0x00, 0x00, 0x00, 0x00, 0x00 }, // U+70F9 烹
    { 0x00, 0x00, 0x00, 0x00, 0x30, 0x80, 0x31, 0xFC, 0x31, 0x8C, 0xB6, 0x50, 0x79, 0xFC, 0x7B, 0x06, 0x70, 0x20, 0x23, 0xFE, 0x20, 0x20, 0x31, 0xFC, 0x38, 0x20, 0x6F, 0xFF, 0x00, 0x00, 0x00, 0x00 }, // U+70FD 烽
    { 0x00, 0x00, 0x00, 0x00, 0x7F, 0xFE, 0x01, 0x00, 0x11, 0xFC, 0x11, 0x00, 0x7F, 0xFE, 0x10, 0x00, 0x1F, 0xFC, 0x30, 0x00, 0x3F, 0xFE, 0x00, 0x02, 0x29, 0x26, 0x45, 0x36, 0x00, 0x00, 0x00, 0x00 }, // U+7109 焉
    { 0x00, 0x00, 0x00, 0x00, 0x33, 0xFC, 0x32, 0x04, 0x32, 0x04, 0x7B, 0xFC, 0x7A, 0x04, 0x7B, 0xFC, 0x7A, 0x04, 0x20, 0x00, 0x23, 0xFE, 0x20, 0x20, 0x30, 0x20, 0x3F, 0xFF, 0x00, 0x00, 0x00, 0x00 }, // U+710A 焊
    { 0x00, 0x00, 0x00, 0x00, 0x20, 0x80, 0x20, 0xF8, 0xA5, 0x08, 0xAE, 0x10, 0x7B, 0xFE, 0x7A, 0x26, 0x22, 0x26, 0x22, 0x26, 0x37, 0xFF, 0x38, 0x60, 0x28, 0x50, 0x48, 0x98, 0x00, 0x00, 0x00, 0x00 }, // U+7115 焕
    { 0x00, 0x00, 0x00, 0x00, 0x10, 0x20, 0x10, 0x20, 0x13, 0xFE, 0x95, 0x04, 0xB8, 0x8C, 0x78, 0x98, 0x63, 0xFF, 0x20, 0x00, 0x33, 0xFE, 0x3B, 0x06, 0x2B, 0x06, 0x4B, 0x06, 0x00, 0x00, 0x00, 0x00 }, // U+7119 焙
    { 0x00, 0x00, 0x00, 0x00, 0x08, 0x10, 0x08, 0x10, 0x7F, 0xFE, 0x18, 0x30, 0x3C, 0x78, 0x6A, 0x96, 0x49, 0x12, 0x08, 0x10, 0x21, 0x84, 0x11, 0x88, 0x0B, 0xD0, 0x06, 0x60, 0x00, 0x00, 0x00, 0x00 }, // U+711A 焚
    { 0x00, 0x00, 0x00, 0x00, 0x18, 0x80, 0x10, 0xC0, 0x3F, 0xFE, 0x30, 0xC0, 0x70, 0xC0, 0x5F, 0xFC, 0x10, 0xC0, 0x10, 0xC0, 0x1F, 0xFC, 0x10, 0xC0, 0x10, 0xC0, 0x1F, 0xFE, 0x00, 0x00, 0x00, 0x00 }, // U+7126 焦
    { 0x00, 0x00, 0x00, 0x00, 0x10, 0x40, 0x10, 0xFC, 0xB4, 0x84, 0x75, 0x0C, 0x7B, 0x08, 0x7A, 0x10, 0x30, 0xC0, 0x33, 0x9E, 0x32, 0x02, 0x32, 0x02, 0x2B, 0xDE, 0x26, 0x02, 0x00, 0x00, 0x00, 0x00 }, // U+7130 焰
    { 0x00, 0x00, 0x10, 0x00, 0x10, 0x34, 0x1F, 0x32, 0x31, 0x30, 0x23, 0xFF, 0x4A, 0x30, 0xE6, 0x30, 0x94, 0x38, 0x0C, 0x68, 0x18, 0xCC, 0x71, 0x86, 0x43, 0x02, 0x24, 0x44, 0x00, 0x00, 0x00, 0x00 }, // U+7136 然
    { 0x00, 0x00, 0x00, 0x00, 0x30, 0x40, 0x33, 0xFE, 0xB6, 0x06, 0xBF, 0xFE, 0x7A, 0x06, 0x7A, 0x06, 0x23, 0xFE, 0x20, 0x00, 0x33, 0xFE, 0x38, 0x20, 0x2B, 0xFE, 0x48, 0x20, 0x00, 0x00, 0x00, 0x00 }, // U+714C 煌
    { 0x00, 0x00, 0x00, 0x00, 0x08, 0x10, 0x04, 0x30, 0xFF, 0xFF, 0x00, 0x00, 0x7F, 0x26, 0x61, 0x26, 0x7F, 0x26, 0x61, 0x26, 0x7F, 0x26, 0x61, 0x06, 0x67, 0x1C, 0x00, 0x04, 0x00, 0x00, 0x00, 0x00 }, // U+714E 煎
    { 0x00, 0x00, 0x00, 0x00, 0x10, 0x20, 0x3E, 0x60, 0x46, 0x7F, 0xC4, 0xC4, 0x7E, 0xC4, 0x03, 0xA4, 0x3E, 0x28, 0x02, 0x18, 0x7E, 0x38, 0x02, 0xE6, 0x22, 0x82, 0x24, 0x44, 0x00, 0x00, 0x00, 0x00 }, // U+715E 煞
    { 0x00, 0x00, 0x00, 0x00, 0x31, 0x04, 0x31, 0x04, 0x37, 0xFF, 0xB5, 0x04, 0x79, 0xFC, 0x79, 0x04, 0x21, 0x04, 0x21, 0xFC, 0x30, 0x20, 0x3F, 0xFF, 0x28, 0x70, 0x60, 0xA8, 0x00, 0x00, 0x00, 0x00 }, // U+7164 煤
    { 0x00, 0x00, 0x00, 0x00, 0x00, 0x00, 0x7D, 0xFE, 0x44, 0x42, 0x44, 0x46, 0x44, 0x9C, 0x7D, 0x00, 0x44, 0xFE, 0x44, 0x82, 0x44, 0x82, 0x7C, 0xFE, 0x44, 0x82, 0x00, 0x00, 0x00, 0x00, 0x00, 0x00 }, // U+7167 照
    { 0x00, 0x00, 0x00, 0x00, 0x01, 0x00, 0x3F, 0xF4, 0x01, 0x38, 0xFF, 0xFF, 0x03, 0x00, 0x1F, 0xF8, 0xF8, 0x08, 0x1F, 0xF8, 0x18, 0x08, 0x1F, 0xF8, 0x18, 0x08, 0x24, 0x44, 0x00, 0x00, 0x00, 0x00 }, // U+716E 煮
    { 0x00, 0x00, 0x00, 0x00, 0x20, 0x60, 0x20, 0x20, 0x23, 0xFE, 0xAE, 0x02, 0xAB, 0xFE, 0x6A, 0x00, 0x63, 0xFE, 0x23, 0x22, 0x33, 0xAA, 0x34, 0x22, 0x6D, 0xEE, 0x45, 0x32, 0x00, 0x00, 0x00, 0x00 }, // U+717D 煽
    { 0x00, 0x00, 0x00, 0x00, 0x30, 0x40, 0x33, 0xFE, 0xB6, 0x06, 0xFF, 0xFE, 0x7A, 0x06, 0x7B, 0xFE, 0x32, 0x06, 0x33, 0xFE, 0x32, 0x46, 0x28, 0x60, 0x2F, 0x24, 0x25, 0x22, 0x00, 0x00, 0x00, 0x00 }, // U+7184 熄
    { 0x00, 0x00, 0x00, 0x00, 0x10, 0x40, 0x32, 0x42, 0x62, 0x4C, 0x7F, 0x72, 0x00, 0x42, 0x7F, 0x3E, 0x41, 0x40, 0x7F, 0x46, 0x41, 0x78, 0x7F, 0x42, 0x43, 0x42, 0x4E, 0x3E, 0x00, 0x00, 0x00, 0x00 }, // U+718A 熊
    { 0x00, 0x00, 0x00, 0x00, 0x00, 0x3C, 0x7F, 0xFC, 0x01, 0x80, 0xFF, 0xFF, 0x01, 0x80, 0x3F, 0xFC, 0x25, 0xA4, 0x3F, 0xFC, 0x01, 0x80, 0x3F, 0xFC, 0x01, 0x80, 0x7F, 0xFE, 0x00, 0x00, 0x00, 0x00 }, // U+718F 熏
    { 0x00, 0x00, 0x00, 0x00, 0x30, 0x20, 0x30, 0x20, 0x33, 0xFE, 0xBA, 0x02, 0xE8, 0x88, 0x79, 0x24, 0x72, 0x72, 0x20, 0x98, 0x21, 0x8C, 0x37, 0x06, 0x35, 0xFC, 0x39, 0x04, 0x00, 0x00, 0x00, 0x00 }, // U+7194 熔
    { 0x00, 0x00, 0x00, 0x00, 0x7F, 0xFE, 0x44, 0x42, 0x5F, 0x42, 0x51, 0x42, 0x51, 0x7E, 0x51, 0x40, 0x5F, 0x40, 0x44, 0x63, 0x7F, 0xBE, 0x00, 0x00, 0x24, 0x44, 0x00, 0x00, 0x00, 0x00, 0x00, 0x00 }, // U+7199 熙
    { 0x00, 0x00, 0x00, 0x00, 0x08, 0x20, 0xFF, 0x20, 0x00, 0x20, 0x7E, 0xF8, 0x42, 0x28, 0x7E, 0xA8, 0x00, 0x6C, 0x7E, 0x64, 0x04, 0x65, 0xFF, 0xD5, 0x09, 0x86, 0x39, 0x00, 0x00, 0x00, 0x00, 0x00 }, // U+719F 熟
    { 0x00, 0x00, 0x00, 0x00, 0x08, 0x20, 0x7F, 0x20, 0x08, 0x3F, 0x7F, 0x44, 0x08, 0x64, 0x7F, 0xAC, 0x20, 0xB8, 0x3E, 0x18, 0x62, 0x6C, 0x5E, 0x82, 0x00, 0x00, 0x04, 0x44, 0x00, 0x00, 0x00, 0x00 }, // U+71AC 熬
    { 0x00, 0x00, 0x00, 0x00, 0x21, 0x1C, 0x22, 0x12, 0xAB, 0xD2, 0xAE, 0x50, 0x3D, 0xFF, 0x6D, 0x98, 0x2A, 0x98, 0x23, 0x3C, 0x23, 0x24, 0x26, 0x42, 0x34, 0x80, 0x5A, 0xA4, 0x00, 0x00, 0x00, 0x00 }, // U+71C3 燃
    { 0x00, 0x00, 0x00, 0x00, 0x30, 0x20, 0x30, 0x20, 0x33, 0xFE, 0xA2, 0x52, 0xA5, 0x54, 0x69, 0x8C, 0x69, 0xFC, 0x27, 0x07, 0x21, 0xFC, 0x31, 0x04, 0x29, 0xFC, 0x49, 0x24, 0x00, 0x00, 0x00, 0x00 }, // U+71CE 燎
    { 0x00, 0x00, 0x00, 0x00, 0x04, 0x20, 0x7F, 0xFE, 0x04, 0x20, 0x07, 0xF8, 0x10, 0x18, 0x73, 0xDA, 0x12, 0x5C, 0x72, 0x59, 0xD3, 0xDB, 0x12, 0x4E, 0x00, 0x00, 0x24, 0x44, 0x00, 0x00, 0x00, 0x00 }, // U+71D5 燕
    { 0x00, 0x00, 0x00, 0x00, 0x21, 0xFC, 0x21, 0x04, 0x21, 0xFC, 0xA8, 0x00, 0xAF, 0xDE, 0x68, 0x52, 0x78, 0x52, 0x23, 0xDE, 0x30, 0x20, 0x37, 0xFF, 0x28, 0x70, 0x48, 0xB8, 0x00, 0x00, 0x00, 0x00 }, // U+71E5 燥
    { 0x00, 0x00, 0x20, 0x00, 0x23, 0xFC, 0x22, 0x04, 0xAB, 0xFC, 0xAA, 0x04, 0x6B, 0xFC, 0x71, 0x10, 0x27, 0xFE, 0x21, 0x10, 0x2F, 0xFF, 0x31, 0x48, 0x2F, 0xFC, 0x48, 0x43, 0x00, 0x00, 0x00, 0x00 }, // U+7206 爆
    { 0x00, 0x00, 0x00, 0x00, 0x00, 0x3C, 0x1F, 0xF8, 0x11, 0x10, 0x11, 0x10, 0x11, 0x10, 0x11, 0x18, 0x11, 0x18, 0x11, 0x08, 0x11, 0x08, 0x31, 0x08, 0x21, 0x0C, 0x21, 0x04, 0x00, 0x00, 0x00, 0x00 }, // U+722A 爪
    { 0x00, 0x00, 0x00, 0x00, 0x07, 0x00, 0x7E, 0xFE, 0x4A, 0xD2, 0x4A, 0xD2, 0x4A, 0xD2, 0x4A, 0xD2, 0x4A, 0xFE, 0x4A, 0xC2, 0x4A, 0xC0, 0x4A, 0xC1, 0x4B, 0x43, 0x49, 0x7E, 0x00, 0x00, 0x00, 0x00 }, // U+722C 爬
    { 0x00, 0x00, 0x00, 0x00, 0x00, 0x3E, 0x7F, 0xE0, 0x11, 0x08, 0x08, 0x98, 0x7F, 0xFE, 0x40, 0x02, 0x40, 0x02, 0x7F, 0xFF, 0x0C, 0x00, 0x0F, 0xFC, 0x1E, 0x18, 0x33, 0x30, 0x00, 0x00, 0x00, 0x00 }, // U+7231 爱
    { 0x00, 0x00, 0x00, 0x00, 0x00, 0x3E, 0x7F, 0xC8, 0x11, 0x98, 0x7F, 0xFE, 0x46, 0x22, 0x7F, 0xFE, 0x00, 0x00, 0x7F, 0x04, 0x61, 0x04, 0x7F, 0xFF, 0x61, 0x44, 0x7F, 0x64, 0x00, 0x00, 0x00, 0x00 }, // U+7235 爵
    { 0x00, 0x00, 0x00, 0x00, 0x04, 0x20, 0x0C, 0x30, 0x08, 0x18, 0x10, 0x0C, 0x68, 0x16, 0x48, 0x12, 0x04, 0x30, 0x06, 0x20, 0x02, 0x40, 0x01, 0xC0, 0x03, 0xC0, 0x00, 0x00, 0x00, 0x00, 0x00, 0x00 }, // U+7236 父
    { 0x00, 0x00, 0x00, 0x00, 0x04, 0x20, 0x18, 0x1C, 0x44, 0x62, 0x03, 0xC0, 0x06, 0xE0, 0x78, 0x3C, 0x60, 0x06, 0x3F, 0xFC, 0x02, 0x04, 0x02, 0x04, 0x02, 0x0C, 0x02, 0xF8, 0x00, 0x00, 0x00, 0x00 }, // U+7237 爷
    { 0x00, 0x00, 0x00, 0x00, 0x0C, 0x30, 0x38, 0x0C, 0x64, 0x62, 0x03, 0xC0, 0x1E, 0xF0, 0x70, 0x1F, 0x1F, 0xF8, 0x11, 0x88, 0x11, 0x88, 0x1F, 0xF8, 0x10, 0x0A, 0x10, 0x02, 0x00, 0x00, 0x00, 0x00 }, // U+7238 爸
    { 0x00, 0x00, 0x00, 0x00, 0x04, 0x30, 0x3C, 0x66, 0x63, 0xC0, 0x1E, 0x78, 0x63, 0x06, 0x0F, 0xFC, 0x3C, 0x38, 0x03, 0xC0, 0x7F, 0x80, 0x03, 0xFC, 0x1E, 0x1C, 0x03, 0x70, 0x00, 0x00, 0x00, 0x00 }, // U+7239 爹
    { 0x00, 0x00, 0x00, 0x00, 0x01, 0x80, 0x01, 0x80, 0xFF, 0xFE, 0x65, 0xA4, 0x3D, 0x9C, 0x3D, 0xBC, 0x65, 0xE2, 0x25, 0xA4, 0x19, 0x98, 0x39, 0x9C, 0x47, 0xE6, 0x06, 0x60, 0x00, 0x00, 0x00, 0x00 }, // U+723D 爽
    { 0x00, 0x00, 0x00, 0x00, 0x10, 0x20, 0x10, 0x20, 0x10, 0x20, 0x10, 0x20, 0x1F, 0xFF, 0x18, 0x00, 0x10, 0x00, 0x10, 0x00, 0x1F, 0xF0, 0x10, 0x10, 0x10, 0x10, 0x30, 0x10, 0x00, 0x00, 0x00, 0x00 }, // U+7247 片
    { 0x00, 0x00, 0x00, 0x00, 0x48, 0x06, 0x49, 0xF8, 0x49, 0x00, 0x49, 0x00, 0x49, 0x00, 0x7D, 0xFE, 0x41, 0x42, 0x41, 0x46, 0x79, 0x24, 0x49, 0x24, 0x49, 0x38, 0x49, 0x18, 0x00, 0x00, 0x00, 0x00 }, // U+7248 版
    { 0x00, 0x00, 0x00, 0x00, 0x08, 0x20, 0x48, 0x20, 0x49, 0xFE, 0x49, 0x22, 0x49, 0x22, 0x7D, 0xFE, 0x41, 0x22, 0x41, 0x22, 0x79, 0xFE, 0x48, 0x42, 0x49, 0x90, 0x4F, 0xFF, 0x00, 0x00, 0x00, 0x00 }, // U+724C 牌
    { 0x00, 0x00, 0x00, 0x00, 0x7F, 0xFE, 0x00, 0x20, 0x10, 0x20, 0x30, 0x20, 0x20, 0x20, 0x3F, 0xFF, 0x00, 0xA0, 0x01, 0xA0, 0x03, 0x20, 0x06, 0x20, 0x0C, 0x20, 0x00, 0x00, 0x00, 0x00, 0x00, 0x00 }, // U+7259 牙
    { 0x00, 0x00, 0x00, 0x00, 0x01, 0x80, 0x11, 0x80, 0x1F, 0xFC, 0x21, 0x80, 0x61, 0x80, 0x41, 0x80, 0x01, 0x80, 0xFF, 0xFF, 0x01, 0x80, 0x01, 0x80, 0x01, 0x80, 0x00, 0x00, 0x00, 0x00, 0x00, 0x00 }, // U+725B 牛
    { 0x00, 0x00, 0x00, 0x00, 0x03, 0x00, 0x06, 0x20, 0x0C, 0x30, 0x38, 0x18, 0x3F, 0xFC, 0x18, 0x04, 0x30, 0x80, 0x3F, 0xFC, 0x61, 0x80, 0x00, 0x80, 0xFF, 0xFF, 0x01, 0x80, 0x00, 0x00, 0x00, 0x00 }, // U+725F 牟
    { 0x00, 0x00, 0x00, 0x00, 0x10, 0x30, 0x50, 0x30, 0x50, 0x30, 0x7C, 0x30, 0x59, 0xFE, 0xD0, 0x30, 0x10, 0x30, 0x10, 0x30, 0x1C, 0x30, 0x78, 0x30, 0x10, 0x30, 0x10, 0x30, 0x00, 0x00, 0x00, 0x00 }, // U+7261 牡
    { 0x00, 0x00, 0x00, 0x00, 0x01, 0x80, 0x00, 0x80, 0x7F, 0xFE, 0x40, 0x02, 0x48, 0x02, 0x08, 0x80, 0x1F, 0xFC, 0x10, 0x80, 0x30, 0x80, 0x20, 0x80, 0xFF, 0xFF, 0x00, 0x80, 0x00, 0x00, 0x00, 0x00 }, // U+7262 牢
    { 0x00, 0x00, 0x00, 0x00, 0x08, 0x40, 0x08, 0x40, 0x48, 0xC0, 0x48, 0xFE, 0x7E, 0x84, 0x49, 0x84, 0x49, 0xCC, 0x0A, 0x48, 0x1C, 0x48, 0x78, 0x30, 0x48, 0x30, 0x08, 0x78, 0x00, 0x00, 0x00, 0x00 }, // U+7267 牧
    { 0x00, 0x00, 0x00, 0x00, 0x10, 0x80, 0x50, 0x80, 0x51, 0xFE, 0x7D, 0x5A, 0x52, 0x5A, 0x92, 0x52, 0x90, 0xD2, 0x1C, 0x92, 0x78, 0xB2, 0xD1, 0x22, 0x12, 0x62, 0x12, 0xC6, 0x00, 0x00, 0x00, 0x00 }, // U+7269 物
    { 0x00, 0x00, 0x00, 0x00, 0x10, 0x30, 0x51, 0xB0, 0x51, 0x30, 0x7D, 0xFE, 0x51, 0x30, 0x92, 0x30, 0x92, 0x30, 0x1C, 0x30, 0x79, 0xFE, 0xF0, 0x30, 0x10, 0x30, 0x10, 0x30, 0x00, 0x00, 0x00, 0x00 }, // U+7272 牲
    { 0x00, 0x00, 0x00, 0x80, 0x01, 0x80, 0x7F, 0xFE, 0x03, 0x80, 0x0E, 0xF0, 0x38, 0x0C, 0x00, 0x00, 0x7F, 0xFE, 0x48, 0x82, 0x18, 0x80, 0x1F, 0xF8, 0x20, 0x80, 0x00, 0x80, 0x00, 0x00, 0x00, 0x00 }, // U+7275 牵
    { 0x00, 0x00, 0x00, 0x00, 0x10, 0x20, 0x50, 0x20, 0x53, 0xFE, 0x7C, 0x20, 0x50, 0x20, 0xD3, 0xFF, 0x90, 0x00, 0x10, 0x08, 0x3F, 0xFF, 0xF9, 0x0C, 0x11, 0x88, 0x10, 0x88, 0x00, 0x00, 0x00, 0x00 }, // U+7279 特
    { 0x00, 0x00, 0x00, 0x00, 0x10, 0x00, 0x13, 0xFF, 0x50, 0x50, 0x50, 0x50, 0x7B, 0xFE, 0x52, 0x52, 0x92, 0x52, 0x92, 0xD2, 0x1A, 0x92, 0x7A, 0x8E, 0xD3, 0x82, 0x13, 0x02, 0x00, 0x00, 0x00, 0x00 }, // U+727A 牺
    { 0x00, 0x00, 0x00, 0x00, 0x3F, 0xFE, 0x20, 0x02, 0x20, 0x02, 0x3F, 0xFE, 0x28, 0x46, 0x22, 0x58, 0x23, 0x58, 0x3C, 0x47, 0x24, 0x40, 0x6F, 0xFE, 0x50, 0x40, 0x5F, 0xFF, 0x00, 0x00, 0x00, 0x00 }, // U+7280 犀
    { 0x00, 0x00, 0x00, 0x00, 0x00, 0x06, 0x7F, 0x26, 0x08, 0x26, 0x7F, 0xA6, 0x0C, 0x26, 0x1E, 0x26, 0x6F, 0x04, 0x49, 0x1C, 0x08, 0x80, 0x1F, 0xFC, 0x30, 0x80, 0x20, 0x80, 0x00, 0x00, 0x00, 0x00 }, // U+7281 犁
    { 0x00, 0x00, 0x00, 0x00, 0x10, 0x20, 0x10, 0x20, 0x53, 0xFE, 0x50, 0x20, 0x7F, 0xFE, 0xD1, 0x12, 0x90, 0x92, 0x1E, 0x50, 0x79, 0x10, 0x50, 0x90, 0x17, 0xFF, 0x10, 0x30, 0x00, 0x00, 0x00, 0x00 }, // U+728A 犊
    { 0x00, 0x00, 0x01, 0x80, 0x01, 0x90, 0x01, 0x98, 0x01, 0x88, 0x01, 0x80, 0xFF, 0xFF, 0x01, 0x80, 0x01, 0x80, 0x01, 0x80, 0x02, 0x40, 0x02, 0x40, 0x04, 0x20, 0x0C, 0x30, 0x00, 0x00, 0x00, 0x00 }, // U+72AC 犬
    { 0x00, 0x00, 0x00, 0x00, 0x40, 0x00, 0x6D, 0xFC, 0x39, 0x04, 0x31, 0x04, 0x71, 0x04, 0x59, 0x04, 0x19, 0x04, 0x19, 0x04, 0x39, 0x3C, 0x69, 0x00, 0x49, 0x00, 0x09, 0x01, 0x00, 0x00, 0x00, 0x00 }, // U+72AF 犯
    { 0x00, 0x00, 0x00, 0x00, 0x08, 0x28, 0x08, 0x2C, 0x48, 0x24, 0x48, 0x60, 0x6B, 0xFE, 0x28, 0x60, 0x08, 0x60, 0x18, 0x70, 0x38, 0x50, 0x68, 0xD0, 0x48, 0x88, 0x09, 0x0C, 0x00, 0x00, 0x00, 0x00 }, // U+72B6 状
    { 0x00, 0x00, 0x00, 0x00, 0x40, 0xD0, 0x44, 0xCC, 0x38, 0xC4, 0x30, 0xC0, 0x77, 0xFF, 0x50, 0xB0, 0x18, 0xB0, 0x18, 0xB0, 0x38, 0xB0, 0x68, 0xB0, 0x49, 0xB0, 0x09, 0x31, 0x00, 0x00, 0x00, 0x00 }, // U+72B9 犹
    { 0x00, 0x00, 0x00, 0x00, 0x48, 0x00, 0x6B, 0xFE, 0x30, 0x20, 0x30, 0x20, 0x70, 0x20, 0x58, 0x20, 0x18, 0x20, 0x1B, 0xFE, 0x28, 0x20, 0x48, 0x20, 0x48, 0x20, 0x08, 0x20, 0x00, 0x00, 0x00, 0x00 }, // U+72C2 狂
    { 0x00, 0x00, 0x00, 0x00, 0x44, 0x20, 0x68, 0x20, 0x30, 0x20, 0x32, 0x22, 0x72, 0x26, 0x59, 0x24, 0x19, 0x2C, 0x19, 0x68, 0x38, 0x70, 0x68, 0x50, 0x48, 0xD8, 0x08, 0x88, 0x00, 0x00, 0x00, 0x00 }, // U+72C4 狄
    { 0x00, 0x00, 0x00, 0x00, 0x4B, 0xFE, 0x6B, 0x02, 0x33, 0x02, 0x33, 0x22, 0x73, 0x22, 0x5B, 0x22, 0x1B, 0x22, 0x3B, 0x22, 0x6B, 0x22, 0x4B, 0x22, 0x08, 0x70, 0x08, 0xD8, 0x00, 0x00, 0x00, 0x00 }, // U+72C8 狈
    { 0x00, 0x00, 0x00, 0x00, 0x08, 0x0C, 0x4B, 0xFC, 0x32, 0x48, 0x32, 0x48, 0x72, 0x48, 0x12, 0x48, 0x12, 0x48, 0x32, 0x48, 0x32, 0x4C, 0x52, 0x44, 0x12, 0x54, 0x12, 0x54, 0x00, 0x00, 0x00, 0x00 }, // U+72D0 狐
    { 0x00, 0x00, 0x00, 0x00, 0x41, 0x00, 0x49, 0x00, 0x33, 0xFE, 0x32, 0x02, 0x76, 0x02, 0x57, 0xF2, 0x13, 0x32, 0x33, 0x32, 0x3B, 0x32, 0x5B, 0x32, 0x9B, 0xF2, 0x1B, 0x02, 0x00, 0x00, 0x00, 0x00 }, // U+72D7 狗
    { 0x00, 0x00, 0x00, 0x00, 0x49, 0xFC, 0x69, 0x04, 0x31, 0x04, 0x31, 0x04, 0x71, 0xFC, 0x51, 0x04, 0x19, 0x04, 0x39, 0x04, 0x69, 0xFC, 0x49, 0x04, 0x09, 0x04, 0x09, 0x04, 0x00, 0x00, 0x00, 0x00 }, // U+72D9 狙
    { 0x00, 0x00, 0x00, 0x00, 0x44, 0x20, 0x68, 0x20, 0x33, 0xFE, 0x32, 0x02, 0x72, 0x02, 0x58, 0x00, 0x1B, 0xFF, 0x38, 0x20, 0x68, 0x20, 0x48, 0x20, 0x08, 0x20, 0x08, 0x20, 0x00, 0x00, 0x00, 0x00 }, // U+72DE 狞
    { 0x00, 0x00, 0x00, 0x00, 0x4B, 0xFC, 0x4B, 0x04, 0x33, 0x04, 0x33, 0xFC, 0x73, 0x04, 0x53, 0x04, 0x1B, 0xFC, 0x1B, 0x60, 0x3B, 0x22, 0x4B, 0x3C, 0x4B, 0x18, 0x0B, 0x48, 0x00, 0x00, 0x00, 0x00 }, // U+72E0 狠
    { 0x00, 0x00, 0x00, 0x00, 0x00, 0x40, 0x68, 0x20, 0x3F, 0xFE, 0x30, 0x00, 0x71, 0x88, 0x13, 0x0C, 0x1A, 0x06, 0x3D, 0x8A, 0x78, 0x98, 0x48, 0xD0, 0x08, 0x60, 0x18, 0x60, 0x00, 0x00, 0x00, 0x00 }, // U+72E1 狡
    { 0x00, 0x00, 0x00, 0x00, 0x40, 0x20, 0x48, 0x20, 0x38, 0x20, 0x33, 0xFE, 0x72, 0x26, 0x52, 0x26, 0x1A, 0x26, 0x1A, 0x26, 0x3A, 0x26, 0x2B, 0xFE, 0x4A, 0x20, 0x08, 0x24, 0x00, 0x00, 0x00, 0x00 }, // U+72EC 独
    { 0x00, 0x00, 0x00, 0x00, 0x00, 0x20, 0x6C, 0x20, 0x3B, 0xFE, 0x30, 0x20, 0x72, 0x26, 0x59, 0x24, 0x19, 0x28, 0x18, 0x20, 0x3F, 0xFF, 0x68, 0x60, 0x48, 0x70, 0x08, 0xD8, 0x00, 0x00, 0x00, 0x00 }, // U+72ED 狭
    { 0x00, 0x00, 0x00, 0x00, 0x09, 0x00, 0x59, 0xFF, 0x35, 0x08, 0x25, 0x08, 0x65, 0x7E, 0x55, 0x4A, 0x15, 0x4A, 0x15, 0x4A, 0x35, 0x4A, 0x55, 0x4A, 0x15, 0x4A, 0x11, 0x4A, 0x00, 0x00, 0x00, 0x00 }, // U+72EE 狮
    { 0x00, 0x00, 0x00, 0x00, 0x48, 0x80, 0x71, 0xF8, 0x31, 0x18, 0x72, 0x10, 0xD7, 0xFE, 0x10, 0x26, 0x18, 0x26, 0x3F, 0xFF, 0x48, 0x26, 0x88, 0x26, 0x0B, 0xFE, 0x08, 0x26, 0x00, 0x00, 0x00, 0x00 }, // U+72F0 狰
    { 0x00, 0x00, 0x00, 0x00, 0x4A, 0x10, 0x73, 0x14, 0x31, 0x12, 0x7E, 0xFF, 0x52, 0x10, 0x12, 0x18, 0x32, 0x18, 0x72, 0x28, 0x52, 0xA8, 0x13, 0xA4, 0x13, 0x44, 0x00, 0x00, 0x00, 0x00, 0x00, 0x00 }, // U+72F1 狱
    { 0x00, 0x00, 0x00, 0x00, 0x4B, 0xFE, 0x4A, 0x22, 0x32, 0x22, 0x33, 0xFE, 0x72, 0x22, 0x92, 0x22, 0x1A, 0x22, 0x3B, 0xFE, 0x7A, 0x22, 0x48, 0x20, 0x0B, 0xFE, 0x08, 0x20, 0x00, 0x00, 0x00, 0x00 }, // U+72F8 狸
    { 0x00, 0x00, 0x00, 0x00, 0x48, 0x20, 0x48, 0x20, 0x31, 0xFE, 0x31, 0x06, 0x71, 0x06, 0x51, 0xFE, 0x19, 0x06, 0x19, 0x06, 0x39, 0xFE, 0x49, 0x62, 0x49, 0x2C, 0x09, 0x18, 0x00, 0x00, 0x00, 0x00 }, // U+72FC 狼
    { 0x00, 0x00, 0x00, 0x00, 0x48, 0x88, 0x78, 0x88, 0x33, 0xFE, 0x30, 0x88, 0x70, 0x88, 0x58, 0x88, 0x1F, 0xFF, 0x19, 0xFC, 0x39, 0x04, 0x69, 0x04, 0x49, 0x04, 0x09, 0xFC, 0x00, 0x00, 0x00, 0x00 }, // U+730E 猎
    { 0x00, 0x00, 0x00, 0x00, 0x4B, 0xFC, 0x6B, 0x04, 0x33, 0xFC, 0x33, 0x04, 0x73, 0x04, 0x53, 0xFC, 0x18, 0x00, 0x3B, 0xFE, 0x7A, 0x02, 0x4B, 0xFE, 0x0A, 0x02, 0x1A, 0x02, 0x00, 0x00, 0x00, 0x00 }, // U+7316 猖
    { 0x00, 0x00, 0x00, 0x00, 0x49, 0xFC, 0x58, 0x18, 0x30, 0x30, 0x27, 0xFF, 0x70, 0x20, 0x10, 0x20, 0x11, 0xE0, 0x30, 0x00, 0x73, 0xFE, 0x52, 0xD2, 0x12, 0xD2, 0x12, 0xD2, 0x00, 0x00, 0x00, 0x00 }, // U+731B 猛
    { 0x00, 0x00, 0x00, 0x00, 0x48, 0x20, 0x7B, 0xFF, 0x30, 0x20, 0x33, 0xFE, 0x70, 0x20, 0x5B, 0xFF, 0x18, 0x00, 0x18, 0x00, 0x29, 0xFE, 0x49, 0x06, 0x49, 0xFE, 0x09, 0x06, 0x00, 0x00, 0x00, 0x00 }, // U+731C 猜
    { 0x00, 0x00, 0x00, 0x00, 0x4B, 0xFE, 0x7A, 0x02, 0x33, 0xFE, 0x72, 0x02, 0x52, 0x02, 0x13, 0xFE, 0x19, 0x20, 0x3B, 0xFE, 0x6A, 0x20, 0x4C, 0x20, 0x0B, 0xFE, 0x08, 0x20, 0x00, 0x00, 0x00, 0x00 }, // U+7329 猩
    { 0x00, 0x00, 0x00, 0x00, 0x40, 0x40, 0x68, 0x42, 0x31, 0xFC, 0x30, 0x4C, 0x70, 0x58, 0x5B, 0xFF, 0x18, 0x40, 0x38, 0xFC, 0x6B, 0x04, 0x4F, 0xFC, 0x09, 0x04, 0x09, 0x04, 0x00, 0x00, 0x00, 0x00 }, // U+732A 猪
    { 0x00, 0x00, 0x00, 0x00, 0x00, 0x88, 0x48, 0x88, 0x77, 0xFF, 0x30, 0x88, 0x70, 0x88, 0xD0, 0x00, 0x13, 0xFE, 0x12, 0x22, 0x3A, 0x22, 0x4B, 0xFE, 0x0A, 0x22, 0x0A, 0x22, 0x00, 0x00, 0x00, 0x00 }, // U+732B 猫
    { 0x00, 0x00, 0x00, 0x00, 0x08, 0x0A, 0x7F, 0x8A, 0x08, 0x08, 0x08, 0x7F, 0x7F, 0x98, 0x52, 0x98, 0x54, 0x98, 0x44, 0x98, 0x5E, 0x98, 0x48, 0x94, 0x7F, 0x94, 0x48, 0xA4, 0x00, 0x00, 0x00, 0x00 }, // U+732E 献
    { 0x00, 0x00, 0x00, 0x00, 0x49, 0x7C, 0x73, 0x04, 0x32, 0x04, 0x66, 0xFE, 0x76, 0x40, 0x12, 0x40, 0x12, 0xFE, 0x32, 0x90, 0x72, 0x90, 0x52, 0xFE, 0x12, 0x30, 0x12, 0x28, 0x00, 0x00, 0x00, 0x00 }, // U+7334 猴
    { 0x00, 0x00, 0x00, 0x00, 0x4B, 0xFC, 0x4B, 0x04, 0x33, 0xE4, 0x33, 0x24, 0x73, 0x24, 0x17, 0xFE, 0x14, 0x02, 0x33, 0xFC, 0x31, 0x04, 0x59, 0xFC, 0x19, 0x04, 0x19, 0xFC, 0x00, 0x00, 0x00, 0x00 }, // U+733E 猾
    { 0x00, 0x00, 0x00, 0x00, 0x48, 0x20, 0x78, 0x20, 0x33, 0xFC, 0x70, 0x20, 0x57, 0xFF, 0x10, 0x00, 0x33, 0xFC, 0x7A, 0x04, 0x4B, 0xFA, 0x08, 0xE2, 0x19, 0x94, 0x1B, 0xB8, 0x00, 0x00, 0x00, 0x00 }, // U+733F 猿
    { 0x00, 0x00, 0x00, 0x00, 0x12, 0x10, 0x52, 0x10, 0x6F, 0xDE, 0x22, 0x24, 0x67, 0xE4, 0xA6, 0xBE, 0x26, 0xA2, 0x37, 0xAA, 0x72, 0x2A, 0x93, 0xAA, 0x16, 0xAA, 0x1A, 0x4C, 0x00, 0x00, 0x00, 0x00 }, // U+736D 獭
    { 0x00, 0x00, 0x00, 0x00, 0x00, 0x80, 0x00, 0x80, 0x7F, 0xFF, 0x03, 0x00, 0x06, 0x08, 0x0C, 0x18, 0x38, 0x30, 0x3F, 0xE0, 0x00, 0xC0, 0x01, 0x10, 0x06, 0x08, 0x0C, 0x0C, 0x00, 0x00, 0x00, 0x00 }, // U+7384 玄
    { 0x00, 0x00, 0x01, 0x00, 0x01, 0x80, 0x7F, 0xFE, 0x01, 0x00, 0x43, 0x02, 0x26, 0x4C, 0x17, 0x88, 0x09, 0x48, 0x3E, 0x6C, 0x67, 0xE6, 0x41, 0x92, 0x01, 0x80, 0xFF, 0xFF, 0x00, 0x00, 0x00, 0x00 }, // U+7387 率
    { 0x00, 0x00, 0x00, 0x00, 0x7F, 0xFE, 0x01, 0x80, 0x01, 0x80, 0x01, 0x80, 0x01, 0x80, 0x3F, 0xFC, 0x01, 0x80, 0x01, 0x90, 0x01, 0x90, 0x01, 0x88, 0x01, 0x88, 0x00, 0x00, 0x00, 0x00, 0x00, 0x00 }, // U+7389 玉
    { 0x00, 0x00, 0x00, 0x00, 0x7F, 0xFE, 0x01, 0x80, 0x01, 0x80, 0x01, 0x80, 0x01, 0x80, 0x01, 0x80, 0x3F, 0xFC, 0x01, 0x80, 0x01, 0x80, 0x01, 0x80, 0x01, 0x80, 0x00, 0x00, 0x00, 0x00, 0x00, 0x00 }, // U+738B 王
    { 0x00, 0x00, 0x00, 0x00, 0x00, 0xC0, 0xFC, 0x80, 0x10, 0xFC, 0x11, 0x08, 0x13, 0x08, 0xFC, 0x18, 0x10, 0x10, 0x10, 0x30, 0x10, 0x30, 0x14, 0x78, 0x7C, 0xC8, 0xC1, 0x8C, 0x00, 0x00, 0x00, 0x00 }, // U+7396 玖
    { 0x00, 0x00, 0x00, 0x00, 0x01, 0xFC, 0xFC, 0x0C, 0x31, 0x8C, 0x31, 0x8C, 0x31, 0x0C, 0x31, 0x08, 0xFD, 0x08, 0x31, 0xFE, 0x30, 0x02, 0x30, 0x02, 0x33, 0xFA, 0x3C, 0x02, 0x00, 0x00, 0x00, 0x00 }, // U+739B 玛
    { 0x00, 0x00, 0x00, 0x00, 0xFD, 0xFE, 0x30, 0x00, 0x30, 0x00, 0x30, 0x00, 0x33, 0xFE, 0xF8, 0x98, 0x30, 0x90, 0x30, 0x90, 0x31, 0x90, 0x3D, 0x91, 0x71, 0x11, 0x00, 0x00, 0x00, 0x00, 0x00, 0x00 }, // U+73A9 玩
    { 0x00, 0x00, 0x00, 0x00, 0x00, 0x80, 0xFC, 0x80, 0x10, 0xFF, 0x11, 0x8C, 0x11, 0x8C, 0x13, 0x8C, 0xFE, 0x88, 0x10, 0x88, 0x10, 0xD8, 0x10, 0x50, 0x14, 0x70, 0x7C, 0x70, 0x00, 0x00, 0x00, 0x00 }, // U+73AB 玫
    { 0x00, 0x00, 0x00, 0x00, 0xFD, 0xFE, 0x10, 0x20, 0x10, 0x60, 0x10, 0x40, 0x10, 0x40, 0x7C, 0xE0, 0x10, 0xA8, 0x11, 0xAC, 0x13, 0x24, 0x1E, 0x26, 0x74, 0x22, 0x00, 0x00, 0x00, 0x00, 0x00, 0x00 }, // U+73AF 环
    { 0x00, 0x00, 0x00, 0x00, 0xFF, 0xFC, 0x33, 0x04, 0x13, 0x24, 0x13, 0x24, 0x13, 0x24, 0xFF, 0x24, 0x33, 0x24, 0x13, 0x24, 0x13, 0x74, 0x13, 0x70, 0x3C, 0x71, 0x00, 0x00, 0x00, 0x00, 0x00, 0x00 }, // U+73B0 现
    { 0x00, 0x00, 0x00, 0x00, 0x00, 0x20, 0xFC, 0x70, 0x30, 0x50, 0x30, 0x88, 0x31, 0x04, 0x33, 0x63, 0x78, 0x20, 0x30, 0x00, 0x33, 0xFE, 0x30, 0x04, 0x30, 0x08, 0x3D, 0x90, 0x00, 0x00, 0x00, 0x00 }, // U+73B2 玲
    { 0x00, 0x00, 0x00, 0x00, 0x00, 0x30, 0x7C, 0x30, 0x13, 0xFE, 0x13, 0x32, 0x12, 0x32, 0x12, 0x30, 0x7B, 0xFE, 0x13, 0x84, 0x12, 0xC4, 0x12, 0x4C, 0x1E, 0x68, 0x7A, 0x30, 0x00, 0x00, 0x00, 0x00 }, // U+73BB 玻
    { 0x00, 0x00, 0x00, 0x00, 0xFB, 0xDE, 0x22, 0xD2, 0x22, 0xD2, 0x22, 0xD2, 0x22, 0xD2, 0x7A, 0xD2, 0x27, 0xFF, 0x22, 0xD2, 0x22, 0xD2, 0x22, 0xD2, 0x3E, 0xF2, 0x00, 0x00, 0x00, 0x00, 0x00, 0x00 }, // U+73CA 珊
    { 0x00, 0x00, 0x00, 0x00, 0x00, 0x60, 0xFC, 0x50, 0x10, 0x88, 0x13, 0x04, 0x12, 0x22, 0x10, 0x60, 0x7D, 0x88, 0x13, 0x18, 0x10, 0x20, 0x10, 0xC2, 0x11, 0x04, 0x3C, 0x18, 0x00, 0x00, 0x00, 0x00 }, // U+73CD 珍
    { 0x00, 0x00, 0x00, 0x00, 0x00, 0x20, 0xFC, 0x20, 0x33, 0xFE, 0x30, 0x20, 0xF8, 0x20, 0x30, 0x20, 0x37, 0xFF, 0x30, 0x40, 0x30, 0xC0, 0x30, 0x88, 0x3D, 0x0C, 0x73, 0x0C, 0x00, 0x00, 0x00, 0x00 }, // U+73D0 珐
    { 0x00, 0x00, 0x00, 0x00, 0x00, 0x20, 0xF9, 0x20, 0x31, 0xFE, 0x22, 0x20, 0x22, 0x20, 0x20, 0x20, 0x7B, 0xFE, 0x30, 0x70, 0x20, 0xF0, 0x20, 0xA8, 0x39, 0x28, 0x7B, 0x24, 0x00, 0x00, 0x00, 0x00 }, // U+73E0 珠
    { 0x00, 0x00, 0x00, 0x00, 0x00, 0x80, 0xFC, 0xBE, 0x30, 0x88, 0x32, 0x88, 0x32, 0x88, 0x32, 0x88, 0xFE, 0xBE, 0x32, 0x88, 0x32, 0x88, 0x30, 0x88, 0x31, 0x88, 0x3D, 0x08, 0x00, 0x00, 0x00, 0x00 }, // U+73ED 班
    { 0x00, 0x00, 0x00, 0x00, 0x00, 0x28, 0xFC, 0x24, 0x30, 0x20, 0x33, 0xFF, 0x30, 0x20, 0x32, 0x20, 0x79, 0x22, 0x31, 0x36, 0x30, 0xB8, 0x30, 0x78, 0x31, 0xA8, 0x32, 0x24, 0x00, 0x00, 0x00, 0x00 }, // U+7403 球
    { 0x00, 0x00, 0x00, 0x00, 0x00, 0x20, 0xFC, 0x20, 0x11, 0xFE, 0x11, 0x06, 0x11, 0xFE, 0x11, 0x06, 0x7D, 0x06, 0x11, 0xFE, 0x11, 0x66, 0x11, 0x22, 0x11, 0x3C, 0x7D, 0x18, 0x00, 0x00, 0x00, 0x00 }, // U+7405 琅
    { 0x00, 0x00, 0x00, 0x00, 0xFF, 0xFE, 0x33, 0x22, 0x32, 0x22, 0x33, 0xFE, 0x32, 0x22, 0xFE, 0x22, 0x33, 0xFE, 0x33, 0x22, 0x30, 0x20, 0x33, 0xFE, 0x3C, 0x20, 0x00, 0x00, 0x00, 0x00, 0x00, 0x00 }, // U+7406 理
    { 0x00, 0x00, 0x00, 0x00, 0x00, 0x40, 0xF8, 0x20, 0x23, 0xFE, 0x20, 0xC0, 0x20, 0x88, 0x23, 0x0C, 0xFB, 0xFE, 0x20, 0x02, 0x21, 0x68, 0x21, 0x68, 0x39, 0x68, 0xE2, 0x69, 0x00, 0x00, 0x00, 0x00 }, // U+7409 琉
    { 0x00, 0x00, 0x00, 0x00, 0x00, 0x20, 0x7D, 0x26, 0x11, 0xAC, 0x10, 0x20, 0x13, 0xFE, 0x13, 0x02, 0x7F, 0x22, 0x13, 0x22, 0x13, 0x22, 0x13, 0x22, 0x17, 0x22, 0x78, 0x78, 0x00, 0x00, 0x00, 0x00 }, // U+7410 琐
    { 0x00, 0x00, 0x00, 0x00, 0x03, 0xFE, 0xFC, 0x20, 0x30, 0x40, 0x30, 0xC0, 0x33, 0x46, 0x32, 0x6C, 0xFB, 0xB8, 0x33, 0x28, 0x32, 0x7C, 0x30, 0xF4, 0x3D, 0xB4, 0xF6, 0x32, 0x00, 0x00, 0x00, 0x00 }, // U+7422 琢
    { 0x00, 0x00, 0x00, 0x00, 0x01, 0x08, 0xF9, 0x08, 0x21, 0x08, 0x27, 0xBE, 0x23, 0x18, 0x23, 0x98, 0xFB, 0x7C, 0x25, 0x2C, 0x25, 0x6A, 0x29, 0x4A, 0x29, 0x08, 0x39, 0x08, 0x00, 0x00, 0x00, 0x00 }, // U+7433 琳
    { 0x00, 0x00, 0x00, 0x00, 0x7E, 0x7E, 0x08, 0x10, 0x3E, 0x7E, 0x08, 0x10, 0x7F, 0xFE, 0x03, 0xC0, 0x06, 0x60, 0x39, 0x1C, 0x61, 0x86, 0x00, 0x80, 0x1F, 0xF8, 0x00, 0x00, 0x00, 0x00, 0x00, 0x00 }, // U+7434 琴
    { 0x00, 0x00, 0x00, 0x00, 0x7F, 0xFE, 0x08, 0x10, 0x08, 0x10, 0x7E, 0x7E, 0x08, 0x10, 0x08, 0x10, 0x7F, 0xFE, 0x00, 0x00, 0x20, 0xC6, 0x20, 0xDC, 0x3F, 0xE2, 0x20, 0xC2, 0x00, 0x00, 0x00, 0x00 }, // U+7435 琵
    { 0x00, 0x00, 0x00, 0x00, 0x7F, 0xFE, 0x08, 0x10, 0x7E, 0x7E, 0x08, 0x10, 0x08, 0x10, 0x7F, 0xFE, 0x00, 0x00, 0x3F, 0xFC, 0x21, 0x0C, 0x21, 0x0C, 0x3F, 0xFC, 0x20, 0x0E, 0x00, 0x00, 0x00, 0x00 }, // U+7436 琶
    { 0x00, 0x00, 0x00, 0x00, 0x00, 0x20, 0xF8, 0x20, 0x33, 0xFF, 0x20, 0x00, 0x20, 0x00, 0x21, 0xFE, 0xF9, 0x06, 0x31, 0x06, 0x21, 0xFE, 0x21, 0x26, 0x21, 0x24, 0x3E, 0x26, 0x00, 0x00, 0x00, 0x00 }, // U+743C 琼
    { 0x00, 0x00, 0x00, 0x00, 0x01, 0x00, 0xF9, 0x3E, 0x21, 0x22, 0x21, 0x22, 0x27, 0xE2, 0x21, 0x3E, 0x21, 0x22, 0xFF, 0xA2, 0x24, 0xA2, 0x24, 0xBE, 0x24, 0xA2, 0x24, 0xA2, 0x00, 0x00, 0x00, 0x00 }, // U+745A 瑚
    { 0x00, 0x00, 0x00, 0x00, 0x00, 0x20, 0xFA, 0x26, 0x22, 0x26, 0x23, 0xFE, 0x20, 0x06, 0x20, 0x00, 0xFF, 0xFF, 0x20, 0x40, 0x23, 0xFE, 0x22, 0x52, 0x22, 0x52, 0x3E, 0x52, 0x00, 0x00, 0x00, 0x00 }, // U+745E 瑞
    { 0x00, 0x00, 0x00, 0x00, 0x7E, 0xFE, 0x08, 0x10, 0x08, 0x10, 0x7E, 0x7E, 0x08, 0x10, 0x08, 0x10, 0x7F, 0xFE, 0x01, 0x00, 0x04, 0x8C, 0x24, 0x36, 0x65, 0xC2, 0x4F, 0x0A, 0x00, 0x00, 0x00, 0x00 }, // U+745F 瑟
    { 0x00, 0x00, 0x00, 0x20, 0x00, 0x60, 0xFF, 0xFE, 0x32, 0x22, 0x32, 0x22, 0x33, 0xFE, 0x32, 0x22, 0xFA, 0x62, 0x33, 0xFE, 0x32, 0x42, 0x30, 0xE8, 0x3C, 0xAC, 0x79, 0xB4, 0x00, 0x00, 0x00, 0x00 }, // U+7470 瑰
    { 0x00, 0x00, 0x00, 0x00, 0x00, 0x0E, 0xFF, 0xFC, 0x22, 0x26, 0x21, 0x24, 0x21, 0x00, 0x23, 0xFE, 0x7A, 0x20, 0x20, 0x20, 0x27, 0xFF, 0x20, 0x20, 0x22, 0x22, 0x3A, 0x22, 0x00, 0x00, 0x00, 0x00 }, // U+7476 瑶
    { 0x00, 0x00, 0x00, 0x20, 0x00, 0x20, 0xFB, 0xFF, 0x22, 0x8A, 0x22, 0x72, 0x22, 0x72, 0x22, 0x8A, 0xFB, 0xFE, 0x20, 0x22, 0x20, 0x20, 0x23, 0xFE, 0x22, 0x42, 0x3A, 0x92, 0x00, 0x00, 0x00, 0x00 }, // U+7483 璃
    { 0x00, 0x00, 0x00, 0x00, 0x00, 0x3C, 0x1F, 0xF8, 0x11, 0x10, 0x11, 0x10, 0x11, 0x10, 0x11, 0x10, 0x11, 0x18, 0x31, 0x08, 0x31, 0x08, 0x31, 0x08, 0x21, 0x4C, 0x21, 0x24, 0x00, 0x00, 0x00, 0x00 }, // U+74DC 瓜
    { 0x00, 0x00, 0x00, 0x00, 0x7F, 0x06, 0x14, 0x7C, 0x14, 0x54, 0x7F, 0x54, 0x55, 0x54, 0x55, 0x54, 0x7F, 0x54, 0x00, 0x54, 0x7E, 0x54, 0x00, 0x52, 0x7F, 0x9A, 0x2A, 0x9A, 0x00, 0x00, 0x00, 0x00 }, // U+74E2 瓢
    { 0x00, 0x00, 0x00, 0x00, 0x20, 0x64, 0x7F, 0xDF, 0x4B, 0x52, 0x4B, 0x4A, 0x13, 0x4A, 0x03, 0x40, 0x7F, 0x5F, 0x23, 0x04, 0x23, 0x24, 0x7D, 0x3E, 0x25, 0x64, 0x25, 0x64, 0x00, 0x00, 0x00, 0x00 }, // U+74E3 瓣
    { 0x00, 0x00, 0x00, 0x00, 0x08, 0x0E, 0xFF, 0xFC, 0x55, 0x54, 0x77, 0x54, 0x22, 0x54, 0x7F, 0x54, 0x22, 0x54, 0x7F, 0x54, 0x22, 0x54, 0x7F, 0xD0, 0x10, 0x5A, 0x25, 0x4A, 0x00, 0x00, 0x00, 0x00 }, // U+74E4 瓤
    { 0x00, 0x00, 0x00, 0x00, 0xFF, 0xFF, 0x18, 0x00, 0x18, 0x00, 0x18, 0x00, 0x1F, 0xF0, 0x10, 0x10, 0x12, 0x10, 0x11, 0x10, 0x10, 0x90, 0x30, 0x11, 0x21, 0xD3, 0x00, 0x00, 0x00, 0x00, 0x00, 0x00 }, // U+74E6 瓦
    { 0x00, 0x00, 0x00, 0x40, 0x06, 0x20, 0x0D, 0x10, 0x32, 0x6C, 0x4C, 0x32, 0x0F, 0xF0, 0x00, 0x00, 0x00, 0x00, 0x7F, 0xFE, 0x18, 0x00, 0x1F, 0xF0, 0x13, 0x91, 0x10, 0xD3, 0x00, 0x00, 0x00, 0x00 }, // U+74EE 瓮
    { 0x00, 0x00, 0x00, 0x00, 0x22, 0x00, 0x26, 0xFE, 0x04, 0x40, 0x7F, 0x40, 0x24, 0x40, 0x24, 0x7C, 0x24, 0x44, 0xFF, 0x64, 0x24, 0xD4, 0x24, 0xDC, 0x24, 0x85, 0x24, 0x85, 0x00, 0x00, 0x00, 0x00 }, // U+74F6 瓶
    { 0x00, 0x00, 0x00, 0x00, 0x21, 0x00, 0x13, 0xFE, 0x02, 0x66, 0x0C, 0x74, 0x31, 0x98, 0x46, 0x06, 0x00, 0x00, 0x7F, 0xFE, 0x10, 0x00, 0x1F, 0xF8, 0x13, 0x18, 0x10, 0xD1, 0x00, 0x00, 0x00, 0x00 }, // U+74F7 瓷
    { 0x00, 0x00, 0x00, 0x00, 0xFF, 0xFE, 0x14, 0x60, 0x14, 0x40, 0x7F, 0x7C, 0x55, 0x44, 0x55, 0x44, 0x55, 0x64, 0x7F, 0x54, 0x49, 0x5C, 0x08, 0x4C, 0x7F, 0x45, 0x08, 0x45, 0x00, 0x00, 0x00, 0x00 }, // U+7504 甄
    { 0x00, 0x00, 0x00, 0x00, 0x00, 0x08, 0x10, 0x08, 0xFF, 0xFF, 0x10, 0x08, 0x10, 0x08, 0x10, 0x08, 0x10, 0x08, 0x1F, 0xF8, 0x10, 0x08, 0x10, 0x08, 0x10, 0x08, 0x10, 0x08, 0x00, 0x00, 0x00, 0x00 }, // U+7518 甘
    { 0x00, 0x00, 0x00, 0x00, 0x10, 0x08, 0x10, 0x08, 0x7F, 0xFE, 0x10, 0x08, 0x1F, 0xF8, 0x10, 0x08, 0x1F, 0xF8, 0x10, 0x08, 0xFF, 0xFF, 0x20, 0x00, 0x21, 0x20, 0x26, 0x18, 0x00, 0x00, 0x00, 0x00 }, // U+751A 甚
    { 0x00, 0x00, 0x00, 0x00, 0x0C, 0x84, 0x7C, 0x84, 0x10, 0x84, 0x11, 0xFF, 0xFE, 0x84, 0x10, 0x84, 0x10, 0x84, 0x10, 0xFC, 0x7C, 0x84, 0x44, 0x84, 0x44, 0x84, 0x44, 0x84, 0x00, 0x00, 0x00, 0x00 }, // U+751C 甜
    { 0x00, 0x00, 0x00, 0x00, 0x18, 0x80, 0x10, 0x80, 0x1F, 0xFE, 0x21, 0x80, 0x60, 0x80, 0x40, 0x80, 0x00, 0x80, 0x3F, 0xFC, 0x01, 0x80, 0x00, 0x80, 0x00, 0x80, 0x00, 0x00, 0x00, 0x00, 0x00, 0x00 }, // U+751F 生
    { 0x00, 0x00, 0x00, 0x00, 0x11, 0xFE, 0x51, 0x22, 0x51, 0x22, 0x7D, 0xFE, 0xD1, 0x22, 0x91, 0x22, 0x11, 0xFE, 0x7C, 0x60, 0x13, 0xFE, 0x10, 0x42, 0x18, 0x42, 0x1C, 0x82, 0x00, 0x00, 0x00, 0x00 }, // U+7525 甥
    { 0x00, 0x00, 0x00, 0x00, 0x3F, 0xFE, 0x20, 0x86, 0x20, 0x82, 0x20, 0x82, 0x3F, 0xFE, 0x20, 0x86, 0x20, 0x82, 0x20, 0x82, 0x3F, 0xFE, 0x20, 0x86, 0x20, 0x82, 0x00, 0x00, 0x00, 0x00, 0x00, 0x00 }, // U+7528 用
    { 0x00, 0x00, 0x00, 0x00, 0x3F, 0xFC, 0x21, 0x84, 0x21, 0x84, 0x3F, 0xFC, 0x21, 0x84, 0x21, 0x84, 0x3F, 0xFC, 0x21, 0x84, 0x21, 0x84, 0x21, 0x84, 0x61, 0xBD, 0x41, 0x83, 0x00, 0x00, 0x00, 0x00 }, // U+7529 甩
    { 0x00, 0x00, 0x00, 0x00, 0x01, 0x90, 0x01, 0x8C, 0x7F, 0xFE, 0x01, 0x80, 0x3F, 0xFC, 0x21, 0x84, 0x21, 0x84, 0x3F, 0xFC, 0x21, 0x84, 0x21, 0x84, 0x3F, 0xFC, 0x21, 0x84, 0x00, 0x00, 0x00, 0x00 }, // U+752B 甫
    { 0x00, 0x00, 0x00, 0x00, 0x7F, 0xFE, 0x01, 0x80, 0x07, 0xB0, 0x39, 0x9E, 0x41, 0x82, 0x3F, 0xFC, 0x21, 0x84, 0x21, 0x84, 0x3F, 0xFC, 0x21, 0x84, 0x3F, 0xFC, 0x61, 0x84, 0x00, 0x00, 0x00, 0x00 }, // U+752D 甭
    { 0x00, 0x00, 0x00, 0x00, 0x3F, 0xFE, 0x21, 0x86, 0x21, 0x86, 0x21, 0x86, 0x21, 0x86, 0x21, 0x86, 0x3F, 0xFE, 0x21, 0x86, 0x21, 0x86, 0x21, 0x86, 0x21, 0x86, 0x00, 0x00, 0x00, 0x00, 0x00, 0x00 }, // U+7530 田
    { 0x00, 0x00, 0x00, 0x00, 0x01, 0x80, 0x01, 0x80, 0x01, 0x80, 0x3F, 0xFC, 0x21, 0x84, 0x21, 0x84, 0x21, 0x84, 0x21, 0x84, 0x3F, 0xFC, 0x21, 0x84, 0x21, 0x84, 0x21, 0x84, 0x00, 0x00, 0x00, 0x00 }, // U+7531 由
    { 0x00, 0x00, 0x00, 0x00, 0x3F, 0xFC, 0x21, 0x84, 0x21, 0x84, 0x21, 0x84, 0x3F, 0xFC, 0x21, 0x84, 0x21, 0x84, 0x21, 0x84, 0x3F, 0xFC, 0x21, 0x84, 0x01, 0x80, 0x01, 0x80, 0x00, 0x00, 0x00, 0x00 }, // U+7532 甲
    { 0x00, 0x00, 0x00, 0x00, 0x01, 0x80, 0x01, 0x80, 0x3F, 0xFC, 0x21, 0x84, 0x21, 0x84, 0x21, 0x84, 0x3F, 0xFC, 0x21, 0x84, 0x21, 0x84, 0x21, 0x84, 0x3F, 0xFC, 0x21, 0x84, 0x00, 0x00, 0x00, 0x00 }, // U+7533 申
    { 0x00, 0x00, 0x00, 0x00, 0x01, 0x00, 0x01, 0x00, 0x7F, 0xFC, 0x41, 0x0C, 0x41, 0x04, 0x41, 0x04, 0x7F, 0xFC, 0x41, 0x04, 0x41, 0x04, 0x41, 0x04, 0x7F, 0xFC, 0x41, 0x02, 0x00, 0x00, 0x00, 0x00 }, // U+7535 电
    { 0x00, 0x00, 0x00, 0x00, 0x3F, 0xFC, 0x21, 0x84, 0x21, 0x84, 0x3F, 0xFC, 0x21, 0x84, 0x21, 0x84, 0x3F, 0xFC, 0x20, 0x04, 0x01, 0x00, 0x7F, 0xFE, 0x02, 0x06, 0x00, 0x00, 0x00, 0x00, 0x00, 0x00 }, // U+7537 男
    { 0x00, 0x00, 0x00, 0x00, 0x08, 0x00, 0x18, 0x00, 0x1F, 0xFE, 0x30, 0x02, 0x20, 0x02, 0x7F, 0xE2, 0x72, 0x22, 0x32, 0x26, 0x3F, 0xE6, 0x32, 0x26, 0x32, 0x26, 0x3F, 0xE6, 0x00, 0x00, 0x00, 0x00 }, // U+7538 甸
    { 0x00, 0x00, 0x00, 0x00, 0xFF, 0xFF, 0x00, 0x00, 0x00, 0x00, 0x6F, 0xF6, 0x69, 0x96, 0x69, 0x96, 0x6F, 0xF6, 0x69, 0x96, 0x69, 0x96, 0x6F, 0xF6, 0x68, 0x16, 0x00, 0x00, 0x00, 0x00, 0x00, 0x00 }, // U+753B 画
    { 0x00, 0x00, 0x00, 0x00, 0x10, 0x00, 0x11, 0xFC, 0x7E, 0x0C, 0x56, 0x30, 0x56, 0x60, 0x56, 0xC0, 0x7F, 0xFE, 0x56, 0x5A, 0x56, 0xD2, 0x56, 0x92, 0x7F, 0xB2, 0x53, 0x22, 0x00, 0x00, 0x00, 0x00 }, // U+7545 畅
    { 0x00, 0x00, 0x00, 0x00, 0x3F, 0xFC, 0x21, 0x84, 0x21, 0x84, 0x3F, 0xFC, 0x21, 0x84, 0x21, 0x84, 0x3F, 0xFC, 0x26, 0x44, 0x0C, 0x30, 0x3C, 0x3C, 0x4C, 0x22, 0x00, 0x00, 0x00, 0x00, 0x00, 0x00 }, // U+754C 界
    { 0x00, 0x00, 0x00, 0x00, 0x3F, 0xFC, 0x21, 0x84, 0x21, 0x84, 0x3F, 0xFC, 0x21, 0x84, 0x21, 0x84, 0x3F, 0xFC, 0xFF, 0xFF, 0x33, 0x00, 0x11, 0x0C, 0x10, 0xF8, 0x13, 0x60, 0x00, 0x00, 0x00, 0x00 }, // U+754F 畏
    { 0x00, 0x00, 0x00, 0x00, 0x00, 0x10, 0x7F, 0x12, 0x56, 0x96, 0x56, 0x54, 0x56, 0x10, 0x57, 0xFE, 0x7E, 0x10, 0x56, 0x10, 0x56, 0x10, 0x57, 0xFF, 0x56, 0x10, 0x7E, 0x10, 0x00, 0x00, 0x00, 0x00 }, // U+7554 畔
    { 0x00, 0x00, 0x00, 0x00, 0x06, 0x00, 0x7C, 0xFE, 0x44, 0x62, 0x46, 0x42, 0x7E, 0xC6, 0x73, 0x9C, 0x00, 0x00, 0x3F, 0xFC, 0x21, 0x84, 0x21, 0x84, 0x3F, 0xFC, 0x21, 0x84, 0x00, 0x00, 0x00, 0x00 }, // U+7559 留
    { 0x00, 0x00, 0x00, 0x00, 0x01, 0x00, 0x01, 0x80, 0xFF, 0xFF, 0x0E, 0x38, 0x3F, 0xC0, 0x0E, 0x18, 0x3F, 0xFE, 0x00, 0x00, 0x3F, 0xFC, 0x21, 0x84, 0x3F, 0xFC, 0x21, 0x84, 0x00, 0x00, 0x00, 0x00 }, // U+755C 畜
    { 0x00, 0x00, 0x00, 0x40, 0x00, 0x40, 0x7E, 0xFE, 0x56, 0x84, 0x57, 0xCC, 0x57, 0x38, 0x56, 0x38, 0x7E, 0xCE, 0x57, 0x02, 0x56, 0x00, 0x56, 0xFC, 0x56, 0x84, 0x7E, 0x84, 0x00, 0x00, 0x00, 0x00 }, // U+7565 略
    { 0x00, 0x00, 0x00, 0x00, 0x00, 0x30, 0x7C, 0x30, 0x55, 0xFE, 0x54, 0x30, 0x54, 0x30, 0x54, 0x30, 0x7D, 0xFF, 0x54, 0x00, 0x54, 0x30, 0x55, 0xFE, 0x54, 0x30, 0x7C, 0x30, 0x00, 0x00, 0x00, 0x00 }, // U+7566 畦
    { 0x00, 0x00, 0x00, 0x00, 0x3F, 0xFC, 0x01, 0x80, 0x19, 0x98, 0x09, 0x90, 0x7F, 0xFE, 0x07, 0xE0, 0x1D, 0xB8, 0x70, 0x0E, 0x3F, 0xFC, 0x31, 0x8C, 0x31, 0x8C, 0x3F, 0xFC, 0x00, 0x00, 0x00, 0x00 }, // U+756A 番
    { 0x00, 0x00, 0x00, 0x00, 0x00, 0x20, 0x7D, 0xFE, 0x54, 0x60, 0x55, 0xFE, 0x54, 0x40, 0x54, 0x40, 0x7F, 0xFF, 0x54, 0xC0, 0x54, 0x84, 0x54, 0xFE, 0x55, 0xC4, 0x7D, 0x64, 0x00, 0x00, 0x00, 0x00 }, // U+7574 畴
    { 0x00, 0x00, 0x00, 0x00, 0x00, 0x10, 0x7D, 0xFE, 0x54, 0x30, 0x54, 0x78, 0x54, 0xC4, 0x55, 0x02, 0x7F, 0xFF, 0x54, 0x04, 0x55, 0xF4, 0x55, 0x94, 0x55, 0x94, 0x55, 0xF4, 0x00, 0x00, 0x00, 0x00 }, // U+7578 畸
    { 0x00, 0x00, 0x00, 0x00, 0x7B, 0xFE, 0x08, 0x00, 0x0B, 0xFE, 0x7B, 0x22, 0x43, 0x22, 0x43, 0xFE, 0x7B, 0xFF, 0x28, 0x00, 0x29, 0xFE, 0xF9, 0x22, 0x29, 0xFE, 0x79, 0x22, 0x00, 0x00, 0x00, 0x00 }, // U+7586 疆
    { 0x00, 0x00, 0x00, 0x00, 0x00, 0x20, 0x7C, 0x20, 0x0F, 0xFE, 0x08, 0x40, 0x18, 0x88, 0x51, 0x04, 0x53, 0xFE, 0x5C, 0x02, 0x51, 0x2C, 0x51, 0x2C, 0x51, 0x2C, 0x5D, 0x2D, 0x00, 0x00, 0x00, 0x00 }, // U+758F 疏
    { 0x00, 0x00, 0x00, 0x00, 0x62, 0x00, 0x6C, 0xFE, 0x72, 0x06, 0x22, 0x4C, 0x3E, 0x38, 0x20, 0x10, 0x7F, 0xFF, 0x58, 0x12, 0x48, 0x90, 0xFE, 0x9E, 0x18, 0x90, 0x18, 0xD0, 0x00, 0x00, 0x00, 0x00 }, // U+7591 疑
    { 0x00, 0x00, 0x00, 0x00, 0x00, 0x80, 0x00, 0x40, 0x1F, 0xFF, 0x10, 0x00, 0x50, 0x00, 0x57, 0xFE, 0x50, 0x0C, 0x10, 0x30, 0x70, 0x60, 0xD0, 0x60, 0x10, 0x60, 0x30, 0x60, 0x00, 0x00, 0x00, 0x00 }, // U+7597 疗
    { 0x00, 0x00, 0x00, 0x00, 0x00, 0x80, 0x00, 0xC0, 0x1F, 0xFF, 0x11, 0x00, 0x93, 0x00, 0x53, 0xFE, 0x76, 0x00, 0x14, 0x00, 0x7B, 0xF8, 0xF0, 0x30, 0x20, 0xC2, 0x21, 0x02, 0x00, 0x00, 0x00, 0x00 }, // U+7599 疙
    { 0x00, 0x00, 0x00, 0x00, 0x00, 0x80, 0x00, 0xC0, 0x1F, 0xFF, 0x10, 0x00, 0x50, 0x80, 0x51, 0xF8, 0x11, 0x08, 0x72, 0x18, 0xF4, 0x10, 0x34, 0x30, 0x20, 0x70, 0x61, 0xC8, 0x00, 0x00, 0x00, 0x00 }, // U+759A 疚
    { 0x00, 0x00, 0x00, 0x00, 0x00, 0x80, 0x00, 0xC0, 0x1F, 0xFF, 0x10, 0x00, 0x90, 0x00, 0x53, 0xFE, 0x72, 0x00, 0x12, 0x00, 0x72, 0x00, 0xFF, 0xFF, 0x22, 0x00, 0x22, 0x00, 0x00, 0x00, 0x00, 0x00 }, // U+759F 疟
    { 0x00, 0x00, 0x00, 0x00, 0x00, 0x80, 0x00, 0xC0, 0x1F, 0xFE, 0x50, 0x00, 0x57, 0xFC, 0x50, 0x38, 0x10, 0xE0, 0x73, 0x80, 0x77, 0xFE, 0x31, 0x92, 0x23, 0x32, 0x26, 0x22, 0x00, 0x00, 0x00, 0x00 }, // U+75A1 疡
    { 0x00, 0x00, 0x00, 0x00, 0x00, 0x80, 0x00, 0xC0, 0x1F, 0xFE, 0x10, 0x00, 0x97, 0xFC, 0x56, 0x44, 0x76, 0x44, 0x16, 0x44, 0x77, 0xFC, 0xF6, 0x04, 0x26, 0x01, 0x26, 0x03, 0x00, 0x00, 0x00, 0x00 }, // U+75A4 疤
    { 0x00, 0x00, 0x00, 0x00, 0x00, 0x80, 0x00, 0xC0, 0x1F, 0xFE, 0x10, 0x00, 0x90, 0x00, 0x50, 0x60, 0x70, 0x90, 0x13, 0x0C, 0x74, 0x1A, 0xF1, 0x18, 0x21, 0x18, 0x23, 0x18, 0x00, 0x00, 0x00, 0x00 }, // U+75A5 疥
    { 0x00, 0x00, 0x00, 0x00, 0x00, 0x80, 0x1F, 0xFF, 0x10, 0x00, 0x10, 0x00, 0x53, 0xF8, 0x73, 0x08, 0x32, 0x08, 0x36, 0x0E, 0x74, 0x00, 0xF7, 0xFC, 0x23, 0x08, 0x21, 0x90, 0x00, 0x00, 0x00, 0x00 }, // U+75AB 疫
    { 0x00, 0x00, 0x00, 0x00, 0x00, 0x80, 0x00, 0xC0, 0x1F, 0xFF, 0x10, 0x00, 0x90, 0x00, 0x50, 0x60, 0x73, 0x1C, 0x1C, 0x06, 0x73, 0xF8, 0xF2, 0x08, 0x22, 0x0A, 0x22, 0x7A, 0x00, 0x00, 0x00, 0x00 }, // U+75AE 疮
    { 0x00, 0x00, 0x00, 0x00, 0x00, 0x80, 0x00, 0xC0, 0x1F, 0xFF, 0x10, 0x00, 0x17, 0xFC, 0x54, 0x04, 0x75, 0x14, 0x35, 0xA4, 0x74, 0xE4, 0xE4, 0xC4, 0x24, 0xE4, 0x2D, 0x35, 0x00, 0x00, 0x00, 0x00 }, // U+75AF 疯
    { 0x00, 0x00, 0x00, 0x00, 0x00, 0x80, 0x1F, 0xFF, 0x10, 0x20, 0x90, 0x20, 0x57, 0xFE, 0x74, 0x22, 0x74, 0x22, 0x34, 0x20, 0x77, 0xFC, 0xE5, 0x04, 0x25, 0x88, 0x24, 0xD0, 0x00, 0x00, 0x00, 0x00 }, // U+75B2 疲
    { 0x00, 0x00, 0x00, 0x00, 0x00, 0x80, 0x00, 0xC0, 0x1F, 0xFF, 0x10, 0x00, 0x11, 0x10, 0x55, 0x12, 0x75, 0x16, 0x35, 0xDC, 0x75, 0x18, 0xF5, 0x10, 0x25, 0x10, 0x25, 0x10, 0x00, 0x00, 0x00, 0x00 }, // U+75B5 疵
    { 0x00, 0x00, 0x00, 0x00, 0x00, 0x80, 0x00, 0xC0, 0x1F, 0xFF, 0x10, 0x60, 0x50, 0xF0, 0x53, 0x0C, 0x1C, 0x22, 0x70, 0xC0, 0xF2, 0x18, 0x30, 0x30, 0x21, 0xC4, 0x62, 0x18, 0x00, 0x00, 0x00, 0x00 }, // U+75B9 疹
    { 0x00, 0x00, 0x00, 0x00, 0x00, 0x80, 0x00, 0xC0, 0x3F, 0xFF, 0x31, 0x00, 0x33, 0xFC, 0x77, 0x0C, 0x79, 0x98, 0x30, 0xE0, 0x77, 0xFC, 0xED, 0x87, 0x20, 0xF0, 0x20, 0x10, 0x00, 0x00, 0x00, 0x00 }, // U+75BC 疼
    { 0x00, 0x00, 0x00, 0x00, 0x00, 0x80, 0x00, 0xC0, 0x1F, 0xFF, 0x10, 0x00, 0x57, 0xFC, 0x76, 0x04, 0x36, 0x04, 0x77, 0xFC, 0xF6, 0x04, 0x26, 0x04, 0x27, 0xFC, 0x26, 0x04, 0x00, 0x00, 0x00, 0x00 }, // U+75BD 疽
    { 0x00, 0x00, 0x00, 0x80, 0x00, 0xC0, 0x1F, 0xFE, 0x10, 0x00, 0x90, 0x00, 0x52, 0x00, 0x73, 0xFC, 0x14, 0x40, 0x74, 0x40, 0xF0, 0x40, 0x3F, 0xFE, 0x20, 0xE0, 0x20, 0xA0, 0x00, 0x00, 0x00, 0x00 }, // U+75BE 疾
    { 0x00, 0x00, 0x00, 0x80, 0x00, 0xC0, 0x1F, 0xFF, 0x10, 0x00, 0x50, 0x00, 0x5F, 0xFE, 0x70, 0x60, 0x30, 0x60, 0x77, 0xFE, 0xF4, 0x42, 0x24, 0x62, 0x24, 0xF2, 0x25, 0x9A, 0x00, 0x00, 0x00, 0x00 }, // U+75C5 病
    { 0x00, 0x00, 0x00, 0x40, 0x00, 0x40, 0x1F, 0xFF, 0x90, 0x00, 0x50, 0x00, 0x57, 0xFE, 0x70, 0x20, 0x10, 0x20, 0x72, 0x20, 0xF2, 0x3E, 0x32, 0x20, 0x22, 0x20, 0x22, 0x20, 0x00, 0x00, 0x00, 0x00 }, // U+75C7 症
    { 0x00, 0x00, 0x00, 0x00, 0x00, 0x80, 0x00, 0xC0, 0x3F, 0xFF, 0x30, 0x00, 0x37, 0xFE, 0x74, 0x42, 0x74, 0x42, 0x37, 0xFE, 0x74, 0x42, 0xE4, 0x42, 0x27, 0xFE, 0x24, 0x42, 0x00, 0x00, 0x00, 0x00 }, // U+75C8 痈
    { 0x00, 0x00, 0x00, 0x00, 0x00, 0x80, 0x00, 0xC0, 0x1F, 0xFF, 0x10, 0x00, 0x57, 0xFC, 0x70, 0x18, 0x30, 0x70, 0x73, 0xDE, 0xFE, 0x03, 0x20, 0x00, 0x23, 0xFC, 0x20, 0x40, 0x00, 0x00, 0x00, 0x00 }, // U+75C9 痉
    { 0x00, 0x00, 0x00, 0x00, 0x00, 0x80, 0x00, 0x40, 0x1F, 0xFE, 0x50, 0x60, 0x50, 0xE0, 0x51, 0x98, 0x56, 0x0C, 0x1F, 0xFA, 0x70, 0x40, 0xF0, 0x40, 0x27, 0xFC, 0x20, 0x40, 0x00, 0x00, 0x00, 0x00 }, // U+75CA 痊
    { 0x00, 0x00, 0x00, 0x00, 0x00, 0x80, 0x00, 0xC0, 0x1F, 0xFF, 0x13, 0x08, 0x51, 0x10, 0x5F, 0xFE, 0x10, 0x40, 0x77, 0xFC, 0xF0, 0x40, 0x30, 0x40, 0x2F, 0xFF, 0x20, 0x40, 0x00, 0x00, 0x00, 0x00 }, // U+75D2 痒
    { 0x00, 0x00, 0x00, 0x00, 0x00, 0x80, 0x00, 0x40, 0x1F, 0xFF, 0x10, 0x60, 0x50, 0x60, 0x77, 0xFE, 0x30, 0x60, 0x7F, 0xFF, 0xF0, 0x08, 0x2F, 0xFE, 0x22, 0x08, 0x23, 0x08, 0x00, 0x00, 0x00, 0x00 }, // U+75D4 痔
    { 0x00, 0x00, 0x00, 0x80, 0x00, 0xC0, 0x1F, 0xFF, 0x10, 0x00, 0x10, 0x00, 0x57, 0xFC, 0x74, 0x04, 0x77, 0xFC, 0x34, 0x04, 0x77, 0xFC, 0xF4, 0xC0, 0x24, 0x42, 0x24, 0x6C, 0x00, 0x00, 0x00, 0x00 }, // U+75D5 痕
    { 0x00, 0x00, 0x00, 0x00, 0x00, 0x80, 0x00, 0xC0, 0x3F, 0xFF, 0x30, 0x00, 0x7F, 0xFE, 0x70, 0x00, 0x37, 0xFC, 0x74, 0x04, 0xF4, 0x04, 0x27, 0xFC, 0x24, 0x08, 0x21, 0x18, 0x00, 0x00, 0x00, 0x00 }, // U+75D8 痘
    { 0x00, 0x00, 0x00, 0x00, 0x00, 0x80, 0x00, 0x40, 0x1F, 0xFF, 0x10, 0x00, 0x57, 0xFE, 0x51, 0x0C, 0x10, 0xD0, 0x77, 0xFE, 0xF4, 0x22, 0x37, 0xFE, 0x24, 0x22, 0x27, 0xFE, 0x00, 0x00, 0x00, 0x00 }, // U+75DB 痛
    { 0x00, 0x00, 0x00, 0x00, 0x00, 0x80, 0x00, 0xC0, 0x3F, 0xFF, 0x30, 0x00, 0x7F, 0xFF, 0x70, 0x40, 0x71, 0xD0, 0x33, 0x4C, 0x7C, 0x42, 0xE7, 0xFC, 0x24, 0x04, 0x27, 0xFC, 0x00, 0x00, 0x00, 0x00 }, // U+75DE 痞
    { 0x00, 0x00, 0x00, 0x00, 0x00, 0x80, 0x00, 0x40, 0x1F, 0xFF, 0x50, 0x00, 0x50, 0xC2, 0x57, 0x92, 0x11, 0x12, 0x3F, 0xF2, 0x73, 0x12, 0xA3, 0x92, 0x25, 0x52, 0x2D, 0x12, 0x00, 0x00, 0x00, 0x00 }, // U+75E2 痢
    { 0x00, 0x00, 0x00, 0x00, 0x00, 0x80, 0x1F, 0xFF, 0x10, 0x00, 0x51, 0x00, 0x53, 0xF8, 0x76, 0x18, 0x1C, 0x10, 0x3F, 0xFC, 0x76, 0x44, 0x36, 0x44, 0x2F, 0xFF, 0x20, 0xE0, 0x00, 0x00, 0x00, 0x00 }, // U+75EA 痪
    { 0x00, 0x00, 0x00, 0x00, 0x00, 0x40, 0x00, 0x40, 0x1F, 0xFF, 0x10, 0x20, 0x56, 0x66, 0x53, 0x4C, 0x50, 0xF0, 0x13, 0x8C, 0x76, 0x62, 0xF6, 0x66, 0x22, 0x6C, 0x20, 0xF0, 0x00, 0x00, 0x00, 0x00 }, // U+75F0 痰
    { 0x00, 0x00, 0x00, 0x00, 0x00, 0xC0, 0x3F, 0xFF, 0x30, 0x00, 0xB4, 0x00, 0x77, 0xDE, 0x7D, 0x12, 0x39, 0x12, 0x31, 0x12, 0x7F, 0xF2, 0xA3, 0x12, 0x23, 0x12, 0x23, 0x92, 0x00, 0x00, 0x00, 0x00 }, // U+75F4 痴
    { 0x00, 0x00, 0x00, 0x00, 0x00, 0x80, 0x00, 0xC0, 0x3F, 0xFF, 0x30, 0x00, 0x77, 0xFC, 0x74, 0x44, 0x77, 0xFC, 0x34, 0x44, 0x77, 0xFC, 0xE0, 0x00, 0x2F, 0xFF, 0x23, 0x08, 0x00, 0x00, 0x00, 0x00 }, // U+75F9 痹
    { 0x00, 0x00, 0x00, 0x00, 0x00, 0x40, 0x1F, 0xFF, 0x10, 0x40, 0x50, 0x40, 0x57, 0xFE, 0x53, 0x08, 0x13, 0x08, 0x37, 0x9C, 0xFC, 0xE2, 0xA0, 0x60, 0x2F, 0xFF, 0x60, 0x60, 0x00, 0x00, 0x00, 0x00 }, // U+7601 瘁
    { 0x00, 0x00, 0x00, 0x00, 0x00, 0x80, 0x1F, 0xFE, 0x10, 0x00, 0x57, 0xFC, 0x54, 0x04, 0x74, 0x04, 0x37, 0xFC, 0x14, 0x04, 0x77, 0xFC, 0xF0, 0x00, 0x27, 0xFC, 0x24, 0xA4, 0x00, 0x00, 0x00, 0x00 }, // U+761F 瘟
    { 0x00, 0x00, 0x00, 0x00, 0x00, 0x80, 0x3F, 0xFF, 0x30, 0x00, 0x71, 0xBE, 0x76, 0x12, 0x75, 0x12, 0x34, 0xA2, 0x77, 0xEE, 0xF4, 0x40, 0x27, 0xFE, 0x24, 0x62, 0x27, 0xFE, 0x00, 0x00, 0x00, 0x00 }, // U+7624 瘤
    { 0x00, 0x00, 0x00, 0x00, 0x00, 0x80, 0x3F, 0xFF, 0x30, 0x40, 0x77, 0x5E, 0x74, 0x42, 0x77, 0x5E, 0x34, 0x42, 0x34, 0x42, 0x77, 0xFE, 0xE0, 0x40, 0x27, 0xFC, 0x23, 0x18, 0x00, 0x00, 0x00, 0x00 }, // U+7626 瘦
    { 0x00, 0x00, 0x00, 0x00, 0x00, 0x80, 0x00, 0x40, 0x1F, 0xFF, 0x13, 0x18, 0x5F, 0xFE, 0x51, 0xC8, 0x11, 0xF0, 0x33, 0x1C, 0x7D, 0xF6, 0x30, 0x00, 0x27, 0xFC, 0x26, 0x04, 0x00, 0x00, 0x00, 0x00 }, // U+7629 瘩
    { 0x00, 0x00, 0x00, 0x00, 0x00, 0x80, 0x3F, 0xFF, 0x30, 0x80, 0x77, 0xFC, 0x74, 0x04, 0x77, 0xFC, 0x34, 0x04, 0x37, 0xFC, 0x71, 0xB0, 0x26, 0x0C, 0x3B, 0xF2, 0x23, 0xC4, 0x00, 0x00, 0x00, 0x00 }, // U+762A 瘪
    { 0x00, 0x00, 0x00, 0x80, 0x00, 0xC0, 0x3F, 0xFF, 0x30, 0x10, 0x20, 0x48, 0x7E, 0x7E, 0x62, 0x88, 0x7B, 0x88, 0x2B, 0xFE, 0x66, 0x88, 0xE4, 0x88, 0x26, 0xFE, 0x2E, 0x88, 0x00, 0x00, 0x00, 0x00 }, // U+762B 瘫
    { 0x00, 0x00, 0x00, 0x00, 0x00, 0x80, 0x00, 0xC0, 0x3F, 0xFF, 0x30, 0x40, 0x77, 0xFE, 0x71, 0x18, 0x7F, 0xFF, 0x34, 0x04, 0x77, 0xFC, 0xE4, 0x04, 0x27, 0xFC, 0x20, 0x40, 0x00, 0x00, 0x00, 0x00 }, // U+7634 瘴
    { 0x00, 0x00, 0x00, 0x00, 0x00, 0x80, 0x00, 0x40, 0x3F, 0xFF, 0x22, 0x00, 0x2F, 0xFE, 0x66, 0xE2, 0x2B, 0xBE, 0x60, 0x40, 0xE7, 0xFE, 0x24, 0xE2, 0x27, 0x4A, 0x24, 0xE2, 0x00, 0x00, 0x00, 0x00 }, // U+7638 瘸
    { 0x00, 0x00, 0x00, 0x00, 0x00, 0x80, 0x00, 0xC0, 0x1F, 0xFF, 0x10, 0x00, 0x17, 0xFC, 0x54, 0x04, 0x77, 0xFC, 0x30, 0x00, 0x7F, 0xBE, 0xE8, 0xA2, 0x2F, 0xFE, 0x20, 0x40, 0x00, 0x00, 0x00, 0x00 }, // U+764C 癌
    { 0x00, 0x00, 0x00, 0x00, 0x00, 0x80, 0x00, 0xC0, 0x3F, 0xFF, 0x24, 0x12, 0x27, 0x94, 0x69, 0x3E, 0x7F, 0x88, 0x2A, 0x3E, 0x6F, 0x88, 0xEA, 0x08, 0x2F, 0xFF, 0x28, 0x08, 0x00, 0x00, 0x00, 0x00 }, // U+7663 癣
    { 0x00, 0x00, 0x00, 0x00, 0x00, 0x88, 0x7F, 0x58, 0x02, 0x60, 0x46, 0x62, 0x34, 0x2C, 0x18, 0x18, 0x1F, 0xF8, 0x61, 0x86, 0x41, 0x02, 0x3F, 0xFC, 0x03, 0x00, 0x07, 0xE0, 0x00, 0x00, 0x00, 0x00 }, // U+7678 癸
    { 0x00, 0x00, 0x00, 0x00, 0x00, 0x88, 0x7E, 0x58, 0x06, 0x62, 0x44, 0x24, 0x28, 0x38, 0x37, 0xF8, 0x60, 0x0E, 0xDF, 0xFA, 0x10, 0x08, 0x10, 0x08, 0x1F, 0xF8, 0x08, 0x10, 0x00, 0x00, 0x00, 0x00 }, // U+767B 登
    { 0x00, 0x00, 0x03, 0x00, 0x02, 0x00, 0x3F, 0xFC, 0x20, 0x04, 0x20, 0x04, 0x20, 0x04, 0x20, 0x04, 0x20, 0x04, 0x3F, 0xFC, 0x20, 0x04, 0x20, 0x04, 0x20, 0x04, 0x20, 0x04, 0x00, 0x00, 0x00, 0x00 }, // U+767D 白
    { 0x00, 0x00, 0x00, 0x00, 0xFF, 0xFF, 0x01, 0x80, 0x01, 0x00, 0x01, 0x00, 0x3F, 0xFC, 0x20, 0x04, 0x20, 0x04, 0x20, 0x04, 0x3F, 0xFC, 0x20, 0x04, 0x20, 0x04, 0x00, 0x00, 0x00, 0x00, 0x00, 0x00 }, // U+767E 百
    { 0x00, 0x00, 0x00, 0x00, 0x01, 0x00, 0x03, 0x00, 0x3F, 0xFC, 0x20, 0x04, 0x3F, 0xFC, 0x20, 0x04, 0x20, 0x04, 0x3F, 0xFC, 0x22, 0x00, 0x03, 0x3E, 0xFF, 0xFC, 0x02, 0x04, 0x00, 0x00, 0x00, 0x00 }, // U+7682 皂
    { 0x00, 0x00, 0x00, 0x00, 0x10, 0x60, 0x10, 0x40, 0x7E, 0x7E, 0x42, 0xC2, 0x42, 0x82, 0x43, 0xC2, 0x42, 0x62, 0x7E, 0x22, 0x42, 0x32, 0x42, 0x12, 0x42, 0x02, 0x42, 0x02, 0x00, 0x00, 0x00, 0x00 }, // U+7684 的
    { 0x00, 0x00, 0x00, 0x00, 0x20, 0x86, 0x3E, 0x98, 0x20, 0xE0, 0x22, 0xC2, 0x3C, 0xC2, 0x63, 0x7E, 0x02, 0x00, 0x3F, 0xF8, 0x30, 0x08, 0x30, 0x08, 0x3F, 0xF8, 0x30, 0x08, 0x00, 0x00, 0x00, 0x00 }, // U+7686 皆
    { 0x00, 0x00, 0x00, 0x00, 0x02, 0x00, 0x3F, 0xFC, 0x20, 0x04, 0x20, 0x04, 0x3F, 0xFC, 0x20, 0x04, 0x3F, 0xFC, 0x00, 0x00, 0x7F, 0xFE, 0x01, 0x80, 0x01, 0x80, 0x3F, 0xFC, 0x00, 0x00, 0x00, 0x00 }, // U+7687 皇
    { 0x00, 0x00, 0x00, 0x00, 0x03, 0x00, 0x3F, 0xFC, 0x20, 0x04, 0x3F, 0xFC, 0x20, 0x04, 0x3F, 0xFC, 0x21, 0x04, 0x03, 0x00, 0xFF, 0xFF, 0x0C, 0x30, 0x39, 0x8C, 0x5F, 0xFA, 0x00, 0x00, 0x00, 0x00 }, // U+768B 皋
    { 0x00, 0x00, 0x00, 0x00, 0x30, 0x20, 0x23, 0x22, 0x7B, 0x22, 0x4B, 0xFE, 0x48, 0x00, 0x4B, 0xFE, 0x48, 0x02, 0x78, 0x02, 0x49, 0xFE, 0x49, 0x02, 0x49, 0x01, 0x49, 0x03, 0x00, 0x00, 0x00, 0x00 }, // U+7691 皑
    { 0x00, 0x00, 0x00, 0x00, 0x30, 0x60, 0x20, 0x20, 0x7B, 0xFE, 0x4A, 0x02, 0x48, 0x00, 0x49, 0xFC, 0x78, 0x00, 0x48, 0x00, 0x4B, 0xFE, 0x48, 0x90, 0x48, 0x91, 0x78, 0x93, 0x00, 0x00, 0x00, 0x00 }, // U+7696 皖
    { 0x00, 0x00, 0x00, 0x00, 0x00, 0x80, 0x00, 0x80, 0x3F, 0xFE, 0x20, 0x82, 0x20, 0x82, 0x20, 0x80, 0x3F, 0xFC, 0x2C, 0x0C, 0x24, 0x08, 0x22, 0x10, 0x21, 0xE0, 0x61, 0xC0, 0x00, 0x00, 0x00, 0x00 }, // U+76AE 皮
    { 0x00, 0x00, 0x00, 0x00, 0x20, 0x10, 0x20, 0x10, 0x7D, 0xFF, 0x49, 0x13, 0x99, 0x12, 0x7D, 0x10, 0x05, 0xFE, 0x05, 0x42, 0x7D, 0x64, 0x05, 0x24, 0x05, 0x38, 0x07, 0x18, 0x00, 0x00, 0x00, 0x00 }, // U+76B1 皱
    { 0x00, 0x00, 0x00, 0x00, 0x3F, 0xFC, 0x22, 0x44, 0x22, 0x44, 0x22, 0x44, 0x22, 0x44, 0x22, 0x44, 0x22, 0x44, 0x22, 0x44, 0x22, 0x44, 0x22, 0x44, 0x22, 0x44, 0x00, 0x00, 0x00, 0x00, 0x00, 0x00 }, // U+76BF 皿
    { 0x00, 0x00, 0x00, 0x00, 0x3F, 0xFC, 0x00, 0x80, 0x00, 0x80, 0x7F, 0xFE, 0x00, 0x80, 0x00, 0x80, 0x01, 0x80, 0x0F, 0x00, 0x00, 0x00, 0x3F, 0xFC, 0x22, 0x44, 0x22, 0x44, 0x00, 0x00, 0x00, 0x00 }, // U+76C2 盂
    { 0x00, 0x00, 0x00, 0x00, 0x01, 0x80, 0x01, 0x80, 0x3F, 0xFC, 0x21, 0x84, 0x21, 0x84, 0x3F, 0xFC, 0x21, 0x84, 0x01, 0x80, 0x00, 0x00, 0x3F, 0xFC, 0x22, 0x44, 0x22, 0x44, 0x00, 0x00, 0x00, 0x00 }, // U+76C5 盅
    { 0x00, 0x00, 0x00, 0x00, 0x02, 0x40, 0x04, 0x20, 0x08, 0x30, 0x30, 0x0C, 0x5F, 0xFE, 0x06, 0x08, 0x0C, 0x18, 0x70, 0xF0, 0x00, 0x00, 0x3F, 0xFC, 0x22, 0x44, 0x22, 0x44, 0x00, 0x00, 0x00, 0x00 }, // U+76C6 盆
    { 0x00, 0x00, 0x00, 0x00, 0x7F, 0xF8, 0x08, 0x10, 0x18, 0x10, 0x1F, 0xDE, 0x10, 0xC2, 0x36, 0x82, 0x23, 0x86, 0x4E, 0xDC, 0x08, 0x00, 0x3F, 0xFC, 0x22, 0x44, 0x22, 0x44, 0x00, 0x00, 0x00, 0x00 }, // U+76C8 盈
    { 0x00, 0x00, 0x00, 0x00, 0x18, 0x18, 0x0C, 0x10, 0x04, 0x20, 0x7F, 0xFE, 0x00, 0x00, 0x04, 0x20, 0x38, 0x1C, 0x40, 0x02, 0x1F, 0xFC, 0x12, 0x4C, 0x12, 0x4C, 0x12, 0x4C, 0x00, 0x00, 0x00, 0x00 }, // U+76CA 益
    { 0x00, 0x00, 0x00, 0x00, 0x01, 0x80, 0x3F, 0xFC, 0x31, 0x84, 0x31, 0x04, 0xFF, 0xFF, 0x03, 0xC0, 0x06, 0x60, 0x1C, 0x38, 0x70, 0x0E, 0x3F, 0xFC, 0x22, 0x44, 0x22, 0x44, 0x00, 0x00, 0x00, 0x00 }, // U+76CE 盎
    { 0x00, 0x00, 0x00, 0x00, 0x04, 0x60, 0x06, 0x3C, 0x7F, 0xE0, 0x03, 0xFE, 0x7F, 0x80, 0x01, 0x9A, 0x01, 0xE2, 0x7E, 0x66, 0x00, 0x1C, 0x00, 0x00, 0x3F, 0xFC, 0x22, 0x44, 0x00, 0x00, 0x00, 0x00 }, // U+76CF 盏
    { 0x00, 0x00, 0x00, 0x00, 0x08, 0x20, 0x08, 0x20, 0x7F, 0x30, 0x08, 0x28, 0x08, 0x26, 0x1F, 0x22, 0x78, 0x20, 0x00, 0x00, 0x3F, 0xFC, 0x22, 0x4C, 0x22, 0x4C, 0x22, 0x4C, 0x00, 0x00, 0x00, 0x00 }, // U+76D0 盐
    { 0x00, 0x00, 0x00, 0x00, 0x04, 0x40, 0x24, 0x40, 0x24, 0xFF, 0x24, 0x80, 0x25, 0x20, 0x25, 0x18, 0x24, 0x0C, 0x00, 0x00, 0x3F, 0xFC, 0x22, 0x44, 0x22, 0x44, 0x22, 0x44, 0x00, 0x00, 0x00, 0x00 }, // U+76D1 监
    { 0x00, 0x00, 0x01, 0x80, 0x03, 0xC0, 0x06, 0x60, 0x1C, 0x18, 0x3F, 0xFC, 0x40, 0x02, 0x1F, 0xF8, 0x10, 0x08, 0x1F, 0xF8, 0x00, 0x00, 0x3F, 0xFC, 0x22, 0x44, 0x22, 0x44, 0x00, 0x00, 0x00, 0x00 }, // U+76D2 盒
    { 0x00, 0x00, 0x0C, 0x00, 0x0C, 0x00, 0x7F, 0xFE, 0x08, 0x00, 0x14, 0x44, 0x12, 0xE8, 0x23, 0xF8, 0x4E, 0x0E, 0x40, 0x00, 0x3F, 0xFC, 0x22, 0x44, 0x22, 0x44, 0x22, 0x44, 0x00, 0x00, 0x00, 0x00 }, // U+76D4 盔
    { 0x00, 0x00, 0x00, 0x00, 0x08, 0x30, 0x04, 0x20, 0x7F, 0xFE, 0x01, 0x80, 0x7F, 0xFE, 0x01, 0x80, 0x7F, 0xFE, 0x00, 0x00, 0x3F, 0xFC, 0x22, 0x44, 0x22, 0x44, 0x22, 0x44, 0x00, 0x00, 0x00, 0x00 }, // U+76D6 盖
    { 0x00, 0x00, 0x00, 0x00, 0x41, 0x00, 0x31, 0x00, 0x13, 0xFE, 0x06, 0x64, 0x10, 0xF0, 0x21, 0x9C, 0x46, 0x06, 0x00, 0x00, 0x3F, 0xFC, 0x22, 0x44, 0x22, 0x44, 0x22, 0x44, 0x00, 0x00, 0x00, 0x00 }, // U+76D7 盗
    { 0x00, 0x00, 0x00, 0x00, 0x01, 0x00, 0x1F, 0xF8, 0x11, 0x08, 0x10, 0x88, 0xFF, 0xFF, 0x11, 0x08, 0x20, 0xB8, 0x40, 0x00, 0x3F, 0xFC, 0x22, 0x44, 0x22, 0x44, 0x22, 0x44, 0x00, 0x00, 0x00, 0x00 }, // U+76D8 盘
    { 0x00, 0x00, 0x00, 0x00, 0x00, 0x48, 0x3F, 0xFE, 0x20, 0x40, 0x3F, 0x44, 0x21, 0x3A, 0x23, 0x72, 0x4F, 0xDE, 0x40, 0x00, 0x3F, 0xFC, 0x22, 0x44, 0x22, 0x44, 0x22, 0x44, 0x00, 0x00, 0x00, 0x00 }, // U+76DB 盛
    { 0x00, 0x00, 0x00, 0x00, 0x7E, 0xFE, 0x66, 0x86, 0x7E, 0xFE, 0x66, 0x86, 0x7E, 0xFE, 0x61, 0x86, 0x01, 0x1C, 0x00, 0x00, 0x3F, 0xFC, 0x22, 0x44, 0x22, 0x44, 0x00, 0x00, 0x00, 0x00, 0x00, 0x00 }, // U+76DF 盟
    { 0x00, 0x00, 0x00, 0x00, 0x3F, 0xFC, 0x30, 0x0C, 0x30, 0x0C, 0x30, 0x0C, 0x3F, 0xFC, 0x30, 0x0C, 0x30, 0x0C, 0x30, 0x0C, 0x3F, 0xFC, 0x30, 0x0C, 0x30, 0x0C, 0x00, 0x00, 0x00, 0x00, 0x00, 0x00 }, // U+76EE 目
    { 0x00, 0x00, 0x00, 0x00, 0x7D, 0xFF, 0x44, 0x10, 0x44, 0x10, 0x44, 0x10, 0x7C, 0x10, 0x44, 0x10, 0x44, 0x10, 0x7C, 0x10, 0x44, 0x10, 0x44, 0x10, 0x44, 0x10, 0x7C, 0x10, 0x00, 0x00, 0x00, 0x00 }, // U+76EF 盯
    { 0x00, 0x00, 0x01, 0x00, 0x01, 0x80, 0xFF, 0xFF, 0x30, 0x00, 0x30, 0x00, 0x3F, 0xFC, 0x00, 0x00, 0x1F, 0xFC, 0x10, 0x0C, 0x1F, 0xFC, 0x10, 0x0C, 0x1F, 0xFC, 0x10, 0x0C, 0x00, 0x00, 0x00, 0x00 }, // U+76F2 盲
    { 0x00, 0x00, 0x00, 0x00, 0x01, 0x80, 0x7F, 0xFE, 0x01, 0x80, 0x3F, 0xFC, 0x30, 0x0C, 0x30, 0x0C, 0x3F, 0xFC, 0x30, 0x0C, 0x3F, 0xFC, 0x30, 0x0C, 0x3F, 0xFC, 0x30, 0x0C, 0x00, 0x00, 0x00, 0x00 }, // U+76F4 直
    { 0x00, 0x00, 0x00, 0x00, 0x10, 0x00, 0x11, 0xFE, 0x11, 0x02, 0xFD, 0x02, 0x11, 0x02, 0x31, 0xFE, 0x39, 0x02, 0x75, 0x02, 0x55, 0x02, 0xD1, 0xFE, 0x11, 0x02, 0x11, 0x02, 0x00, 0x00, 0x00, 0x00 }, // U+76F8 相
    { 0x00, 0x00, 0x00, 0x00, 0x00, 0x90, 0x78, 0x98, 0x48, 0x88, 0x49, 0x0C, 0x79, 0x04, 0x4A, 0x06, 0x4E, 0x02, 0x79, 0xFC, 0x48, 0x84, 0x48, 0x84, 0x48, 0x84, 0x78, 0x84, 0x00, 0x00, 0x00, 0x00 }, // U+76FC 盼
    { 0x00, 0x00, 0x00, 0x00, 0x00, 0x3E, 0x3F, 0xE0, 0x20, 0x40, 0x20, 0x40, 0x3F, 0xFF, 0x20, 0x40, 0x20, 0x40, 0x27, 0xFC, 0x24, 0x04, 0x27, 0xFC, 0x24, 0x04, 0x67, 0xFC, 0x00, 0x00, 0x00, 0x00 }, // U+76FE 盾
    { 0x00, 0x00, 0x00, 0x00, 0x01, 0x80, 0x0D, 0x90, 0x19, 0x9C, 0x31, 0x86, 0x40, 0x12, 0x01, 0xE0, 0x3E, 0x00, 0x7F, 0xFC, 0x10, 0x04, 0x1F, 0xFC, 0x10, 0x04, 0x1F, 0xFC, 0x00, 0x00, 0x00, 0x00 }, // U+7701 省
    { 0x00, 0x00, 0x00, 0x00, 0x3F, 0xFE, 0x20, 0x86, 0x20, 0x82, 0x3F, 0xFE, 0x20, 0x00, 0x20, 0x00, 0x27, 0xFC, 0x24, 0x04, 0x27, 0xFC, 0x24, 0x04, 0x67, 0xFC, 0x00, 0x00, 0x00, 0x00, 0x00, 0x00 }, // U+7709 眉
    { 0x00, 0x00, 0x00, 0x00, 0x00, 0x3C, 0x7F, 0xC0, 0x01, 0x00, 0x7F, 0xFE, 0x02, 0x00, 0xFF, 0xFF, 0x0C, 0x00, 0x1F, 0xFC, 0x38, 0x04, 0x6F, 0xFC, 0x48, 0x04, 0x0F, 0xFC, 0x00, 0x00, 0x00, 0x00 }, // U+770B 看
    { 0x00, 0x00, 0x00, 0x00, 0x01, 0x00, 0x7F, 0xFE, 0x01, 0x00, 0x1F, 0xF8, 0x10, 0x08, 0x1F, 0xF8, 0x10, 0x08, 0x1F, 0xF8, 0x10, 0x08, 0x1F, 0xF8, 0x10, 0x08, 0xFF, 0xFF, 0x00, 0x00, 0x00, 0x00 }, // U+771F 真
    { 0x00, 0x00, 0x00, 0x00, 0x79, 0xFE, 0x49, 0x02, 0x49, 0x02, 0x79, 0x02, 0x49, 0xFE, 0x49, 0x12, 0x49, 0x10, 0x79, 0xFF, 0x49, 0x10, 0x49, 0x10, 0x49, 0x11, 0x00, 0x00, 0x00, 0x00, 0x00, 0x00 }, // U+7720 眠
    { 0x00, 0x00, 0x00, 0x00, 0x7D, 0xFE, 0x4C, 0x00, 0x4C, 0x20, 0x4C, 0x20, 0x4C, 0x30, 0x7C, 0x00, 0x4F, 0xFC, 0x4C, 0x0C, 0x4C, 0x08, 0x7C, 0x10, 0x4C, 0x20, 0x4C, 0xC0, 0x00, 0x00, 0x00, 0x00 }, // U+7728 眨
    { 0x00, 0x00, 0x00, 0x00, 0x00, 0x20, 0x78, 0x20, 0x4F, 0xFF, 0x48, 0x60, 0x78, 0x40, 0x48, 0x84, 0x49, 0x8C, 0x4B, 0xF8, 0x7B, 0x30, 0x48, 0x24, 0x48, 0x64, 0x48, 0xC4, 0x00, 0x00, 0x00, 0x00 }, // U+7729 眩
    { 0x00, 0x00, 0x00, 0x00, 0x00, 0x20, 0x79, 0x22, 0x49, 0x24, 0x49, 0xAC, 0x78, 0xA8, 0x48, 0x20, 0x4B, 0xFE, 0x78, 0x70, 0x48, 0x70, 0x48, 0xA8, 0x49, 0xAC, 0x7F, 0x26, 0x00, 0x00, 0x00, 0x00 }, // U+772F 眯
    { 0x00, 0x00, 0x00, 0x00, 0x79, 0xFE, 0x49, 0x00, 0x49, 0x00, 0x49, 0x7E, 0x79, 0x10, 0x49, 0x10, 0x49, 0x7E, 0x79, 0x10, 0x49, 0x10, 0x49, 0x10, 0x49, 0xFE, 0x79, 0x00, 0x00, 0x00, 0x00, 0x00 }, // U+7736 眶
    { 0x00, 0x00, 0x00, 0x00, 0x11, 0x88, 0x09, 0x10, 0x7F, 0xFE, 0x02, 0x00, 0xFF, 0xFF, 0x08, 0x10, 0x3F, 0xFC, 0x50, 0x0A, 0x1F, 0xF8, 0x10, 0x08, 0x1F, 0xF8, 0x10, 0x08, 0x00, 0x00, 0x00, 0x00 }, // U+7737 眷
    { 0x00, 0x00, 0x00, 0x00, 0x00, 0xD0, 0x78, 0xD0, 0x4A, 0xD2, 0x4A, 0xD2, 0x7B, 0xD4, 0x49, 0xDC, 0x48, 0xD0, 0x79, 0x98, 0x4B, 0x9E, 0x4E, 0x92, 0x48, 0x90, 0x79, 0x11, 0x00, 0x00, 0x00, 0x00 }, // U+773A 眺
    { 0x00, 0x00, 0x00, 0x00, 0x7D, 0xFE, 0x45, 0x86, 0x45, 0x86, 0x45, 0xFE, 0x7D, 0x86, 0x45, 0x86, 0x45, 0xFE, 0x45, 0xA6, 0x7D, 0xA2, 0x45, 0x96, 0x45, 0x9C, 0x45, 0x88, 0x00, 0x00, 0x00, 0x00 }, // U+773C 眼
    { 0x00, 0x00, 0x00, 0x00, 0x04, 0x20, 0x7F, 0xFE, 0x02, 0x00, 0x3F, 0xFC, 0x04, 0x00, 0x7F, 0xFE, 0x08, 0x00, 0x1F, 0xFC, 0x38, 0x04, 0x6F, 0xFC, 0x48, 0x04, 0x0F, 0xFC, 0x00, 0x00, 0x00, 0x00 }, // U+7740 着
    { 0x00, 0x00, 0x00, 0x00, 0x00, 0x80, 0x78, 0xF8, 0x49, 0x18, 0x4A, 0x10, 0x4F, 0xFE, 0x78, 0x22, 0x48, 0x22, 0x4F, 0xFF, 0x78, 0x22, 0x48, 0x22, 0x4B, 0xFE, 0x48, 0x22, 0x00, 0x00, 0x00, 0x00 }, // U+7741 睁
    { 0x00, 0x00, 0x00, 0x00, 0x78, 0x20, 0x4B, 0xFE, 0x48, 0x20, 0x49, 0xFE, 0x48, 0x20, 0x7B, 0xFF, 0x48, 0x00, 0x49, 0xFE, 0x49, 0x02, 0x79, 0xFE, 0x49, 0x02, 0x49, 0x02, 0x00, 0x00, 0x00, 0x00 }, // U+775B 睛
    { 0x00, 0x00, 0x00, 0x00, 0x00, 0x1E, 0x7B, 0xF0, 0x48, 0x20, 0x48, 0x20, 0x7B, 0xFE, 0x49, 0x24, 0x49, 0x24, 0x4F, 0xFF, 0x79, 0x24, 0x49, 0x24, 0x4B, 0xFE, 0x48, 0x20, 0x00, 0x00, 0x00, 0x00 }, // U+7761 睡
    { 0x00, 0x00, 0x00, 0x00, 0x10, 0x00, 0x1F, 0xFE, 0x10, 0x44, 0xFF, 0x2C, 0x2A, 0x38, 0x49, 0x6C, 0x80, 0x82, 0x1F, 0xFC, 0x10, 0x04, 0x1F, 0xFC, 0x10, 0x04, 0x1F, 0xFC, 0x00, 0x00, 0x00, 0x00 }, // U+7763 督
    { 0x00, 0x00, 0x00, 0x00, 0x00, 0x20, 0x7C, 0x20, 0x4D, 0xFE, 0x4C, 0x20, 0x4C, 0x20, 0x7F, 0xFF, 0x4C, 0x48, 0x4D, 0x86, 0x7E, 0x22, 0x4C, 0x20, 0x4D, 0xFE, 0x4C, 0x20, 0x00, 0x00, 0x00, 0x00 }, // U+7766 睦
    { 0x00, 0x00, 0x00, 0x00, 0x00, 0x20, 0x7B, 0xFE, 0x48, 0x20, 0x4B, 0xFC, 0x48, 0x24, 0x7F, 0xFF, 0x48, 0x24, 0x48, 0x24, 0x7B, 0xFC, 0x48, 0x20, 0x49, 0x3E, 0x4B, 0x20, 0x00, 0x00, 0x00, 0x00 }, // U+776B 睫
    { 0x00, 0x00, 0x00, 0x00, 0x00, 0x0E, 0x7B, 0xF0, 0x48, 0x22, 0x4A, 0x24, 0x79, 0x24, 0x48, 0x20, 0x4B, 0xFF, 0x78, 0x70, 0x48, 0xA8, 0x49, 0xAC, 0x4B, 0x26, 0x7C, 0x23, 0x00, 0x00, 0x00, 0x00 }, // U+776C 睬
    { 0x00, 0x00, 0x00, 0x00, 0x00, 0x40, 0x78, 0x42, 0x4B, 0xFE, 0x48, 0x4C, 0x48, 0x58, 0x7F, 0xFF, 0x48, 0x40, 0x49, 0xFE, 0x7F, 0x06, 0x49, 0xFE, 0x49, 0x06, 0x49, 0x06, 0x00, 0x00, 0x00, 0x00 }, // U+7779 睹
    { 0x00, 0x00, 0x00, 0x00, 0x00, 0x88, 0x78, 0x88, 0x4B, 0xFF, 0x48, 0x88, 0x48, 0x00, 0x7B, 0xFE, 0x4A, 0x22, 0x4A, 0x22, 0x7B, 0xFE, 0x4A, 0x22, 0x4A, 0x22, 0x4A, 0x22, 0x00, 0x00, 0x00, 0x00 }, // U+7784 瞄
    { 0x00, 0x00, 0x00, 0x00, 0x00, 0x88, 0x7F, 0x88, 0x49, 0x08, 0x49, 0x2A, 0x4F, 0xEA, 0x79, 0x2A, 0x4B, 0x3C, 0x4B, 0x88, 0x7F, 0xDC, 0x4D, 0x54, 0x49, 0x14, 0x49, 0x22, 0x00, 0x00, 0x00, 0x00 }, // U+7785 瞅
    { 0x00, 0x00, 0x00, 0x00, 0x00, 0x20, 0x7B, 0xFE, 0x4A, 0x22, 0x4B, 0xFE, 0x78, 0x20, 0x4B, 0xFE, 0x48, 0x20, 0x4B, 0xFE, 0x78, 0x20, 0x4B, 0xFE, 0x4B, 0x02, 0x4B, 0x02, 0x00, 0x00, 0x00, 0x00 }, // U+778E 瞎
    { 0x00, 0x00, 0x00, 0x00, 0x00, 0x88, 0x7F, 0xFF, 0x48, 0x88, 0x48, 0x88, 0x48, 0x00, 0x7B, 0xFF, 0x48, 0xC8, 0x4B, 0xFE, 0x7A, 0x8A, 0x4A, 0xDA, 0x4A, 0xBE, 0x4B, 0x26, 0x00, 0x00, 0x00, 0x00 }, // U+7792 瞒
    { 0x00, 0x00, 0x00, 0x00, 0x09, 0x20, 0x2A, 0x3F, 0x7F, 0x64, 0x5B, 0x98, 0x69, 0xFE, 0x4B, 0x00, 0x00, 0x00, 0x3F, 0xFC, 0x30, 0x04, 0x3F, 0xFC, 0x30, 0x04, 0x3F, 0xFC, 0x00, 0x00, 0x00, 0x00 }, // U+77A5 瞥
    { 0x00, 0x00, 0x00, 0x00, 0x00, 0x90, 0x79, 0x10, 0x49, 0xFE, 0x4B, 0x10, 0x4F, 0xFE, 0x7F, 0x10, 0x4B, 0xFE, 0x4B, 0x10, 0x7B, 0x10, 0x4B, 0xFE, 0x4B, 0x00, 0x4A, 0x92, 0x00, 0x00, 0x00, 0x00 }, // U+77A7 瞧
    { 0x00, 0x00, 0x00, 0x00, 0x7B, 0xFE, 0x4A, 0x02, 0x4A, 0x02, 0x4B, 0xFE, 0x7A, 0x04, 0x4A, 0xFE, 0x4A, 0x10, 0x7A, 0xFE, 0x4A, 0x92, 0x4B, 0xFE, 0x4F, 0x1A, 0x7D, 0x1E, 0x00, 0x00, 0x00, 0x00 }, // U+77A9 瞩
    { 0x00, 0x00, 0x00, 0x00, 0x00, 0x24, 0x7B, 0xD8, 0x4A, 0x52, 0x4B, 0x9E, 0x49, 0x8C, 0x7B, 0xFE, 0x4C, 0x02, 0x4B, 0xFC, 0x7B, 0x04, 0x4B, 0x04, 0x4B, 0xFC, 0x48, 0x88, 0x00, 0x00, 0x00, 0x00 }, // U+77AA 瞪
    { 0x00, 0x00, 0x00, 0x00, 0x00, 0x1E, 0x7B, 0xE0, 0x58, 0x04, 0x59, 0x2C, 0x59, 0x28, 0x7F, 0xFE, 0x5C, 0x02, 0x5A, 0x0C, 0x7B, 0xFE, 0x5E, 0xEC, 0x5E, 0xAC, 0x59, 0xBF, 0x00, 0x00, 0x00, 0x00 }, // U+77AC 瞬
    { 0x00, 0x00, 0x00, 0x00, 0x00, 0x20, 0x7B, 0xFE, 0x48, 0x88, 0x4F, 0xFF, 0x78, 0x00, 0x4B, 0xFE, 0x4A, 0x22, 0x7B, 0xFE, 0x4A, 0x22, 0x4B, 0xFE, 0x48, 0x20, 0x7B, 0xFE, 0x00, 0x00, 0x00, 0x00 }, // U+77B3 瞳
    { 0x00, 0x00, 0x00, 0x00, 0x00, 0x80, 0x79, 0xFC, 0x4B, 0x08, 0x4B, 0xFF, 0x7A, 0x54, 0x4A, 0x92, 0x4B, 0xFF, 0x7A, 0x00, 0x4A, 0xFC, 0x4A, 0x00, 0x4A, 0xFE, 0x7E, 0x82, 0x00, 0x00, 0x00, 0x00 }, // U+77BB 瞻
    { 0x00, 0x00, 0x00, 0x00, 0x3F, 0xFE, 0x00, 0x00, 0x00, 0x00, 0x1F, 0xF8, 0x10, 0x08, 0x1F, 0xF8, 0x00, 0x00, 0x7E, 0x7E, 0x08, 0x10, 0x7E, 0x7E, 0x42, 0x42, 0x00, 0x00, 0x00, 0x00, 0x00, 0x00 }, // U+77D7 矗
    { 0x00, 0x00, 0x00, 0x00, 0x3F, 0xFC, 0x00, 0x1C, 0x04, 0x30, 0x06, 0xE0, 0x01, 0x80, 0x7F, 0xFE, 0x03, 0x82, 0x02, 0x86, 0x04, 0x84, 0x08, 0x80, 0x10, 0x80, 0x00, 0x00, 0x00, 0x00, 0x00, 0x00 }, // U+77DB 矛
    { 0x00, 0x00, 0x00, 0x00, 0x08, 0x00, 0x18, 0x00, 0x1F, 0xFC, 0x31, 0x80, 0x61, 0x80, 0x41, 0x80, 0x01, 0x80, 0x7F, 0xFE, 0x01, 0x80, 0x01, 0x80, 0x02, 0x40, 0x06, 0x20, 0x00, 0x00, 0x00, 0x00 }, // U+77E2 矢
    { 0x00, 0x00, 0x00, 0x00, 0x02, 0x00, 0x0C, 0x20, 0x38, 0x18, 0x3F, 0xFC, 0x18, 0x04, 0x18, 0x00, 0x3F, 0xFC, 0x21, 0x80, 0x01, 0x80, 0x7F, 0xFE, 0x01, 0xC0, 0x02, 0x60, 0x00, 0x00, 0x00, 0x00 }, // U+77E3 矣
    { 0x00, 0x00, 0x20, 0x00, 0x20, 0x00, 0x60, 0xFE, 0x7E, 0xC2, 0x48, 0xC2, 0x48, 0xC2, 0xC8, 0xC2, 0x08, 0xC2, 0xFF, 0xC2, 0x18, 0xC2, 0x18, 0xC2, 0x1C, 0xC2, 0x36, 0xC2, 0x00, 0x00, 0x00, 0x00 }, // U+77E5 知
    { 0x00, 0x00, 0x00, 0x00, 0x20, 0x00, 0x21, 0xFF, 0x7D, 0x00, 0x51, 0x00, 0x51, 0x00, 0x11, 0xFE, 0x11, 0x06, 0xFF, 0x06, 0x11, 0x06, 0x11, 0xFE, 0x19, 0x06, 0x35, 0x00, 0x00, 0x00, 0x00, 0x00 }, // U+77E9 矩
    { 0x00, 0x00, 0x00, 0x00, 0x23, 0xFE, 0x40, 0x20, 0x7C, 0x20, 0x50, 0x20, 0x13, 0xFE, 0x10, 0x50, 0xFC, 0x98, 0x11, 0x8C, 0x37, 0x07, 0x30, 0x88, 0x38, 0x88, 0x2D, 0x88, 0x00, 0x00, 0x00, 0x00 }, // U+77EB 矫
    { 0x00, 0x00, 0x00, 0x00, 0x20, 0x00, 0x63, 0xFE, 0x40, 0x00, 0x7C, 0x00, 0x51, 0xFE, 0x91, 0x06, 0x11, 0x06, 0xFD, 0x06, 0x11, 0xFE, 0x19, 0x06, 0x3C, 0x84, 0x24, 0x8C, 0x00, 0x00, 0x00, 0x00 }, // U+77ED 短
    { 0x00, 0x00, 0x00, 0x00, 0x20, 0x0E, 0x41, 0xFE, 0x78, 0x20, 0x53, 0xFF, 0x90, 0x70, 0x11, 0xAC, 0xFE, 0x22, 0x10, 0x60, 0x13, 0xFF, 0x30, 0x88, 0x29, 0x88, 0x24, 0x70, 0x00, 0x00, 0x00, 0x00 }, // U+77EE 矮
    { 0x00, 0x00, 0x00, 0x00, 0x7F, 0xFE, 0x02, 0x00, 0x06, 0x00, 0x04, 0x00, 0x08, 0x00, 0x1F, 0xFC, 0x18, 0x04, 0x38, 0x04, 0x48, 0x04, 0x08, 0x04, 0x08, 0x04, 0x00, 0x00, 0x00, 0x00, 0x00, 0x00 }, // U+77F3 石
    { 0x00, 0x00, 0x00, 0x00, 0x00, 0x20, 0x7E, 0x40, 0x10, 0x7E, 0x30, 0xC2, 0x20, 0x82, 0x61, 0x06, 0x7C, 0x44, 0xE4, 0x34, 0x24, 0x18, 0x24, 0x18, 0x24, 0x30, 0x24, 0x60, 0x00, 0x00, 0x00, 0x00 }, // U+77FD 矽
    { 0x00, 0x00, 0x00, 0x00, 0x7D, 0xF8, 0x11, 0x88, 0x31, 0x88, 0x21, 0x88, 0x3D, 0x88, 0x65, 0xC8, 0x65, 0xA8, 0xE5, 0xA8, 0x25, 0x08, 0x25, 0x08, 0x25, 0x09, 0x3F, 0x09, 0x00, 0x00, 0x00, 0x00 }, // U+77FE 矾
    { 0x00, 0x00, 0x00, 0x00, 0x00, 0x10, 0x7E, 0x10, 0x11, 0xFF, 0x11, 0x80, 0x31, 0x80, 0x21, 0x80, 0x7D, 0x80, 0x65, 0x80, 0xE5, 0x80, 0x25, 0x00, 0x25, 0x00, 0x25, 0x00, 0x00, 0x00, 0x00, 0x00 }, // U+77FF 矿
    { 0x00, 0x00, 0x00, 0x00, 0x7D, 0xFC, 0x10, 0x04, 0x10, 0x84, 0x20, 0x84, 0x20, 0x84, 0x7C, 0x8C, 0x65, 0xFE, 0xE4, 0x02, 0x24, 0x02, 0x25, 0xFA, 0x24, 0x02, 0x00, 0x00, 0x00, 0x00, 0x00, 0x00 }, // U+7801 码
    { 0x00, 0x00, 0x00, 0x00, 0x00, 0x20, 0x7E, 0x20, 0x10, 0x24, 0x30, 0xA4, 0x21, 0xA6, 0x7D, 0x22, 0x65, 0x21, 0x66, 0x20, 0x24, 0x22, 0x24, 0x04, 0x24, 0x18, 0x24, 0x30, 0x00, 0x00, 0x00, 0x00 }, // U+7802 砂
    { 0x00, 0x00, 0x00, 0x00, 0x01, 0x00, 0xFD, 0x7E, 0x31, 0x12, 0x21, 0x12, 0x21, 0xD2, 0x7F, 0x12, 0x69, 0x12, 0xE9, 0x12, 0xE9, 0x12, 0x29, 0x52, 0x29, 0xA2, 0x39, 0x22, 0x00, 0x00, 0x00, 0x00 }, // U+780C 砌
    { 0x00, 0x00, 0x00, 0x00, 0x00, 0x40, 0x7C, 0xC0, 0x10, 0xFE, 0x20, 0x82, 0x21, 0x26, 0x3D, 0x24, 0x64, 0x20, 0x64, 0x30, 0xE4, 0x70, 0x24, 0x50, 0x24, 0xC8, 0x3D, 0x8C, 0x00, 0x00, 0x00, 0x00 }, // U+780D 砍
    { 0x00, 0x00, 0x00, 0x00, 0x01, 0x10, 0x7D, 0x10, 0x31, 0x10, 0x21, 0x12, 0x21, 0x16, 0x61, 0xDC, 0x7D, 0x18, 0xED, 0x10, 0xED, 0x10, 0x2D, 0x11, 0x2D, 0x11, 0x2D, 0x53, 0x00, 0x00, 0x00, 0x00 }, // U+7812 砒
    { 0x00, 0x00, 0x00, 0x00, 0x7D, 0xFE, 0x10, 0x8C, 0x10, 0x8C, 0x20, 0x8C, 0x20, 0x8C, 0x3C, 0x8C, 0x67, 0xFF, 0x64, 0x8C, 0xE4, 0x8C, 0x24, 0x8C, 0x25, 0x8C, 0x00, 0x00, 0x00, 0x00, 0x00, 0x00 }, // U+7814 研
    { 0x00, 0x00, 0x00, 0x00, 0x00, 0x20, 0x7C, 0x60, 0x11, 0xFE, 0x30, 0x40, 0x20, 0x40, 0x23, 0xFF, 0x7C, 0x80, 0x64, 0x80, 0xE5, 0xFE, 0x24, 0x04, 0x24, 0x0C, 0x24, 0x98, 0x00, 0x00, 0x00, 0x00 }, // U+7816 砖
    { 0x00, 0x00, 0x00, 0x00, 0x7D, 0xFE, 0x11, 0x06, 0x11, 0x26, 0x21, 0x26, 0x21, 0x26, 0x3D, 0x26, 0x65, 0x26, 0x65, 0x26, 0xE5, 0x26, 0x24, 0x70, 0x24, 0x71, 0x3C, 0xD3, 0x00, 0x00, 0x00, 0x00 }, // U+781A 砚
    { 0x00, 0x00, 0x00, 0x00, 0x00, 0x30, 0x7E, 0x30, 0x30, 0x30, 0x20, 0x3F, 0x20, 0x30, 0x7C, 0x30, 0x64, 0x30, 0xE4, 0xFE, 0xA4, 0x82, 0x24, 0x82, 0x24, 0x82, 0x24, 0x82, 0x00, 0x00, 0x00, 0x00 }, // U+7827 砧
    { 0x00, 0x00, 0x00, 0x00, 0x7D, 0xFE, 0x10, 0x30, 0x21, 0x22, 0x21, 0x26, 0x3C, 0xA4, 0x64, 0xA4, 0x64, 0x20, 0xE7, 0xFF, 0xA4, 0x30, 0x24, 0x20, 0x24, 0x20, 0x3C, 0x20, 0x00, 0x00, 0x00, 0x00 }, // U+7830 砰
    { 0x00, 0x00, 0x00, 0x00, 0x00, 0x10, 0x7C, 0x10, 0x31, 0xFF, 0x21, 0x13, 0x21, 0x10, 0x3D, 0xFE, 0x6D, 0x42, 0x6D, 0x46, 0xAF, 0x44, 0x2E, 0x2C, 0x2E, 0x38, 0x3E, 0x38, 0x00, 0x00, 0x00, 0x00 }, // U+7834 破
    { 0x00, 0x00, 0x00, 0x00, 0x00, 0x20, 0x7C, 0x20, 0x31, 0xFE, 0x21, 0x22, 0x21, 0x22, 0x7D, 0xFE, 0x6D, 0x22, 0xED, 0x22, 0xAD, 0x22, 0x2D, 0xFE, 0x2D, 0x22, 0x2C, 0x20, 0x00, 0x00, 0x00, 0x00 }, // U+7837 砷
    { 0x00, 0x00, 0x00, 0x00, 0x7D, 0xFF, 0x31, 0x00, 0x21, 0x10, 0x21, 0x7E, 0x21, 0x52, 0x79, 0x52, 0x69, 0x52, 0xE9, 0x52, 0xA9, 0x52, 0x29, 0x52, 0x29, 0x5E, 0x29, 0x10, 0x00, 0x00, 0x00, 0x00 }, // U+7838 砸
    { 0x00, 0x00, 0x00, 0x00, 0x00, 0x0E, 0x7D, 0xF0, 0x31, 0x00, 0x21, 0x10, 0x21, 0x10, 0x3D, 0x10, 0x65, 0x10, 0x65, 0xFF, 0xA4, 0x10, 0x24, 0x94, 0x25, 0x96, 0x27, 0x12, 0x00, 0x00, 0x00, 0x00 }, // U+783E 砾
    { 0x00, 0x00, 0x00, 0x00, 0x00, 0x20, 0x7D, 0x22, 0x21, 0x22, 0x21, 0x22, 0x21, 0x22, 0x7D, 0x22, 0x6D, 0xFE, 0xEC, 0x30, 0xAC, 0x20, 0x2D, 0x22, 0x2D, 0x22, 0x3D, 0x22, 0x00, 0x00, 0x00, 0x00 }, // U+7840 础
    { 0x00, 0x00, 0x00, 0x00, 0x00, 0x20, 0x7C, 0x20, 0x31, 0xFE, 0x20, 0x20, 0x20, 0x20, 0x20, 0x20, 0x7F, 0xFF, 0x6C, 0x00, 0xEC, 0x20, 0x2C, 0x20, 0x2D, 0xFE, 0x2C, 0x20, 0x00, 0x00, 0x00, 0x00 }, // U+7845 硅
    { 0x00, 0x00, 0x00, 0x00, 0x7F, 0xFF, 0x30, 0x58, 0x20, 0x50, 0x23, 0xFE, 0x62, 0x5A, 0x7A, 0x52, 0xEA, 0x52, 0xEA, 0x9A, 0x2B, 0x8E, 0x2B, 0x02, 0x2A, 0x02, 0x2A, 0x02, 0x00, 0x00, 0x00, 0x00 }, // U+7852 硒
    { 0x00, 0x00, 0x00, 0x00, 0x7F, 0xFF, 0x30, 0x20, 0x20, 0x20, 0x21, 0xFE, 0x21, 0x02, 0x7D, 0x32, 0x65, 0x32, 0xE5, 0x32, 0xA5, 0x32, 0x25, 0x22, 0x24, 0x30, 0x24, 0x6C, 0x00, 0x00, 0x00, 0x00 }, // U+7855 硕
    { 0x00, 0x00, 0x00, 0x00, 0x00, 0x30, 0xFD, 0x32, 0x30, 0xB4, 0x20, 0x30, 0x21, 0xFE, 0x7D, 0x02, 0x6D, 0x02, 0xED, 0xFE, 0x2D, 0x02, 0x2D, 0x02, 0x2D, 0xFE, 0x2D, 0x02, 0x00, 0x00, 0x00, 0x00 }, // U+785D 硝
    { 0x00, 0x00, 0x00, 0x00, 0x00, 0x40, 0x7C, 0x20, 0x33, 0xFE, 0x20, 0x40, 0x20, 0x88, 0x79, 0x04, 0x6B, 0xFE, 0xE8, 0x02, 0x29, 0x28, 0x29, 0x28, 0x29, 0x29, 0x29, 0x29, 0x00, 0x00, 0x00, 0x00 }, // U+786B 硫
    { 0x00, 0x00, 0x00, 0x00, 0x03, 0xFF, 0x7C, 0x20, 0x31, 0xFE, 0x21, 0x22, 0x21, 0xFE, 0x7D, 0x22, 0x6D, 0x22, 0xED, 0xFE, 0x2D, 0x22, 0x2C, 0xE0, 0x3C, 0xE0, 0x00, 0x00, 0x00, 0x00, 0x00, 0x00 }, // U+786C 硬
    { 0x00, 0x00, 0x00, 0x00, 0x00, 0x80, 0x7C, 0xFC, 0x31, 0x08, 0x23, 0x18, 0x23, 0xFE, 0x3D, 0x32, 0x6D, 0x22, 0x6D, 0xFE, 0xAD, 0x22, 0x2D, 0x22, 0x2D, 0xFE, 0x3F, 0x22, 0x00, 0x00, 0x00, 0x00 }, // U+786E 确
    { 0x00, 0x00, 0x00, 0x00, 0x00, 0x20, 0x7C, 0x70, 0x10, 0xD8, 0x31, 0x8C, 0x23, 0x06, 0x22, 0x03, 0x7D, 0xFC, 0xEC, 0x00, 0xED, 0x24, 0x2D, 0x24, 0x2D, 0x24, 0x2C, 0xA8, 0x00, 0x00, 0x00, 0x00 }, // U+7877 硷
    { 0x00, 0x00, 0x00, 0x00, 0x03, 0xDE, 0x7A, 0x52, 0x22, 0x52, 0x22, 0x52, 0x23, 0xDE, 0x7A, 0x52, 0x6A, 0x52, 0xEA, 0x52, 0x2B, 0xDE, 0x2A, 0x52, 0x2E, 0x52, 0x3C, 0x72, 0x00, 0x00, 0x00, 0x00 }, // U+787C 硼
    { 0x00, 0x00, 0x00, 0x00, 0x03, 0xFE, 0x7E, 0x22, 0x32, 0x22, 0x22, 0xFA, 0x22, 0x22, 0x7A, 0x22, 0x6B, 0xFE, 0xAA, 0x02, 0x2A, 0xFA, 0x2A, 0x8A, 0x2A, 0x8A, 0x3E, 0xFA, 0x00, 0x00, 0x00, 0x00 }, // U+7889 碉
    { 0x00, 0x00, 0x00, 0x00, 0x7D, 0xFC, 0x10, 0x04, 0x30, 0x04, 0x21, 0xFC, 0x20, 0x04, 0x7C, 0x04, 0x6F, 0xFF, 0xEC, 0x20, 0xED, 0x32, 0x2C, 0xBC, 0x2C, 0x6C, 0x00, 0x00, 0x00, 0x00, 0x00, 0x00 }, // U+788C 碌
    { 0x00, 0x00, 0x00, 0x00, 0x01, 0xFE, 0x7D, 0x02, 0x31, 0xFE, 0x21, 0x02, 0x21, 0xFE, 0x78, 0x00, 0x6B, 0xFE, 0xE8, 0x0C, 0x2F, 0xFF, 0x29, 0x0C, 0x38, 0x8C, 0x00, 0x00, 0x00, 0x00, 0x00, 0x00 }, // U+788D 碍
    { 0x00, 0x00, 0x00, 0x00, 0x00, 0x20, 0x7C, 0x30, 0x11, 0xFE, 0x10, 0x00, 0x30, 0x00, 0x20, 0x84, 0x7D, 0x8C, 0x6D, 0x5E, 0xEE, 0x12, 0x2C, 0x30, 0x2F, 0xFF, 0x2C, 0x30, 0x00, 0x00, 0x00, 0x00 }, // U+788E 碎
    { 0x00, 0x00, 0x00, 0x00, 0x00, 0x20, 0x7D, 0xFE, 0x11, 0x22, 0x31, 0x22, 0x21, 0x22, 0x21, 0xFE, 0x7D, 0x22, 0x6D, 0xFE, 0xEC, 0x42, 0x2C, 0x90, 0x2D, 0x10, 0x2F, 0xFF, 0x00, 0x00, 0x00, 0x00 }, // U+7891 碑
    { 0x00, 0x00, 0x00, 0x00, 0x00, 0x20, 0x7C, 0x20, 0x23, 0xFE, 0x22, 0x02, 0x61, 0x00, 0x79, 0xDE, 0x4B, 0x52, 0xCB, 0x52, 0x4F, 0x52, 0x4C, 0xDE, 0x48, 0x90, 0x49, 0x91, 0x00, 0x00, 0x00, 0x00 }, // U+7897 碗
    { 0x00, 0x00, 0x00, 0x00, 0x00, 0x50, 0xFC, 0x50, 0x33, 0xFE, 0x22, 0x52, 0x22, 0x52, 0x62, 0x52, 0x7B, 0xFE, 0xEA, 0x52, 0xEA, 0x52, 0x2A, 0x52, 0x2F, 0xFF, 0x28, 0x80, 0x00, 0x00, 0x00, 0x00 }, // U+7898 碘
    { 0x00, 0x00, 0x00, 0x00, 0x00, 0x24, 0x79, 0x24, 0x23, 0xFF, 0x21, 0x64, 0x21, 0x24, 0x79, 0x3C, 0x69, 0x00, 0xE9, 0xFE, 0xE8, 0x20, 0x2F, 0xFF, 0x28, 0x78, 0x38, 0xA8, 0x00, 0x00, 0x00, 0x00 }, // U+789F 碟
    { 0x00, 0x00, 0x00, 0x00, 0x00, 0x20, 0x7E, 0xFE, 0x10, 0x86, 0x7E, 0xFE, 0x10, 0x86, 0x1E, 0xFE, 0x60, 0x00, 0xFF, 0xFF, 0x0C, 0x00, 0x1F, 0xFC, 0x78, 0x0C, 0x48, 0x0C, 0x00, 0x00, 0x00, 0x00 }, // U+78A7 碧
    { 0x00, 0x00, 0x00, 0x00, 0x00, 0x84, 0x7C, 0x8C, 0x10, 0x08, 0x33, 0xFF, 0x20, 0x58, 0x20, 0x58, 0x7A, 0x5A, 0x6A, 0x5A, 0xE9, 0x5A, 0x29, 0x5C, 0x29, 0x5C, 0x28, 0x58, 0x00, 0x00, 0x00, 0x00 }, // U+78B0 碰
    { 0x00, 0x00, 0x00, 0x00, 0x00, 0x14, 0xF8, 0x10, 0x23, 0xFF, 0x22, 0x18, 0x22, 0x18, 0x7B, 0xFA, 0x6A, 0x0A, 0xEB, 0xEA, 0xEB, 0x2C, 0x2B, 0x2C, 0x2F, 0x29, 0x3D, 0xF9, 0x00, 0x00, 0x00, 0x00 }, // U+78B1 碱
    { 0x00, 0x00, 0x00, 0x00, 0x00, 0x20, 0x7E, 0x22, 0x32, 0x22, 0x23, 0xFE, 0x20, 0x02, 0x78, 0x80, 0x6F, 0xFF, 0xE9, 0x90, 0x29, 0x92, 0x29, 0xF4, 0x2A, 0x30, 0x3C, 0x48, 0x00, 0x00, 0x00, 0x00 }, // U+78B3 碳
    { 0x00, 0x00, 0x00, 0x00, 0x00, 0x20, 0x7C, 0x20, 0x23, 0xFE, 0x20, 0x70, 0x21, 0xA4, 0x7E, 0x23, 0x69, 0xFE, 0xE9, 0x06, 0xA9, 0xFE, 0x29, 0x06, 0x29, 0xFE, 0x29, 0x06, 0x00, 0x00, 0x00, 0x00 }, // U+78B4 碴
    { 0x00, 0x00, 0x00, 0x00, 0x03, 0xFE, 0xFE, 0x02, 0x22, 0x02, 0x23, 0xFE, 0x22, 0x4A, 0x7A, 0x48, 0x6B, 0xFE, 0x6A, 0x48, 0xAB, 0xFF, 0x2A, 0x92, 0x2A, 0x96, 0x3E, 0x8C, 0x00, 0x00, 0x00, 0x00 }, // U+78BE 碾
    { 0x00, 0x00, 0x00, 0x00, 0x00, 0x84, 0xFC, 0xC8, 0x13, 0xFF, 0x20, 0x88, 0x21, 0x08, 0x21, 0x52, 0x7B, 0x54, 0x6E, 0xB4, 0xEF, 0xBC, 0xA8, 0x08, 0x29, 0x08, 0x29, 0x14, 0x00, 0x00, 0x00, 0x00 }, // U+78C1 磁
    { 0x00, 0x00, 0x00, 0x20, 0x00, 0x20, 0x7D, 0xFE, 0x10, 0x8C, 0x30, 0xC8, 0x23, 0xFF, 0x22, 0x23, 0x78, 0x20, 0x6B, 0xFF, 0xE8, 0x80, 0x28, 0xFC, 0x28, 0x84, 0x39, 0x84, 0x00, 0x00, 0x00, 0x00 }, // U+78C5 磅
    { 0x00, 0x00, 0x00, 0x00, 0xFF, 0xFF, 0x0C, 0x00, 0x3F, 0xFC, 0x68, 0x0C, 0x08, 0x0C, 0x0F, 0xFC, 0x00, 0x00, 0x7F, 0xFF, 0x10, 0x20, 0x3E, 0x7E, 0x62, 0xC2, 0x23, 0xC2, 0x00, 0x00, 0x00, 0x00 }, // U+78CA 磊
    { 0x00, 0x00, 0x00, 0x00, 0x00, 0x84, 0x7C, 0x48, 0x33, 0xFE, 0x20, 0x20, 0x20, 0x20, 0x21, 0xFE, 0x78, 0x40, 0x68, 0x40, 0xEB, 0xFF, 0xA8, 0x80, 0x29, 0xFE, 0x2B, 0x10, 0x00, 0x00, 0x00, 0x00 }, // U+78CB 磋
    { 0x00, 0x00, 0x00, 0x00, 0x08, 0x7C, 0x3E, 0x44, 0x2A, 0x86, 0x2A, 0x00, 0xFE, 0xFE, 0x2A, 0x44, 0x4A, 0x38, 0x4E, 0xCE, 0x00, 0x00, 0x7F, 0xFE, 0x08, 0x00, 0x3F, 0xFC, 0x00, 0x00, 0x00, 0x00 }, // U+78D0 磐
    { 0x00, 0x00, 0x00, 0x00, 0x00, 0x20, 0x7D, 0xFC, 0x30, 0x20, 0x20, 0x20, 0x23, 0xFE, 0x38, 0xC8, 0x69, 0x8C, 0x6B, 0xFE, 0xA8, 0x02, 0x2B, 0xFE, 0x2A, 0x56, 0x3A, 0x56, 0x00, 0x00, 0x00, 0x00 }, // U+78D5 磕
    { 0x00, 0x00, 0x00, 0x00, 0x00, 0x80, 0x3F, 0xFF, 0x20, 0x00, 0x22, 0x08, 0x2F, 0xFE, 0x27, 0x3C, 0x2A, 0xCA, 0x22, 0x00, 0x3F, 0xFE, 0x22, 0x00, 0x46, 0x00, 0x5F, 0xFC, 0x00, 0x00, 0x00, 0x00 }, // U+78E8 磨
    { 0x00, 0x00, 0x00, 0x00, 0x01, 0x24, 0x79, 0xAC, 0x23, 0xFE, 0x20, 0x70, 0x20, 0xA8, 0x63, 0x26, 0x7E, 0x23, 0xC9, 0x24, 0xCB, 0x1F, 0x4B, 0xD4, 0x4E, 0x64, 0x4D, 0xA4, 0x00, 0x00, 0x00, 0x00 }, // U+78F7 磷
    { 0x00, 0x00, 0x00, 0x00, 0x00, 0x88, 0x7C, 0x88, 0x33, 0xFE, 0x20, 0x88, 0x23, 0xFF, 0x78, 0x20, 0x69, 0xFE, 0xE9, 0x22, 0x29, 0xFE, 0x29, 0x22, 0x29, 0xFE, 0x39, 0xC2, 0x00, 0x00, 0x00, 0x00 }, // U+78FA 磺
    { 0x00, 0x00, 0x00, 0x00, 0x00, 0x90, 0x7D, 0x90, 0x11, 0xFE, 0x33, 0x10, 0x23, 0xFE, 0x21, 0x10, 0x79, 0xFE, 0x69, 0x10, 0xE9, 0x10, 0x29, 0xFE, 0x29, 0x00, 0x28, 0x52, 0x00, 0x00, 0x00, 0x00 }, // U+7901 礁
    { 0x00, 0x00, 0x00, 0x00, 0x3F, 0xFC, 0x00, 0x00, 0x00, 0x00, 0x00, 0x00, 0xFF, 0xFF, 0x00, 0x80, 0x10, 0x90, 0x10, 0x88, 0x30, 0x8C, 0x20, 0x86, 0x40, 0x82, 0x00, 0x00, 0x00, 0x00, 0x00, 0x00 }, // U+793A 示
    { 0x00, 0x00, 0x00, 0x00, 0x10, 0x00, 0x08, 0x60, 0x00, 0x60, 0x7E, 0x60, 0x06, 0x60, 0x04, 0x60, 0x08, 0x60, 0x18, 0x60, 0x3A, 0x60, 0x69, 0x60, 0x08, 0x63, 0x08, 0x63, 0x00, 0x00, 0x00, 0x00 }, // U+793C 礼
    { 0x00, 0x00, 0x00, 0x00, 0x20, 0x20, 0x30, 0x20, 0x10, 0x20, 0x10, 0x20, 0xFC, 0x20, 0x0B, 0xFE, 0x18, 0x20, 0x30, 0x20, 0x78, 0x20, 0x34, 0x20, 0x30, 0x20, 0x30, 0x20, 0x00, 0x00, 0x00, 0x00 }, // U+793E 社
    { 0x00, 0x00, 0x00, 0x00, 0x10, 0x7E, 0x18, 0x42, 0x08, 0x46, 0x7E, 0x44, 0x06, 0x4C, 0x0C, 0x4C, 0x18, 0x44, 0x3E, 0x42, 0x6B, 0x42, 0x09, 0x42, 0x08, 0x42, 0x08, 0x5E, 0x00, 0x00, 0x00, 0x00 }, // U+7941 祁
    { 0x00, 0x00, 0x00, 0x00, 0x20, 0x1E, 0x31, 0xF8, 0x11, 0x00, 0xF9, 0x00, 0x09, 0x00, 0x11, 0xFF, 0x31, 0x08, 0xF9, 0x08, 0x35, 0x08, 0x31, 0x08, 0x33, 0x08, 0x32, 0x08, 0x00, 0x00, 0x00, 0x00 }, // U+7948 祈
    { 0x00, 0x00, 0x00, 0x00, 0x20, 0x00, 0x31, 0xFC, 0x11, 0x04, 0x01, 0x04, 0xF9, 0x04, 0x09, 0xFC, 0x11, 0x04, 0x31, 0x04, 0x79, 0x04, 0x35, 0xFC, 0x31, 0x04, 0x31, 0x04, 0x00, 0x00, 0x00, 0x00 }, // U+7956 祖
    { 0x00, 0x00, 0x00, 0x00, 0x20, 0x00, 0x33, 0xFE, 0x13, 0x06, 0x03, 0x02, 0xFB, 0x02, 0x0B, 0x02, 0x13, 0x02, 0x33, 0xFE, 0x7B, 0xD6, 0x3C, 0xD0, 0x34, 0x90, 0x30, 0x91, 0x00, 0x00, 0x00, 0x00 }, // U+795D 祝
    { 0x00, 0x00, 0x20, 0x20, 0x30, 0x20, 0x10, 0x20, 0x03, 0xFE, 0xFA, 0x22, 0x0A, 0x22, 0x1A, 0x22, 0x33, 0xFE, 0x7A, 0x22, 0xFE, 0x22, 0x36, 0x22, 0x33, 0xFE, 0x32, 0x22, 0x00, 0x00, 0x00, 0x00 }, // U+795E 神
    { 0x00, 0x00, 0x00, 0x00, 0x01, 0x80, 0x21, 0x84, 0x3F, 0xFC, 0x01, 0x80, 0x61, 0x86, 0x7F, 0xFE, 0x00, 0x00, 0x3F, 0xFC, 0x00, 0x00, 0x7F, 0xFF, 0x08, 0x90, 0x18, 0x88, 0x00, 0x00, 0x00, 0x00 }, // U+795F 祟
    { 0x00, 0x00, 0x00, 0x00, 0x21, 0x04, 0x30, 0x8C, 0x10, 0x88, 0xFB, 0xFF, 0x08, 0x20, 0x10, 0x20, 0x33, 0xFE, 0x78, 0x20, 0x34, 0x20, 0x33, 0xFF, 0x30, 0x20, 0x30, 0x20, 0x00, 0x00, 0x00, 0x00 }, // U+7965 祥
    { 0x00, 0x00, 0x00, 0x00, 0x7F, 0xFE, 0x06, 0x60, 0x3F, 0xFC, 0x26, 0x64, 0x26, 0x64, 0x3F, 0xFC, 0x00, 0x00, 0x3F, 0xFC, 0x00, 0x00, 0xFF, 0xFF, 0x00, 0x80, 0x00, 0x00, 0x00, 0x00, 0x00, 0x00 }, // U+7968 票
    { 0x00, 0x00, 0x00, 0x00, 0x08, 0x00, 0x1F, 0x7E, 0x33, 0x44, 0x2A, 0x6C, 0x4C, 0x38, 0xAC, 0x10, 0x1F, 0xE8, 0x20, 0x06, 0x40, 0x02, 0x3F, 0xFC, 0x00, 0x80, 0x00, 0x00, 0x00, 0x00, 0x00, 0x00 }, // U+796D 祭
    { 0x00, 0x00, 0x00, 0x00, 0x20, 0x40, 0x30, 0x40, 0x13, 0xFE, 0xF8, 0x40, 0x0B, 0xFE, 0x18, 0x40, 0x13, 0xFF, 0x38, 0x80, 0xF9, 0x8C, 0x31, 0xFF, 0x33, 0xCC, 0x36, 0x4C, 0x00, 0x00, 0x00, 0x00 }, // U+7977 祷
    { 0x00, 0x00, 0x00, 0x00, 0x23, 0xFC, 0x33, 0x04, 0x03, 0x04, 0xFB, 0x04, 0x0B, 0xFC, 0x10, 0x20, 0x30, 0x20, 0x7B, 0xFE, 0xFE, 0x62, 0x32, 0x62, 0x32, 0xD2, 0x33, 0x8A, 0x00, 0x00, 0x00, 0x00 }, // U+7978 祸
    { 0x00, 0x00, 0x00, 0x00, 0x08, 0x10, 0x7F, 0xFE, 0x18, 0x30, 0x2C, 0x58, 0x6A, 0x96, 0x49, 0x13, 0x00, 0x00, 0x3F, 0xFC, 0x00, 0x00, 0x7F, 0xFF, 0x00, 0x80, 0x08, 0x90, 0x00, 0x00, 0x00, 0x00 }, // U+7981 禁
    { 0x00, 0x00, 0x00, 0x00, 0x23, 0xFC, 0x30, 0x04, 0x10, 0x04, 0xF9, 0xFC, 0x18, 0x04, 0x10, 0x04, 0x37, 0xFF, 0x70, 0x20, 0xFB, 0x36, 0xB1, 0x3C, 0x31, 0xEC, 0x37, 0x26, 0x00, 0x00, 0x00, 0x00 }, // U+7984 禄
    { 0x00, 0x00, 0x00, 0x00, 0x20, 0x00, 0x33, 0xFE, 0x10, 0x00, 0x01, 0xFC, 0xF9, 0x04, 0x08, 0xF8, 0x18, 0x00, 0x3B, 0xFE, 0x7A, 0x22, 0x32, 0x22, 0x33, 0xFE, 0x32, 0x22, 0x00, 0x00, 0x00, 0x00 }, // U+798F 福
    { 0x00, 0x00, 0x00, 0x00, 0x00, 0x3C, 0x7F, 0xFC, 0x01, 0x80, 0x3F, 0xFC, 0x21, 0x84, 0x3F, 0xFC, 0x21, 0x84, 0x01, 0x80, 0x7F, 0xFE, 0x61, 0x82, 0x61, 0xF2, 0x7F, 0xF2, 0x00, 0x00, 0x00, 0x00 }, // U+79B9 禹
    { 0x00, 0x00, 0x01, 0x00, 0x01, 0x80, 0xFF, 0xFF, 0x0C, 0x30, 0x26, 0x64, 0x23, 0xC4, 0x2C, 0x34, 0x20, 0x04, 0x3F, 0xFC, 0x01, 0x00, 0x7F, 0xFE, 0x62, 0x46, 0x64, 0x66, 0x00, 0x00, 0x00, 0x00 }, // U+79BB 离
    { 0x00, 0x00, 0x00, 0x00, 0x01, 0x80, 0x06, 0x60, 0x19, 0x1C, 0x7F, 0xFF, 0x0C, 0x30, 0x23, 0xC4, 0x2C, 0x34, 0x3F, 0xFC, 0x01, 0x00, 0x7F, 0xFE, 0x62, 0x46, 0x64, 0x66, 0x00, 0x00, 0x00, 0x00 }, // U+79BD 禽
    { 0x00, 0x00, 0x00, 0x00, 0x00, 0x1C, 0x7F, 0xFC, 0x01, 0x80, 0x01, 0x80, 0x01, 0x80, 0x7F, 0xFE, 0x03, 0xC0, 0x03, 0xC0, 0x05, 0xA0, 0x0D, 0xA0, 0x19, 0x90, 0x31, 0x88, 0x00, 0x00, 0x00, 0x00 }, // U+79BE 禾
    { 0x00, 0x00, 0x00, 0x00, 0x00, 0x3C, 0x7F, 0xC0, 0x01, 0x80, 0x01, 0x80, 0x7F, 0xFE, 0x07, 0xE0, 0x19, 0x98, 0x60, 0x06, 0x1F, 0xF0, 0x04, 0x30, 0x04, 0x20, 0x0C, 0x7C, 0x00, 0x00, 0x00, 0x00 }, // U+79C0 秀
    { 0x00, 0x00, 0x00, 0x00, 0x0E, 0x10, 0x78, 0x30, 0x10, 0x30, 0x10, 0x20, 0xFE, 0x20, 0x10, 0x60, 0x30, 0x48, 0x3C, 0x48, 0x36, 0xCC, 0x52, 0x84, 0xD0, 0x84, 0x11, 0x86, 0x00, 0x00, 0x00, 0x00 }, // U+79C1 私
    { 0x00, 0x00, 0x00, 0x00, 0x00, 0xFC, 0x3F, 0xC0, 0x01, 0x80, 0x01, 0x80, 0x7F, 0xFE, 0x03, 0xC0, 0x05, 0xA0, 0x19, 0x90, 0x31, 0x8C, 0x40, 0x02, 0x0F, 0xE0, 0x08, 0x20, 0x00, 0x00, 0x00, 0x00 }, // U+79C3 秃
    { 0x00, 0x00, 0x00, 0x00, 0x1E, 0xFE, 0x78, 0x10, 0x10, 0x10, 0x10, 0x10, 0xFE, 0x10, 0x11, 0xFF, 0x10, 0x10, 0x3C, 0x10, 0x36, 0x10, 0x52, 0x10, 0xD0, 0x10, 0x10, 0x10, 0x00, 0x00, 0x00, 0x00 }, // U+79C6 秆
    { 0x00, 0x00, 0x00, 0x00, 0x00, 0x3C, 0x7F, 0xF8, 0x01, 0x80, 0xFF, 0xFF, 0x01, 0x80, 0x3F, 0xFC, 0x01, 0x84, 0xFF, 0xFF, 0x01, 0x84, 0x7F, 0xFC, 0x03, 0xC4, 0x0D, 0xA0, 0x00, 0x00, 0x00, 0x00 }, // U+79C9 秉
    { 0x00, 0x00, 0x00, 0x00, 0x0C, 0x20, 0x78, 0x20, 0x10, 0x20, 0x12, 0x22, 0xFF, 0x26, 0x31, 0x24, 0x30, 0xAC, 0x38, 0x68, 0x74, 0x70, 0x54, 0x50, 0xD0, 0xD0, 0x10, 0x88, 0x00, 0x00, 0x00, 0x00 }, // U+79CB 秋
    { 0x00, 0x00, 0x00, 0x00, 0x0C, 0x20, 0x78, 0x20, 0x10, 0x20, 0xFD, 0xFE, 0x31, 0x32, 0x39, 0x22, 0x3D, 0x22, 0x35, 0x22, 0x55, 0xFE, 0x51, 0x32, 0x90, 0x20, 0x10, 0x20, 0x00, 0x00, 0x00, 0x00 }, // U+79CD 种
    { 0x00, 0x00, 0x00, 0x00, 0x0E, 0x08, 0x78, 0x88, 0x10, 0xC8, 0x10, 0x68, 0xFE, 0x28, 0x11, 0x08, 0x38, 0x88, 0x34, 0x48, 0x52, 0x08, 0x50, 0x7F, 0xD3, 0xC8, 0x10, 0x08, 0x00, 0x00, 0x00, 0x00 }, // U+79D1 科
    { 0x00, 0x00, 0x00, 0x00, 0x0C, 0x20, 0x70, 0x20, 0x10, 0xA4, 0x11, 0xA4, 0xFD, 0x26, 0x31, 0x22, 0x33, 0x22, 0x3A, 0x20, 0x7C, 0x22, 0x54, 0x24, 0xD0, 0x0C, 0x10, 0x18, 0x00, 0x00, 0x00, 0x00 }, // U+79D2 秒
    { 0x00, 0x00, 0x00, 0x00, 0x0C, 0x40, 0x78, 0x24, 0x10, 0x34, 0x10, 0xCC, 0x7C, 0xC8, 0x31, 0xCA, 0x3B, 0xDA, 0x3A, 0xD2, 0x76, 0xE3, 0x52, 0xE1, 0xD0, 0xC4, 0x10, 0xC4, 0x00, 0x00, 0x00, 0x00 }, // U+79D8 秘
    { 0x00, 0x00, 0x00, 0x00, 0x0C, 0x00, 0x79, 0xFC, 0x11, 0x84, 0x11, 0x04, 0x11, 0x04, 0xFD, 0xFC, 0x31, 0x84, 0x39, 0x04, 0x35, 0x04, 0x51, 0xFC, 0xD1, 0x84, 0x11, 0x04, 0x00, 0x00, 0x00, 0x00 }, // U+79DF 租
    { 0x00, 0x00, 0x00, 0x00, 0x0C, 0x00, 0x73, 0xFE, 0x10, 0x20, 0x12, 0x22, 0x11, 0x26, 0xFD, 0x24, 0x30, 0xA8, 0x38, 0x20, 0x3F, 0xFE, 0x54, 0x20, 0xD4, 0x20, 0x10, 0x20, 0x00, 0x00, 0x00, 0x00 }, // U+79E4 秤
    { 0x00, 0x00, 0x00, 0x00, 0x01, 0x80, 0x7F, 0xFE, 0x01, 0x00, 0x3F, 0xFC, 0x02, 0x00, 0x7F, 0xFE, 0x0C, 0x30, 0x3F, 0xEC, 0x41, 0x82, 0x1F, 0xF8, 0x03, 0x80, 0x05, 0xC0, 0x00, 0x00, 0x00, 0x00 }, // U+79E6 秦
    { 0x00, 0x00, 0x00, 0x00, 0x0C, 0x20, 0x78, 0x20, 0x10, 0x20, 0x11, 0xFE, 0xFD, 0x26, 0x31, 0x26, 0x31, 0x26, 0x79, 0x26, 0x77, 0xFF, 0xD0, 0x70, 0x10, 0x50, 0x10, 0x88, 0x00, 0x00, 0x00, 0x00 }, // U+79E7 秧
    { 0x00, 0x00, 0x00, 0x00, 0x0C, 0xB0, 0x78, 0xB0, 0x11, 0xB0, 0x11, 0xFE, 0x11, 0x30, 0xFF, 0x30, 0x30, 0x30, 0x33, 0xFF, 0x3C, 0x30, 0x74, 0x30, 0x50, 0x58, 0x90, 0x48, 0x00, 0x00, 0x00, 0x00 }, // U+79E9 秩
    { 0x00, 0x00, 0x00, 0x00, 0x0C, 0x00, 0xF9, 0xFE, 0x11, 0x02, 0x11, 0x02, 0xFD, 0x02, 0x31, 0x02, 0x39, 0x02, 0x1D, 0xFE, 0x55, 0x02, 0x94, 0x00, 0x10, 0x88, 0x00, 0x00, 0x00, 0x00, 0x00, 0x00 }, // U+79EF 积
    { 0x00, 0x00, 0x00, 0xC0, 0x1C, 0x80, 0x70, 0x80, 0x11, 0xFE, 0x11, 0x02, 0xFF, 0x26, 0x10, 0x24, 0x38, 0x20, 0x34, 0xA8, 0x75, 0xA4, 0x51, 0x24, 0xD3, 0x26, 0x12, 0x22, 0x00, 0x00, 0x00, 0x00 }, // U+79F0 称
    { 0x00, 0x00, 0x00, 0x00, 0x0C, 0x20, 0x78, 0x20, 0x13, 0xFF, 0x10, 0x20, 0xFC, 0x20, 0x33, 0xFE, 0x38, 0x00, 0x7C, 0x00, 0x55, 0xFE, 0xD1, 0x02, 0x11, 0x02, 0x11, 0x02, 0x00, 0x00, 0x00, 0x00 }, // U+79F8 秸
    { 0x00, 0x00, 0x00, 0x40, 0x0C, 0x40, 0x78, 0xFE, 0x11, 0x86, 0x11, 0x04, 0xFE, 0x58, 0x30, 0x30, 0x30, 0xE0, 0x3B, 0x60, 0x74, 0xFF, 0x50, 0x82, 0xD3, 0x46, 0x12, 0x6C, 0x00, 0x00, 0x00, 0x00 }, // U+79FB 移
    { 0x00, 0x00, 0x00, 0x00, 0x78, 0x20, 0x13, 0x22, 0x13, 0x22, 0x13, 0x22, 0x7F, 0xFE, 0x30, 0x02, 0x30, 0x80, 0x38, 0xFE, 0x75, 0x06, 0x52, 0x04, 0xD4, 0xC8, 0x10, 0x70, 0x00, 0x00, 0x00, 0x00 }, // U+79FD 秽
    { 0x00, 0x00, 0x00, 0x00, 0x0D, 0x04, 0x70, 0xD8, 0x10, 0x78, 0x11, 0xCE, 0xFF, 0x42, 0x30, 0x40, 0x3B, 0xFF, 0x35, 0xA0, 0x71, 0x20, 0x57, 0xFE, 0x95, 0x22, 0x11, 0x22, 0x00, 0x00, 0x00, 0x00 }, // U+7A00 稀
    { 0x00, 0x00, 0x00, 0x00, 0x0C, 0x00, 0x71, 0xFE, 0x11, 0x06, 0x11, 0x06, 0xFD, 0xFE, 0x31, 0x06, 0x30, 0x00, 0x3B, 0xFE, 0x7C, 0x20, 0x54, 0x20, 0xD1, 0xFE, 0x10, 0x20, 0x00, 0x00, 0x00, 0x00 }, // U+7A0B 程
    { 0x00, 0x00, 0x00, 0x00, 0x0C, 0x22, 0x71, 0x22, 0x11, 0xA4, 0x10, 0xA4, 0xFC, 0x20, 0x31, 0xFE, 0x31, 0x02, 0x39, 0x02, 0x51, 0xFE, 0x57, 0x02, 0x97, 0x02, 0x11, 0xFE, 0x00, 0x00, 0x00, 0x00 }, // U+7A0D 稍
    { 0x00, 0x00, 0x00, 0x00, 0x01, 0x04, 0x7C, 0x88, 0x10, 0x08, 0x13, 0xFE, 0x7F, 0x02, 0x33, 0x02, 0x33, 0x02, 0x3B, 0x02, 0x7F, 0xFE, 0x50, 0xD0, 0xD0, 0xD0, 0x10, 0x90, 0x00, 0x00, 0x00, 0x00 }, // U+7A0E 税
    { 0x00, 0x00, 0x00, 0x00, 0x0C, 0x40, 0x70, 0x40, 0x13, 0xFE, 0x12, 0x22, 0xFF, 0xFE, 0x32, 0x22, 0x3A, 0x22, 0x7F, 0xFE, 0x70, 0xC2, 0xD1, 0x10, 0x17, 0xFF, 0x10, 0x10, 0x00, 0x00, 0x00, 0x00 }, // U+7A17 稗
    { 0x00, 0x00, 0x00, 0x00, 0x1C, 0x90, 0x78, 0x98, 0x11, 0x88, 0x13, 0xFF, 0xFF, 0x10, 0x37, 0x10, 0x39, 0xFE, 0x35, 0x10, 0x51, 0x10, 0xD1, 0xFE, 0x11, 0x10, 0x11, 0x10, 0x00, 0x00, 0x00, 0x00 }, // U+7A1A 稚
    { 0x00, 0x00, 0x00, 0x00, 0x0B, 0xFE, 0x72, 0x22, 0x12, 0x22, 0x12, 0xFA, 0xFE, 0x22, 0x32, 0x22, 0x3B, 0xFE, 0x7A, 0x02, 0x7A, 0xFA, 0xD2, 0x8A, 0x12, 0x8A, 0x16, 0xFA, 0x00, 0x00, 0x00, 0x00 }, // U+7A20 稠
    { 0x00, 0x00, 0x00, 0x80, 0x1D, 0x80, 0x71, 0xF8, 0x13, 0x08, 0x12, 0x10, 0x13, 0xFE, 0xFC, 0x02, 0x33, 0xFE, 0x38, 0x02, 0x77, 0xFE, 0x50, 0x42, 0xD1, 0xA2, 0x15, 0xA2, 0x00, 0x00, 0x00, 0x00 }, // U+7A33 稳
    { 0x00, 0x00, 0x00, 0x00, 0x1C, 0x0E, 0x7B, 0xFC, 0x10, 0x22, 0x12, 0x24, 0xFD, 0x24, 0x30, 0xC0, 0x3B, 0x9E, 0x7A, 0x02, 0x76, 0x02, 0xD3, 0xDE, 0x12, 0x02, 0x12, 0x02, 0x00, 0x00, 0x00, 0x00 }, // U+7A3B 稻
    { 0x00, 0x00, 0x00, 0x00, 0x0C, 0x20, 0x70, 0x20, 0x13, 0xFE, 0x12, 0x02, 0xFC, 0x00, 0x33, 0xFE, 0x30, 0xE0, 0x7B, 0x66, 0x50, 0xFC, 0xD3, 0x3C, 0x10, 0x74, 0x11, 0x92, 0x00, 0x00, 0x00, 0x00 }, // U+7A3C 稼
    { 0x00, 0x00, 0x00, 0x00, 0x18, 0x48, 0x7B, 0xFF, 0x10, 0x90, 0x13, 0x1E, 0xFE, 0x00, 0x33, 0xFC, 0x3B, 0x02, 0x7D, 0xFE, 0xD4, 0x00, 0x11, 0xFE, 0x11, 0x02, 0x11, 0xFE, 0x00, 0x00, 0x00, 0x00 }, // U+7A3D 稽
    { 0x00, 0x00, 0x00, 0x00, 0x08, 0x20, 0x73, 0xFE, 0x10, 0x00, 0x11, 0xFC, 0xFD, 0x04, 0x31, 0xFC, 0x30, 0x00, 0x3B, 0xFE, 0x7E, 0x02, 0x52, 0xFA, 0x92, 0x8A, 0x12, 0xFA, 0x00, 0x00, 0x00, 0x00 }, // U+7A3F 稿
    { 0x00, 0x00, 0x00, 0x00, 0x0C, 0x20, 0x7B, 0xFE, 0x13, 0x02, 0x13, 0xFE, 0xFF, 0x02, 0x33, 0xFE, 0x39, 0xA8, 0x7A, 0x14, 0x70, 0x62, 0xD3, 0x0C, 0x10, 0x70, 0x13, 0x86, 0x00, 0x00, 0x00, 0x00 }, // U+7A46 穆
    { 0x00, 0x00, 0x00, 0x00, 0x18, 0x20, 0x7B, 0xFE, 0x10, 0x20, 0x13, 0xFE, 0xFE, 0x22, 0x33, 0xFE, 0x3A, 0x22, 0x7B, 0xFE, 0x54, 0x26, 0x93, 0xFE, 0x10, 0x20, 0x12, 0xA6, 0x00, 0x00, 0x00, 0x00 }, // U+7A57 穗
    { 0x00, 0x00, 0x00, 0x00, 0x01, 0x00, 0x00, 0x80, 0x7F, 0xFE, 0x40, 0x02, 0x40, 0x02, 0x04, 0x60, 0x04, 0x60, 0x04, 0x20, 0x0C, 0x20, 0x08, 0x30, 0x18, 0x10, 0x10, 0x18, 0x00, 0x00, 0x00, 0x00 }, // U+7A74 穴
    { 0x00, 0x00, 0x00, 0x00, 0x01, 0x00, 0x01, 0x80, 0x7F, 0xFE, 0x40, 0x02, 0x44, 0x62, 0x1C, 0x18, 0x32, 0x06, 0x42, 0x00, 0x3F, 0xF0, 0x06, 0x30, 0x04, 0x30, 0x04, 0x33, 0x00, 0x00, 0x00, 0x00 }, // U+7A76 究
    { 0x00, 0x00, 0x00, 0x00, 0x01, 0x00, 0x01, 0x80, 0x7F, 0xFE, 0x40, 0x02, 0x44, 0x22, 0x1C, 0x38, 0x72, 0x0E, 0x42, 0x02, 0x7F, 0xFC, 0x02, 0x04, 0x06, 0x04, 0x04, 0x04, 0x00, 0x00, 0x00, 0x00 }, // U+7A77 穷
    { 0x00, 0x00, 0x00, 0x00, 0x01, 0x00, 0x01, 0x80, 0x7F, 0xFE, 0x40, 0x02, 0x44, 0x22, 0x0C, 0x30, 0x18, 0x1C, 0x60, 0x06, 0x7F, 0xFE, 0x01, 0x80, 0x01, 0x80, 0x01, 0x80, 0x00, 0x00, 0x00, 0x00 }, // U+7A7A 空
    { 0x00, 0x00, 0x00, 0x00, 0x01, 0x00, 0x01, 0x80, 0x7F, 0xFE, 0x40, 0x02, 0x46, 0x72, 0x30, 0x0C, 0x00, 0x00, 0x7F, 0xFE, 0x00, 0x20, 0x20, 0x20, 0x3F, 0xFF, 0x01, 0xA0, 0x00, 0x00, 0x00, 0x00 }, // U+7A7F 穿
    { 0x00, 0x00, 0x00, 0x00, 0x01, 0x00, 0x00, 0x80, 0x7F, 0xFE, 0x40, 0x02, 0x44, 0x22, 0x38, 0x1C, 0x41, 0xA2, 0x01, 0x30, 0x7F, 0xFE, 0x01, 0x80, 0x02, 0x40, 0x06, 0x60, 0x00, 0x00, 0x00, 0x00 }, // U+7A81 突
    { 0x00, 0x00, 0x00, 0x00, 0x01, 0x80, 0x7F, 0xFE, 0x40, 0x02, 0x44, 0x62, 0x3C, 0x1E, 0xF0, 0x02, 0x03, 0xFC, 0x30, 0x44, 0x3C, 0x44, 0xF0, 0x44, 0x30, 0xC4, 0x34, 0x84, 0x00, 0x00, 0x00, 0x00 }, // U+7A83 窃
    { 0x00, 0x00, 0x00, 0x00, 0x01, 0x00, 0x01, 0x80, 0x7F, 0xFE, 0x40, 0x02, 0x46, 0x62, 0x30, 0x0C, 0x04, 0x00, 0x1F, 0xFF, 0x72, 0x00, 0x43, 0xFC, 0x02, 0x00, 0x03, 0xFE, 0x00, 0x00, 0x00, 0x00 }, // U+7A84 窄
    { 0x00, 0x00, 0x00, 0x00, 0x01, 0x00, 0x01, 0x80, 0x7F, 0xFE, 0x40, 0x02, 0x46, 0x62, 0x3C, 0x3C, 0x20, 0x04, 0x7F, 0xFE, 0x10, 0x80, 0x10, 0x80, 0x11, 0xFC, 0x10, 0x04, 0x00, 0x00, 0x00, 0x00 }, // U+7A8D 窍
    { 0x00, 0x00, 0x00, 0x00, 0x01, 0x00, 0x01, 0x80, 0x7F, 0xFE, 0x46, 0x72, 0x38, 0x1E, 0x48, 0x02, 0x1F, 0xFC, 0x31, 0x80, 0xFF, 0xFF, 0x01, 0x80, 0x21, 0x84, 0x21, 0x84, 0x00, 0x00, 0x00, 0x00 }, // U+7A91 窑
    { 0x00, 0x00, 0x00, 0x00, 0x01, 0x00, 0x01, 0x80, 0x7F, 0xFE, 0x46, 0x62, 0x18, 0x18, 0x7F, 0xFE, 0x0C, 0x10, 0x18, 0x18, 0x3F, 0xFC, 0x01, 0x84, 0x3F, 0xFC, 0x01, 0x80, 0x00, 0x00, 0x00, 0x00 }, // U+7A92 窒
    { 0x00, 0x00, 0x00, 0x00, 0x01, 0x00, 0x01, 0x80, 0x7F, 0xFE, 0x44, 0x22, 0x18, 0x9C, 0x48, 0x82, 0x1F, 0xF8, 0x30, 0x80, 0xFF, 0xFF, 0x00, 0x00, 0x1F, 0xFC, 0x10, 0x0C, 0x00, 0x00, 0x00, 0x00 }, // U+7A96 窖
    { 0x00, 0x00, 0x00, 0x00, 0x01, 0x00, 0x01, 0x80, 0x7F, 0xFE, 0x46, 0x72, 0x79, 0x1E, 0x41, 0x03, 0x3F, 0xFC, 0x22, 0x04, 0x27, 0xF4, 0x2B, 0x24, 0x21, 0xC4, 0x2E, 0x34, 0x00, 0x00, 0x00, 0x00 }, // U+7A97 窗
    { 0x00, 0x00, 0x00, 0x00, 0x01, 0x00, 0x7F, 0xFE, 0x46, 0x62, 0x48, 0x1A, 0x3F, 0xFC, 0x04, 0x04, 0xFF, 0xFF, 0x08, 0x04, 0x7F, 0xFC, 0x10, 0x00, 0x3F, 0xFC, 0x58, 0x04, 0x00, 0x00, 0x00, 0x00 }, // U+7A98 窘
    { 0x00, 0x00, 0x00, 0x00, 0x01, 0x00, 0x01, 0x80, 0x7F, 0xFE, 0x40, 0x02, 0x44, 0x22, 0x3D, 0x9C, 0x61, 0x86, 0x1F, 0xF8, 0x11, 0x88, 0x1F, 0xF8, 0x01, 0x80, 0x3F, 0xFC, 0x00, 0x00, 0x00, 0x00 }, // U+7A9C 窜
    { 0x00, 0x00, 0x00, 0x00, 0x01, 0x00, 0x01, 0x80, 0x7F, 0xFE, 0x40, 0x02, 0x06, 0x20, 0x38, 0x1E, 0x5F, 0xFB, 0x10, 0x18, 0x1F, 0xF8, 0x01, 0x80, 0x3F, 0xFE, 0x21, 0x06, 0x00, 0x00, 0x00, 0x00 }, // U+7A9D 窝
    { 0x00, 0x00, 0x00, 0x00, 0x01, 0x80, 0x7F, 0xFE, 0x44, 0x22, 0x4C, 0x1A, 0x70, 0x06, 0xBF, 0xFF, 0x20, 0x06, 0x3F, 0xFE, 0x20, 0x40, 0x24, 0x44, 0x27, 0xFC, 0x68, 0x40, 0x00, 0x00, 0x00, 0x00 }, // U+7A9F 窟
    { 0x00, 0x00, 0x00, 0x00, 0x01, 0x00, 0x01, 0x80, 0x7F, 0xFE, 0x46, 0x72, 0x58, 0x0C, 0x20, 0x00, 0x7F, 0xFC, 0x19, 0x04, 0x11, 0x24, 0x7F, 0x34, 0x18, 0x30, 0x34, 0x51, 0x00, 0x00, 0x00, 0x00 }, // U+7AA5 窥
    { 0x00, 0x00, 0x00, 0x00, 0x01, 0x00, 0x7F, 0xFE, 0x46, 0x62, 0x18, 0x98, 0x7D, 0xFC, 0x6A, 0x8C, 0x68, 0x70, 0x73, 0xFF, 0x69, 0x20, 0x6B, 0xFC, 0x6E, 0x20, 0x79, 0xFC, 0x00, 0x00, 0x00, 0x00 }, // U+7ABF 窿
    { 0x00, 0x00, 0x01, 0x00, 0x01, 0x80, 0x01, 0x80, 0x7F, 0xFE, 0x00, 0x00, 0x10, 0x08, 0x10, 0x18, 0x18, 0x18, 0x08, 0x10, 0x0C, 0x30, 0x0C, 0x30, 0x04, 0x20, 0x04, 0x60, 0x00, 0x00, 0x00, 0x00 }, // U+7ACB 立
    { 0x00, 0x00, 0x00, 0x00, 0x0C, 0x00, 0x6F, 0xFC, 0x6D, 0x8C, 0x6C, 0xC8, 0x6C, 0x70, 0x6D, 0xF8, 0x6F, 0x0E, 0x00, 0x80, 0x3F, 0xFC, 0x08, 0x10, 0x0C, 0x30, 0x04, 0x20, 0x00, 0x00, 0x00, 0x00 }, // U+7AD6 竖
    { 0x00, 0x00, 0x00, 0x00, 0x10, 0x20, 0x10, 0x20, 0x10, 0x20, 0xFE, 0x3F, 0x00, 0x30, 0x44, 0x20, 0x44, 0x20, 0x64, 0x20, 0x2D, 0xFE, 0x29, 0x02, 0x29, 0x02, 0x09, 0x02, 0x00, 0x00, 0x00, 0x00 }, // U+7AD9 站
    { 0x00, 0x00, 0x01, 0x00, 0x01, 0x80, 0x7F, 0xFE, 0x08, 0x10, 0x0C, 0x30, 0xFF, 0xFF, 0x00, 0x00, 0x3F, 0xF8, 0x30, 0x08, 0x30, 0x08, 0x3F, 0xF8, 0x34, 0x48, 0x04, 0x40, 0x00, 0x00, 0x00, 0x00 }, // U+7ADE 竞
    { 0x00, 0x00, 0x01, 0x00, 0x01, 0x80, 0x7F, 0xFE, 0x08, 0x10, 0x0C, 0x30, 0xFF, 0xFF, 0x00, 0x00, 0x3F, 0xFC, 0x30, 0x0C, 0x3F, 0xFC, 0x30, 0x0C, 0x3F, 0xFC, 0x34, 0x4C, 0x00, 0x00, 0x00, 0x00 }, // U+7ADF 竟
    { 0x00, 0x00, 0x01, 0x00, 0x01, 0x80, 0x7F, 0xFE, 0x08, 0x10, 0x0C, 0x30, 0xFF, 0xFF, 0x00, 0x00, 0x1F, 0xFC, 0x10, 0x0C, 0x1F, 0xFC, 0x10, 0x0C, 0x1F, 0xFC, 0x01, 0x80, 0x00, 0x00, 0x00, 0x00 }, // U+7AE0 章
    { 0x00, 0x00, 0x00, 0x00, 0x20, 0x20, 0x30, 0x48, 0x10, 0xCC, 0xFD, 0x86, 0x01, 0xFE, 0x48, 0x88, 0x49, 0x06, 0x4A, 0x42, 0x48, 0xFC, 0x51, 0x84, 0x32, 0xC8, 0x3C, 0x70, 0x00, 0x00, 0x00, 0x00 }, // U+7AE3 竣
    { 0x00, 0x00, 0x01, 0x00, 0x01, 0x80, 0x7F, 0xFE, 0x08, 0x10, 0x04, 0x20, 0x7F, 0xFF, 0x00, 0x00, 0x3F, 0xFC, 0x21, 0x84, 0x3F, 0xFC, 0x21, 0x84, 0x3F, 0xFC, 0x01, 0x80, 0x00, 0x00, 0x00, 0x00 }, // U+7AE5 童
    { 0x00, 0x00, 0x00, 0x00, 0x21, 0xFE, 0x11, 0x06, 0x11, 0x06, 0x7D, 0xFE, 0x01, 0x06, 0x49, 0xFE, 0x49, 0x80, 0x49, 0xFE, 0x4A, 0x22, 0x68, 0x32, 0x19, 0x5A, 0x11, 0x02, 0x00, 0x00, 0x00, 0x00 }, // U+7AED 竭
    { 0x00, 0x00, 0x00, 0x00, 0x20, 0x20, 0x33, 0x22, 0x13, 0x22, 0xFF, 0xFE, 0x00, 0x02, 0x48, 0x00, 0x4B, 0xFF, 0x48, 0x20, 0x48, 0x20, 0x4B, 0xFE, 0x32, 0x52, 0x12, 0x52, 0x00, 0x00, 0x00, 0x00 }, // U+7AEF 端
    { 0x00, 0x00, 0x00, 0x00, 0x10, 0x20, 0x10, 0x60, 0x20, 0x40, 0x3F, 0xFF, 0x50, 0x88, 0x51, 0x88, 0x11, 0x08, 0x10, 0x08, 0x10, 0x08, 0x10, 0x08, 0x10, 0x08, 0x10, 0x08, 0x00, 0x00, 0x00, 0x00 }, // U+7AF9 竹
    { 0x00, 0x00, 0x00, 0x00, 0x10, 0x20, 0x3F, 0x7F, 0x68, 0xD0, 0x45, 0x88, 0x00, 0x08, 0x3F, 0xFC, 0x01, 0x80, 0x01, 0x80, 0x01, 0x80, 0xFF, 0xFF, 0x01, 0x80, 0x01, 0x80, 0x00, 0x00, 0x00, 0x00 }, // U+7AFF 竿
    { 0x00, 0x00, 0x00, 0x00, 0x10, 0x20, 0x30, 0x60, 0x3F, 0xFF, 0x6C, 0xD0, 0x44, 0x88, 0x3F, 0xFC, 0x21, 0x84, 0x21, 0x84, 0x21, 0x84, 0x3F, 0xFC, 0x20, 0x04, 0x20, 0x02, 0x00, 0x00, 0x00, 0x00 }, // U+7B06 笆
    { 0x00, 0x00, 0x00, 0x00, 0x10, 0x60, 0x3F, 0x7E, 0x28, 0x90, 0x4C, 0x98, 0x05, 0x08, 0x3F, 0xFC, 0x06, 0x0C, 0xFF, 0xFF, 0x06, 0x0C, 0x06, 0x0C, 0x7F, 0xFC, 0x0C, 0x0C, 0x00, 0x00, 0x00, 0x00 }, // U+7B0B 笋
    { 0x00, 0x00, 0x10, 0x20, 0x10, 0x60, 0x3F, 0xFF, 0x68, 0xD0, 0x4C, 0x98, 0x44, 0x88, 0x00, 0x3C, 0x3F, 0xE0, 0x01, 0x80, 0x01, 0x00, 0x7F, 0xFF, 0x01, 0x80, 0x02, 0x40, 0x00, 0x00, 0x00, 0x00 }, // U+7B11 笑
    { 0x00, 0x00, 0x00, 0x00, 0x10, 0x20, 0x30, 0x60, 0x3F, 0x7E, 0x68, 0xD0, 0x4C, 0x98, 0x04, 0x88, 0x00, 0x7C, 0x3F, 0xC0, 0x03, 0xFC, 0x7F, 0x80, 0x03, 0xFE, 0xFF, 0x80, 0x00, 0x00, 0x00, 0x00 }, // U+7B14 笔
    { 0x00, 0x00, 0x00, 0x00, 0x10, 0x60, 0x10, 0x40, 0x3F, 0x7F, 0x68, 0x90, 0x4C, 0x98, 0x45, 0x88, 0x01, 0x80, 0x3F, 0xFC, 0x21, 0x84, 0x21, 0x84, 0x3F, 0xFC, 0x21, 0x84, 0x00, 0x00, 0x00, 0x00 }, // U+7B1B 笛
    { 0x00, 0x00, 0x00, 0x00, 0x10, 0x20, 0x10, 0x60, 0x3F, 0xFF, 0x6C, 0xD8, 0x44, 0x88, 0x40, 0x00, 0x08, 0x08, 0x1F, 0xFF, 0x30, 0x08, 0x71, 0x08, 0x11, 0x08, 0x10, 0x88, 0x00, 0x00, 0x00, 0x00 }, // U+7B26 符
    { 0x00, 0x00, 0x00, 0x00, 0x10, 0x20, 0x3F, 0x7F, 0x20, 0xC0, 0x4C, 0x98, 0x44, 0x08, 0x01, 0x80, 0x7F, 0xFE, 0x03, 0xC0, 0x07, 0xE0, 0x0D, 0xB0, 0x19, 0x98, 0x31, 0x8E, 0x00, 0x00, 0x00, 0x00 }, // U+7B28 笨
    { 0x00, 0x00, 0x00, 0x00, 0x10, 0x20, 0x30, 0x60, 0x3F, 0x7F, 0x68, 0xD0, 0xC0, 0x88, 0x3F, 0xFC, 0x01, 0x84, 0x3F, 0xFC, 0x21, 0x84, 0x21, 0x80, 0x7F, 0xFE, 0x03, 0x86, 0x00, 0x00, 0x00, 0x00 }, // U+7B2C 第
    { 0x00, 0x00, 0x00, 0x00, 0x10, 0x20, 0x30, 0x60, 0x3F, 0x7F, 0x68, 0xD0, 0xC4, 0x88, 0x04, 0x60, 0x06, 0xFC, 0x7F, 0xC0, 0x06, 0xFE, 0x7F, 0xC0, 0x01, 0x08, 0x01, 0xF2, 0x00, 0x00, 0x00, 0x00 }, // U+7B3A 笺
    { 0x00, 0x00, 0x00, 0x00, 0x10, 0x60, 0x3F, 0x7F, 0x6C, 0xC8, 0x44, 0xAC, 0x04, 0x30, 0xFF, 0xFF, 0x04, 0x80, 0x04, 0x84, 0x0C, 0x98, 0x08, 0xF2, 0x19, 0xE3, 0x33, 0x82, 0x00, 0x00, 0x00, 0x00 }, // U+7B3C 笼
    { 0x00, 0x00, 0x00, 0x00, 0x10, 0x20, 0x30, 0x60, 0x3F, 0xFF, 0x68, 0x90, 0xC5, 0x90, 0x7F, 0xFE, 0x01, 0x80, 0x01, 0x80, 0xFF, 0xFF, 0x00, 0x10, 0x00, 0x10, 0x7F, 0xFE, 0x00, 0x00, 0x00, 0x00 }, // U+7B49 等
    { 0x00, 0x00, 0x00, 0x00, 0x10, 0x20, 0x30, 0x60, 0x3F, 0x7F, 0x68, 0xD0, 0xC4, 0x88, 0x7C, 0x60, 0x65, 0xFE, 0x7C, 0x62, 0x64, 0x42, 0x64, 0x42, 0x7C, 0x42, 0x44, 0xC2, 0x00, 0x00, 0x00, 0x00 }, // U+7B4B 筋
    { 0x00, 0x00, 0x00, 0x00, 0x10, 0x20, 0x30, 0x60, 0x3F, 0x7F, 0x6C, 0xD8, 0x84, 0x88, 0x18, 0xA0, 0x10, 0x90, 0x30, 0xFE, 0x77, 0xE0, 0x10, 0xC4, 0x10, 0x78, 0x11, 0xE2, 0x00, 0x00, 0x00, 0x00 }, // U+7B4F 筏
    { 0x00, 0x00, 0x00, 0x00, 0x10, 0x20, 0x3F, 0x7F, 0x6C, 0xD0, 0x44, 0x88, 0x3F, 0xFE, 0x20, 0x00, 0x2F, 0xFC, 0x20, 0xC0, 0x27, 0xFC, 0x20, 0xC0, 0x20, 0xC0, 0x2F, 0xFC, 0x00, 0x00, 0x00, 0x00 }, // U+7B50 筐
    { 0x00, 0x00, 0x10, 0x60, 0x30, 0x40, 0x3F, 0xFE, 0x68, 0xD0, 0x45, 0x88, 0x01, 0x00, 0x7D, 0xF8, 0x11, 0x08, 0x11, 0x48, 0x11, 0x48, 0x11, 0x28, 0x1F, 0x09, 0x7B, 0x09, 0x00, 0x00, 0x00, 0x00 }, // U+7B51 筑
    { 0x00, 0x00, 0x00, 0x00, 0x10, 0x20, 0x10, 0x60, 0x3F, 0x7F, 0x68, 0xD0, 0xC4, 0x88, 0x3F, 0xFC, 0x20, 0x04, 0x2F, 0xF4, 0x20, 0x04, 0x27, 0xE4, 0x24, 0x24, 0x24, 0x24, 0x00, 0x00, 0x00, 0x00 }, // U+7B52 筒
    { 0x00, 0x00, 0x00, 0x00, 0x10, 0x20, 0x10, 0x60, 0x3F, 0xFF, 0x68, 0x50, 0x45, 0x88, 0x43, 0xC8, 0x06, 0x20, 0x18, 0x18, 0x3F, 0xFE, 0xC0, 0x02, 0x1F, 0xF8, 0x10, 0x08, 0x00, 0x00, 0x00, 0x00 }, // U+7B54 答
    { 0x00, 0x00, 0x00, 0x00, 0x10, 0x20, 0x3F, 0x7F, 0x68, 0xD0, 0x48, 0x90, 0x05, 0x88, 0x7F, 0xFE, 0x01, 0x80, 0x3F, 0xFC, 0x21, 0x84, 0x21, 0x84, 0x27, 0xFC, 0x0D, 0xB0, 0x00, 0x00, 0x00, 0x00 }, // U+7B56 策
    { 0x00, 0x00, 0x00, 0x00, 0x10, 0x20, 0x30, 0x60, 0x3F, 0x7F, 0x68, 0xD0, 0x44, 0x88, 0x00, 0x00, 0x4B, 0xFF, 0x48, 0x20, 0x49, 0xFE, 0x49, 0x22, 0x49, 0x22, 0x49, 0x22, 0x00, 0x00, 0x00, 0x00 }, // U+7B5B 筛
    { 0x00, 0x00, 0x00, 0x00, 0x10, 0x20, 0x30, 0x60, 0x3F, 0xFF, 0x6C, 0xD8, 0x44, 0x88, 0x10, 0x40, 0x1B, 0xFC, 0x5C, 0x44, 0x50, 0x44, 0x57, 0xFF, 0x10, 0xE0, 0x11, 0xB0, 0x00, 0x00, 0x00, 0x00 }, // U+7B77 筷
    { 0x00, 0x00, 0x00, 0x00, 0x10, 0x20, 0x3F, 0x7F, 0x49, 0xD0, 0x05, 0x08, 0x7F, 0xFE, 0x03, 0x00, 0x3F, 0xFC, 0x02, 0x00, 0xFF, 0xFF, 0x0C, 0x08, 0x1F, 0xFF, 0x36, 0x08, 0x00, 0x00, 0x00, 0x00 }, // U+7B79 筹
    { 0x00, 0x00, 0x00, 0x00, 0x10, 0x20, 0x3F, 0x7F, 0x20, 0x40, 0x49, 0x90, 0x0F, 0xC8, 0x06, 0x60, 0x18, 0x18, 0x7F, 0xFE, 0x40, 0x02, 0x00, 0x00, 0x01, 0x08, 0x10, 0x98, 0x00, 0x00, 0x00, 0x00 }, // U+7B7E 签
    { 0x00, 0x00, 0x00, 0x00, 0x10, 0x20, 0x3F, 0x7F, 0x64, 0xD0, 0x44, 0x88, 0x13, 0xFE, 0x00, 0x02, 0x67, 0xE2, 0x64, 0x22, 0x64, 0x22, 0x67, 0xE2, 0x64, 0x22, 0x64, 0x22, 0x00, 0x00, 0x00, 0x00 }, // U+7B80 简
    { 0x00, 0x00, 0x00, 0x00, 0x10, 0x60, 0x3F, 0x7F, 0x68, 0x90, 0x4D, 0x08, 0x13, 0xFE, 0x12, 0x10, 0x7E, 0x10, 0x12, 0x7E, 0x16, 0x52, 0x3A, 0x52, 0x52, 0x52, 0x12, 0x5C, 0x00, 0x00, 0x00, 0x00 }, // U+7B8D 箍
    { 0x00, 0x00, 0x00, 0x00, 0x10, 0x60, 0x3F, 0x7F, 0x68, 0x90, 0x49, 0x48, 0x20, 0x40, 0x13, 0xFE, 0x0A, 0x06, 0x42, 0x06, 0x22, 0x06, 0x03, 0xFE, 0x0A, 0x06, 0x12, 0x06, 0x00, 0x00, 0x00, 0x00 }, // U+7B94 箔
    { 0x00, 0x00, 0x00, 0x00, 0x10, 0x60, 0x3F, 0xFE, 0x44, 0x98, 0x10, 0x08, 0x7F, 0xFE, 0x10, 0x08, 0x1F, 0xF8, 0x10, 0x08, 0x1F, 0xF8, 0x10, 0x08, 0xFF, 0xFF, 0x04, 0x20, 0x00, 0x00, 0x00, 0x00 }, // U+7B95 箕
    { 0x00, 0x00, 0x00, 0x00, 0x10, 0x20, 0x3F, 0x7F, 0x68, 0xD8, 0x44, 0x88, 0x3F, 0xFC, 0x30, 0x04, 0x3F, 0xFC, 0x30, 0x04, 0x3F, 0xFC, 0x30, 0x04, 0x3F, 0xFC, 0xFF, 0xFF, 0x00, 0x00, 0x00, 0x00 }, // U+7B97 算
    { 0x00, 0x00, 0x00, 0x00, 0x10, 0x20, 0x3F, 0x7F, 0x68, 0x50, 0x45, 0x08, 0x7F, 0xFE, 0x40, 0x02, 0x1F, 0xF0, 0x10, 0x10, 0x1F, 0xF0, 0x10, 0x00, 0x1F, 0xFC, 0x10, 0x0C, 0x00, 0x00, 0x00, 0x00 }, // U+7BA1 管
    { 0x00, 0x00, 0x00, 0x00, 0x10, 0x40, 0x3F, 0x7E, 0x48, 0x90, 0x04, 0x88, 0x7F, 0xFE, 0x46, 0x62, 0x46, 0x62, 0x3F, 0xFE, 0x04, 0x00, 0x1F, 0xFC, 0x64, 0x18, 0x03, 0x70, 0x00, 0x00, 0x00, 0x00 }, // U+7BA9 箩
    { 0x00, 0x00, 0x00, 0x00, 0x10, 0x20, 0x3F, 0x7F, 0x64, 0xC8, 0x48, 0x98, 0x0C, 0x20, 0xFF, 0xFF, 0x00, 0x00, 0x7F, 0x24, 0x61, 0x24, 0x7F, 0x24, 0x61, 0x24, 0x00, 0x00, 0x00, 0x00, 0x00, 0x00 }, // U+7BAD 箭
    { 0x00, 0x00, 0x00, 0x00, 0x10, 0x20, 0x30, 0x60, 0x3F, 0x7F, 0x68, 0xD0, 0x84, 0x88, 0x11, 0xFE, 0x7D, 0x02, 0x11, 0x02, 0x31, 0xFE, 0x3D, 0x02, 0x55, 0xFE, 0xD1, 0x02, 0x00, 0x00, 0x00, 0x00 }, // U+7BB1 箱
    { 0x00, 0x00, 0x00, 0x00, 0x10, 0x60, 0x3F, 0xFE, 0x44, 0x80, 0x1F, 0xF8, 0x10, 0x08, 0x1F, 0xF8, 0x00, 0x18, 0x7F, 0xFE, 0x03, 0x04, 0x1D, 0xB8, 0x61, 0xD0, 0x07, 0x4C, 0x00, 0x00, 0x00, 0x00 }, // U+7BC6 篆
    { 0x00, 0x00, 0x00, 0x00, 0x10, 0x20, 0x30, 0x60, 0x3F, 0x7F, 0x68, 0x50, 0x45, 0x10, 0x3F, 0xFC, 0x20, 0x04, 0x3F, 0xFC, 0x20, 0x00, 0x3F, 0xFE, 0x39, 0x22, 0x79, 0x22, 0x00, 0x00, 0x00, 0x00 }, // U+7BC7 篇
    { 0x00, 0x00, 0x00, 0x00, 0x10, 0x60, 0x10, 0x40, 0x3F, 0xFF, 0x64, 0x88, 0x59, 0x98, 0x0D, 0xA0, 0x7F, 0xFE, 0x07, 0xE0, 0x19, 0x98, 0x62, 0x06, 0x7F, 0xFE, 0x08, 0x20, 0x00, 0x00, 0x00, 0x00 }, // U+7BD3 篓
    { 0x00, 0x00, 0x00, 0x00, 0x10, 0x20, 0x3F, 0x7F, 0x28, 0x88, 0x45, 0x08, 0x7F, 0xFE, 0x10, 0x08, 0x0F, 0xF0, 0x00, 0x00, 0x7F, 0xFE, 0x40, 0x02, 0x47, 0xF2, 0x44, 0x32, 0x00, 0x00, 0x00, 0x00 }, // U+7BD9 篙
    { 0x00, 0x00, 0x10, 0x60, 0x3F, 0x7E, 0x64, 0x90, 0x44, 0x88, 0x3F, 0xFC, 0x30, 0x0C, 0x3F, 0xFC, 0x30, 0x0C, 0x3F, 0xFC, 0x30, 0x0C, 0x3F, 0xFC, 0x06, 0x00, 0x7F, 0xFE, 0x00, 0x00, 0x00, 0x00 }, // U+7BE1 篡
    { 0x00, 0x00, 0x00, 0x00, 0x10, 0x20, 0x3F, 0x7E, 0x68, 0x80, 0xCC, 0x88, 0x04, 0x40, 0x24, 0xFE, 0x24, 0x80, 0x27, 0x30, 0x24, 0x0C, 0x00, 0x00, 0x3F, 0xFC, 0x22, 0x44, 0x00, 0x00, 0x00, 0x00 }, // U+7BEE 篮
    { 0x00, 0x00, 0x00, 0x00, 0x10, 0x20, 0x3F, 0x7E, 0x49, 0x10, 0x01, 0x08, 0x7F, 0xFE, 0x26, 0x64, 0x23, 0xC4, 0x24, 0x24, 0x3F, 0xFC, 0x01, 0x00, 0x7F, 0xFE, 0x64, 0x66, 0x00, 0x00, 0x00, 0x00 }, // U+7BF1 篱
    { 0x00, 0x00, 0x10, 0x60, 0x30, 0x40, 0x3F, 0xFF, 0x68, 0x90, 0xC5, 0x10, 0x23, 0xFC, 0x24, 0x98, 0x00, 0xF0, 0x06, 0x4E, 0xF3, 0xFC, 0x30, 0x40, 0x33, 0xFC, 0x30, 0x40, 0x00, 0x00, 0x00, 0x00 }, // U+7BF7 篷
    { 0x00, 0x00, 0x00, 0x00, 0x10, 0x40, 0x3F, 0x7E, 0x64, 0x90, 0x54, 0x08, 0x10, 0x80, 0xFE, 0xFE, 0x21, 0x00, 0x3D, 0x40, 0x24, 0xFE, 0x24, 0x90, 0x25, 0xFF, 0x44, 0x30, 0x00, 0x00, 0x00, 0x00 }, // U+7C07 簇
    { 0x00, 0x00, 0x00, 0x00, 0x10, 0x40, 0x3F, 0x7E, 0x4C, 0x90, 0x04, 0x88, 0x7F, 0xFE, 0x04, 0x20, 0x7F, 0xFE, 0x01, 0x80, 0x3F, 0xFC, 0x21, 0x84, 0x3F, 0xFC, 0x21, 0x84, 0x00, 0x00, 0x00, 0x00 }, // U+7C27 簧
    { 0x00, 0x00, 0x00, 0x00, 0x10, 0x60, 0x3F, 0xFF, 0x64, 0x94, 0x4F, 0xFE, 0x20, 0x40, 0x17, 0xFC, 0xC4, 0x44, 0x27, 0xFC, 0x04, 0x44, 0x27, 0xFC, 0x24, 0x4C, 0x6F, 0xFF, 0x00, 0x00, 0x00, 0x00 }, // U+7C3F 簿
    { 0x00, 0x00, 0x00, 0x00, 0x10, 0x20, 0x3F, 0x7F, 0x28, 0xC8, 0x44, 0x88, 0x10, 0x88, 0x7D, 0xFE, 0x10, 0x88, 0x7D, 0xFE, 0x10, 0x00, 0x7F, 0xFC, 0x39, 0x04, 0x3D, 0xFC, 0x00, 0x00, 0x00, 0x00 }, // U+7C4D 籍
    { 0x00, 0x00, 0x00, 0x00, 0x01, 0x80, 0x21, 0x84, 0x31, 0x8C, 0x19, 0x98, 0x09, 0x90, 0x01, 0x80, 0xFF, 0xFF, 0x03, 0xC0, 0x07, 0xE0, 0x0D, 0xB0, 0x19, 0x98, 0x71, 0x8E, 0x00, 0x00, 0x00, 0x00 }, // U+7C73 米
    { 0x00, 0x00, 0x00, 0x00, 0x11, 0x88, 0x19, 0x98, 0x09, 0x90, 0x01, 0x80, 0x7F, 0xFE, 0x03, 0x80, 0x0D, 0xE0, 0x30, 0x7C, 0x40, 0x06, 0x7F, 0xFE, 0x01, 0x80, 0x02, 0x40, 0x00, 0x00, 0x00, 0x00 }, // U+7C7B 类
    { 0x00, 0x00, 0x00, 0x00, 0x10, 0xFE, 0x12, 0x06, 0x54, 0x0C, 0x54, 0x10, 0x10, 0x10, 0xFE, 0x10, 0x11, 0xFF, 0x30, 0x10, 0x38, 0x10, 0x7C, 0x10, 0xD2, 0x10, 0x10, 0x10, 0x00, 0x00, 0x00, 0x00 }, // U+7C7D 籽
    { 0x00, 0x00, 0x00, 0x00, 0x10, 0x08, 0x54, 0x48, 0x54, 0x8C, 0x55, 0x86, 0x11, 0x02, 0xFC, 0x00, 0x31, 0xFC, 0x38, 0x44, 0x3C, 0x44, 0x54, 0xC4, 0xD0, 0x84, 0x11, 0x84, 0x00, 0x00, 0x00, 0x00 }, // U+7C89 粉
    { 0x00, 0x00, 0x00, 0x00, 0x10, 0x20, 0x12, 0x20, 0x56, 0x10, 0x55, 0xFE, 0x54, 0x00, 0x10, 0x84, 0xFE, 0x84, 0x10, 0x84, 0x38, 0x8C, 0x3C, 0xC8, 0x52, 0x48, 0xD0, 0x48, 0x00, 0x00, 0x00, 0x00 }, // U+7C92 粒
    { 0x00, 0x00, 0x00, 0x00, 0x10, 0x20, 0x56, 0x20, 0x55, 0xFE, 0x55, 0x02, 0x11, 0x02, 0xFF, 0x02, 0x11, 0x02, 0x39, 0xFE, 0x35, 0x02, 0x51, 0x02, 0xD1, 0x02, 0x11, 0x02, 0x00, 0x00, 0x00, 0x00 }, // U+7C95 粕
    { 0x00, 0x00, 0x00, 0x00, 0x10, 0x00, 0x92, 0xFC, 0x56, 0x84, 0x54, 0x84, 0x54, 0x84, 0x10, 0xFC, 0xFE, 0x84, 0x10, 0x84, 0x38, 0x84, 0x7C, 0xFC, 0xD2, 0x84, 0x10, 0x84, 0x00, 0x00, 0x00, 0x00 }, // U+7C97 粗
    { 0x00, 0x00, 0x00, 0x00, 0x10, 0x20, 0x12, 0x20, 0x56, 0x20, 0x54, 0x3F, 0x10, 0x30, 0xFE, 0x20, 0x10, 0x20, 0x30, 0x20, 0x38, 0xFE, 0x7C, 0x86, 0x52, 0x86, 0xD0, 0x86, 0x00, 0x00, 0x00, 0x00 }, // U+7C98 粘
    { 0x00, 0x00, 0x00, 0x00, 0x7F, 0xFE, 0x06, 0x60, 0x3F, 0xFC, 0x26, 0x64, 0x26, 0x64, 0x3F, 0xFC, 0x21, 0x84, 0x19, 0x98, 0x05, 0xA0, 0x7F, 0xFE, 0x07, 0xC0, 0x00, 0x00, 0x00, 0x00, 0x00, 0x00 }, // U+7C9F 粟
    { 0x00, 0x00, 0x00, 0x00, 0x01, 0x00, 0x01, 0x00, 0x3F, 0xFC, 0x29, 0x94, 0x25, 0xA4, 0x2F, 0xF4, 0x23, 0xC4, 0x2D, 0xB4, 0x21, 0x84, 0x7F, 0xFE, 0x10, 0x00, 0x1F, 0xF8, 0x00, 0x00, 0x00, 0x00 }, // U+7CA4 粤
    { 0x00, 0x00, 0x00, 0x00, 0x78, 0x9E, 0x1C, 0x82, 0x1A, 0xA2, 0x1A, 0xC2, 0x7A, 0xCE, 0x58, 0x8A, 0x47, 0xF0, 0x41, 0x90, 0x73, 0xDE, 0x13, 0xE2, 0x14, 0xA2, 0x14, 0x82, 0x00, 0x00, 0x00, 0x00 }, // U+7CA5 粥
    { 0x00, 0x00, 0x00, 0x00, 0x11, 0x88, 0x19, 0x98, 0x7F, 0xFE, 0x03, 0xC0, 0x0D, 0xB0, 0x31, 0x9C, 0x45, 0xA2, 0x04, 0x20, 0x7F, 0xFE, 0x04, 0x20, 0x04, 0x20, 0xFF, 0xFF, 0x00, 0x00, 0x00, 0x00 }, // U+7CAA 粪
    { 0x00, 0x00, 0x00, 0x00, 0x10, 0x20, 0x14, 0x20, 0x55, 0xFE, 0x51, 0x06, 0x11, 0xFE, 0x7D, 0x06, 0x31, 0x06, 0x39, 0xFE, 0x75, 0x66, 0x51, 0x22, 0xD1, 0x1C, 0x11, 0x18, 0x00, 0x00, 0x00, 0x00 }, // U+7CAE 粮
    { 0x00, 0x00, 0x00, 0x00, 0x33, 0xFC, 0x08, 0x4C, 0x42, 0x4C, 0x22, 0x8E, 0x08, 0x8A, 0x31, 0x88, 0x43, 0x78, 0x14, 0x08, 0x09, 0x90, 0xFF, 0xFF, 0x07, 0xC0, 0x0D, 0xB0, 0x00, 0x00, 0x00, 0x00 }, // U+7CB1 粱
    { 0x00, 0x00, 0x00, 0x00, 0x33, 0xFF, 0xB4, 0x20, 0x74, 0x20, 0x7B, 0xFE, 0x32, 0x22, 0xFE, 0x22, 0x33, 0xFE, 0x32, 0x22, 0x7A, 0x22, 0x7B, 0xFE, 0xB5, 0x22, 0x30, 0xC0, 0x00, 0x00, 0x00, 0x00 }, // U+7CB3 粳
    { 0x00, 0x00, 0x00, 0x00, 0x10, 0x20, 0x14, 0x20, 0x55, 0xFE, 0x54, 0x00, 0x58, 0x84, 0x10, 0x8C, 0xFD, 0x56, 0x32, 0x72, 0x38, 0x00, 0x34, 0x20, 0x53, 0xFF, 0x90, 0x20, 0x00, 0x00, 0x00, 0x00 }, // U+7CB9 粹
    { 0x00, 0x00, 0x00, 0x00, 0x10, 0x20, 0x17, 0xFE, 0x54, 0x20, 0x59, 0xFE, 0x10, 0x20, 0xFF, 0xFF, 0x30, 0x00, 0x31, 0xFE, 0x39, 0x02, 0x75, 0xFE, 0x55, 0x02, 0x91, 0xFE, 0x00, 0x00, 0x00, 0x00 }, // U+7CBE 精
    { 0x00, 0x00, 0x00, 0x00, 0x21, 0x00, 0x29, 0x1E, 0x69, 0x12, 0x7F, 0xD2, 0x21, 0x1E, 0xF9, 0x12, 0x21, 0x12, 0x3F, 0xD2, 0x6E, 0xFE, 0x62, 0xF2, 0xA2, 0xE2, 0x23, 0xE2, 0x00, 0x00, 0x00, 0x00 }, // U+7CCA 糊
    { 0x00, 0x00, 0x00, 0x00, 0x10, 0x84, 0x10, 0x88, 0x14, 0x48, 0x57, 0xFE, 0x58, 0x20, 0x10, 0x20, 0xFD, 0xFE, 0x30, 0x20, 0x38, 0x20, 0x33, 0xFE, 0x50, 0x00, 0xD1, 0x54, 0x00, 0x00, 0x00, 0x00 }, // U+7CD5 糕
    { 0x00, 0x00, 0x10, 0x20, 0x10, 0x30, 0x97, 0xFF, 0x56, 0x10, 0x5A, 0xFE, 0x12, 0x12, 0xFF, 0xFF, 0x32, 0x12, 0x32, 0xFE, 0x3A, 0x10, 0x72, 0x00, 0x52, 0xFE, 0x92, 0x82, 0x00, 0x00, 0x00, 0x00 }, // U+7CD6 糖
    { 0x00, 0x00, 0x00, 0x00, 0x20, 0x10, 0xA6, 0x50, 0x6A, 0x7E, 0x6A, 0x90, 0x20, 0x90, 0xFC, 0xFF, 0x20, 0x00, 0x26, 0x7E, 0x7A, 0x42, 0x6A, 0x42, 0x62, 0x42, 0xA2, 0x7E, 0x00, 0x00, 0x00, 0x00 }, // U+7CD9 糙
    { 0x00, 0x00, 0x00, 0x00, 0x00, 0x80, 0x00, 0x80, 0x3F, 0xFF, 0x22, 0x08, 0x3F, 0xFE, 0x26, 0x18, 0x2B, 0x2C, 0x32, 0x4A, 0x28, 0x0C, 0x24, 0xD0, 0x5F, 0xFE, 0x43, 0xF0, 0x00, 0x00, 0x00, 0x00 }, // U+7CDC 糜
    { 0x00, 0x00, 0x00, 0x00, 0x20, 0x50, 0x27, 0xFF, 0xA8, 0x50, 0x6B, 0xFE, 0x6A, 0x52, 0x23, 0xFE, 0xFA, 0x52, 0x23, 0xFE, 0x3A, 0x00, 0x6D, 0xFC, 0x61, 0x04, 0xA1, 0xFC, 0x00, 0x00, 0x00, 0x00 }, // U+7CDF 糟
    { 0x00, 0x00, 0x00, 0x00, 0x10, 0x20, 0x10, 0x20, 0x17, 0xFF, 0x56, 0x10, 0x7B, 0xFE, 0x1A, 0x12, 0xFF, 0xFF, 0x32, 0x12, 0x3B, 0xFE, 0x7A, 0x92, 0xD2, 0x9C, 0x16, 0xFC, 0x00, 0x00, 0x00, 0x00 }, // U+7CE0 糠
    { 0x00, 0x00, 0x00, 0x00, 0x23, 0xFE, 0x28, 0x20, 0x6B, 0xFE, 0x7A, 0x22, 0x23, 0xFE, 0xF8, 0x00, 0x20, 0x00, 0x3B, 0xFF, 0x78, 0x40, 0x63, 0xFE, 0xA2, 0x52, 0x22, 0x52, 0x00, 0x00, 0x00, 0x00 }, // U+7CEF 糯
    { 0x00, 0x00, 0x00, 0x00, 0x00, 0x3C, 0x7F, 0xE0, 0x03, 0x00, 0x0C, 0x00, 0x3F, 0xF8, 0x3B, 0xF0, 0x07, 0x80, 0x3C, 0x10, 0x3F, 0xFC, 0x00, 0x82, 0x08, 0x90, 0x30, 0x98, 0x00, 0x00, 0x00, 0x00 }, // U+7CFB 系
    { 0x00, 0x00, 0x00, 0x00, 0x01, 0x00, 0x01, 0x80, 0x7F, 0xFE, 0x0C, 0x30, 0x07, 0xC0, 0xFF, 0x7F, 0x0C, 0x10, 0x1F, 0xE0, 0x03, 0x90, 0x1C, 0x08, 0x3F, 0xFC, 0x08, 0x92, 0x00, 0x00, 0x00, 0x00 }, // U+7D0A 紊
    { 0x00, 0x00, 0x01, 0x80, 0x01, 0x80, 0x7F, 0xFE, 0x01, 0x80, 0x3F, 0xFC, 0x01, 0x80, 0xFF, 0xFF, 0x0C, 0x30, 0x3F, 0xE0, 0x03, 0x10, 0x1C, 0xF8, 0x3F, 0x84, 0x00, 0x82, 0x00, 0x00, 0x00, 0x00 }, // U+7D20 素
    { 0x00, 0x00, 0x01, 0x80, 0x01, 0x80, 0x7F, 0xFE, 0x01, 0x80, 0x01, 0x80, 0x7F, 0xFE, 0x42, 0x02, 0x4C, 0x22, 0x1F, 0xC0, 0x03, 0x10, 0x0E, 0xFC, 0x3F, 0x80, 0x00, 0x80, 0x00, 0x00, 0x00, 0x00 }, // U+7D22 索
    { 0x00, 0x00, 0x00, 0x00, 0x0C, 0x00, 0x6D, 0xFC, 0x6C, 0x8C, 0x6C, 0x70, 0x6C, 0xF8, 0x0D, 0x1E, 0x0C, 0x30, 0x1F, 0xC0, 0x03, 0x10, 0x0C, 0xFC, 0x3F, 0x82, 0x08, 0x90, 0x00, 0x00, 0x00, 0x00 }, // U+7D27 紧
    { 0x00, 0x00, 0x04, 0x40, 0x24, 0x44, 0x27, 0x58, 0x24, 0x70, 0x24, 0x40, 0x7F, 0x42, 0x72, 0x7E, 0x0C, 0x30, 0x1F, 0xE0, 0x03, 0x10, 0x1E, 0xFC, 0x3F, 0x82, 0x00, 0x80, 0x00, 0x00, 0x00, 0x00 }, // U+7D2B 紫
    { 0x00, 0x00, 0x00, 0x00, 0x3F, 0xFC, 0x21, 0x84, 0x3F, 0xFC, 0x21, 0x84, 0x3F, 0xFC, 0x06, 0x10, 0x18, 0x60, 0x1F, 0x80, 0x02, 0x10, 0x1C, 0x38, 0x3F, 0x84, 0x00, 0x00, 0x00, 0x00, 0x00, 0x00 }, // U+7D2F 累
    { 0x00, 0x00, 0x00, 0x00, 0x10, 0x00, 0x7F, 0x7E, 0x23, 0x42, 0x32, 0x42, 0x0E, 0x42, 0x39, 0x7E, 0x63, 0x40, 0x0C, 0x30, 0x1F, 0xD0, 0x06, 0x08, 0x3F, 0xEC, 0x08, 0x92, 0x00, 0x00, 0x00, 0x00 }, // U+7D6E 絮
    { 0x00, 0x00, 0x00, 0x00, 0x20, 0x20, 0x3F, 0xBF, 0x40, 0x64, 0x3F, 0x24, 0x29, 0x1C, 0xFF, 0x98, 0x09, 0x3C, 0x7F, 0x42, 0x04, 0x30, 0x3F, 0xD0, 0x06, 0x18, 0x3F, 0xFC, 0x00, 0x00, 0x00, 0x00 }, // U+7E41 繁
    { 0x00, 0x00, 0x00, 0x00, 0x10, 0x60, 0x3F, 0xFE, 0x64, 0x88, 0x7F, 0xFC, 0x30, 0x0C, 0x3F, 0xFC, 0x30, 0x0C, 0x7F, 0xFE, 0x18, 0x70, 0x27, 0xBC, 0x46, 0x1A, 0x1F, 0x88, 0x00, 0x00, 0x00, 0x00 }, // U+7E82 纂
    { 0x00, 0x00, 0x00, 0x00, 0x10, 0x04, 0x30, 0x04, 0x24, 0x84, 0x64, 0x84, 0x4C, 0x84, 0xF8, 0x84, 0x10, 0x84, 0x30, 0x84, 0x6E, 0x9C, 0x71, 0xF4, 0x01, 0x84, 0x06, 0x04, 0x00, 0x00, 0x00, 0x00 }, // U+7EA0 纠
    { 0x00, 0x00, 0x18, 0x00, 0x10, 0x00, 0x33, 0xFE, 0x20, 0x30, 0x64, 0x20, 0x4C, 0x20, 0xF8, 0x20, 0x10, 0x20, 0x20, 0x20, 0x7C, 0x20, 0x60, 0x20, 0x00, 0x20, 0x0C, 0x20, 0x00, 0x00, 0x00, 0x00 }, // U+7EA2 红
    { 0x00, 0x00, 0x10, 0x00, 0x10, 0x0E, 0x31, 0xF8, 0x20, 0x30, 0x60, 0x30, 0x44, 0x30, 0x7C, 0x30, 0x18, 0x30, 0x33, 0xFF, 0x20, 0x30, 0x7C, 0x30, 0x60, 0x30, 0x00, 0x30, 0x00, 0x00, 0x00, 0x00 }, // U+7EA4 纤
    { 0x00, 0x00, 0x10, 0xC0, 0x10, 0xC0, 0x30, 0x80, 0x25, 0xFE, 0x65, 0x02, 0x4B, 0x02, 0xFA, 0x02, 0x10, 0x82, 0x20, 0x42, 0x6C, 0x62, 0x70, 0x22, 0x00, 0x02, 0x0E, 0x06, 0x00, 0x00, 0x00, 0x00 }, // U+7EA6 约
    { 0x00, 0x00, 0x00, 0x00, 0x10, 0x00, 0x13, 0xFC, 0x21, 0x08, 0x65, 0x18, 0x49, 0x10, 0xF1, 0x9E, 0x31, 0x84, 0x61, 0xC4, 0x79, 0x4C, 0x03, 0x38, 0x3A, 0x30, 0x66, 0x78, 0x00, 0x00, 0x00, 0x00 }, // U+7EA7 级
    { 0x00, 0x00, 0x00, 0x00, 0x10, 0x00, 0x11, 0xFC, 0x20, 0x04, 0x20, 0x04, 0x44, 0x04, 0x7C, 0x04, 0x19, 0xFC, 0x31, 0x04, 0x61, 0x00, 0x7D, 0x00, 0x01, 0x01, 0x01, 0x03, 0x00, 0x00, 0x00, 0x00 }, // U+7EAA 纪
    { 0x00, 0x00, 0x00, 0x00, 0x11, 0xFE, 0x20, 0x42, 0x20, 0x42, 0x48, 0x42, 0x49, 0x42, 0xF2, 0x42, 0x22, 0x42, 0x62, 0x42, 0x78, 0x42, 0x00, 0x82, 0x00, 0x82, 0x3D, 0x06, 0x00, 0x00, 0x00, 0x00 }, // U+7EAB 纫
    { 0x00, 0x00, 0x00, 0x00, 0x10, 0x60, 0x10, 0x60, 0x23, 0xFE, 0x20, 0x60, 0x48, 0x60, 0x4B, 0xFE, 0xF8, 0x60, 0x10, 0x60, 0x23, 0xFE, 0x60, 0x62, 0x78, 0x62, 0x60, 0x62, 0x00, 0x00, 0x00, 0x00 }, // U+7EAC 纬
    { 0x00, 0x00, 0x00, 0x00, 0x10, 0x20, 0x10, 0x20, 0x23, 0xFE, 0x68, 0x20, 0x4A, 0x26, 0xFA, 0x26, 0x12, 0x26, 0x22, 0x26, 0x7F, 0xFE, 0x70, 0x20, 0x00, 0x21, 0x3C, 0x23, 0x00, 0x00, 0x00, 0x00 }, // U+7EAF 纯
    { 0x00, 0x00, 0x00, 0x00, 0x10, 0x20, 0x10, 0x20, 0x20, 0xA4, 0x25, 0x24, 0x49, 0x22, 0xFB, 0x22, 0x12, 0x21, 0x20, 0x20, 0x7C, 0x22, 0x60, 0x04, 0x00, 0x18, 0x3C, 0x30, 0x00, 0x00, 0x00, 0x00 }, // U+7EB1 纱
    { 0x00, 0x00, 0x00, 0x00, 0x10, 0x00, 0x13, 0xFE, 0x22, 0x02, 0x6A, 0x0A, 0x4A, 0x92, 0xF2, 0xD2, 0x32, 0x72, 0x62, 0x22, 0x7A, 0x72, 0x02, 0xD2, 0x02, 0x8A, 0x0E, 0x02, 0x00, 0x00, 0x00, 0x00 }, // U+7EB2 纲
    { 0x00, 0x00, 0x10, 0x20, 0x10, 0x20, 0x20, 0x20, 0x23, 0xFE, 0x4A, 0x22, 0x4A, 0x22, 0xF2, 0x22, 0x02, 0x32, 0x22, 0x5A, 0x7A, 0xCA, 0x73, 0x86, 0x42, 0x02, 0x0E, 0x02, 0x00, 0x00, 0x00, 0x00 }, // U+7EB3 纳
    { 0x00, 0x00, 0x00, 0x00, 0x11, 0x08, 0x31, 0x08, 0x21, 0x08, 0x69, 0x08, 0x49, 0x18, 0xF1, 0x18, 0x21, 0x18, 0x63, 0x98, 0x7B, 0xD8, 0x02, 0x74, 0x1E, 0x34, 0x64, 0x66, 0x00, 0x00, 0x00, 0x00 }, // U+7EB5 纵
    { 0x00, 0x00, 0x00, 0x00, 0x10, 0x20, 0x10, 0x70, 0x20, 0xD8, 0x25, 0x8C, 0x4F, 0x06, 0xFA, 0x02, 0x11, 0x04, 0x21, 0x18, 0x61, 0xF0, 0x7D, 0xC0, 0x01, 0x80, 0x01, 0x02, 0x00, 0x00, 0x00, 0x00 }, // U+7EB6 纶
    { 0x00, 0x00, 0x00, 0x00, 0x10, 0x10, 0x10, 0x90, 0x20, 0x98, 0x2D, 0x08, 0x49, 0x0C, 0x7A, 0x06, 0x16, 0x03, 0x23, 0xFC, 0x60, 0x84, 0x78, 0x84, 0x00, 0x84, 0x0D, 0x8C, 0x00, 0x00, 0x00, 0x00 }, // U+7EB7 纷
    { 0x00, 0x00, 0x00, 0x00, 0x10, 0x0E, 0x23, 0xFC, 0x23, 0x30, 0x4B, 0x30, 0x4B, 0x10, 0xF3, 0x10, 0x23, 0xFF, 0x63, 0x10, 0x7B, 0x10, 0x03, 0x10, 0x0F, 0x11, 0x73, 0x7B, 0x00, 0x00, 0x00, 0x00 }, // U+7EB8 纸
    { 0x00, 0x00, 0x00, 0x00, 0x10, 0x20, 0x10, 0x20, 0x20, 0x30, 0x23, 0xFE, 0x4D, 0x04, 0x79, 0x84, 0x10, 0x8C, 0x20, 0x88, 0x7C, 0x58, 0x70, 0x70, 0x0C, 0x70, 0x78, 0xD8, 0x00, 0x00, 0x00, 0x00 }, // U+7EB9 纹
    { 0x00, 0x00, 0x00, 0x00, 0x10, 0x40, 0x10, 0x20, 0x20, 0x20, 0x23, 0xFF, 0x40, 0x80, 0x48, 0x80, 0xF8, 0xFC, 0x10, 0x84, 0x20, 0x84, 0x78, 0x84, 0x71, 0x84, 0x49, 0x04, 0x00, 0x00, 0x00, 0x00 }, // U+7EBA 纺
    { 0x00, 0x00, 0x00, 0x00, 0x10, 0x00, 0x33, 0xFE, 0x20, 0x86, 0x64, 0x84, 0x4C, 0x84, 0xF8, 0x84, 0x10, 0x84, 0x33, 0xFC, 0x20, 0x84, 0x7C, 0x84, 0x60, 0x84, 0x3D, 0x84, 0x00, 0x00, 0x00, 0x00 }, // U+7EBD 纽
    { 0x00, 0x00, 0x00, 0x00, 0x10, 0x4C, 0x10, 0x40, 0x20, 0xFE, 0x6B, 0xE0, 0x48, 0x40, 0xF0, 0x40, 0x00, 0x7F, 0x23, 0xE0, 0x38, 0x40, 0x70, 0x64, 0x40, 0x3C, 0x3C, 0x31, 0x00, 0x00, 0x00, 0x00 }, // U+7EBF 线
    { 0x00, 0x00, 0x00, 0x00, 0x10, 0x40, 0x10, 0x40, 0x23, 0xFE, 0x20, 0x80, 0x44, 0x80, 0x4B, 0xF0, 0xF9, 0x10, 0x13, 0x10, 0x23, 0xFE, 0x78, 0x10, 0x70, 0x94, 0x41, 0x96, 0x00, 0x00, 0x00, 0x00 }, // U+7EC3 练
    { 0x00, 0x00, 0x00, 0x00, 0x10, 0x00, 0x31, 0xFC, 0x25, 0x04, 0x6D, 0x04, 0x49, 0x04, 0xF1, 0xFC, 0x11, 0x04, 0x21, 0x04, 0x7D, 0x04, 0x61, 0xFC, 0x01, 0x04, 0x3D, 0x04, 0x00, 0x00, 0x00, 0x00 }, // U+7EC4 组
    { 0x00, 0x00, 0x00, 0x00, 0x10, 0x20, 0x10, 0x20, 0x23, 0xFE, 0x6E, 0x22, 0x4A, 0x22, 0xFB, 0xFE, 0x12, 0x22, 0x22, 0x22, 0x6A, 0x22, 0x7B, 0xFE, 0x42, 0x22, 0x00, 0x20, 0x00, 0x00, 0x00, 0x00 }, // U+7EC5 绅
    { 0x00, 0x00, 0x00, 0x00, 0x10, 0x00, 0x13, 0xFE, 0x22, 0x22, 0x6A, 0x22, 0x4A, 0x22, 0xF2, 0x22, 0x13, 0xFE, 0x22, 0x22, 0x7A, 0x22, 0x62, 0x22, 0x02, 0x22, 0x3E, 0x22, 0x00, 0x00, 0x00, 0x00 }, // U+7EC6 细
    { 0x00, 0x00, 0x00, 0x00, 0x10, 0x00, 0x13, 0xFE, 0x23, 0x06, 0x6F, 0x02, 0x4B, 0x02, 0xF3, 0x02, 0x13, 0x02, 0x23, 0xFE, 0x38, 0x06, 0x70, 0x00, 0x40, 0x08, 0x18, 0x8C, 0x00, 0x00, 0x00, 0x00 }, // U+7EC7 织
    { 0x00, 0x00, 0x00, 0x00, 0x10, 0x80, 0x30, 0x80, 0x25, 0xFE, 0x69, 0x84, 0x4A, 0xCC, 0xF2, 0x78, 0x00, 0x70, 0x21, 0xCE, 0x7E, 0xC3, 0x60, 0x38, 0x00, 0x08, 0x3D, 0x80, 0x00, 0x00, 0x00, 0x00 }, // U+7EC8 终
    { 0x00, 0x00, 0x00, 0x00, 0x10, 0x20, 0x13, 0x22, 0x21, 0x26, 0x68, 0xAC, 0x48, 0x20, 0xF3, 0xFE, 0x10, 0x20, 0x20, 0x20, 0x78, 0x20, 0x73, 0xFF, 0x40, 0x20, 0x3C, 0x20, 0x00, 0x00, 0x00, 0x00 }, // U+7ECA 绊
    { 0x00, 0x00, 0x00, 0x00, 0x10, 0x00, 0x33, 0xFE, 0x20, 0x42, 0x64, 0x42, 0x48, 0xC2, 0xF8, 0x86, 0x11, 0x1C, 0x22, 0x00, 0x3D, 0xFE, 0x71, 0x06, 0x41, 0x06, 0x3D, 0x06, 0x00, 0x00, 0x00, 0x00 }, // U+7ECD 绍
    { 0x00, 0x00, 0x00, 0x00, 0x13, 0xFE, 0x10, 0x84, 0x20, 0xCC, 0x68, 0x70, 0x48, 0xFC, 0xF3, 0x26, 0x10, 0x20, 0x21, 0xFE, 0x78, 0x20, 0x70, 0x20, 0x03, 0xFF, 0x3C, 0x20, 0x00, 0x00, 0x00, 0x00 }, // U+7ECE 绎
    { 0x00, 0x00, 0x00, 0x00, 0x10, 0x00, 0x13, 0xFC, 0x20, 0x0C, 0x64, 0x10, 0x48, 0x70, 0xF9, 0xCC, 0x16, 0x02, 0x20, 0x00, 0x63, 0xFC, 0x78, 0x20, 0x60, 0x20, 0x0C, 0x20, 0x00, 0x00, 0x00, 0x00 }, // U+7ECF 经
    { 0x00, 0x00, 0x00, 0x00, 0x11, 0x00, 0x21, 0x3E, 0x21, 0x32, 0x47, 0xF2, 0x59, 0x34, 0xF1, 0x34, 0x37, 0xF4, 0x21, 0x32, 0x71, 0x32, 0x47, 0xF3, 0x01, 0x33, 0x3A, 0x3E, 0x00, 0x00, 0x00, 0x00 }, // U+7ED1 绑
    { 0x00, 0x00, 0x00, 0x00, 0x10, 0x14, 0x20, 0x12, 0x20, 0x10, 0x4F, 0xFF, 0x48, 0x10, 0xF1, 0x10, 0x31, 0x12, 0x21, 0x16, 0x7F, 0xD4, 0x41, 0x18, 0x01, 0x19, 0x3B, 0x39, 0x00, 0x00, 0x00, 0x00 }, // U+7ED2 绒
    { 0x00, 0x00, 0x00, 0x00, 0x10, 0x20, 0x10, 0x20, 0x23, 0xFF, 0x60, 0x20, 0x48, 0x20, 0xFB, 0xFE, 0x10, 0x00, 0x20, 0x00, 0x7D, 0xFE, 0x71, 0x02, 0x41, 0x02, 0x3D, 0x02, 0x00, 0x00, 0x00, 0x00 }, // U+7ED3 结
    { 0x00, 0x00, 0x00, 0x00, 0x10, 0x80, 0x30, 0xFE, 0x23, 0xE0, 0x68, 0x44, 0x48, 0x78, 0xF0, 0xF2, 0x17, 0x0E, 0x20, 0x00, 0x7F, 0xFE, 0x61, 0x90, 0x01, 0x92, 0x39, 0x12, 0x00, 0x00, 0x00, 0x00 }, // U+7ED5 绕
    { 0x00, 0x00, 0x00, 0x00, 0x10, 0x60, 0x20, 0x60, 0x20, 0xD0, 0x48, 0x98, 0x49, 0x0C, 0xF2, 0x06, 0x15, 0xFA, 0x20, 0x00, 0x60, 0x00, 0x7B, 0xFE, 0x00, 0xC0, 0x00, 0x90, 0x00, 0x00, 0x00, 0x00 }, // U+7ED8 绘
    { 0x00, 0x00, 0x00, 0x00, 0x10, 0x60, 0x30, 0x70, 0x20, 0x90, 0x69, 0x88, 0x4F, 0x06, 0xFF, 0xFE, 0x30, 0x00, 0x20, 0x00, 0x63, 0xFC, 0x7B, 0x04, 0x03, 0x04, 0x03, 0x04, 0x00, 0x00, 0x00, 0x00 }, // U+7ED9 给
    { 0x00, 0x00, 0x00, 0x00, 0x10, 0x80, 0x21, 0x80, 0x21, 0xFE, 0x4B, 0x02, 0x4E, 0x02, 0xF3, 0xF2, 0x23, 0x12, 0x63, 0xF2, 0x7B, 0x12, 0x03, 0x12, 0x03, 0xF2, 0x3B, 0x02, 0x00, 0x00, 0x00, 0x00 }, // U+7EDA 绚
    { 0x00, 0x00, 0x00, 0x00, 0x10, 0x80, 0x20, 0xFE, 0x25, 0x84, 0x4A, 0xCC, 0x7A, 0x70, 0x10, 0x70, 0x21, 0xCE, 0x62, 0x02, 0x79, 0xFE, 0x01, 0x06, 0x3D, 0x06, 0x61, 0x06, 0x00, 0x00, 0x00, 0x00 }, // U+7EDC 络
    { 0x00, 0x00, 0x00, 0x00, 0x10, 0xC0, 0x20, 0x80, 0x21, 0xF8, 0x49, 0x18, 0x4A, 0x10, 0xF7, 0xFE, 0x22, 0x22, 0x22, 0x22, 0x7B, 0xFE, 0x62, 0x02, 0x02, 0x00, 0x3A, 0x01, 0x00, 0x00, 0x00, 0x00 }, // U+7EDD 绝
    { 0x00, 0x00, 0x10, 0x20, 0x10, 0x20, 0x20, 0x20, 0x23, 0xFE, 0x48, 0x00, 0x48, 0x88, 0xF9, 0x8E, 0x13, 0x8A, 0x20, 0x88, 0x20, 0xD8, 0x78, 0x70, 0x60, 0x60, 0x3C, 0xF0, 0x00, 0x00, 0x00, 0x00 }, // U+7EDE 绞
    { 0x00, 0x00, 0x00, 0x00, 0x10, 0x20, 0x30, 0x20, 0x27, 0xFF, 0x60, 0xC0, 0x49, 0x88, 0xFB, 0x0C, 0x13, 0xFE, 0x20, 0x92, 0x38, 0x90, 0x70, 0x90, 0x49, 0x91, 0x71, 0x13, 0x00, 0x00, 0x00, 0x00 }, // U+7EDF 统
    { 0x00, 0x00, 0x00, 0x00, 0x11, 0xFC, 0x11, 0x04, 0x21, 0x04, 0x69, 0xFC, 0x49, 0x04, 0xF0, 0x00, 0x13, 0xFE, 0x22, 0x02, 0x7B, 0xFE, 0x72, 0x02, 0x03, 0xFE, 0x7E, 0x02, 0x00, 0x00, 0x00, 0x00 }, // U+7EE2 绢
    { 0x00, 0x00, 0x00, 0x00, 0x10, 0x0C, 0x23, 0xFC, 0x28, 0x20, 0x4F, 0xFE, 0x50, 0xF0, 0xF1, 0xA8, 0x23, 0x24, 0x24, 0x23, 0x7B, 0xF8, 0x41, 0x88, 0x01, 0x0E, 0x39, 0x02, 0x00, 0x00, 0x00, 0x00 }, // U+7EE3 绣
    { 0x00, 0x00, 0x00, 0x00, 0x10, 0x1E, 0x23, 0xFC, 0x20, 0x42, 0x4A, 0x66, 0x4B, 0x24, 0xF1, 0xE8, 0x10, 0x80, 0x27, 0xFF, 0x79, 0x08, 0x61, 0x08, 0x01, 0xD0, 0x38, 0x70, 0x00, 0x00, 0x00, 0x00 }, // U+7EE5 绥
    { 0x00, 0x00, 0x00, 0x00, 0x10, 0x80, 0x21, 0xFC, 0x23, 0x84, 0x4A, 0x58, 0x48, 0x70, 0xF1, 0xFC, 0x27, 0x07, 0x20, 0x20, 0x7B, 0xFF, 0x40, 0x20, 0x01, 0x24, 0x3B, 0x24, 0x00, 0x00, 0x00, 0x00 }, // U+7EE6 绦
    { 0x00, 0x00, 0x00, 0x00, 0x10, 0x10, 0x22, 0x92, 0x22, 0x94, 0x4A, 0x54, 0x4A, 0x50, 0xF2, 0x10, 0x23, 0xFE, 0x22, 0x30, 0x7A, 0x38, 0x02, 0x54, 0x02, 0x92, 0x3A, 0x10, 0x00, 0x00, 0x00, 0x00 }, // U+7EE7 继
    { 0x00, 0x00, 0x00, 0x00, 0x10, 0x20, 0x23, 0xFE, 0x24, 0x20, 0x49, 0xFC, 0xF8, 0x20, 0x17, 0xFF, 0x30, 0x00, 0x21, 0xFC, 0x79, 0x04, 0x71, 0x04, 0x41, 0x24, 0x1C, 0x64, 0x00, 0x00, 0x00, 0x00 }, // U+7EE9 绩
    { 0x00, 0x00, 0x00, 0x00, 0x10, 0x42, 0x30, 0x44, 0x23, 0xFC, 0x44, 0x48, 0x48, 0x58, 0xFB, 0xFE, 0x10, 0x40, 0x20, 0xFC, 0x7B, 0x04, 0x65, 0xFC, 0x01, 0x04, 0x1D, 0x04, 0x00, 0x00, 0x00, 0x00 }, // U+7EEA 绪
    { 0x00, 0x00, 0x00, 0x00, 0x10, 0x20, 0x23, 0xFE, 0x68, 0x20, 0x4B, 0xFF, 0xF0, 0x02, 0x11, 0x12, 0x20, 0xD4, 0x42, 0x10, 0x79, 0x30, 0x03, 0xFF, 0x00, 0x30, 0x38, 0x48, 0x00, 0x00, 0x00, 0x00 }, // U+7EED 续
    { 0x00, 0x00, 0x00, 0x00, 0x10, 0x20, 0x30, 0x3F, 0x20, 0x20, 0x6F, 0xFE, 0x4B, 0x06, 0xF3, 0x02, 0x13, 0xFE, 0x23, 0x02, 0x63, 0x02, 0x7F, 0xFE, 0x00, 0x20, 0x07, 0xFF, 0x00, 0x00, 0x00, 0x00 }, // U+7EF0 绰
    { 0x00, 0x00, 0x00, 0x00, 0x13, 0xFC, 0x33, 0x04, 0x23, 0x04, 0x6B, 0xFC, 0x48, 0x20, 0xF3, 0xFE, 0x12, 0x26, 0x22, 0x26, 0x63, 0xFE, 0x7A, 0x26, 0x02, 0x26, 0x03, 0xFE, 0x00, 0x00, 0x00, 0x00 }, // U+7EF3 绳
    { 0x00, 0x00, 0x00, 0x00, 0x10, 0x90, 0x31, 0x90, 0x21, 0x10, 0x4B, 0xFE, 0x4B, 0x10, 0xF7, 0x10, 0x37, 0xFE, 0x23, 0x10, 0x43, 0x10, 0x7B, 0xFE, 0x43, 0x10, 0x03, 0x10, 0x00, 0x00, 0x00, 0x00 }, // U+7EF4 维
    { 0x00, 0x00, 0x00, 0x00, 0x10, 0x20, 0x10, 0x60, 0x23, 0xFE, 0x67, 0x06, 0x4B, 0xFE, 0xFB, 0x06, 0x13, 0xFE, 0x23, 0x26, 0x78, 0x20, 0x63, 0xFE, 0x02, 0x22, 0x3A, 0x22, 0x00, 0x00, 0x00, 0x00 }, // U+7EF5 绵
    { 0x00, 0x00, 0x00, 0x00, 0x17, 0x9E, 0x24, 0x92, 0x24, 0x92, 0x4C, 0x92, 0x57, 0x9E, 0xF4, 0x92, 0x24, 0x92, 0x44, 0x92, 0x77, 0x9E, 0x04, 0x92, 0x04, 0x92, 0x3C, 0xA2, 0x00, 0x00, 0x00, 0x00 }, // U+7EF7 绷
    { 0x00, 0x00, 0x00, 0x00, 0x13, 0xFE, 0x22, 0x22, 0x22, 0x22, 0x4A, 0xFA, 0x4A, 0x22, 0xF2, 0x22, 0x23, 0xFE, 0x62, 0x02, 0x7A, 0xFA, 0x02, 0x8A, 0x02, 0x8A, 0x3C, 0xFA, 0x00, 0x00, 0x00, 0x00 }, // U+7EF8 绸
    { 0x00, 0x00, 0x00, 0x00, 0x10, 0x20, 0x10, 0x20, 0x23, 0xFE, 0x62, 0x02, 0x4C, 0x00, 0xF9, 0xFE, 0x10, 0x00, 0x23, 0xFF, 0x78, 0x30, 0x61, 0x34, 0x01, 0x36, 0x3B, 0x32, 0x00, 0x00, 0x00, 0x00 }, // U+7EFC 综
    { 0x00, 0x00, 0x00, 0x00, 0x10, 0x20, 0x20, 0x20, 0x23, 0xFE, 0x4B, 0x02, 0xF8, 0x00, 0x33, 0xFF, 0x20, 0x20, 0x61, 0x20, 0x79, 0x20, 0x63, 0x3E, 0x03, 0x20, 0x3F, 0xA0, 0x00, 0x00, 0x00, 0x00 }, // U+7EFD 绽
    { 0x00, 0x00, 0x00, 0x00, 0x10, 0x00, 0x33, 0xFC, 0x20, 0x04, 0x6B, 0xFC, 0x48, 0x04, 0xF7, 0xFF, 0x10, 0x20, 0x20, 0x32, 0x7B, 0x36, 0x70, 0x38, 0x41, 0xAC, 0x3B, 0x26, 0x00, 0x00, 0x00, 0x00 }, // U+7EFF 绿
    { 0x00, 0x00, 0x00, 0x00, 0x10, 0x00, 0x37, 0xFE, 0x20, 0xC2, 0x4C, 0xA4, 0x5B, 0x9C, 0xF3, 0x1C, 0x36, 0xB2, 0x20, 0x00, 0x47, 0xFE, 0x78, 0xA2, 0x04, 0x94, 0x03, 0x1C, 0x00, 0x00, 0x00, 0x00 }, // U+7F00 缀
    { 0x00, 0x00, 0x00, 0x00, 0x20, 0x14, 0x20, 0x10, 0x4F, 0xFF, 0x5C, 0x10, 0xF5, 0xF0, 0x34, 0x12, 0x24, 0x1A, 0x45, 0xFE, 0x7D, 0x2C, 0x05, 0x2C, 0x3D, 0xE9, 0xC5, 0x19, 0x00, 0x00, 0x00, 0x00 }, // U+7F04 缄
    { 0x00, 0x00, 0x10, 0x00, 0x30, 0x00, 0x27, 0xFF, 0x60, 0x40, 0x40, 0x40, 0xCF, 0xFE, 0xFE, 0x92, 0x36, 0x92, 0x26, 0xF2, 0x66, 0x92, 0x7E, 0x92, 0x06, 0xF2, 0x1E, 0x92, 0x00, 0x00, 0x00, 0x00 }, // U+7F05 缅
    { 0x00, 0x00, 0x00, 0x00, 0x10, 0x90, 0x32, 0x9F, 0x22, 0xA0, 0x6E, 0xA8, 0x5A, 0xA4, 0xF0, 0x00, 0x23, 0xFC, 0x62, 0x04, 0x7A, 0x44, 0x02, 0x44, 0x02, 0x64, 0x38, 0x60, 0x00, 0x00, 0x00, 0x00 }, // U+7F06 缆
    { 0x00, 0x00, 0x00, 0x00, 0x11, 0xFC, 0x31, 0x04, 0x21, 0x04, 0x49, 0xFC, 0x48, 0x00, 0xFF, 0xFF, 0x11, 0x04, 0x31, 0xFC, 0x21, 0x04, 0x79, 0x04, 0x79, 0xFC, 0x01, 0x04, 0x00, 0x00, 0x00, 0x00 }, // U+7F09 缉
    { 0x00, 0x00, 0x00, 0x00, 0x20, 0xBC, 0x27, 0x24, 0x46, 0x24, 0x5E, 0x24, 0xF7, 0xA3, 0x36, 0x40, 0x27, 0x80, 0x66, 0x7E, 0x7E, 0x26, 0x07, 0xB4, 0x0E, 0x1C, 0x3E, 0x18, 0x00, 0x00, 0x00, 0x00 }, // U+7F0E 缎
    { 0x00, 0x00, 0x00, 0x00, 0x10, 0x1E, 0x33, 0xF0, 0x20, 0x24, 0x49, 0x24, 0x49, 0x28, 0xFB, 0xFE, 0x11, 0x80, 0x27, 0xFF, 0x61, 0x00, 0x79, 0xFC, 0x01, 0x8C, 0x3A, 0x48, 0x00, 0x00, 0x00, 0x00 }, // U+7F13 缓
    { 0x00, 0x00, 0x00, 0x00, 0x10, 0x20, 0x30, 0x20, 0x23, 0xFE, 0x48, 0x88, 0x48, 0x88, 0xF3, 0xFE, 0x12, 0x02, 0x20, 0x20, 0x3B, 0xFE, 0x73, 0x22, 0x42, 0x22, 0x3A, 0x26, 0x00, 0x00, 0x00, 0x00 }, // U+7F14 缔
    { 0x00, 0x00, 0x00, 0x00, 0x10, 0x20, 0x21, 0x24, 0x60, 0xAC, 0x4B, 0xFE, 0xF8, 0xF0, 0x11, 0xAC, 0x22, 0x22, 0x20, 0x40, 0x7F, 0xFF, 0x71, 0x88, 0x41, 0x98, 0x38, 0x70, 0x00, 0x00, 0x00, 0x00 }, // U+7F15 缕
    { 0x00, 0x00, 0x00, 0x00, 0x10, 0x40, 0x30, 0x60, 0x27, 0xFE, 0x64, 0x02, 0x4C, 0x02, 0xD7, 0xFE, 0xF4, 0x00, 0x25, 0xFE, 0x65, 0x4A, 0x7D, 0x4A, 0x05, 0xFE, 0x05, 0x4A, 0x00, 0x00, 0x00, 0x00 }, // U+7F16 编
    { 0x00, 0x00, 0x00, 0x00, 0x11, 0x00, 0x21, 0xFC, 0x21, 0x04, 0x45, 0xF8, 0x48, 0x08, 0xFF, 0xFE, 0x10, 0x40, 0x21, 0xC4, 0x62, 0x68, 0x78, 0xB8, 0x03, 0x34, 0x04, 0x54, 0x00, 0x00, 0x00, 0x00 }, // U+7F18 缘
    { 0x00, 0x00, 0x00, 0x00, 0x00, 0x28, 0x37, 0xFE, 0x20, 0x20, 0x48, 0x20, 0x4B, 0xFE, 0xF2, 0x22, 0x33, 0xFE, 0x22, 0x22, 0x7B, 0xFE, 0x72, 0x00, 0x07, 0xFF, 0x01, 0x08, 0x00, 0x00, 0x00, 0x00 }, // U+7F1A 缚
    { 0x00, 0x00, 0x00, 0x00, 0x14, 0x40, 0x24, 0x7E, 0x22, 0xC4, 0x49, 0x38, 0x50, 0x3C, 0xFF, 0x86, 0x26, 0x10, 0x66, 0xFE, 0x7E, 0x10, 0x06, 0xFE, 0x06, 0x10, 0x3F, 0xFF, 0x00, 0x00, 0x00, 0x00 }, // U+7F1D 缝
    { 0x00, 0x00, 0x00, 0x00, 0x30, 0x20, 0x20, 0x20, 0x63, 0xFF, 0x4A, 0x00, 0xFA, 0xFE, 0x12, 0x92, 0x22, 0xFE, 0x62, 0x92, 0x7A, 0xFE, 0x42, 0x92, 0x06, 0x10, 0x3C, 0xFE, 0x00, 0x00, 0x00, 0x00 }, // U+7F20 缠
    { 0x00, 0x00, 0x00, 0x00, 0x13, 0xDE, 0x22, 0x52, 0x23, 0x52, 0x4B, 0x52, 0x5B, 0x5A, 0xF1, 0x8C, 0x32, 0x52, 0x24, 0x60, 0x40, 0x40, 0x7F, 0xFF, 0x01, 0x08, 0x79, 0xF0, 0x00, 0x00, 0x00, 0x00 }, // U+7F28 缨
    { 0x00, 0x00, 0x00, 0x00, 0x10, 0x20, 0x20, 0x20, 0x27, 0xFE, 0x4E, 0x02, 0x59, 0x00, 0xF1, 0xFF, 0x22, 0x10, 0x62, 0x10, 0x76, 0x7E, 0x06, 0x42, 0x02, 0x7E, 0x3A, 0x42, 0x00, 0x00, 0x00, 0x00 }, // U+7F29 缩
    { 0x00, 0x00, 0x00, 0x00, 0x30, 0x08, 0x20, 0x88, 0x23, 0xFE, 0x48, 0x20, 0x4B, 0xFE, 0xF0, 0x20, 0x27, 0xFE, 0x61, 0x24, 0x7F, 0xFF, 0x00, 0x00, 0x03, 0xFC, 0x7A, 0x04, 0x00, 0x00, 0x00, 0x00 }, // U+7F2E 缮
    { 0x00, 0x00, 0x00, 0x00, 0x11, 0x00, 0x27, 0xD0, 0x24, 0x50, 0x47, 0xDF, 0x54, 0x72, 0xF4, 0x72, 0x27, 0xF2, 0x21, 0x14, 0x47, 0xD4, 0x72, 0x0C, 0x03, 0xCC, 0x04, 0x4C, 0x00, 0x00, 0x00, 0x00 }, // U+7F34 缴
    { 0x00, 0x00, 0x00, 0x00, 0x20, 0xFE, 0x20, 0x10, 0x7E, 0x10, 0x58, 0x10, 0x58, 0x10, 0x18, 0x10, 0xFF, 0x10, 0x18, 0x10, 0x5A, 0x10, 0x5A, 0x10, 0x5A, 0x10, 0x5A, 0x10, 0x00, 0x00, 0x00, 0x00 }, // U+7F38 缸
    { 0x00, 0x00, 0x00, 0x00, 0x20, 0x20, 0x3E, 0x20, 0x48, 0x20, 0x48, 0xFE, 0x08, 0x36, 0x08, 0x22, 0xFF, 0x22, 0x08, 0xFF, 0x4A, 0x30, 0x4A, 0x30, 0x4A, 0x48, 0x4A, 0x4C, 0x00, 0x00, 0x00, 0x00 }, // U+7F3A 缺
    { 0x00, 0x00, 0x00, 0x00, 0x20, 0x88, 0x23, 0xFF, 0x7C, 0x88, 0x53, 0xDE, 0x92, 0x52, 0x13, 0xDE, 0xFC, 0x20, 0x11, 0xFE, 0x57, 0x10, 0x57, 0xFE, 0x55, 0x10, 0x55, 0xFE, 0x00, 0x00, 0x00, 0x00 }, // U+7F50 罐
    { 0x00, 0x00, 0x00, 0x00, 0x7F, 0xFE, 0x60, 0x06, 0x70, 0x0E, 0x7B, 0x9E, 0x6A, 0xD6, 0x6E, 0x76, 0x64, 0x26, 0x6E, 0x66, 0x6A, 0x56, 0x69, 0x9E, 0x70, 0x8E, 0x00, 0x00, 0x00, 0x00, 0x00, 0x00 }, // U+7F51 网
    { 0x00, 0x00, 0x00, 0x00, 0x7F, 0xFE, 0x40, 0x02, 0x44, 0x62, 0x0C, 0x18, 0x30, 0x0E, 0x40, 0x02, 0x1F, 0xF8, 0x01, 0x80, 0x01, 0x80, 0x7F, 0xFE, 0x01, 0x80, 0x00, 0x00, 0x00, 0x00, 0x00, 0x00 }, // U+7F55 罕
    { 0x00, 0x00, 0x00, 0x00, 0x7F, 0xFE, 0x46, 0x22, 0x46, 0x22, 0x46, 0x22, 0x7F, 0xFE, 0x44, 0x02, 0x0C, 0x00, 0x1F, 0xFC, 0x30, 0x0C, 0x40, 0x18, 0x0E, 0x70, 0x00, 0x00, 0x00, 0x00, 0x00, 0x00 }, // U+7F57 罗
    { 0x00, 0x00, 0x00, 0x00, 0x7F, 0xFE, 0x66, 0x66, 0x66, 0x66, 0x7F, 0xFE, 0x00, 0x00, 0x10, 0xC4, 0x18, 0xC4, 0x08, 0xC4, 0xF0, 0xC4, 0x10, 0xC4, 0x12, 0xC4, 0x00, 0x00, 0x00, 0x00, 0x00, 0x00 }, // U+7F5A 罚
    { 0x00, 0x00, 0x00, 0x00, 0x7F, 0xFE, 0x66, 0x66, 0x66, 0x66, 0x7F, 0xFE, 0x61, 0x86, 0x01, 0x80, 0x3F, 0xFC, 0x01, 0x80, 0x01, 0x80, 0xFF, 0xFF, 0x03, 0x00, 0x0C, 0x20, 0x00, 0x00, 0x00, 0x00 }, // U+7F62 罢
    { 0x00, 0x00, 0x00, 0x00, 0x7F, 0xFC, 0x66, 0x44, 0x7F, 0xFC, 0x61, 0x00, 0x01, 0xFE, 0x01, 0x00, 0x3F, 0xFC, 0x30, 0x0C, 0x3F, 0xFC, 0x30, 0x0C, 0x3F, 0xFC, 0x01, 0x80, 0x00, 0x00, 0x00, 0x00 }, // U+7F69 罩
    { 0x00, 0x00, 0x00, 0x00, 0x7F, 0xFE, 0x46, 0x62, 0x46, 0x22, 0x7F, 0xFE, 0x40, 0x02, 0x02, 0x40, 0x7E, 0x7E, 0x02, 0x40, 0x7E, 0x7E, 0x02, 0x40, 0x02, 0x40, 0x00, 0x00, 0x00, 0x00, 0x00, 0x00 }, // U+7F6A 罪
    { 0x00, 0x00, 0x00, 0x00, 0x3F, 0xFC, 0x22, 0x44, 0x3F, 0xFC, 0x01, 0x00, 0x7F, 0xFE, 0x01, 0x00, 0x1F, 0xFC, 0x10, 0x0C, 0x1F, 0xFC, 0x10, 0x0C, 0x1F, 0xFC, 0x00, 0x00, 0x00, 0x00, 0x00, 0x00 }, // U+7F6E 置
    { 0x00, 0x00, 0x00, 0x00, 0x7F, 0xFC, 0x66, 0x44, 0x66, 0x44, 0x7F, 0xFC, 0x02, 0x00, 0x3F, 0xE4, 0x02, 0x30, 0xFF, 0xFF, 0x07, 0x00, 0x1F, 0xF8, 0xF0, 0x08, 0x00, 0x00, 0x00, 0x00, 0x00, 0x00 }, // U+7F72 署
    { 0x00, 0x00, 0x00, 0x00, 0x08, 0x10, 0x0C, 0x30, 0x04, 0x20, 0x7F, 0xFE, 0x01, 0x80, 0x01, 0x80, 0x3F, 0xFC, 0x01, 0x80, 0x01, 0x80, 0xFF, 0xFF, 0x01, 0x80, 0x01, 0x80, 0x00, 0x00, 0x00, 0x00 }, // U+7F8A 羊
    { 0x00, 0x00, 0x00, 0x00, 0x0C, 0x30, 0x04, 0x20, 0x7F, 0xFE, 0x01, 0x00, 0x01, 0x00, 0x3F, 0xFC, 0x01, 0x00, 0x01, 0x00, 0xFF, 0xFF, 0x02, 0x00, 0x06, 0x82, 0x0C, 0x82, 0x00, 0x00, 0x00, 0x00 }, // U+7F8C 羌
    { 0x00, 0x00, 0x08, 0x10, 0x0C, 0x30, 0x04, 0x20, 0x7F, 0xFE, 0x01, 0x80, 0x3F, 0xFE, 0x01, 0x80, 0xFF, 0xFF, 0x00, 0x00, 0x01, 0x80, 0x7F, 0xFF, 0x01, 0x80, 0x02, 0x40, 0x00, 0x00, 0x00, 0x00 }, // U+7F8E 美
    { 0x00, 0x00, 0x00, 0x00, 0x08, 0x30, 0x04, 0x20, 0x7F, 0xFE, 0x01, 0x80, 0x01, 0x80, 0x3F, 0xFC, 0x01, 0x80, 0x01, 0x80, 0x01, 0x80, 0x7F, 0xFE, 0x00, 0x00, 0x24, 0x44, 0x00, 0x00, 0x00, 0x00 }, // U+7F94 羔
    { 0x00, 0x00, 0x00, 0x00, 0x46, 0x30, 0x2C, 0x30, 0x7E, 0x58, 0x18, 0xCC, 0x11, 0xA6, 0x7F, 0x13, 0x10, 0x00, 0x11, 0xFE, 0xFE, 0x04, 0x10, 0x88, 0x10, 0xD0, 0x20, 0x30, 0x00, 0x00, 0x00, 0x00 }, // U+7F9A 羚
    { 0x00, 0x00, 0x00, 0x00, 0x08, 0x10, 0x04, 0x30, 0x7F, 0xFE, 0x02, 0x00, 0x3F, 0xFE, 0x06, 0x00, 0x7F, 0xFF, 0x0C, 0x00, 0x0F, 0xFC, 0x11, 0x04, 0x6F, 0xFC, 0x41, 0x0C, 0x00, 0x00, 0x00, 0x00 }, // U+7F9E 羞
    { 0x00, 0x00, 0x00, 0x00, 0x08, 0x10, 0x04, 0x20, 0x7F, 0xFE, 0x01, 0x80, 0x3F, 0xFC, 0x01, 0x80, 0xFF, 0xFF, 0x01, 0x00, 0x03, 0xFE, 0x36, 0x64, 0x00, 0x64, 0x18, 0xF0, 0x00, 0x00, 0x00, 0x00 }, // U+7FA1 羡
    { 0x00, 0x00, 0x00, 0x00, 0x00, 0x42, 0x7E, 0x64, 0x32, 0x20, 0xFF, 0xFF, 0x22, 0x10, 0x22, 0x10, 0x7E, 0xFE, 0x22, 0x10, 0x20, 0x10, 0x7F, 0xFF, 0x62, 0x10, 0xA2, 0x10, 0x00, 0x00, 0x00, 0x00 }, // U+7FA4 群
    { 0x00, 0x00, 0x00, 0x00, 0x08, 0x10, 0x7F, 0xFE, 0x01, 0x80, 0x3F, 0xFC, 0x01, 0x80, 0x7F, 0xFE, 0x22, 0x44, 0x7F, 0xFE, 0x01, 0x80, 0x7F, 0xFE, 0x01, 0x00, 0x7F, 0xFE, 0x00, 0x00, 0x00, 0x00 }, // U+7FB9 羹
    { 0x00, 0x00, 0x00, 0x00, 0x7E, 0xFE, 0x02, 0x02, 0x22, 0x42, 0x22, 0x42, 0x32, 0x22, 0x12, 0x22, 0x12, 0x02, 0x0E, 0x0E, 0x1A, 0x1A, 0x62, 0x32, 0x42, 0x42, 0x00, 0x00, 0x00, 0x00, 0x00, 0x00 }, // U+7FBD 羽
    { 0x00, 0x00, 0x00, 0x40, 0x06, 0x20, 0x0D, 0x10, 0x32, 0x4C, 0x4C, 0x62, 0x0F, 0xE0, 0x00, 0x10, 0x00, 0x00, 0x7E, 0xFC, 0x22, 0x44, 0x12, 0x24, 0x0A, 0x34, 0x3A, 0xE4, 0x00, 0x00, 0x00, 0x00 }, // U+7FC1 翁
    { 0x00, 0x00, 0x00, 0x00, 0x11, 0xFE, 0x10, 0x22, 0xFE, 0x22, 0x11, 0x2A, 0x10, 0xAA, 0x10, 0xA2, 0x7E, 0x26, 0x04, 0xE6, 0x05, 0xAA, 0x44, 0x32, 0x28, 0x22, 0x39, 0xCE, 0x00, 0x00, 0x00, 0x00 }, // U+7FC5 翅
    { 0x00, 0x00, 0x00, 0x00, 0x7E, 0xFE, 0x22, 0x66, 0x32, 0x26, 0x12, 0x06, 0x3E, 0x3E, 0x62, 0xC6, 0x01, 0x06, 0x01, 0x80, 0x7F, 0xFE, 0x08, 0x10, 0x08, 0x10, 0x0C, 0x30, 0x00, 0x00, 0x00, 0x00 }, // U+7FCC 翌
    { 0x00, 0x00, 0x00, 0x00, 0x4B, 0xFE, 0x48, 0x42, 0x28, 0x42, 0xFC, 0x52, 0x11, 0x4A, 0x11, 0x4A, 0x7C, 0x42, 0x10, 0xC6, 0x11, 0xCE, 0xFF, 0x5A, 0x32, 0x52, 0x20, 0x42, 0x00, 0x00, 0x00, 0x00 }, // U+7FD4 翔
    { 0x00, 0x00, 0x00, 0x00, 0x41, 0xFC, 0x40, 0x64, 0x7C, 0x64, 0xF0, 0x74, 0x24, 0xF4, 0x1E, 0x6C, 0x3A, 0x64, 0x4E, 0xEC, 0x01, 0x74, 0xFE, 0x74, 0x28, 0x44, 0x29, 0xDD, 0x00, 0x00, 0x00, 0x00 }, // U+7FD8 翘
    { 0x00, 0x00, 0x00, 0x00, 0x7E, 0xFE, 0x22, 0x66, 0x1E, 0x7E, 0x62, 0x66, 0x10, 0x80, 0x3F, 0xFE, 0x70, 0x80, 0x3F, 0xFC, 0x30, 0x80, 0x3F, 0xFC, 0x30, 0x80, 0x30, 0x80, 0x00, 0x00, 0x00, 0x00 }, // U+7FDF 翟
    { 0x00, 0x00, 0x00, 0x00, 0x7E, 0xFE, 0x22, 0x66, 0x1E, 0x3E, 0x61, 0xC6, 0x00, 0x80, 0x7F, 0xFE, 0x08, 0x10, 0x1C, 0x78, 0x22, 0x46, 0x01, 0x80, 0xFF, 0xFF, 0x01, 0x80, 0x00, 0x00, 0x00, 0x00 }, // U+7FE0 翠
    { 0x00, 0x00, 0x10, 0x30, 0x10, 0x70, 0xFE, 0xC8, 0x11, 0x86, 0x11, 0x02, 0x7D, 0xFE, 0x44, 0x42, 0x7D, 0x52, 0x45, 0x52, 0x7C, 0x4A, 0x54, 0x42, 0x10, 0x46, 0xFD, 0xCE, 0x00, 0x00, 0x00, 0x00 }, // U+7FF0 翰
    { 0x00, 0x00, 0x00, 0x00, 0x10, 0xFE, 0x7E, 0x22, 0x42, 0x22, 0x7E, 0xA2, 0x42, 0xAA, 0x7E, 0x6A, 0x10, 0x22, 0x7F, 0x66, 0x24, 0x6E, 0x69, 0xAA, 0x48, 0x22, 0x7E, 0x22, 0x00, 0x00, 0x00, 0x00 }, // U+7FF1 翱
    { 0x00, 0x00, 0x00, 0x00, 0x06, 0x00, 0x7C, 0xFE, 0x2A, 0x22, 0x08, 0x22, 0x7F, 0xAA, 0x18, 0xAA, 0x3C, 0x2A, 0x6A, 0x22, 0x89, 0x26, 0x7E, 0xEE, 0x4A, 0xA2, 0x7E, 0x22, 0x00, 0x00, 0x00, 0x00 }, // U+7FFB 翻
    { 0x00, 0x00, 0x00, 0x00, 0x7E, 0xFE, 0x62, 0x42, 0x1E, 0x3E, 0x42, 0xC2, 0x3F, 0xFC, 0x21, 0x84, 0x3F, 0xFC, 0x21, 0x84, 0x3F, 0xFC, 0x04, 0x20, 0x7F, 0xFE, 0x04, 0x20, 0x00, 0x00, 0x00, 0x00 }, // U+7FFC 翼
    { 0x00, 0x00, 0x00, 0x00, 0x10, 0x00, 0x13, 0xDE, 0x15, 0x52, 0x54, 0xCA, 0x5B, 0xFE, 0x10, 0x92, 0xFD, 0x90, 0x29, 0xFE, 0x2B, 0x10, 0x2B, 0xFE, 0x49, 0x10, 0x49, 0xFE, 0x00, 0x00, 0x00, 0x00 }, // U+8000 耀
    { 0x00, 0x00, 0x00, 0x00, 0x02, 0x00, 0x02, 0x00, 0x3F, 0xE4, 0x02, 0x0C, 0x02, 0x30, 0x7F, 0xFF, 0x01, 0xC0, 0x03, 0x00, 0x0C, 0x18, 0x3C, 0x70, 0x4D, 0xC4, 0x0E, 0x04, 0x00, 0x00, 0x00, 0x00 }, // U+8001 老
    { 0x00, 0x00, 0x00, 0x00, 0x02, 0x00, 0x02, 0x04, 0x3F, 0xE8, 0x02, 0x10, 0x02, 0x60, 0x7F, 0xFF, 0x03, 0x00, 0x0F, 0xFC, 0x3E, 0x00, 0x47, 0xF8, 0x00, 0x18, 0x00, 0x10, 0x00, 0x00, 0x00, 0x00 }, // U+8003 考
    { 0x00, 0x00, 0x00, 0x00, 0x03, 0x00, 0x03, 0x04, 0x3F, 0xFC, 0x03, 0x18, 0x03, 0x30, 0xFF, 0xFF, 0x01, 0x80, 0x07, 0x00, 0x3F, 0xF8, 0xF8, 0x08, 0x1F, 0xF8, 0x18, 0x08, 0x00, 0x00, 0x00, 0x00 }, // U+8005 者
    { 0x00, 0x00, 0x00, 0x00, 0xFF, 0xFF, 0x01, 0x80, 0x01, 0x00, 0x01, 0x00, 0x7F, 0xFE, 0x66, 0x66, 0x66, 0x66, 0x66, 0x66, 0x66, 0x66, 0x66, 0x66, 0x66, 0x66, 0x00, 0x00, 0x00, 0x00, 0x00, 0x00 }, // U+800C 而
    { 0x00, 0x00, 0x00, 0x00, 0x7F, 0xFE, 0x03, 0x00, 0x3F, 0xFC, 0x22, 0x44, 0x22, 0x44, 0x22, 0x44, 0x22, 0x5C, 0x06, 0x00, 0xFF, 0xFF, 0x08, 0x30, 0x1C, 0x60, 0x03, 0xC0, 0x00, 0x00, 0x00, 0x00 }, // U+800D 耍
    { 0x00, 0x00, 0x00, 0x00, 0x00, 0x04, 0xFF, 0xC4, 0x08, 0x04, 0x08, 0x3F, 0x08, 0x04, 0x7F, 0x84, 0x52, 0xA4, 0x52, 0xA4, 0x52, 0x94, 0x52, 0x94, 0x52, 0x84, 0x52, 0x84, 0x00, 0x00, 0x00, 0x00 }, // U+8010 耐
    { 0x00, 0x00, 0x00, 0x00, 0x10, 0x44, 0x10, 0x44, 0x7C, 0x44, 0x11, 0xFE, 0x7C, 0xCC, 0x10, 0x44, 0x10, 0x44, 0xFE, 0x44, 0x11, 0xFF, 0x3C, 0xCC, 0x54, 0x84, 0xD1, 0x84, 0x00, 0x00, 0x00, 0x00 }, // U+8015 耕
    { 0x00, 0x00, 0x00, 0x00, 0x10, 0x1C, 0x11, 0xF0, 0x7E, 0x20, 0x10, 0x20, 0x7C, 0x26, 0x10, 0x78, 0x11, 0xA0, 0xFE, 0x20, 0x10, 0x3E, 0x3B, 0xE0, 0x36, 0x20, 0x50, 0x21, 0x00, 0x00, 0x00, 0x00 }, // U+8017 耗
    { 0x00, 0x00, 0x00, 0x00, 0x10, 0xFE, 0x10, 0x00, 0x7E, 0x00, 0x10, 0x00, 0x7C, 0x00, 0x11, 0xFF, 0xFE, 0x30, 0x10, 0x20, 0x38, 0x68, 0x3C, 0x44, 0x52, 0x86, 0xD0, 0x86, 0x00, 0x00, 0x00, 0x00 }, // U+8018 耘
    { 0x00, 0x00, 0x00, 0x00, 0x10, 0x00, 0x11, 0xFE, 0xFD, 0x26, 0x11, 0x26, 0x7D, 0x26, 0x11, 0x26, 0x11, 0x26, 0xFF, 0xFE, 0x31, 0x06, 0x3D, 0x00, 0x75, 0x01, 0xD1, 0x03, 0x00, 0x00, 0x00, 0x00 }, // U+8019 耙
    { 0x00, 0x00, 0x00, 0x00, 0x10, 0x20, 0x10, 0x20, 0x7D, 0xFE, 0x10, 0x88, 0x78, 0xC8, 0x13, 0xFE, 0x12, 0x22, 0xFC, 0x20, 0x33, 0xFF, 0x38, 0x80, 0x74, 0xFC, 0xD0, 0x84, 0x00, 0x00, 0x00, 0x00 }, // U+802A 耪
    { 0x00, 0x00, 0x00, 0x00, 0xFF, 0xFF, 0x10, 0x18, 0x10, 0x08, 0x1F, 0xF8, 0x10, 0x08, 0x10, 0x08, 0x1F, 0xF8, 0x10, 0x08, 0x10, 0x08, 0x10, 0xFF, 0xFF, 0xD8, 0x00, 0x00, 0x00, 0x00, 0x00, 0x00 }, // U+8033 耳
    { 0x00, 0x00, 0x00, 0x00, 0xFF, 0xFE, 0x22, 0x62, 0x22, 0x66, 0x3E, 0x64, 0x22, 0x6C, 0x22, 0x6C, 0x22, 0x64, 0x3E, 0x62, 0x22, 0x62, 0x22, 0x62, 0x27, 0xE2, 0x00, 0x00, 0x00, 0x00, 0x00, 0x00 }, // U+8036 耶
    { 0x00, 0x00, 0x00, 0x00, 0x0C, 0x30, 0x0C, 0x30, 0x1E, 0x78, 0x31, 0xCC, 0x61, 0x02, 0x3F, 0xFC, 0x10, 0x08, 0x1F, 0xF8, 0x10, 0x08, 0x1F, 0xF8, 0x10, 0x08, 0x10, 0xFE, 0x00, 0x00, 0x00, 0x00 }, // U+8038 耸
    { 0x00, 0x00, 0x00, 0x00, 0xFE, 0x18, 0x64, 0x18, 0x64, 0x18, 0x64, 0x98, 0x7C, 0x98, 0x64, 0x9E, 0x64, 0x98, 0x7C, 0x98, 0x64, 0x98, 0x64, 0x98, 0x64, 0x98, 0x7E, 0x98, 0x00, 0x00, 0x00, 0x00 }, // U+803B 耻
    { 0x00, 0x00, 0x00, 0x00, 0xFE, 0x20, 0x44, 0x20, 0x44, 0x20, 0x7D, 0xFE, 0x45, 0x22, 0x45, 0x22, 0x7C, 0x20, 0x44, 0x30, 0x44, 0x70, 0x44, 0x50, 0x7E, 0x51, 0xE4, 0xD3, 0x00, 0x00, 0x00, 0x00 }, // U+803D 耽
    { 0x00, 0x00, 0x00, 0x00, 0xFE, 0x20, 0x64, 0x20, 0x44, 0x20, 0x7D, 0x22, 0x45, 0x26, 0x45, 0xB4, 0x7C, 0xB4, 0x44, 0x30, 0x44, 0x30, 0x44, 0x48, 0x7E, 0x48, 0xE4, 0x84, 0x00, 0x00, 0x00, 0x00 }, // U+803F 耿
    { 0x00, 0x00, 0x00, 0x00, 0x7F, 0xFE, 0x10, 0x08, 0x1F, 0xF8, 0x10, 0x08, 0x1F, 0xF8, 0x10, 0x1A, 0xFF, 0xFE, 0x00, 0x08, 0x7F, 0xFE, 0x22, 0x46, 0x1C, 0x6C, 0x1C, 0x38, 0x00, 0x00, 0x00, 0x00 }, // U+8042 聂
    { 0x00, 0x00, 0x00, 0x00, 0x00, 0x60, 0xFF, 0x9E, 0x4B, 0x12, 0x4B, 0x52, 0x7B, 0x52, 0x4B, 0x52, 0x4B, 0x52, 0x4B, 0x52, 0x7B, 0x52, 0x4B, 0xD2, 0x4B, 0x52, 0x7C, 0x9E, 0x00, 0x00, 0x00, 0x00 }, // U+804A 聊
    { 0x00, 0x00, 0x00, 0x00, 0x02, 0x20, 0x02, 0x18, 0x7F, 0xFE, 0x04, 0x48, 0x18, 0xE2, 0xE3, 0x7E, 0x00, 0x00, 0x7F, 0xFE, 0x10, 0x08, 0x1F, 0xF8, 0x10, 0x08, 0x1F, 0xF8, 0x00, 0x00, 0x00, 0x00 }, // U+804B 聋
    { 0x00, 0x00, 0x00, 0x00, 0xFE, 0xFE, 0x64, 0x86, 0x64, 0x86, 0x7C, 0x86, 0x64, 0x86, 0x64, 0x86, 0x64, 0xFE, 0x7C, 0x86, 0x64, 0x00, 0x66, 0x48, 0x7C, 0x4C, 0x00, 0x00, 0x00, 0x00, 0x00, 0x00 }, // U+804C 职
    { 0x00, 0x00, 0x00, 0x00, 0x00, 0x84, 0xFE, 0xCC, 0x64, 0x48, 0x64, 0x18, 0x7D, 0xFE, 0x64, 0x20, 0x64, 0x20, 0x67, 0xFF, 0x7C, 0x30, 0x64, 0x30, 0x64, 0x50, 0x7E, 0x48, 0x00, 0x00, 0x00, 0x00 }, // U+8054 联
    { 0x00, 0x00, 0x00, 0x00, 0xFE, 0x20, 0x49, 0xFE, 0x49, 0x22, 0x49, 0x22, 0x79, 0xFE, 0x49, 0x22, 0x49, 0xFE, 0x78, 0x00, 0x4B, 0xFF, 0x48, 0x80, 0x4E, 0xFC, 0xFC, 0x04, 0x00, 0x00, 0x00, 0x00 }, // U+8058 聘
    { 0x00, 0x00, 0x00, 0x00, 0x7F, 0x7E, 0x22, 0x06, 0x3E, 0x44, 0x22, 0x38, 0x3E, 0x3C, 0x22, 0xC2, 0xFF, 0x00, 0x02, 0x78, 0x3F, 0xC0, 0x0D, 0x84, 0x37, 0xD8, 0x00, 0x00, 0x00, 0x00, 0x00, 0x00 }, // U+805A 聚
    { 0x00, 0x00, 0x00, 0x00, 0x00, 0x84, 0xFE, 0x8C, 0x4C, 0x48, 0x4D, 0xFE, 0x7D, 0x02, 0x4D, 0x02, 0x4D, 0x02, 0x7D, 0xFE, 0x4D, 0x02, 0x4C, 0x20, 0x7F, 0xD2, 0xFD, 0xC6, 0x00, 0x00, 0x00, 0x00 }, // U+806A 聪
    { 0x00, 0x00, 0x00, 0x00, 0x01, 0x80, 0x01, 0x80, 0x3F, 0xFC, 0x01, 0x84, 0xFF, 0xFF, 0x01, 0x84, 0x01, 0x84, 0x7F, 0xFC, 0x01, 0x80, 0x35, 0xA4, 0x25, 0xA4, 0x2D, 0xB4, 0x00, 0x00, 0x00, 0x00 }, // U+8083 肃
    { 0x00, 0x00, 0x00, 0x00, 0x42, 0x20, 0x4D, 0xFE, 0x70, 0x22, 0x43, 0xFF, 0x3C, 0x22, 0x41, 0xFE, 0x7C, 0x22, 0x50, 0x20, 0x11, 0xFE, 0xFE, 0x20, 0x1B, 0xFF, 0x3C, 0x20, 0x00, 0x00, 0x00, 0x00 }, // U+8084 肄
    { 0x00, 0x00, 0x00, 0x00, 0x7E, 0x20, 0x41, 0xFE, 0x40, 0x22, 0x7C, 0x22, 0x41, 0xFF, 0x40, 0x22, 0x7D, 0xFE, 0x40, 0x20, 0xFE, 0x20, 0x21, 0xFE, 0x28, 0x20, 0x6C, 0x20, 0x00, 0x00, 0x00, 0x00 }, // U+8086 肆
    { 0x00, 0x00, 0x00, 0x00, 0x08, 0x60, 0x3F, 0x7E, 0x21, 0xE4, 0x7F, 0x18, 0xC0, 0x66, 0x00, 0x00, 0x3F, 0xFC, 0x01, 0x04, 0x7F, 0xFE, 0x01, 0x04, 0x3F, 0xFC, 0x01, 0x00, 0x00, 0x00, 0x00, 0x00 }, // U+8087 肇
    { 0x00, 0x00, 0x00, 0x00, 0x00, 0x80, 0x01, 0x80, 0x7F, 0xFE, 0x61, 0x06, 0x63, 0xC6, 0x66, 0x66, 0x69, 0x96, 0x61, 0x06, 0x61, 0x86, 0x62, 0x46, 0x66, 0x36, 0x68, 0x16, 0x00, 0x00, 0x00, 0x00 }, // U+8089 肉
    { 0x00, 0x00, 0x00, 0x00, 0x7C, 0x20, 0x64, 0x20, 0x64, 0x20, 0x65, 0xFE, 0x7C, 0x62, 0x64, 0x62, 0x64, 0x62, 0x64, 0x62, 0x7C, 0x46, 0x64, 0x46, 0x44, 0xC6, 0x44, 0x86, 0x00, 0x00, 0x00, 0x00 }, // U+808B 肋
    { 0x00, 0x00, 0x00, 0x00, 0x7C, 0xF8, 0x64, 0x88, 0x64, 0x88, 0x64, 0x88, 0x7C, 0x88, 0x64, 0x88, 0x64, 0x88, 0x64, 0x88, 0x7C, 0x88, 0x64, 0x89, 0x45, 0x89, 0x00, 0x00, 0x00, 0x00, 0x00, 0x00 }, // U+808C 肌
    { 0x00, 0x00, 0x00, 0x00, 0x31, 0x8C, 0x19, 0x90, 0x3F, 0xFC, 0x20, 0x04, 0x20, 0x04, 0x3F, 0xFC, 0x20, 0x04, 0x20, 0x04, 0x3F, 0xFC, 0x20, 0x04, 0x20, 0x04, 0x00, 0x00, 0x00, 0x00, 0x00, 0x00 }, // U+8096 肖
    { 0x00, 0x00, 0x00, 0x00, 0x00, 0x0C, 0x7C, 0x0C, 0x64, 0x0C, 0x64, 0x0C, 0x65, 0xFF, 0x7C, 0x0C, 0x64, 0x0C, 0x64, 0x8C, 0x64, 0x8C, 0x7C, 0xCC, 0x64, 0x4C, 0x44, 0x0C, 0x00, 0x00, 0x00, 0x00 }, // U+8098 肘
    { 0x00, 0x00, 0x00, 0x00, 0x7C, 0x10, 0x64, 0x10, 0x64, 0x10, 0x64, 0x10, 0x7C, 0x10, 0x65, 0xFE, 0x64, 0x10, 0x64, 0x10, 0x7C, 0x10, 0x64, 0x10, 0x44, 0x10, 0x44, 0x10, 0x00, 0x00, 0x00, 0x00 }, // U+809A 肚
    { 0x00, 0x00, 0x00, 0x00, 0x7D, 0xFE, 0x64, 0x30, 0x64, 0x10, 0x64, 0x10, 0x7C, 0x10, 0x64, 0x10, 0x64, 0x10, 0x64, 0x10, 0x7C, 0x10, 0x64, 0x10, 0x44, 0x10, 0x44, 0x10, 0x00, 0x00, 0x00, 0x00 }, // U+809B 肛
    { 0x00, 0x00, 0x00, 0x00, 0x7D, 0xFE, 0x64, 0x10, 0x64, 0x10, 0x64, 0x10, 0x7C, 0x10, 0x64, 0x10, 0x67, 0xFF, 0x64, 0x10, 0x7C, 0x10, 0x64, 0x10, 0x44, 0x10, 0x44, 0x10, 0x00, 0x00, 0x00, 0x00 }, // U+809D 肝
    { 0x00, 0x00, 0x00, 0x00, 0x7D, 0xFE, 0x4C, 0x0C, 0x4C, 0x30, 0x4C, 0x60, 0x7D, 0x80, 0x4F, 0xFE, 0x4C, 0xDA, 0x4C, 0x92, 0x7D, 0x92, 0x4F, 0x32, 0x4E, 0x22, 0x4C, 0x42, 0x00, 0x00, 0x00, 0x00 }, // U+80A0 肠
    { 0x00, 0x00, 0x00, 0x00, 0x7C, 0xF8, 0x64, 0x88, 0x64, 0x88, 0x64, 0x8C, 0x7D, 0x87, 0x65, 0x00, 0x65, 0xFC, 0x64, 0x84, 0x7C, 0x8C, 0x64, 0x48, 0x44, 0x30, 0x00, 0x00, 0x00, 0x00, 0x00, 0x00 }, // U+80A1 股
    { 0x00, 0x00, 0x00, 0x00, 0x7C, 0x10, 0x44, 0x10, 0x45, 0xFE, 0x44, 0x30, 0x7C, 0x10, 0x45, 0xFE, 0x44, 0x86, 0x44, 0x84, 0x7C, 0x4C, 0x44, 0x68, 0x44, 0x30, 0x44, 0x78, 0x00, 0x00, 0x00, 0x00 }, // U+80A2 肢
    { 0x00, 0x00, 0x00, 0x00, 0x7C, 0x20, 0x44, 0x20, 0x44, 0x20, 0x45, 0xFE, 0x7C, 0x20, 0x44, 0x20, 0x44, 0x20, 0x47, 0xFF, 0x7C, 0x30, 0x44, 0x70, 0x44, 0x58, 0x44, 0xCC, 0x00, 0x00, 0x00, 0x00 }, // U+80A4 肤
    { 0x00, 0x00, 0x00, 0x00, 0x7D, 0xFE, 0x4D, 0x26, 0x4D, 0x26, 0x4D, 0x26, 0x7D, 0x26, 0x4D, 0x26, 0x4D, 0xFE, 0x4D, 0x06, 0x7D, 0x00, 0x4D, 0x01, 0x4D, 0x03, 0x4D, 0x02, 0x00, 0x00, 0x00, 0x00 }, // U+80A5 肥
    { 0x00, 0x00, 0x00, 0x00, 0x00, 0x80, 0x3F, 0xFE, 0x20, 0x06, 0x20, 0x06, 0x3F, 0xFE, 0x20, 0x00, 0x2F, 0xFC, 0x2C, 0x04, 0x2F, 0xFC, 0x2C, 0x04, 0x6F, 0xFC, 0x4C, 0x04, 0x00, 0x00, 0x00, 0x00 }, // U+80A9 肩
    { 0x00, 0x00, 0x00, 0x00, 0x7C, 0x20, 0x44, 0x10, 0x45, 0xFF, 0x44, 0xC0, 0x7C, 0x40, 0x44, 0x40, 0x44, 0xFE, 0x44, 0xC2, 0x7C, 0xC2, 0x44, 0x82, 0x44, 0x86, 0x44, 0x86, 0x00, 0x00, 0x00, 0x00 }, // U+80AA 肪
    { 0x00, 0x00, 0x00, 0x00, 0x7C, 0x20, 0x64, 0x20, 0x65, 0xFE, 0x64, 0x00, 0x7C, 0x00, 0x64, 0xF8, 0x64, 0x88, 0x64, 0x88, 0x7C, 0x88, 0x64, 0x88, 0x44, 0x89, 0x45, 0x89, 0x00, 0x00, 0x00, 0x00 }, // U+80AE 肮
    { 0x00, 0x00, 0x00, 0x00, 0x00, 0x80, 0x10, 0xFE, 0x10, 0x80, 0x10, 0x80, 0xFF, 0xFF, 0x00, 0x00, 0x3F, 0xFC, 0x30, 0x0C, 0x30, 0x0C, 0x3F, 0xFC, 0x30, 0x0C, 0x3F, 0xFC, 0x00, 0x00, 0x00, 0x00 }, // U+80AF 肯
    { 0x00, 0x00, 0x01, 0x00, 0x00, 0x80, 0xFF, 0xFF, 0x0C, 0x10, 0x38, 0x18, 0x3F, 0xFC, 0x00, 0x02, 0x3F, 0xFC, 0x30, 0x0C, 0x30, 0x0C, 0x3F, 0xFC, 0x30, 0x0C, 0x3F, 0xFC, 0x00, 0x00, 0x00, 0x00 }, // U+80B2 育
    { 0x00, 0x00, 0x00, 0x00, 0x7C, 0x10, 0x44, 0x10, 0x45, 0xFF, 0x44, 0x10, 0x7C, 0x10, 0x45, 0xFE, 0x45, 0x12, 0x45, 0x12, 0x7D, 0x12, 0x45, 0x12, 0x45, 0x12, 0x45, 0x1E, 0x00, 0x00, 0x00, 0x00 }, // U+80BA 肺
    { 0x00, 0x00, 0x00, 0x00, 0x65, 0xFE, 0x64, 0x84, 0x64, 0x78, 0x64, 0x78, 0x65, 0x86, 0x00, 0x00, 0x3F, 0xFC, 0x30, 0x0C, 0x3F, 0xFC, 0x30, 0x0C, 0x3F, 0xFC, 0x30, 0x0C, 0x00, 0x00, 0x00, 0x00 }, // U+80BE 肾
    { 0x00, 0x00, 0x00, 0x00, 0x7C, 0x30, 0x6C, 0x30, 0x44, 0x30, 0x45, 0xFE, 0x7D, 0x32, 0x6D, 0x32, 0x45, 0x32, 0x45, 0x32, 0x7D, 0xFE, 0x4D, 0x32, 0x44, 0x30, 0x44, 0x30, 0x00, 0x00, 0x00, 0x00 }, // U+80BF 肿
    { 0x00, 0x00, 0x00, 0x00, 0x7C, 0x80, 0x64, 0x82, 0x64, 0x8C, 0x64, 0x98, 0x7C, 0xA0, 0x64, 0x80, 0x67, 0xFF, 0x64, 0xB0, 0x7C, 0x90, 0x64, 0x90, 0x44, 0x88, 0x44, 0xAC, 0x00, 0x00, 0x00, 0x00 }, // U+80C0 胀
    { 0x00, 0x00, 0x00, 0x00, 0x00, 0x40, 0x78, 0x40, 0x48, 0x40, 0x4B, 0xFC, 0x48, 0x44, 0x78, 0x44, 0x49, 0x44, 0x49, 0x46, 0x4B, 0x46, 0x7E, 0x45, 0x4E, 0xC4, 0x48, 0x84, 0x00, 0x00, 0x00, 0x00 }, // U+80C1 胁
    { 0x00, 0x00, 0x00, 0x00, 0x3F, 0xFC, 0x21, 0x84, 0x3F, 0xFC, 0x21, 0x84, 0x3F, 0xFC, 0x00, 0x00, 0x3F, 0xFC, 0x30, 0x0C, 0x3F, 0xFC, 0x30, 0x0C, 0x3F, 0xFC, 0x30, 0x0C, 0x00, 0x00, 0x00, 0x00 }, // U+80C3 胃
    { 0x00, 0x00, 0x00, 0x00, 0x7D, 0xFE, 0x4D, 0x06, 0x4D, 0x06, 0x4D, 0x06, 0x7D, 0xFE, 0x4D, 0x06, 0x4D, 0x06, 0x4D, 0x06, 0x7D, 0x06, 0x4D, 0xFE, 0x4D, 0x06, 0x4C, 0x00, 0x00, 0x00, 0x00, 0x00 }, // U+80C6 胆
    { 0x00, 0x00, 0x00, 0x00, 0x04, 0x40, 0x04, 0x46, 0x7C, 0x78, 0x04, 0x40, 0x3C, 0x42, 0x64, 0x3E, 0x00, 0x00, 0x3F, 0xFC, 0x30, 0x0C, 0x3F, 0xFC, 0x30, 0x0C, 0x3F, 0xFC, 0x00, 0x00, 0x00, 0x00 }, // U+80CC 背
    { 0x00, 0x00, 0x00, 0x00, 0x7C, 0x60, 0x44, 0x48, 0x44, 0xC4, 0x45, 0x86, 0x7F, 0xFE, 0x44, 0x02, 0x44, 0x00, 0x45, 0xFE, 0x7D, 0x06, 0x45, 0x06, 0x45, 0x06, 0x45, 0x06, 0x00, 0x00, 0x00, 0x00 }, // U+80CE 胎
    { 0x00, 0x00, 0x00, 0x00, 0x7C, 0x20, 0x4F, 0x22, 0x4D, 0x26, 0x4C, 0xAC, 0x7C, 0x20, 0x4F, 0xFE, 0x4C, 0x20, 0x4C, 0x20, 0x7C, 0x20, 0x4F, 0xFF, 0x4C, 0x20, 0x4C, 0x20, 0x00, 0x00, 0x00, 0x00 }, // U+80D6 胖
    { 0x00, 0x00, 0x00, 0x00, 0x7F, 0xFF, 0x64, 0x30, 0x44, 0x20, 0x44, 0x60, 0x7C, 0x68, 0x44, 0xEC, 0x45, 0xA4, 0x45, 0x22, 0x7E, 0x22, 0x44, 0x20, 0x44, 0x20, 0x44, 0x20, 0x00, 0x00, 0x00, 0x00 }, // U+80DA 胚
    { 0x00, 0x00, 0x00, 0x00, 0x00, 0x10, 0x7C, 0x90, 0x65, 0x90, 0x65, 0x10, 0x65, 0xFF, 0x7F, 0x30, 0x66, 0x10, 0x64, 0x10, 0x65, 0xFE, 0x7C, 0x30, 0x44, 0x10, 0x44, 0x10, 0x00, 0x00, 0x00, 0x00 }, // U+80DC 胜
    { 0x00, 0x00, 0x00, 0x00, 0x78, 0x80, 0x49, 0x80, 0x49, 0xFE, 0x4B, 0x02, 0x7E, 0x02, 0x4F, 0xF2, 0x49, 0x12, 0x49, 0x12, 0x79, 0xF6, 0x49, 0x04, 0x49, 0x3D, 0x49, 0x03, 0x00, 0x00, 0x00, 0x00 }, // U+80DE 胞
    { 0x00, 0x00, 0x00, 0x00, 0x10, 0xFE, 0x10, 0xC2, 0x10, 0xC2, 0xFF, 0xC2, 0x18, 0xFE, 0x10, 0xC2, 0x10, 0xC2, 0x7E, 0x82, 0x42, 0xFE, 0x42, 0x82, 0x42, 0x82, 0x7E, 0x82, 0x00, 0x00, 0x00, 0x00 }, // U+80E1 胡
    { 0x00, 0x00, 0x00, 0x00, 0x78, 0x20, 0x48, 0x20, 0x4B, 0xFE, 0x48, 0xC8, 0x79, 0x84, 0x4E, 0xFB, 0x48, 0x00, 0x4B, 0xFE, 0x78, 0x80, 0x49, 0x80, 0x49, 0xFC, 0x48, 0x04, 0x00, 0x00, 0x00, 0x00 }, // U+80EF 胯
    { 0x00, 0x00, 0x00, 0x00, 0x78, 0x20, 0x48, 0x20, 0x4B, 0xFE, 0x48, 0x20, 0x7B, 0xFE, 0x48, 0x22, 0x49, 0xFE, 0x49, 0x22, 0x7A, 0x20, 0x4B, 0xFF, 0x48, 0x76, 0x48, 0xD0, 0x00, 0x00, 0x00, 0x00 }, // U+80F0 胰
    { 0x00, 0x00, 0x00, 0x00, 0x7C, 0x40, 0x44, 0x80, 0x45, 0xFE, 0x45, 0x84, 0x7F, 0xC8, 0x44, 0x70, 0x44, 0x7C, 0x47, 0x87, 0x7C, 0x00, 0x45, 0xFC, 0x45, 0x84, 0x45, 0x04, 0x00, 0x00, 0x00, 0x00 }, // U+80F3 胳
    { 0x00, 0x00, 0x00, 0x00, 0x00, 0x20, 0x7C, 0x20, 0x47, 0xFF, 0x44, 0x00, 0x44, 0x88, 0x7C, 0x8C, 0x45, 0x06, 0x46, 0x8A, 0x44, 0x88, 0x7C, 0x48, 0x44, 0x70, 0x44, 0x30, 0x00, 0x00, 0x00, 0x00 }, // U+80F6 胶
    { 0x00, 0x00, 0x00, 0x00, 0x79, 0x80, 0x49, 0x00, 0x4B, 0xFE, 0x4E, 0x02, 0x78, 0x22, 0x4B, 0xA2, 0x4A, 0x6A, 0x4A, 0x4A, 0x7B, 0xEA, 0x4B, 0xBA, 0x4A, 0x0A, 0x4B, 0xFA, 0x00, 0x00, 0x00, 0x00 }, // U+80F8 胸
    { 0x00, 0x00, 0x00, 0x00, 0x7C, 0x20, 0x6C, 0x20, 0x6D, 0xFE, 0x6D, 0x02, 0x7D, 0x62, 0x6C, 0x40, 0x6F, 0xFF, 0x6C, 0x8C, 0x7C, 0x88, 0x6D, 0x88, 0x4C, 0x70, 0x4C, 0x78, 0x00, 0x00, 0x00, 0x00 }, // U+80FA 胺
    { 0x00, 0x00, 0x00, 0x00, 0x10, 0x40, 0x10, 0x42, 0x22, 0x5C, 0x42, 0x72, 0xFF, 0x42, 0x01, 0x42, 0x7F, 0x3E, 0x43, 0x00, 0x43, 0x42, 0x7F, 0x46, 0x43, 0x58, 0x7F, 0x72, 0x00, 0x00, 0x00, 0x00 }, // U+80FD 能
    { 0x00, 0x00, 0x00, 0x00, 0x7D, 0x00, 0x45, 0x02, 0x45, 0x1C, 0x45, 0xE1, 0x7D, 0x02, 0x44, 0xFE, 0x44, 0x00, 0x45, 0xFE, 0x7D, 0x02, 0x45, 0xFE, 0x45, 0x02, 0x45, 0x02, 0x00, 0x00, 0x00, 0x00 }, // U+8102 脂
    { 0x00, 0x00, 0x00, 0x00, 0x78, 0xC0, 0x48, 0xFC, 0x49, 0x0C, 0x4B, 0x08, 0x4F, 0xFF, 0x79, 0x00, 0x49, 0x00, 0x49, 0x7C, 0x49, 0x44, 0x79, 0x44, 0x49, 0x44, 0x49, 0x5C, 0x00, 0x00, 0x00, 0x00 }, // U+8106 脆
    { 0x00, 0x00, 0x00, 0x00, 0x00, 0xC0, 0x78, 0x70, 0x48, 0x18, 0x4B, 0xE0, 0x48, 0x22, 0x78, 0x26, 0x4B, 0xBC, 0x48, 0xB8, 0x48, 0xB0, 0x79, 0xB8, 0x49, 0x28, 0x49, 0x24, 0x00, 0x00, 0x00, 0x00 }, // U+8109 脉
    { 0x00, 0x00, 0x00, 0x00, 0x31, 0x8C, 0x09, 0x30, 0x0D, 0xB0, 0x73, 0xCE, 0x06, 0x60, 0x1C, 0x38, 0x7F, 0xFE, 0x10, 0x08, 0x1F, 0xF8, 0x10, 0x08, 0x1F, 0xF8, 0x10, 0x08, 0x00, 0x00, 0x00, 0x00 }, // U+810A 脊
    { 0x00, 0x00, 0x00, 0x00, 0x00, 0x30, 0x78, 0x10, 0x49, 0xFF, 0x49, 0x00, 0x49, 0x10, 0x79, 0x10, 0x49, 0x10, 0x49, 0x7E, 0x49, 0x10, 0x79, 0x10, 0x49, 0x10, 0x49, 0x10, 0x00, 0x00, 0x00, 0x00 }, // U+810F 脏
    { 0x00, 0x00, 0x00, 0x00, 0x78, 0x20, 0x48, 0x20, 0x4B, 0xFF, 0x48, 0x8C, 0x78, 0xC8, 0x48, 0x70, 0x48, 0xF8, 0x4F, 0x06, 0x78, 0x00, 0x48, 0x88, 0x48, 0x88, 0x48, 0x88, 0x00, 0x00, 0x00, 0x00 }, // U+8110 脐
    { 0x00, 0x00, 0x00, 0x00, 0x00, 0x20, 0x78, 0x30, 0x4B, 0xFF, 0x48, 0x00, 0x48, 0x88, 0x79, 0x4A, 0x49, 0x72, 0x49, 0x32, 0x49, 0x32, 0x79, 0x72, 0x49, 0x4A, 0x49, 0x8A, 0x00, 0x00, 0x00, 0x00 }, // U+8111 脑
    { 0x00, 0x00, 0x00, 0x00, 0x78, 0x20, 0x48, 0x20, 0x4B, 0xFE, 0x4A, 0x62, 0x78, 0x60, 0x48, 0x62, 0x48, 0xA6, 0x48, 0x9C, 0x79, 0x98, 0x4B, 0x88, 0x4E, 0x8C, 0x48, 0xB6, 0x00, 0x00, 0x00, 0x00 }, // U+8113 脓
    { 0x00, 0x00, 0x00, 0x00, 0x78, 0x20, 0x48, 0x20, 0x49, 0xFE, 0x48, 0x20, 0x7B, 0xFF, 0x4A, 0x03, 0x4A, 0xFF, 0x48, 0x18, 0x78, 0x30, 0x4B, 0xFF, 0x48, 0x30, 0x48, 0x20, 0x00, 0x00, 0x00, 0x00 }, // U+8116 脖
    { 0x00, 0x00, 0x00, 0x00, 0x01, 0x80, 0x79, 0x9E, 0x49, 0x92, 0x4B, 0xD2, 0x49, 0x92, 0x79, 0x92, 0x4F, 0xF2, 0x49, 0x12, 0x49, 0x12, 0x7B, 0x12, 0x4A, 0x52, 0x4A, 0xD2, 0x00, 0x00, 0x00, 0x00 }, // U+811A 脚
    { 0x00, 0x00, 0x00, 0x00, 0x78, 0x28, 0x48, 0x24, 0x4B, 0xFF, 0x48, 0x20, 0x7B, 0xFE, 0x4B, 0x22, 0x4B, 0x22, 0x4B, 0xFE, 0x7B, 0x22, 0x4B, 0x22, 0x4B, 0xFE, 0x4B, 0x22, 0x00, 0x00, 0x00, 0x00 }, // U+812F 脯
    { 0x00, 0x00, 0x00, 0x00, 0x00, 0x84, 0x78, 0x88, 0x48, 0x58, 0x49, 0xFC, 0x49, 0x04, 0x79, 0x04, 0x49, 0x04, 0x49, 0xFC, 0x49, 0x54, 0x79, 0x54, 0x48, 0xD0, 0x48, 0x91, 0x00, 0x00, 0x00, 0x00 }, // U+8131 脱
    { 0x00, 0x00, 0x00, 0x00, 0x00, 0x30, 0x7C, 0x70, 0x4C, 0xD8, 0x4D, 0x8C, 0x4F, 0x06, 0x7E, 0x03, 0x4D, 0xFC, 0x4C, 0x00, 0x4D, 0x26, 0x7D, 0x24, 0x4D, 0xA4, 0x4C, 0xA8, 0x00, 0x00, 0x00, 0x00 }, // U+8138 脸
    { 0x00, 0x00, 0x00, 0x00, 0x78, 0x20, 0x48, 0x20, 0x49, 0xFE, 0x49, 0x22, 0x79, 0xFE, 0x49, 0x22, 0x49, 0xFE, 0x48, 0x42, 0x78, 0x90, 0x49, 0x10, 0x4F, 0xFF, 0x48, 0x10, 0x00, 0x00, 0x00, 0x00 }, // U+813E 脾
    { 0x00, 0x00, 0x00, 0x00, 0x78, 0x50, 0x48, 0x50, 0x4B, 0xFE, 0x4A, 0x52, 0x7A, 0x52, 0x4B, 0xFE, 0x4A, 0x52, 0x4A, 0x52, 0x4A, 0x52, 0x7F, 0xFF, 0x48, 0x00, 0x48, 0x88, 0x00, 0x00, 0x00, 0x00 }, // U+8146 腆
    { 0x00, 0x00, 0x00, 0x00, 0x00, 0x88, 0x78, 0x88, 0x4B, 0xFE, 0x48, 0x88, 0x48, 0x88, 0x7F, 0xFF, 0x48, 0x00, 0x49, 0xFE, 0x49, 0x06, 0x79, 0x06, 0x49, 0xFE, 0x49, 0x06, 0x00, 0x00, 0x00, 0x00 }, // U+814A 腊
    { 0x00, 0x00, 0x00, 0x00, 0x78, 0x20, 0x48, 0x20, 0x4B, 0xFF, 0x48, 0x90, 0x79, 0xB0, 0x49, 0x3E, 0x4B, 0x62, 0x4F, 0x62, 0x7F, 0x6C, 0x49, 0x24, 0x49, 0x18, 0x49, 0x18, 0x00, 0x00, 0x00, 0x00 }, // U+814B 腋
    { 0x00, 0x00, 0x00, 0x00, 0x00, 0x80, 0x00, 0x80, 0x3F, 0xFE, 0x26, 0x04, 0x2D, 0xFE, 0x35, 0x04, 0x24, 0x78, 0x20, 0x40, 0x2F, 0xFC, 0x69, 0xC4, 0x4A, 0x94, 0x49, 0xE4, 0x00, 0x00, 0x00, 0x00 }, // U+8150 腐
    { 0x00, 0x00, 0x00, 0x00, 0x78, 0x20, 0x48, 0x10, 0x4B, 0xFF, 0x4A, 0x00, 0x7A, 0x44, 0x4A, 0x44, 0x4A, 0xFF, 0x4B, 0xC4, 0x7B, 0xE4, 0x4A, 0x54, 0x4A, 0x54, 0x4A, 0x44, 0x00, 0x00, 0x00, 0x00 }, // U+8151 腑
    { 0x00, 0x00, 0x00, 0x00, 0x7C, 0x20, 0x6C, 0x30, 0x6D, 0xFE, 0x6D, 0x02, 0x6D, 0x4A, 0x7C, 0xCC, 0x6F, 0x02, 0x6C, 0x00, 0x6D, 0xFE, 0x7C, 0x20, 0x6C, 0x20, 0x4C, 0x20, 0x00, 0x00, 0x00, 0x00 }, // U+8154 腔
    { 0x00, 0x00, 0x00, 0x00, 0x00, 0x20, 0x78, 0x20, 0x4B, 0xFF, 0x4A, 0x03, 0x49, 0x00, 0x79, 0xDE, 0x49, 0x52, 0x4A, 0x52, 0x4E, 0x52, 0x7D, 0xD2, 0x48, 0x9E, 0x48, 0x91, 0x00, 0x00, 0x00, 0x00 }, // U+8155 腕
    { 0x00, 0x00, 0x00, 0x00, 0x79, 0xFE, 0x49, 0x02, 0x49, 0xFE, 0x49, 0x02, 0x79, 0x02, 0x49, 0xFE, 0x48, 0x92, 0x49, 0x30, 0x7B, 0xFE, 0x4E, 0x30, 0x49, 0xFE, 0x48, 0x30, 0x00, 0x00, 0x00, 0x00 }, // U+8165 腥
    { 0x00, 0x00, 0x00, 0x00, 0x79, 0xFE, 0x49, 0x22, 0x49, 0x22, 0x49, 0xFE, 0x79, 0x22, 0x49, 0x22, 0x49, 0xFE, 0x49, 0x02, 0x78, 0x20, 0x48, 0x32, 0x49, 0x96, 0x4A, 0x8D, 0x00, 0x00, 0x00, 0x00 }, // U+816E 腮
    { 0x00, 0x00, 0x00, 0x00, 0x7B, 0xFE, 0x48, 0x48, 0x4B, 0xFE, 0x4A, 0x4A, 0x7A, 0x4A, 0x4B, 0xFE, 0x4A, 0x02, 0x48, 0x40, 0x7B, 0xFF, 0x48, 0x88, 0x49, 0x98, 0x00, 0x00, 0x00, 0x00, 0x00, 0x00 }, // U+8170 腰
    { 0x00, 0x00, 0x00, 0x00, 0x7C, 0x80, 0x4D, 0xFE, 0x4D, 0x00, 0x4F, 0xFE, 0x7D, 0x02, 0x4D, 0xFE, 0x4D, 0x02, 0x4D, 0xFE, 0x7C, 0x80, 0x4D, 0xFE, 0x4D, 0x84, 0x4E, 0x78, 0x00, 0x00, 0x00, 0x00 }, // U+8179 腹
    { 0x00, 0x00, 0x00, 0x00, 0x78, 0x40, 0x48, 0x40, 0x49, 0xFE, 0x49, 0x06, 0x79, 0xFE, 0x49, 0x06, 0x49, 0xFE, 0x49, 0x26, 0x78, 0x30, 0x4F, 0xBE, 0x48, 0xAC, 0x49, 0x26, 0x00, 0x00, 0x00, 0x00 }, // U+817A 腺
    { 0x00, 0x00, 0x00, 0x00, 0x78, 0x08, 0x48, 0x0A, 0x4B, 0xFF, 0x48, 0x08, 0x7B, 0xE8, 0x48, 0x08, 0x4B, 0xE8, 0x48, 0x08, 0x7B, 0xE8, 0x4A, 0xA8, 0x4A, 0xAD, 0x4A, 0xA5, 0x00, 0x00, 0x00, 0x00 }, // U+817B 腻
    { 0x00, 0x00, 0x00, 0x00, 0x00, 0x20, 0x79, 0x24, 0x49, 0x2C, 0x4B, 0xFE, 0x48, 0x40, 0x7B, 0xFE, 0x48, 0x88, 0x49, 0xFC, 0x4E, 0x0B, 0x78, 0x98, 0x49, 0xFE, 0x48, 0x06, 0x00, 0x00, 0x00, 0x00 }, // U+817E 腾
    { 0x00, 0x00, 0x00, 0x00, 0x7A, 0x7E, 0x4B, 0x46, 0x49, 0x7E, 0x48, 0x46, 0x78, 0x46, 0x4F, 0x7E, 0x49, 0x42, 0x49, 0x52, 0x79, 0x4C, 0x49, 0x5C, 0x49, 0x76, 0x00, 0x00, 0x00, 0x00, 0x00, 0x00 }, // U+817F 腿
    { 0x00, 0x00, 0x00, 0x00, 0x78, 0x20, 0x48, 0x20, 0x4B, 0xFE, 0x48, 0x88, 0x78, 0xC8, 0x4B, 0xFE, 0x4A, 0x22, 0x48, 0x20, 0x7B, 0xFF, 0x48, 0x80, 0x48, 0xFC, 0x48, 0x84, 0x00, 0x00, 0x00, 0x00 }, // U+8180 膀
    { 0x00, 0x00, 0x00, 0x00, 0x78, 0x24, 0x4B, 0xFF, 0x48, 0x20, 0x49, 0xFE, 0x79, 0x22, 0x49, 0xFE, 0x49, 0x22, 0x49, 0xFE, 0x79, 0x22, 0x48, 0x0C, 0x4F, 0xFF, 0x49, 0x0C, 0x00, 0x00, 0x00, 0x00 }, // U+818A 膊
    { 0x00, 0x00, 0x00, 0x00, 0x01, 0x00, 0x7F, 0xFE, 0x00, 0x00, 0x1F, 0xF8, 0x10, 0x08, 0x7F, 0xFE, 0x40, 0x02, 0x5F, 0xFA, 0x10, 0x08, 0x30, 0x0C, 0x30, 0x0C, 0x3F, 0xFC, 0x00, 0x00, 0x00, 0x00 }, // U+818F 膏
    { 0x00, 0x00, 0x00, 0x00, 0x7B, 0xFF, 0x48, 0x50, 0x48, 0x50, 0x4B, 0xFE, 0x7A, 0x52, 0x4A, 0x52, 0x4B, 0xFE, 0x48, 0x00, 0x79, 0xFC, 0x48, 0x00, 0x4B, 0xFF, 0x48, 0xA8, 0x00, 0x00, 0x00, 0x00 }, // U+8198 膘
    { 0x00, 0x00, 0x00, 0x00, 0x78, 0x20, 0x49, 0x20, 0x49, 0xA6, 0x4B, 0xFE, 0x7A, 0x02, 0x4B, 0xFE, 0x49, 0x04, 0x49, 0x04, 0x79, 0xFC, 0x48, 0x20, 0x4B, 0xFE, 0x48, 0x20, 0x00, 0x00, 0x00, 0x00 }, // U+819B 膛
    { 0x00, 0x00, 0x00, 0x00, 0x00, 0x88, 0x7B, 0xFE, 0x48, 0x88, 0x48, 0x00, 0x49, 0xFE, 0x79, 0x02, 0x49, 0xFE, 0x49, 0x02, 0x49, 0xFE, 0x79, 0x22, 0x48, 0x20, 0x4B, 0xFE, 0x00, 0x00, 0x00, 0x00 }, // U+819C 膜
    { 0x00, 0x00, 0x00, 0x00, 0x00, 0x20, 0x78, 0x20, 0x4B, 0xFE, 0x48, 0x60, 0x49, 0xB8, 0x7A, 0x32, 0x48, 0xD8, 0x49, 0x8C, 0x4E, 0x23, 0x79, 0x24, 0x48, 0xA8, 0x48, 0x68, 0x00, 0x00, 0x00, 0x00 }, // U+819D 膝
    { 0x00, 0x00, 0x00, 0x00, 0x78, 0x80, 0x48, 0x82, 0x4F, 0xE4, 0x48, 0x88, 0x7B, 0xF2, 0x48, 0x06, 0x48, 0x04, 0x4B, 0xC8, 0x7B, 0xD0, 0x48, 0x42, 0x48, 0x44, 0x48, 0xEC, 0x00, 0x00, 0x00, 0x00 }, // U+81A8 膨
    { 0x00, 0x00, 0x00, 0x00, 0x78, 0x80, 0x48, 0x88, 0x4F, 0xFE, 0x48, 0x20, 0x7B, 0xFE, 0x48, 0x20, 0x4F, 0xFE, 0x49, 0x24, 0x7F, 0xFF, 0x48, 0x00, 0x49, 0xFE, 0x49, 0x06, 0x00, 0x00, 0x00, 0x00 }, // U+81B3 膳
    { 0x00, 0x00, 0x00, 0x00, 0x7F, 0x3C, 0x41, 0x24, 0x7F, 0xC7, 0x4A, 0x7E, 0x7F, 0x24, 0x4A, 0x18, 0x91, 0x67, 0x3F, 0xFC, 0x10, 0x04, 0x1F, 0xFC, 0x10, 0x04, 0x1F, 0xFC, 0x00, 0x00, 0x00, 0x00 }, // U+81C0 臀
    { 0x00, 0x00, 0x00, 0x00, 0x00, 0x10, 0x7F, 0x10, 0x41, 0xFE, 0x7F, 0x24, 0x40, 0xFF, 0x7F, 0x10, 0x61, 0xFE, 0x21, 0x10, 0x3F, 0xFC, 0x10, 0x04, 0x1F, 0xFC, 0x10, 0x04, 0x00, 0x00, 0x00, 0x00 }, // U+81C2 臂
    { 0x00, 0x00, 0x00, 0x00, 0x78, 0x20, 0x48, 0x20, 0x4F, 0xFF, 0x49, 0x38, 0x7A, 0x24, 0x4A, 0xFF, 0x4F, 0xE4, 0x49, 0x3E, 0x7A, 0xA4, 0x4F, 0xA4, 0x48, 0xBE, 0x49, 0x24, 0x00, 0x00, 0x00, 0x00 }, // U+81C3 臃
    { 0x00, 0x00, 0x00, 0x00, 0x78, 0x20, 0x4B, 0xFE, 0x48, 0x88, 0x4B, 0xFF, 0x78, 0x00, 0x4B, 0xFE, 0x4A, 0x06, 0x4B, 0xFE, 0x7A, 0x06, 0x4B, 0xFE, 0x48, 0x20, 0x4A, 0xA6, 0x00, 0x00, 0x00, 0x00 }, // U+81C6 臆
    { 0x00, 0x00, 0x00, 0x00, 0x7F, 0xFE, 0x60, 0x80, 0x60, 0x80, 0x60, 0x80, 0x7F, 0xFC, 0x60, 0x04, 0x60, 0x04, 0x60, 0x04, 0x7F, 0xFC, 0x60, 0x84, 0x60, 0x80, 0x00, 0x00, 0x00, 0x00, 0x00, 0x00 }, // U+81E3 臣
    { 0x00, 0x00, 0x00, 0x00, 0x01, 0x00, 0x03, 0x00, 0x3F, 0xFC, 0x20, 0x04, 0x20, 0x04, 0x20, 0x04, 0x3F, 0xFC, 0x20, 0x04, 0x20, 0x04, 0x3F, 0xFC, 0x20, 0x04, 0x20, 0x04, 0x00, 0x00, 0x00, 0x00 }, // U+81EA 自
    { 0x00, 0x00, 0x00, 0x00, 0x03, 0x00, 0x3F, 0xFC, 0x20, 0x04, 0x3F, 0xFC, 0x20, 0x04, 0x3F, 0xFC, 0x20, 0x04, 0x3F, 0xFC, 0x21, 0x24, 0x01, 0x10, 0xFF, 0xFF, 0x03, 0xC0, 0x00, 0x00, 0x00, 0x00 }, // U+81ED 臭
    { 0x00, 0x00, 0x00, 0x00, 0x7F, 0xFE, 0x02, 0x00, 0x04, 0x20, 0x18, 0x10, 0x30, 0x18, 0x3F, 0xFC, 0x01, 0x82, 0x01, 0x80, 0x7F, 0xFE, 0x01, 0x80, 0x01, 0x80, 0x00, 0x00, 0x00, 0x00, 0x00, 0x00 }, // U+81F3 至
    { 0x00, 0x00, 0x00, 0x00, 0x00, 0x20, 0xFF, 0x60, 0x10, 0x40, 0x24, 0x7F, 0x26, 0xC4, 0x7E, 0xC4, 0x62, 0x44, 0x18, 0x44, 0x18, 0x48, 0x7F, 0x28, 0x18, 0x38, 0x18, 0x30, 0x00, 0x00, 0x00, 0x00 }, // U+81F4 致
    { 0x00, 0x00, 0x00, 0x00, 0x00, 0x20, 0xFC, 0x20, 0x23, 0xFE, 0x28, 0x20, 0x49, 0xFE, 0x7C, 0x40, 0x47, 0xFF, 0x10, 0x88, 0x11, 0xFC, 0xFE, 0x23, 0x13, 0xFE, 0x10, 0x2C, 0x00, 0x00, 0x00, 0x00 }, // U+81FB 臻
    { 0x00, 0x00, 0x00, 0x00, 0x06, 0x00, 0x78, 0x7E, 0x60, 0x06, 0x60, 0x06, 0x60, 0x06, 0x60, 0x06, 0x60, 0x06, 0x7E, 0x7E, 0x60, 0x06, 0x60, 0x06, 0x60, 0x06, 0x60, 0x06, 0x00, 0x00, 0x00, 0x00 }, // U+81FC 臼
    { 0x00, 0x00, 0x00, 0x00, 0x00, 0x1E, 0x7F, 0xF0, 0x01, 0x04, 0x31, 0x88, 0x10, 0x90, 0x06, 0x00, 0x38, 0x7C, 0x20, 0x04, 0x20, 0x04, 0x3E, 0x7C, 0x20, 0x04, 0x20, 0x04, 0x00, 0x00, 0x00, 0x00 }, // U+8200 舀
    { 0x00, 0x00, 0x00, 0x00, 0x06, 0x00, 0x38, 0x7C, 0x20, 0x04, 0x3E, 0x7C, 0x20, 0x04, 0x3F, 0xFC, 0x21, 0x84, 0x3F, 0xFC, 0x21, 0x84, 0x3F, 0xFC, 0x02, 0x00, 0x7F, 0xFC, 0x00, 0x00, 0x00, 0x00 }, // U+8205 舅
    { 0x00, 0x00, 0x00, 0x00, 0x19, 0x00, 0x61, 0x1E, 0x67, 0xE6, 0x62, 0x06, 0x7A, 0x9E, 0x63, 0xC6, 0x78, 0x9E, 0x67, 0xE6, 0x60, 0x86, 0xFF, 0xFF, 0x00, 0x00, 0x04, 0x20, 0x00, 0x00, 0x00, 0x00 }, // U+8206 舆
    { 0x00, 0x00, 0x00, 0x00, 0x00, 0x7C, 0x7F, 0xE0, 0x01, 0x80, 0x01, 0x80, 0xFF, 0xFF, 0x01, 0x80, 0x01, 0x80, 0x01, 0x80, 0x3F, 0xFC, 0x30, 0x0C, 0x30, 0x0C, 0x30, 0x0C, 0x00, 0x00, 0x00, 0x00 }, // U+820C 舌
    { 0x00, 0x00, 0x00, 0x00, 0x01, 0x80, 0x03, 0xC0, 0x06, 0x20, 0x18, 0x18, 0x7F, 0xFE, 0x41, 0x82, 0x01, 0x80, 0x7F, 0xFE, 0x01, 0x80, 0x1F, 0xF8, 0x10, 0x08, 0x10, 0x08, 0x00, 0x00, 0x00, 0x00 }, // U+820D 舍
    { 0x00, 0x00, 0x00, 0x00, 0x18, 0x00, 0x1C, 0xFE, 0x23, 0x06, 0x21, 0x2C, 0x7E, 0x38, 0x88, 0x10, 0x08, 0xFF, 0x7F, 0x13, 0x08, 0x12, 0x08, 0x12, 0x7E, 0x10, 0x42, 0x10, 0x00, 0x00, 0x00, 0x00 }, // U+8212 舒
    { 0x00, 0x00, 0x00, 0x00, 0x0D, 0xFE, 0x7C, 0x20, 0x10, 0x20, 0x10, 0x20, 0xFF, 0xFF, 0x10, 0x48, 0x10, 0x88, 0x11, 0xA4, 0x7E, 0x26, 0x44, 0xA2, 0x45, 0xAC, 0x45, 0x2A, 0x00, 0x00, 0x00, 0x00 }, // U+8214 舔
    { 0x00, 0x00, 0x00, 0x00, 0x00, 0x3E, 0x7F, 0xFE, 0x11, 0x08, 0x18, 0x98, 0x7F, 0xFE, 0x40, 0x02, 0x50, 0x18, 0x3E, 0xFE, 0x22, 0x18, 0x52, 0x98, 0x0C, 0x98, 0x08, 0xFF, 0x00, 0x00, 0x00, 0x00 }, // U+821C 舜
    { 0x00, 0x00, 0x00, 0x00, 0x30, 0x00, 0x7F, 0xFE, 0x12, 0x48, 0x12, 0x48, 0x7F, 0xFE, 0x12, 0x48, 0x12, 0x48, 0x7F, 0xFF, 0x10, 0x18, 0x3F, 0xFE, 0x62, 0x98, 0xD6, 0x98, 0x00, 0x00, 0x00, 0x00 }, // U+821E 舞
    { 0x00, 0x00, 0x01, 0x00, 0x03, 0x00, 0x1F, 0xF8, 0x10, 0x08, 0x10, 0x08, 0x11, 0x88, 0x10, 0x88, 0x10, 0x08, 0xFF, 0xFF, 0x10, 0x08, 0x10, 0x08, 0x11, 0x88, 0x30, 0x88, 0x00, 0x00, 0x00, 0x00 }, // U+821F 舟
    { 0x00, 0x00, 0x00, 0x00, 0x10, 0x20, 0x10, 0x20, 0x7C, 0x20, 0x45, 0xFE, 0x54, 0x00, 0x54, 0x00, 0x44, 0xF8, 0xFC, 0x88, 0x44, 0x88, 0x54, 0x88, 0x54, 0x88, 0x44, 0x89, 0x00, 0x00, 0x00, 0x00 }, // U+822A 航
    { 0x00, 0x00, 0x00, 0x00, 0x10, 0x00, 0x10, 0x7C, 0x7C, 0x4C, 0x64, 0xCC, 0x54, 0x8C, 0x4D, 0x07, 0x44, 0x00, 0xFD, 0xFC, 0x64, 0x84, 0x54, 0x4C, 0x54, 0x48, 0x4C, 0x30, 0x00, 0x00, 0x00, 0x00 }, // U+822C 般
    { 0x00, 0x00, 0x00, 0x00, 0x10, 0xFE, 0x10, 0x86, 0x7C, 0x92, 0x44, 0x92, 0x54, 0x92, 0x44, 0xB2, 0x44, 0xB2, 0xFC, 0xA2, 0x44, 0xB2, 0x54, 0x30, 0x4C, 0x71, 0x44, 0xD1, 0x00, 0x00, 0x00, 0x00 }, // U+8230 舰
    { 0x00, 0x00, 0x10, 0x30, 0x10, 0x30, 0x3C, 0x48, 0x24, 0x4C, 0x34, 0x86, 0x25, 0x02, 0x27, 0xFC, 0xFC, 0x84, 0x24, 0x84, 0x34, 0x84, 0x34, 0x8C, 0x6C, 0xB8, 0x44, 0x82, 0x00, 0x00, 0x00, 0x00 }, // U+8231 舱
    { 0x00, 0x00, 0x00, 0x00, 0x10, 0x10, 0x10, 0x10, 0x7E, 0x10, 0x67, 0xFE, 0x77, 0x82, 0x6E, 0x00, 0x66, 0xC4, 0xFE, 0xCC, 0x66, 0xF8, 0x76, 0xE0, 0x7E, 0xC0, 0x4E, 0xC2, 0x00, 0x00, 0x00, 0x00 }, // U+8235 舵
    { 0x00, 0x00, 0x00, 0x00, 0x10, 0x30, 0x10, 0x20, 0x7C, 0x20, 0x44, 0xFE, 0x54, 0x82, 0x44, 0x82, 0x44, 0x82, 0xFC, 0xFE, 0x44, 0x82, 0x54, 0x82, 0x4C, 0x82, 0x44, 0x82, 0x00, 0x00, 0x00, 0x00 }, // U+8236 舶
    { 0x00, 0x00, 0x00, 0x00, 0x10, 0x20, 0x10, 0x30, 0x7C, 0x10, 0x47, 0xFF, 0x54, 0x60, 0x54, 0x44, 0x44, 0x8C, 0xFD, 0xF8, 0x44, 0x30, 0x54, 0x60, 0x54, 0x44, 0x44, 0x86, 0x00, 0x00, 0x00, 0x00 }, // U+8237 舷
    { 0x00, 0x00, 0x00, 0x00, 0x10, 0x00, 0x10, 0x7C, 0x7E, 0x4C, 0x66, 0x4C, 0x76, 0xCC, 0x6F, 0x8C, 0x67, 0x07, 0xFE, 0x00, 0x66, 0xFE, 0x56, 0x86, 0x5E, 0x86, 0x4E, 0x86, 0x00, 0x00, 0x00, 0x00 }, // U+8239 船
    { 0x00, 0x00, 0x00, 0x00, 0x10, 0x06, 0x13, 0xFC, 0x7C, 0x88, 0x44, 0x88, 0x75, 0x08, 0x5F, 0x3E, 0x47, 0xC8, 0xFC, 0x48, 0x46, 0x88, 0x76, 0x88, 0x55, 0xBF, 0x5D, 0x80, 0x00, 0x00, 0x00, 0x00 }, // U+8247 艇
    { 0x00, 0x00, 0x00, 0x00, 0x10, 0xE0, 0x11, 0x3E, 0x7D, 0x22, 0x45, 0xEE, 0x75, 0x22, 0x5D, 0x22, 0x45, 0xFE, 0xFD, 0x22, 0x44, 0x20, 0x55, 0xFC, 0x5C, 0x84, 0x44, 0x78, 0x00, 0x00, 0x00, 0x00 }, // U+8258 艘
    { 0x00, 0x00, 0x00, 0x00, 0x01, 0x00, 0x01, 0x80, 0x3F, 0xFC, 0x20, 0x0C, 0x20, 0x0C, 0x3F, 0xFC, 0x20, 0x0C, 0x20, 0x0C, 0x3F, 0xFC, 0x23, 0x0C, 0x21, 0x06, 0x20, 0xF8, 0x00, 0x00, 0x00, 0x00 }, // U+826F 良
    { 0x00, 0x00, 0x00, 0x00, 0x01, 0xFC, 0x7D, 0x04, 0x0D, 0x04, 0x0D, 0x04, 0x49, 0xFC, 0x69, 0x04, 0x29, 0x04, 0x39, 0xFC, 0x11, 0x20, 0x19, 0x26, 0x39, 0x3C, 0x25, 0x18, 0x00, 0x00, 0x00, 0x00 }, // U+8270 艰
    { 0x00, 0x00, 0x04, 0x00, 0x0C, 0x00, 0x1F, 0xF0, 0x30, 0x20, 0x60, 0x40, 0x7F, 0xFC, 0x21, 0x84, 0x21, 0x84, 0x21, 0x84, 0x3F, 0xFC, 0x20, 0x04, 0x20, 0x00, 0x20, 0x02, 0x00, 0x00, 0x00, 0x00 }, // U+8272 色
    { 0x00, 0x00, 0x00, 0x00, 0x10, 0x80, 0x10, 0xFC, 0xFD, 0x08, 0x12, 0x10, 0x13, 0xFE, 0x11, 0x26, 0x7D, 0x26, 0x11, 0x26, 0x11, 0x26, 0x11, 0xFE, 0xFD, 0x06, 0x11, 0x06, 0x00, 0x00, 0x00, 0x00 }, // U+8273 艳
    { 0x00, 0x00, 0x04, 0x20, 0x04, 0x20, 0xFF, 0xFF, 0x04, 0x20, 0x04, 0x20, 0x00, 0x00, 0x3F, 0xF8, 0x00, 0x70, 0x00, 0xC0, 0x03, 0x00, 0x0E, 0x02, 0x18, 0x02, 0x30, 0x02, 0x00, 0x00, 0x00, 0x00 }, // U+827A 艺
    { 0x00, 0x00, 0x04, 0x20, 0x04, 0x20, 0xFF, 0xFF, 0x04, 0x20, 0x04, 0x20, 0x00, 0x00, 0x08, 0x10, 0x08, 0x10, 0x0C, 0x30, 0x06, 0x60, 0x02, 0x40, 0x03, 0x80, 0x03, 0xC0, 0x00, 0x00, 0x00, 0x00 }, // U+827E 艾
    { 0x00, 0x00, 0x00, 0x00, 0x04, 0x20, 0x04, 0x20, 0xFF, 0xFF, 0x04, 0x20, 0x04, 0x20, 0x00, 0x00, 0x7F, 0xFC, 0x06, 0x04, 0x04, 0x04, 0x04, 0x04, 0x04, 0x0C, 0x04, 0x0C, 0x00, 0x00, 0x00, 0x00 }, // U+8282 节
    { 0x00, 0x00, 0x00, 0x00, 0x04, 0x20, 0x04, 0x20, 0x7F, 0xFE, 0x04, 0x20, 0x00, 0x00, 0x3F, 0xFC, 0x00, 0x80, 0x00, 0x80, 0x00, 0x80, 0xFF, 0xFF, 0x00, 0x80, 0x00, 0x80, 0x00, 0x00, 0x00, 0x00 }, // U+828B 芋
    { 0x00, 0x00, 0x00, 0x00, 0x0C, 0x30, 0x0C, 0x30, 0xFF, 0xFF, 0x0C, 0x30, 0x18, 0x00, 0x1F, 0xFE, 0x20, 0x04, 0x40, 0x04, 0x44, 0x04, 0x06, 0x04, 0x03, 0x04, 0x01, 0x04, 0x00, 0x00, 0x00, 0x00 }, // U+828D 芍
    { 0x00, 0x00, 0x00, 0x00, 0x04, 0x20, 0x04, 0x20, 0xFF, 0xFF, 0x04, 0x20, 0x05, 0x20, 0x01, 0x80, 0x00, 0x80, 0xFF, 0xFF, 0x10, 0x00, 0x10, 0x00, 0x10, 0x00, 0x10, 0x00, 0x00, 0x00, 0x00, 0x00 }, // U+8292 芒
    { 0x00, 0x00, 0x00, 0x00, 0x04, 0x20, 0x04, 0x20, 0xFF, 0xFF, 0x04, 0x20, 0x00, 0x00, 0x3F, 0xFC, 0x01, 0x00, 0x03, 0x00, 0xFF, 0xFF, 0x02, 0x00, 0x06, 0x81, 0x0C, 0x83, 0x00, 0x00, 0x00, 0x00 }, // U+829C 芜
    { 0x00, 0x00, 0x00, 0x00, 0x04, 0x20, 0xFF, 0xFF, 0x0C, 0x30, 0x05, 0x20, 0x00, 0x80, 0x00, 0x80, 0x3F, 0xFC, 0x00, 0x18, 0x00, 0x30, 0x00, 0xC0, 0x03, 0x00, 0x0C, 0x00, 0x00, 0x00, 0x00, 0x00 }, // U+829D 芝
    { 0x00, 0x00, 0x00, 0x00, 0x04, 0x20, 0x04, 0x20, 0xFF, 0xFF, 0x04, 0x20, 0x01, 0x80, 0x03, 0xC0, 0x0C, 0x30, 0x38, 0x1C, 0x4C, 0x22, 0x0C, 0x20, 0x0C, 0x20, 0x08, 0x20, 0x00, 0x00, 0x00, 0x00 }, // U+82A5 芥
    { 0x00, 0x00, 0x00, 0x00, 0x04, 0x10, 0x04, 0x10, 0x7F, 0xFF, 0x04, 0x10, 0x05, 0x90, 0x3F, 0xFC, 0x30, 0x04, 0x20, 0x04, 0x3F, 0xFC, 0x20, 0x04, 0x20, 0x00, 0x60, 0x00, 0x00, 0x00, 0x00, 0x00 }, // U+82A6 芦
    { 0x00, 0x00, 0x04, 0x20, 0x04, 0x20, 0xFF, 0xFF, 0x04, 0x20, 0x00, 0x00, 0x04, 0x60, 0x0C, 0x30, 0x18, 0x18, 0x60, 0x0E, 0x5F, 0xFA, 0x06, 0x18, 0x04, 0x18, 0x0C, 0x10, 0x00, 0x00, 0x00, 0x00 }, // U+82AC 芬
    { 0x00, 0x00, 0x00, 0x00, 0x04, 0x20, 0x04, 0x20, 0xFF, 0xFF, 0x04, 0x20, 0x00, 0x00, 0x3F, 0xFC, 0x21, 0x84, 0x21, 0x84, 0x3F, 0xFC, 0x20, 0x04, 0x20, 0x02, 0x20, 0x03, 0x00, 0x00, 0x00, 0x00 }, // U+82AD 芭
    { 0x00, 0x00, 0x04, 0x30, 0x04, 0x30, 0x04, 0x30, 0xFF, 0xFF, 0x04, 0x30, 0x04, 0x30, 0x01, 0x00, 0x01, 0x80, 0x28, 0x84, 0x28, 0x84, 0x68, 0x0E, 0x48, 0x1A, 0x48, 0x1A, 0x00, 0x00, 0x00, 0x00 }, // U+82AF 芯
    { 0x00, 0x00, 0x04, 0x20, 0x04, 0x20, 0xFF, 0xFF, 0x04, 0x20, 0x00, 0x00, 0x08, 0x44, 0x08, 0x44, 0x10, 0x58, 0x30, 0x70, 0x50, 0x60, 0x11, 0xC0, 0x13, 0xC2, 0x14, 0x43, 0x00, 0x00, 0x00, 0x00 }, // U+82B1 花
    { 0x00, 0x00, 0x00, 0x00, 0x0C, 0x30, 0x0C, 0x30, 0x7F, 0xFE, 0x0C, 0x30, 0x0D, 0x30, 0x00, 0x80, 0x7F, 0xFE, 0x04, 0x00, 0x04, 0x00, 0x07, 0xF8, 0x0C, 0x08, 0x08, 0x08, 0x00, 0x00, 0x00, 0x00 }, // U+82B3 芳
    { 0x00, 0x00, 0x00, 0x00, 0x04, 0x20, 0x04, 0x20, 0x7F, 0xFE, 0x04, 0x20, 0x00, 0x0C, 0x1F, 0xFC, 0x10, 0x00, 0x10, 0x00, 0x1F, 0xFE, 0x10, 0x60, 0x30, 0x60, 0x20, 0x60, 0x00, 0x00, 0x00, 0x00 }, // U+82B9 芹
    { 0x00, 0x00, 0x0C, 0x30, 0x0C, 0x30, 0xFF, 0xFF, 0x0C, 0x30, 0x0C, 0x30, 0x7F, 0xFE, 0x00, 0x30, 0x10, 0x20, 0x10, 0x20, 0x3F, 0xFE, 0x00, 0xF0, 0x01, 0xA0, 0x06, 0x20, 0x00, 0x00, 0x00, 0x00 }, // U+82BD 芽
    { 0x00, 0x00, 0x00, 0x00, 0x0C, 0x30, 0x0C, 0x30, 0xFF, 0xFF, 0x0C, 0x30, 0x01, 0x00, 0x7F, 0xFE, 0x01, 0x00, 0x3F, 0xFC, 0x01, 0x00, 0x7F, 0xFE, 0x01, 0x06, 0x01, 0x04, 0x00, 0x00, 0x00, 0x00 }, // U+82C7 苇
    { 0x00, 0x00, 0x00, 0x00, 0x04, 0x20, 0x04, 0x20, 0xFF, 0xFF, 0x04, 0x20, 0x01, 0xC0, 0x06, 0x60, 0x38, 0x1C, 0x5F, 0xF6, 0x10, 0x10, 0x10, 0x10, 0x11, 0xF2, 0x10, 0x06, 0x00, 0x00, 0x00, 0x00 }, // U+82CD 苍
    { 0x00, 0x00, 0x0C, 0x30, 0x0C, 0x30, 0xFF, 0xFF, 0x0C, 0x30, 0x0E, 0x30, 0x02, 0x00, 0x7F, 0xF8, 0x02, 0x18, 0x22, 0x1C, 0x22, 0x1E, 0x66, 0x1A, 0x44, 0x1A, 0x4C, 0x13, 0x00, 0x00, 0x00, 0x00 }, // U+82CF 苏
    { 0x00, 0x00, 0x00, 0x00, 0x04, 0x20, 0x04, 0x20, 0xFF, 0xFF, 0x04, 0x30, 0x10, 0x00, 0x3F, 0x7C, 0x23, 0x44, 0x62, 0x44, 0x52, 0x44, 0x1E, 0x5C, 0x0C, 0x42, 0x08, 0x43, 0x00, 0x00, 0x00, 0x00 }, // U+82D1 苑
    { 0x00, 0x00, 0x00, 0x00, 0x0C, 0x30, 0x0C, 0x30, 0xFF, 0xFF, 0x0C, 0x30, 0x03, 0x00, 0x0E, 0x20, 0x38, 0x18, 0x7F, 0xFE, 0x00, 0x02, 0x3F, 0xFC, 0x30, 0x0C, 0x30, 0x0C, 0x00, 0x00, 0x00, 0x00 }, // U+82D4 苔
    { 0x00, 0x00, 0x00, 0x00, 0x04, 0x20, 0x04, 0x20, 0xFF, 0xFF, 0x04, 0x20, 0x00, 0x00, 0x3F, 0xFC, 0x21, 0x84, 0x21, 0x84, 0x3F, 0xFC, 0x21, 0x84, 0x21, 0x84, 0x21, 0x84, 0x00, 0x00, 0x00, 0x00 }, // U+82D7 苗
    { 0x00, 0x00, 0x00, 0x00, 0x04, 0x20, 0x7F, 0xFE, 0x04, 0x20, 0x04, 0x20, 0x00, 0x00, 0xFF, 0xFF, 0x00, 0x0C, 0x3F, 0x8C, 0x30, 0x8C, 0x30, 0x8C, 0x30, 0x8C, 0x3F, 0x8C, 0x00, 0x00, 0x00, 0x00 }, // U+82DB 苛
    { 0x00, 0x00, 0x00, 0x00, 0x04, 0x20, 0xFF, 0xFF, 0x04, 0x20, 0x10, 0x00, 0x1F, 0xFC, 0x20, 0x0C, 0x7F, 0x8C, 0x10, 0x8C, 0x10, 0x8C, 0x1F, 0x88, 0x10, 0x0A, 0x10, 0x7B, 0x00, 0x00, 0x00, 0x00 }, // U+82DE 苞
    { 0x00, 0x00, 0x00, 0x00, 0x04, 0x20, 0xFF, 0xFF, 0x04, 0x20, 0x10, 0x00, 0x1F, 0xFE, 0x20, 0x06, 0x40, 0x06, 0x7F, 0xC6, 0x30, 0x46, 0x30, 0x44, 0x30, 0x44, 0x3F, 0xC4, 0x00, 0x00, 0x00, 0x00 }, // U+82DF 苟
    { 0x00, 0x00, 0x04, 0x10, 0x04, 0x10, 0x7F, 0xFF, 0x04, 0x30, 0x05, 0x10, 0x01, 0x00, 0x7F, 0xFE, 0x06, 0x00, 0x0C, 0x00, 0x1F, 0xFC, 0x78, 0x0C, 0x58, 0x0C, 0x18, 0x0C, 0x00, 0x00, 0x00, 0x00 }, // U+82E5 若
    { 0x00, 0x00, 0x0C, 0x30, 0x0C, 0x30, 0xFF, 0xFF, 0x0C, 0x30, 0x0D, 0xB0, 0x01, 0x80, 0x7F, 0xFE, 0x01, 0x80, 0x01, 0x80, 0x3F, 0xFC, 0x30, 0x0C, 0x30, 0x0C, 0x30, 0x0C, 0x00, 0x00, 0x00, 0x00 }, // U+82E6 苦
    { 0x00, 0x00, 0x00, 0x00, 0x0C, 0x30, 0x0C, 0x30, 0xFF, 0xFF, 0x0C, 0x30, 0x01, 0x00, 0x01, 0xFE, 0x01, 0x00, 0x01, 0x00, 0x3F, 0xFC, 0x20, 0x04, 0x20, 0x04, 0x20, 0x04, 0x00, 0x00, 0x00, 0x00 }, // U+82EB 苫
    { 0x00, 0x00, 0x0C, 0x30, 0x0C, 0x30, 0xFF, 0xFF, 0x0C, 0x30, 0x0D, 0xB0, 0x01, 0x80, 0x7F, 0xFE, 0x03, 0xC0, 0x07, 0xE0, 0x05, 0xA0, 0x09, 0x90, 0x31, 0x88, 0x6F, 0xF6, 0x00, 0x00, 0x00, 0x00 }, // U+82EF 苯
    { 0x00, 0x00, 0x00, 0x00, 0x04, 0x30, 0x04, 0x30, 0xFF, 0xFF, 0x0C, 0x30, 0x01, 0x80, 0x3F, 0xFC, 0x31, 0x8C, 0x31, 0x8C, 0x31, 0x8C, 0xFF, 0xFF, 0x01, 0x80, 0x06, 0x60, 0x00, 0x00, 0x00, 0x00 }, // U+82F1 英
    { 0x00, 0x00, 0x00, 0x00, 0x0C, 0x30, 0xFF, 0xFF, 0x0C, 0x30, 0x0C, 0x30, 0x7F, 0xFE, 0x01, 0x80, 0x11, 0x88, 0x19, 0x88, 0x09, 0x90, 0x09, 0x90, 0xFF, 0xFF, 0x01, 0x80, 0x00, 0x00, 0x00, 0x00 }, // U+82F9 苹
    { 0x00, 0x00, 0x00, 0x00, 0x04, 0x20, 0xFF, 0xFF, 0x04, 0x30, 0x01, 0x80, 0x21, 0x84, 0x21, 0x84, 0x3F, 0xFC, 0x01, 0x84, 0x01, 0x80, 0x61, 0x86, 0x61, 0x86, 0x61, 0x86, 0x00, 0x00, 0x00, 0x00 }, // U+8301 茁
    { 0x00, 0x00, 0x04, 0x20, 0x04, 0x20, 0xFF, 0xFF, 0x04, 0x20, 0x00, 0x88, 0x00, 0x84, 0x3F, 0xFE, 0x20, 0x80, 0x20, 0x84, 0x20, 0xC8, 0x20, 0x50, 0x20, 0x63, 0x20, 0xE3, 0x00, 0x00, 0x00, 0x00 }, // U+8302 茂
    { 0x00, 0x00, 0x04, 0x20, 0x04, 0x20, 0xFF, 0xFF, 0x04, 0x20, 0x20, 0x00, 0x1B, 0xFC, 0x4B, 0x04, 0x63, 0x04, 0x23, 0x04, 0x23, 0x0C, 0x03, 0x78, 0x13, 0x03, 0x33, 0x03, 0x00, 0x00, 0x00, 0x00 }, // U+8303 范
    { 0x00, 0x00, 0x00, 0x00, 0x0C, 0x30, 0xFF, 0xFF, 0x0C, 0x30, 0x0C, 0x30, 0x10, 0x00, 0x10, 0x7E, 0x7F, 0x42, 0x13, 0x42, 0x13, 0x42, 0x13, 0x42, 0x32, 0x42, 0x22, 0x42, 0x00, 0x00, 0x00, 0x00 }, // U+8304 茄
    { 0x00, 0x00, 0x00, 0x00, 0x0C, 0x30, 0x0C, 0x30, 0xFF, 0xFF, 0x0C, 0x30, 0x3F, 0xFC, 0x08, 0x18, 0x06, 0x20, 0x01, 0xC0, 0xFF, 0xFE, 0x03, 0x82, 0x06, 0x86, 0x0C, 0x84, 0x00, 0x00, 0x00, 0x00 }, // U+8305 茅
    { 0x00, 0x00, 0x04, 0x20, 0x04, 0x20, 0xFF, 0xFF, 0x04, 0x20, 0x00, 0x00, 0x3F, 0xF8, 0x00, 0x70, 0x0F, 0xF8, 0x78, 0x0E, 0x00, 0x00, 0x1F, 0xF8, 0x01, 0x80, 0x01, 0x80, 0x00, 0x00, 0x00, 0x00 }, // U+830E 茎
    { 0x00, 0x00, 0x00, 0x00, 0x0C, 0x30, 0x0C, 0x30, 0xFF, 0xFF, 0x0C, 0x30, 0x01, 0x80, 0x3F, 0xFC, 0x21, 0x84, 0x21, 0x84, 0x21, 0x84, 0x3F, 0xFC, 0x21, 0x80, 0x01, 0x80, 0x00, 0x00, 0x00, 0x00 }, // U+8327 茧
    { 0x00, 0x00, 0x04, 0x30, 0x04, 0x30, 0x7F, 0xFF, 0x04, 0x30, 0x05, 0x30, 0x41, 0x00, 0x63, 0xFE, 0x12, 0x06, 0x06, 0x44, 0x04, 0x44, 0x14, 0x60, 0x30, 0xE0, 0x21, 0xB0, 0x00, 0x00, 0x00, 0x00 }, // U+8328 茨
    { 0x00, 0x00, 0x00, 0x00, 0x04, 0x10, 0x04, 0x10, 0xFF, 0xFF, 0x04, 0x30, 0x60, 0x60, 0x10, 0x20, 0x4F, 0xFF, 0x22, 0x00, 0x02, 0x00, 0x12, 0x00, 0x32, 0x00, 0x22, 0x00, 0x00, 0x00, 0x00, 0x00 }, // U+832B 茫
    { 0x00, 0x00, 0x00, 0x00, 0x04, 0x30, 0x7F, 0xFF, 0x04, 0x30, 0x04, 0x00, 0x7F, 0xFE, 0x08, 0x00, 0x18, 0x20, 0x30, 0x20, 0x77, 0xFE, 0x50, 0x60, 0x10, 0x20, 0x10, 0x20, 0x00, 0x00, 0x00, 0x00 }, // U+832C 茬
    { 0x00, 0x00, 0x00, 0x00, 0x04, 0x20, 0x04, 0x20, 0xFF, 0xFF, 0x04, 0x20, 0x3F, 0xFC, 0x20, 0x04, 0x21, 0x84, 0x2F, 0xF4, 0x21, 0x84, 0x23, 0xC4, 0x26, 0x24, 0x28, 0x14, 0x00, 0x00, 0x00, 0x00 }, // U+8335 茵
    { 0x00, 0x00, 0x00, 0x00, 0x04, 0x30, 0xFF, 0xFF, 0x0C, 0x30, 0x01, 0x80, 0x03, 0xC0, 0x06, 0x60, 0x1C, 0x38, 0x31, 0x8E, 0xE1, 0x86, 0x3F, 0xF8, 0x01, 0x80, 0x09, 0x90, 0x00, 0x00, 0x00, 0x00 }, // U+8336 茶
    { 0x00, 0x00, 0x00, 0x00, 0x04, 0x20, 0xFF, 0xFF, 0x04, 0x20, 0x00, 0x00, 0x7F, 0xFE, 0x10, 0x08, 0x1F, 0xF8, 0x10, 0x08, 0x1F, 0xF8, 0x10, 0x08, 0x10, 0xFE, 0xFF, 0xD8, 0x00, 0x00, 0x00, 0x00 }, // U+8338 茸
    { 0x00, 0x00, 0x00, 0x00, 0x04, 0x20, 0x04, 0x20, 0x7F, 0xFE, 0x04, 0x20, 0x10, 0x00, 0x10, 0xFE, 0x7E, 0xC2, 0x22, 0xC2, 0x22, 0xC2, 0x66, 0xC2, 0x3C, 0xC2, 0x1C, 0xC2, 0x00, 0x00, 0x00, 0x00 }, // U+8339 茹
    { 0x00, 0x00, 0x00, 0x00, 0x11, 0x02, 0x11, 0x02, 0x7F, 0xD2, 0x11, 0x12, 0x10, 0x12, 0x7F, 0xD2, 0x11, 0x12, 0x11, 0x12, 0xFF, 0xD2, 0x31, 0x12, 0x31, 0x12, 0x21, 0x02, 0x00, 0x00, 0x00, 0x00 }, // U+8346 荆
    { 0x00, 0x00, 0x00, 0x00, 0x04, 0x20, 0xFF, 0xFF, 0x04, 0x20, 0x00, 0x20, 0x3F, 0xFC, 0x30, 0x0C, 0x3F, 0xFC, 0x30, 0x0C, 0x3F, 0xFC, 0x31, 0x8C, 0x01, 0x80, 0xFF, 0xFF, 0x00, 0x00, 0x00, 0x00 }, // U+8349 草
    { 0x00, 0x00, 0x00, 0x00, 0x04, 0x30, 0x7F, 0xFF, 0x04, 0x30, 0x04, 0x00, 0x7F, 0xFE, 0x08, 0x00, 0x18, 0x00, 0x13, 0xFC, 0x30, 0x1C, 0x50, 0x30, 0x13, 0xFF, 0x10, 0x30, 0x00, 0x00, 0x00, 0x00 }, // U+8350 荐
    { 0x00, 0x00, 0x00, 0x00, 0x0C, 0x30, 0x0C, 0x30, 0xFF, 0xFF, 0x0D, 0x30, 0x01, 0x80, 0x7F, 0xFE, 0x10, 0x00, 0x1F, 0xFC, 0x00, 0x00, 0x09, 0x90, 0x19, 0x91, 0x11, 0x93, 0x00, 0x00, 0x00, 0x00 }, // U+8352 荒
    { 0x00, 0x00, 0x00, 0x00, 0x04, 0x20, 0xFF, 0xFF, 0x04, 0x20, 0x02, 0x00, 0x7F, 0xFC, 0x06, 0x08, 0x0C, 0x78, 0x70, 0x00, 0x10, 0x00, 0x7F, 0xFE, 0x11, 0x22, 0x31, 0x22, 0x00, 0x00, 0x00, 0x00 }, // U+8354 荔
    { 0x00, 0x00, 0x00, 0x00, 0x0C, 0x30, 0x0C, 0x30, 0x7F, 0xFE, 0x0C, 0x30, 0x01, 0x80, 0x3F, 0xFC, 0x01, 0x80, 0x11, 0x88, 0x09, 0x10, 0xFF, 0xFF, 0x03, 0xC0, 0x06, 0x60, 0x00, 0x00, 0x00, 0x00 }, // U+835A 荚
    { 0x00, 0x00, 0x00, 0x00, 0x04, 0x20, 0x04, 0x20, 0xFF, 0xFF, 0x04, 0x20, 0x20, 0x00, 0x17, 0xFC, 0x48, 0x38, 0x61, 0x80, 0x27, 0xFE, 0x11, 0x92, 0x31, 0x32, 0x26, 0x22, 0x00, 0x00, 0x00, 0x00 }, // U+8361 荡
    { 0x00, 0x00, 0x00, 0x00, 0x04, 0x20, 0x04, 0x20, 0x7F, 0xFE, 0x04, 0x20, 0x00, 0x00, 0x7F, 0xFE, 0x40, 0x02, 0x01, 0x80, 0x7F, 0xFE, 0x03, 0xC0, 0x0D, 0xA0, 0x31, 0x9C, 0x00, 0x00, 0x00, 0x00 }, // U+8363 荣
    { 0x00, 0x00, 0x00, 0x00, 0x04, 0x20, 0x04, 0x20, 0xFF, 0xFF, 0x04, 0x20, 0x7F, 0xFE, 0x44, 0x02, 0x7F, 0xFE, 0x08, 0x00, 0x10, 0x80, 0x3F, 0xFC, 0x00, 0x80, 0xFF, 0xFF, 0x00, 0x00, 0x00, 0x00 }, // U+8364 荤
    { 0x00, 0x00, 0x04, 0x20, 0x04, 0x20, 0xFF, 0xFF, 0x04, 0x20, 0x00, 0x00, 0x7F, 0xFE, 0x40, 0x02, 0x41, 0x82, 0x01, 0x80, 0x31, 0x8C, 0x19, 0x98, 0x0B, 0xD0, 0x06, 0x60, 0x00, 0x00, 0x00, 0x00 }, // U+8367 荧
    { 0x00, 0x00, 0x00, 0x00, 0x04, 0x30, 0x04, 0x30, 0xFF, 0xFF, 0x0C, 0x30, 0x00, 0x00, 0x7C, 0xFE, 0x64, 0x86, 0x48, 0xFE, 0x48, 0x86, 0x45, 0x86, 0x45, 0xFE, 0x7D, 0x06, 0x00, 0x00, 0x00, 0x00 }, // U+836B 荫
    { 0x00, 0x00, 0x00, 0x00, 0x04, 0x20, 0xFF, 0xFF, 0x04, 0x20, 0x10, 0x40, 0x30, 0xC0, 0x24, 0xFE, 0x65, 0x86, 0x7B, 0x06, 0x10, 0xC6, 0x20, 0x66, 0x7C, 0x26, 0x00, 0x06, 0x00, 0x00, 0x00, 0x00 }, // U+836F 药
    { 0x00, 0x00, 0x04, 0x20, 0x04, 0x20, 0x7F, 0xFF, 0x04, 0x20, 0x08, 0x00, 0x17, 0xFF, 0x10, 0x04, 0x30, 0x04, 0x73, 0xE4, 0x72, 0x24, 0x92, 0x24, 0x12, 0x24, 0x13, 0xE4, 0x00, 0x00, 0x00, 0x00 }, // U+8377 荷
    { 0x00, 0x00, 0x00, 0x00, 0x04, 0x20, 0x04, 0x20, 0xFF, 0xFF, 0x04, 0x28, 0x01, 0x84, 0x7F, 0xFE, 0x01, 0x80, 0x3F, 0xFC, 0x21, 0x84, 0x3F, 0xFC, 0x21, 0x84, 0x3F, 0xFC, 0x00, 0x00, 0x00, 0x00 }, // U+8386 莆
    { 0x00, 0x00, 0x00, 0x00, 0x04, 0x20, 0x04, 0x20, 0x7F, 0xFE, 0x04, 0x20, 0x01, 0x00, 0x7F, 0x26, 0x0C, 0x26, 0x7F, 0xA6, 0x0C, 0x26, 0x1E, 0x26, 0x2D, 0x26, 0x6C, 0xA6, 0x00, 0x00, 0x00, 0x00 }, // U+8389 莉
    { 0x00, 0x00, 0x00, 0x00, 0x04, 0x20, 0x04, 0x20, 0xFF, 0xFF, 0x04, 0x20, 0x20, 0x20, 0x10, 0x20, 0x49, 0x20, 0x61, 0x24, 0x22, 0x22, 0x12, 0x24, 0x10, 0x08, 0x30, 0x30, 0x00, 0x00, 0x00, 0x00 }, // U+838E 莎
    { 0x00, 0x00, 0x00, 0x00, 0x04, 0x20, 0x7F, 0xFE, 0x04, 0x20, 0x00, 0x00, 0x3F, 0xFC, 0x20, 0x04, 0x3F, 0xFC, 0x20, 0x04, 0x3F, 0xFC, 0x20, 0x04, 0x01, 0x00, 0xFF, 0xFF, 0x00, 0x00, 0x00, 0x00 }, // U+83AB 莫
    { 0x00, 0x00, 0x0C, 0x20, 0x0C, 0x20, 0xFF, 0xFF, 0x0C, 0x30, 0x01, 0x80, 0x7F, 0xFC, 0x11, 0x88, 0x09, 0x90, 0x01, 0xA0, 0x7F, 0xFE, 0x03, 0xC0, 0x05, 0xA0, 0x19, 0x90, 0x00, 0x00, 0x00, 0x00 }, // U+83B1 莱
    { 0x00, 0x00, 0x00, 0x00, 0x04, 0x20, 0xFF, 0xFF, 0x04, 0x20, 0x20, 0x80, 0x37, 0xFE, 0x11, 0x00, 0x03, 0x20, 0xF3, 0xFE, 0x30, 0x20, 0x30, 0x20, 0x37, 0xFF, 0x30, 0x20, 0x00, 0x00, 0x00, 0x00 }, // U+83B2 莲
    { 0x00, 0x00, 0x00, 0x00, 0x04, 0x20, 0xFF, 0xFF, 0x04, 0x20, 0x00, 0x08, 0x64, 0x24, 0x38, 0x22, 0x73, 0xFE, 0xC8, 0x20, 0x18, 0x70, 0x38, 0x50, 0x6C, 0xD8, 0xCC, 0x88, 0x00, 0x00, 0x00, 0x00 }, // U+83B7 获
    { 0x00, 0x00, 0x00, 0x00, 0x04, 0x20, 0x04, 0x20, 0xFF, 0xFF, 0x04, 0x20, 0x00, 0x00, 0x7F, 0xFE, 0x40, 0x02, 0x5F, 0xFA, 0x01, 0x80, 0x01, 0x80, 0x3F, 0xFC, 0x01, 0x90, 0x00, 0x00, 0x00, 0x00 }, // U+83B9 莹
    { 0x00, 0x00, 0x00, 0x00, 0x04, 0x20, 0xFF, 0xFF, 0x0D, 0x30, 0x01, 0x1C, 0x7F, 0xFE, 0x06, 0x40, 0x18, 0x38, 0x64, 0x3E, 0x0C, 0x30, 0xFF, 0xFF, 0x08, 0x30, 0x18, 0x30, 0x00, 0x00, 0x00, 0x00 }, // U+83BD 莽
    { 0x00, 0x00, 0x00, 0x00, 0x04, 0x20, 0x7F, 0xFE, 0x04, 0x20, 0x04, 0x00, 0x10, 0x10, 0x10, 0x10, 0x7F, 0xFE, 0x32, 0x10, 0x26, 0x10, 0x24, 0xFE, 0x2C, 0x86, 0x18, 0x86, 0x00, 0x00, 0x00, 0x00 }, // U+83C7 菇
    { 0x00, 0x00, 0x00, 0x00, 0x04, 0x20, 0xFF, 0xFF, 0x04, 0x20, 0x10, 0x00, 0x3F, 0xFE, 0x60, 0x06, 0x52, 0x26, 0x1A, 0xC4, 0x02, 0x04, 0x7F, 0xF4, 0x07, 0x84, 0x0A, 0xC4, 0x00, 0x00, 0x00, 0x00 }, // U+83CA 菊
    { 0x00, 0x00, 0x00, 0x00, 0x04, 0x20, 0xFF, 0xFF, 0x04, 0x20, 0x3F, 0xFE, 0x20, 0x66, 0x2F, 0xE6, 0x21, 0x86, 0x3F, 0xFE, 0x23, 0xC6, 0x25, 0xA6, 0x39, 0x96, 0x21, 0x86, 0x00, 0x00, 0x00, 0x00 }, // U+83CC 菌
    { 0x00, 0x00, 0x00, 0x00, 0x04, 0x20, 0xFF, 0xFF, 0x04, 0x20, 0x20, 0x00, 0x37, 0xFE, 0x08, 0x04, 0x00, 0x04, 0x43, 0xE4, 0x22, 0x24, 0x22, 0x24, 0x03, 0xE4, 0x12, 0x04, 0x00, 0x00, 0x00, 0x00 }, // U+83CF 菏
    { 0x00, 0x00, 0x00, 0x00, 0x04, 0x20, 0xFF, 0xFF, 0x04, 0x20, 0x00, 0x00, 0x7F, 0xFC, 0x00, 0x00, 0x11, 0x08, 0x10, 0x10, 0x01, 0x80, 0xFF, 0xFF, 0x07, 0xC0, 0x0D, 0xB0, 0x00, 0x00, 0x00, 0x00 }, // U+83DC 菜
    { 0x00, 0x00, 0x00, 0x00, 0x04, 0x20, 0xFF, 0xFF, 0x04, 0x20, 0x20, 0x20, 0x17, 0xFE, 0x04, 0x22, 0x44, 0x20, 0x27, 0xFC, 0x04, 0x84, 0x24, 0x88, 0x24, 0x70, 0x6C, 0x70, 0x00, 0x00, 0x00, 0x00 }, // U+83E0 菠
    { 0x00, 0x00, 0x00, 0x00, 0x04, 0x20, 0xFF, 0xFF, 0x05, 0x20, 0x01, 0x80, 0x7F, 0xFE, 0x08, 0x10, 0x04, 0x30, 0xFF, 0xFF, 0x00, 0x00, 0x3F, 0xFC, 0x30, 0x0C, 0x30, 0x0C, 0x00, 0x00, 0x00, 0x00 }, // U+83E9 菩
    { 0x00, 0x00, 0x04, 0x20, 0x04, 0x20, 0xFF, 0xFF, 0x04, 0x20, 0x01, 0x80, 0x7F, 0xFE, 0x01, 0x80, 0xFF, 0xFF, 0x00, 0x00, 0x12, 0x18, 0x37, 0xFE, 0x4C, 0x22, 0x13, 0x60, 0x00, 0x00, 0x00, 0x00 }, // U+83F1 菱
    { 0x00, 0x00, 0x04, 0x20, 0x04, 0x20, 0xFF, 0xFF, 0x04, 0x20, 0x00, 0x00, 0x06, 0x60, 0x7E, 0x7E, 0x06, 0x60, 0x06, 0x60, 0x7E, 0x7E, 0x06, 0x60, 0x06, 0x60, 0xFE, 0x7F, 0x00, 0x00, 0x00, 0x00 }, // U+83F2 菲
    { 0x00, 0x00, 0x00, 0x00, 0x04, 0x20, 0xFF, 0xFF, 0x04, 0x20, 0x10, 0x00, 0x1F, 0xFE, 0x28, 0x06, 0x5F, 0xE4, 0x53, 0x04, 0x03, 0x04, 0x7F, 0xF4, 0x13, 0x24, 0x13, 0x24, 0x00, 0x00, 0x00, 0x00 }, // U+8404 萄
    { 0x00, 0x00, 0x00, 0x00, 0x04, 0x30, 0x7F, 0xFF, 0x04, 0x30, 0x00, 0xFE, 0x7C, 0x86, 0x44, 0x86, 0x44, 0xFE, 0x7C, 0x86, 0x44, 0x86, 0x44, 0xFE, 0x7D, 0x86, 0x41, 0x06, 0x00, 0x00, 0x00, 0x00 }, // U+840C 萌
    { 0x00, 0x00, 0x00, 0x00, 0x0C, 0x30, 0x0C, 0x30, 0xFF, 0xFF, 0x0C, 0x30, 0x20, 0x00, 0x17, 0xFE, 0x04, 0x62, 0x42, 0x64, 0x23, 0x6C, 0x01, 0x68, 0x3F, 0xFF, 0x20, 0x60, 0x00, 0x00, 0x00, 0x00 }, // U+840D 萍
    { 0x00, 0x00, 0x00, 0x00, 0x04, 0x20, 0xFF, 0xFF, 0x04, 0x20, 0x3F, 0xFC, 0x01, 0x80, 0x7F, 0xFE, 0x07, 0xE0, 0x71, 0x8E, 0x02, 0x00, 0x7F, 0xFE, 0x08, 0x20, 0x0F, 0x60, 0x00, 0x00, 0x00, 0x00 }, // U+840E 萎
    { 0x00, 0x00, 0x00, 0x00, 0x04, 0x20, 0xFF, 0xFF, 0x04, 0x20, 0x7F, 0xFE, 0x66, 0x66, 0x66, 0x66, 0x7F, 0xFE, 0x04, 0x06, 0x0F, 0xFC, 0x34, 0x08, 0x46, 0x30, 0x03, 0xC0, 0x00, 0x00, 0x00, 0x00 }, // U+841D 萝
    { 0x00, 0x00, 0x00, 0x00, 0x0C, 0x30, 0xFF, 0xFF, 0x0C, 0x30, 0x00, 0x00, 0x7F, 0xFE, 0x40, 0x02, 0x41, 0x82, 0x3F, 0xFC, 0x21, 0x84, 0x21, 0x84, 0x3F, 0xFC, 0x21, 0x88, 0x00, 0x00, 0x00, 0x00 }, // U+8424 萤
    { 0x00, 0x00, 0x00, 0x00, 0x04, 0x20, 0xFF, 0xFF, 0x04, 0x20, 0x7F, 0xFE, 0x40, 0x02, 0x5F, 0xFA, 0x10, 0x08, 0x1F, 0xF8, 0x10, 0x08, 0x00, 0x00, 0x3F, 0xFC, 0x20, 0x04, 0x00, 0x00, 0x00, 0x00 }, // U+8425 营
    { 0x00, 0x00, 0x00, 0x00, 0x04, 0x20, 0xFF, 0xFF, 0x04, 0x20, 0x01, 0x80, 0x3F, 0xFC, 0x01, 0x84, 0x7F, 0xFF, 0x01, 0x84, 0x3F, 0xFC, 0x11, 0x80, 0x35, 0xA4, 0x2D, 0xB4, 0x00, 0x00, 0x00, 0x00 }, // U+8427 萧
    { 0x00, 0x00, 0x00, 0x00, 0x04, 0x20, 0xFF, 0xFF, 0x04, 0x20, 0x00, 0x00, 0x7C, 0x20, 0x4D, 0xFE, 0x48, 0x8C, 0x58, 0x48, 0x49, 0xFF, 0x45, 0x00, 0x4D, 0x00, 0x59, 0x00, 0x00, 0x00, 0x00, 0x00 }, // U+8428 萨
    { 0x00, 0x00, 0x00, 0x00, 0x04, 0x20, 0xFF, 0xFF, 0x04, 0x20, 0x21, 0x00, 0x13, 0xFC, 0x07, 0x0C, 0xC4, 0x98, 0x20, 0xF0, 0x0F, 0x9F, 0x20, 0x00, 0x23, 0xFC, 0x22, 0x04, 0x00, 0x00, 0x00, 0x00 }, // U+843D 落
    { 0x00, 0x00, 0x00, 0x00, 0x04, 0x20, 0xFF, 0xFF, 0x04, 0x20, 0x01, 0x00, 0x3F, 0xF4, 0x01, 0x18, 0xFF, 0xFF, 0x03, 0x00, 0x1F, 0xFC, 0xD8, 0x0C, 0x1F, 0xFC, 0x18, 0x0C, 0x00, 0x00, 0x00, 0x00 }, // U+8457 著
    { 0x00, 0x00, 0x00, 0x00, 0x04, 0x20, 0x7F, 0xFE, 0x04, 0x20, 0x3F, 0xFC, 0x30, 0x0C, 0x3F, 0xFC, 0x30, 0x0C, 0x1F, 0xFC, 0x18, 0x00, 0x3F, 0xFE, 0xE1, 0x86, 0x26, 0x64, 0x00, 0x00, 0x00, 0x00 }, // U+845B 葛
    { 0x00, 0x00, 0x00, 0x00, 0x04, 0x20, 0xFF, 0xFF, 0x04, 0x20, 0x10, 0x00, 0x3F, 0xFE, 0x22, 0x46, 0x7F, 0xF6, 0x02, 0x06, 0x3F, 0xE6, 0x22, 0x26, 0x3F, 0xE6, 0x22, 0x26, 0x00, 0x00, 0x00, 0x00 }, // U+8461 葡
    { 0x00, 0x00, 0x00, 0x00, 0x04, 0x20, 0xFF, 0xFF, 0x04, 0x20, 0x3F, 0xFC, 0x01, 0x80, 0x7F, 0xFF, 0x21, 0x84, 0x3F, 0xFC, 0x21, 0x84, 0x3F, 0xFC, 0x01, 0x80, 0x3F, 0xFC, 0x00, 0x00, 0x00, 0x00 }, // U+8463 董
    { 0x00, 0x00, 0x00, 0x00, 0x04, 0x20, 0xFF, 0xFF, 0x04, 0x20, 0x08, 0xFE, 0x08, 0x86, 0x7F, 0x86, 0x08, 0xFE, 0x08, 0x86, 0x7E, 0x86, 0x42, 0xFE, 0x42, 0x86, 0x7E, 0x86, 0x00, 0x00, 0x00, 0x00 }, // U+846B 葫
    { 0x00, 0x00, 0x00, 0x00, 0x04, 0x20, 0xFF, 0xFF, 0x04, 0x20, 0x7F, 0xFE, 0x10, 0x4C, 0x3F, 0x78, 0x52, 0x42, 0x1C, 0x7E, 0x60, 0x00, 0x04, 0x30, 0xFF, 0xFF, 0x08, 0x30, 0x00, 0x00, 0x00, 0x00 }, // U+846C 葬
    { 0x00, 0x00, 0x00, 0x00, 0x04, 0x20, 0xFF, 0xFF, 0x1C, 0x20, 0x1F, 0xFC, 0x22, 0x24, 0x5E, 0x44, 0x4F, 0xC4, 0x19, 0xE4, 0x33, 0x08, 0x64, 0x78, 0x01, 0x04, 0x28, 0x92, 0x00, 0x00, 0x00, 0x00 }, // U+8471 葱
    { 0x00, 0x00, 0x00, 0x00, 0x04, 0x20, 0xFF, 0xFF, 0x0C, 0x30, 0x00, 0x00, 0x7E, 0xC8, 0x06, 0x66, 0x3C, 0x38, 0x3F, 0xEC, 0x61, 0x02, 0x1F, 0xF8, 0x03, 0x80, 0x00, 0x00, 0x00, 0x00, 0x00, 0x00 }, // U+8475 葵
    { 0x00, 0x00, 0x00, 0x00, 0x0C, 0x30, 0xFF, 0xFF, 0x0C, 0x30, 0x01, 0x00, 0x7F, 0xFE, 0x08, 0x10, 0x04, 0x20, 0x7F, 0xFE, 0x41, 0x82, 0x41, 0x82, 0x1F, 0xFC, 0x11, 0x8C, 0x00, 0x00, 0x00, 0x00 }, // U+8482 蒂
    { 0x00, 0x00, 0x00, 0x00, 0x04, 0x20, 0xFF, 0xFF, 0x04, 0x20, 0x18, 0x80, 0x59, 0xFE, 0x5F, 0x9C, 0x38, 0xF0, 0x1F, 0x0C, 0x18, 0x0C, 0x3F, 0xFF, 0x59, 0x0C, 0x59, 0x8C, 0x00, 0x00, 0x00, 0x00 }, // U+848B 蒋
    { 0x00, 0x00, 0x00, 0x00, 0x04, 0x20, 0xFF, 0xFF, 0x04, 0x20, 0x7F, 0xFE, 0x40, 0x02, 0x1F, 0xF8, 0x00, 0x00, 0x7F, 0xFE, 0x07, 0x04, 0x39, 0x98, 0x66, 0xF0, 0x38, 0xD8, 0x00, 0x00, 0x00, 0x00 }, // U+8499 蒙
    { 0x00, 0x00, 0x00, 0x00, 0x04, 0x20, 0x04, 0x20, 0xFF, 0xFF, 0x04, 0x20, 0x00, 0x00, 0x7E, 0x7E, 0x00, 0x00, 0xFF, 0xFF, 0x08, 0x10, 0x2A, 0x54, 0x69, 0xD6, 0x48, 0x92, 0x00, 0x00, 0x00, 0x00 }, // U+849C 蒜
    { 0x00, 0x00, 0x00, 0x00, 0x04, 0x20, 0xFF, 0xFF, 0x04, 0x60, 0x60, 0x48, 0x1F, 0xFE, 0x00, 0x40, 0xC7, 0xFE, 0x24, 0x46, 0x07, 0xFE, 0x24, 0x46, 0x27, 0xFE, 0x64, 0x46, 0x00, 0x00, 0x00, 0x00 }, // U+84B2 蒲
    { 0x00, 0x00, 0x00, 0x00, 0x04, 0x20, 0xFF, 0xFF, 0x04, 0x20, 0x00, 0x00, 0x1F, 0xF8, 0x00, 0x30, 0x7C, 0xE6, 0x0C, 0xBC, 0x18, 0x98, 0x67, 0x0E, 0x40, 0x00, 0x1F, 0xF8, 0x00, 0x00, 0x00, 0x00 }, // U+84B8 蒸
    { 0x00, 0x00, 0x00, 0x00, 0x04, 0x20, 0xFF, 0xFF, 0x05, 0x20, 0x7F, 0xFE, 0x0C, 0x18, 0x3F, 0xD8, 0x0E, 0x0C, 0x3F, 0xFE, 0x00, 0x02, 0x3F, 0xFC, 0x21, 0x84, 0x3F, 0xFC, 0x00, 0x00, 0x00, 0x00 }, // U+84C4 蓄
    { 0x00, 0x00, 0x00, 0x00, 0x04, 0x20, 0x7F, 0xFE, 0x05, 0x20, 0x01, 0x80, 0x7F, 0xFE, 0x44, 0x22, 0x19, 0x98, 0x66, 0x64, 0x38, 0x18, 0xFF, 0xFE, 0x10, 0x08, 0x10, 0x08, 0x00, 0x00, 0x00, 0x00 }, // U+84C9 蓉
    { 0x00, 0x00, 0x00, 0x00, 0x04, 0x20, 0x7F, 0xFF, 0x05, 0xA0, 0x7F, 0xFE, 0x00, 0x00, 0x1F, 0xF8, 0x10, 0x08, 0xFF, 0xFF, 0x10, 0x08, 0x1F, 0xF8, 0x00, 0x84, 0x18, 0x78, 0x00, 0x00, 0x00, 0x00 }, // U+84D1 蓑
    { 0x00, 0x00, 0x00, 0x00, 0x04, 0x20, 0xFF, 0xFF, 0x04, 0x20, 0x03, 0x00, 0x3F, 0xFC, 0x24, 0x34, 0x23, 0xE4, 0x2C, 0x34, 0x3F, 0xFC, 0x20, 0xC0, 0x3F, 0xC6, 0x20, 0xF8, 0x00, 0x00, 0x00, 0x00 }, // U+84D6 蓖
    { 0x00, 0x00, 0x00, 0x00, 0x04, 0x20, 0xFF, 0xFF, 0x04, 0x20, 0x00, 0x40, 0x24, 0x7E, 0x24, 0x80, 0x24, 0x90, 0x25, 0x08, 0x00, 0x00, 0x3F, 0xFC, 0x22, 0x44, 0x22, 0x44, 0x00, 0x00, 0x00, 0x00 }, // U+84DD 蓝
    { 0x00, 0x00, 0x00, 0x00, 0x04, 0x20, 0xFF, 0xFF, 0x04, 0x20, 0x10, 0x02, 0x3E, 0x02, 0x66, 0x32, 0x7F, 0xB2, 0x6C, 0xB2, 0x7F, 0xB2, 0x6C, 0xB2, 0x7F, 0xB2, 0x60, 0x02, 0x00, 0x00, 0x00, 0x00 }, // U+84DF 蓟
    { 0x00, 0x00, 0x00, 0x00, 0x04, 0x20, 0xFF, 0xFF, 0x05, 0x20, 0x63, 0xFC, 0x25, 0x98, 0x00, 0xF0, 0xFF, 0x6E, 0x33, 0xFC, 0x30, 0x40, 0x33, 0xFC, 0x30, 0x40, 0x37, 0xFE, 0x00, 0x00, 0x00, 0x00 }, // U+84EC 蓬
    { 0x00, 0x00, 0x00, 0x00, 0x04, 0x20, 0xFF, 0xFF, 0x04, 0x20, 0x7F, 0xFE, 0x46, 0x62, 0x46, 0x62, 0x7F, 0xFE, 0x00, 0x88, 0x3F, 0xFE, 0x20, 0x84, 0x38, 0x58, 0x66, 0x72, 0x00, 0x00, 0x00, 0x00 }, // U+8511 蔑
    { 0x00, 0x00, 0x00, 0x00, 0x04, 0x20, 0xFF, 0xFF, 0x04, 0x20, 0x1F, 0xF8, 0x10, 0x08, 0x1F, 0xF8, 0x10, 0x08, 0x1F, 0xF8, 0x00, 0x00, 0x7F, 0xFE, 0x44, 0x22, 0x7F, 0xFE, 0x00, 0x00, 0x00, 0x00 }, // U+8513 蔓
    { 0x00, 0x00, 0x00, 0x00, 0x04, 0x20, 0xFF, 0xFF, 0x04, 0xA0, 0x00, 0x80, 0x3F, 0xFE, 0x26, 0x10, 0x3F, 0xFE, 0x26, 0x10, 0x26, 0x10, 0x67, 0xF0, 0x46, 0x10, 0x49, 0x24, 0x00, 0x00, 0x00, 0x00 }, // U+8517 蔗
    { 0x00, 0x00, 0x00, 0x00, 0x04, 0x20, 0xFF, 0xFF, 0x04, 0x20, 0x7F, 0x84, 0x60, 0x84, 0x7F, 0xBF, 0x60, 0x04, 0x7F, 0xA4, 0x40, 0x14, 0x7F, 0xD4, 0x42, 0x04, 0x52, 0x84, 0x00, 0x00, 0x00, 0x00 }, // U+851A 蔚
    { 0x00, 0x00, 0x00, 0x00, 0x04, 0x20, 0xFF, 0xFF, 0x04, 0x20, 0x10, 0x00, 0x3F, 0x7E, 0x63, 0x64, 0xEE, 0x38, 0x2C, 0x18, 0x1B, 0xEC, 0x30, 0x02, 0xDF, 0xF8, 0x08, 0x90, 0x00, 0x00, 0x00, 0x00 }, // U+8521 蔡
    { 0x00, 0x00, 0x00, 0x00, 0x04, 0x20, 0x7F, 0xFE, 0x04, 0x20, 0x7F, 0xFE, 0x01, 0x00, 0x11, 0xFC, 0x11, 0x00, 0x7F, 0xFE, 0x10, 0x00, 0x1F, 0xFC, 0x30, 0x00, 0x3F, 0xFE, 0x00, 0x00, 0x00, 0x00 }, // U+852B 蔫
    { 0x00, 0x00, 0x00, 0x00, 0x04, 0x20, 0xFF, 0xFF, 0x04, 0x20, 0x00, 0x20, 0x7D, 0xFE, 0x0C, 0x48, 0x09, 0x8C, 0x59, 0xFE, 0x5C, 0x02, 0x58, 0x08, 0x59, 0x28, 0x7D, 0x29, 0x00, 0x00, 0x00, 0x00 }, // U+852C 蔬
    { 0x00, 0x00, 0x00, 0x00, 0x04, 0x20, 0xFF, 0xFF, 0x05, 0xA0, 0x7F, 0xFE, 0x11, 0x88, 0x19, 0x98, 0x7F, 0xFE, 0x20, 0x04, 0x27, 0xE4, 0x24, 0x24, 0x27, 0xE4, 0x20, 0x04, 0x00, 0x00, 0x00, 0x00 }, // U+8537 蔷
    { 0x00, 0x00, 0x00, 0x00, 0x04, 0x20, 0x7F, 0xFE, 0x04, 0x20, 0x23, 0xFC, 0x32, 0x04, 0x13, 0xFC, 0xE2, 0x04, 0x23, 0xFC, 0x23, 0x00, 0x27, 0xFE, 0x2C, 0x62, 0x20, 0x9A, 0x00, 0x00, 0x00, 0x00 }, // U+853C 蔼
    { 0x00, 0x00, 0x00, 0x00, 0x04, 0x20, 0xFF, 0xFF, 0x04, 0x20, 0x08, 0x00, 0x49, 0x10, 0x29, 0x3F, 0x0A, 0x24, 0x7F, 0xE4, 0x48, 0xE4, 0x5A, 0x94, 0x5A, 0x9C, 0x4A, 0x98, 0x00, 0x00, 0x00, 0x00 }, // U+853D 蔽
    { 0x00, 0x00, 0x00, 0x00, 0x04, 0x20, 0xFF, 0xFF, 0x04, 0x80, 0x08, 0xC0, 0x1F, 0xFE, 0x30, 0xC0, 0x7F, 0xFC, 0x10, 0xC0, 0x1F, 0xFC, 0x10, 0xC0, 0x1F, 0xFE, 0x22, 0x44, 0x00, 0x00, 0x00, 0x00 }, // U+8549 蕉
    { 0x00, 0x00, 0x00, 0x00, 0x04, 0x20, 0x7F, 0xFE, 0x04, 0x20, 0x01, 0x00, 0x2C, 0x84, 0x6C, 0x96, 0x44, 0x12, 0x07, 0xF0, 0x08, 0x10, 0x38, 0x28, 0x71, 0x62, 0x75, 0xE6, 0x00, 0x00, 0x00, 0x00 }, // U+854A 蕊
    { 0x00, 0x00, 0x00, 0x00, 0x04, 0x20, 0xFF, 0xFF, 0x04, 0x20, 0x11, 0xFC, 0x21, 0x04, 0x29, 0xFC, 0x49, 0x04, 0x71, 0xFC, 0x10, 0x00, 0x23, 0xFE, 0x7A, 0x52, 0x62, 0x52, 0x00, 0x00, 0x00, 0x00 }, // U+8574 蕴
    { 0x00, 0x00, 0x00, 0x00, 0x04, 0x20, 0xFF, 0xFF, 0x04, 0x20, 0x3F, 0xFC, 0x01, 0x00, 0x7F, 0xFE, 0x41, 0x02, 0x5F, 0x7A, 0x00, 0x00, 0x3F, 0xFC, 0x21, 0x04, 0x3F, 0xFC, 0x00, 0x00, 0x00, 0x00 }, // U+857E 蕾
    { 0x00, 0x00, 0x04, 0x20, 0xFF, 0xFF, 0x04, 0x68, 0x40, 0x4C, 0x2F, 0xFE, 0x10, 0x40, 0x07, 0xFC, 0x44, 0x44, 0x27, 0xFC, 0x04, 0x44, 0x27, 0xFC, 0x24, 0x44, 0x2F, 0xFF, 0x00, 0x00, 0x00, 0x00 }, // U+8584 薄
    { 0x00, 0x00, 0x00, 0x00, 0x04, 0x60, 0xFF, 0xFF, 0x04, 0x60, 0x10, 0x60, 0x7C, 0x10, 0x45, 0xFE, 0x44, 0x44, 0x7C, 0x4C, 0x45, 0xFF, 0x7E, 0x10, 0x43, 0xFE, 0x42, 0x10, 0x00, 0x00, 0x00, 0x00 }, // U+859B 薛
    { 0x00, 0x00, 0x00, 0x00, 0x06, 0x20, 0xFF, 0xFF, 0x06, 0x20, 0x08, 0x00, 0x7F, 0x7C, 0x22, 0x40, 0x24, 0x40, 0xFF, 0x7F, 0x08, 0x48, 0x08, 0x48, 0x7F, 0x48, 0x08, 0xC8, 0x00, 0x00, 0x00, 0x00 }, // U+85AA 薪
    { 0x00, 0x00, 0x00, 0x00, 0x04, 0x20, 0x7F, 0xFE, 0x04, 0x20, 0x7F, 0xFC, 0x66, 0x44, 0x7F, 0xFE, 0x02, 0x30, 0x7F, 0xFF, 0x07, 0x00, 0x1F, 0xF8, 0xF0, 0x08, 0x1F, 0xF8, 0x00, 0x00, 0x00, 0x00 }, // U+85AF 薯
    { 0x00, 0x00, 0x00, 0x00, 0x04, 0x20, 0xFF, 0xFF, 0x04, 0x20, 0x10, 0x88, 0x7D, 0xFE, 0x10, 0x88, 0x7F, 0xFE, 0x10, 0x00, 0x7F, 0xFC, 0x39, 0x04, 0x35, 0xFC, 0x51, 0x04, 0x00, 0x00, 0x00, 0x00 }, // U+85C9 藉
    { 0x00, 0x00, 0x00, 0x00, 0x04, 0x40, 0xFF, 0xFF, 0x04, 0x40, 0x40, 0x12, 0x5F, 0xFF, 0x50, 0x10, 0x57, 0xF2, 0x74, 0x82, 0x14, 0x88, 0xF7, 0xCC, 0x54, 0x0C, 0x57, 0xC9, 0x00, 0x00, 0x00, 0x00 }, // U+85CF 藏
    { 0x00, 0x00, 0x00, 0x00, 0x04, 0x20, 0xFF, 0xFF, 0x04, 0x20, 0x18, 0x40, 0x71, 0xFE, 0x0D, 0x06, 0x39, 0xFE, 0x51, 0x06, 0x39, 0xFE, 0x49, 0x58, 0x1C, 0x58, 0x44, 0x99, 0x00, 0x00, 0x00, 0x00 }, // U+85D0 藐
    { 0x00, 0x00, 0x00, 0x00, 0x04, 0x20, 0xFF, 0xFF, 0x04, 0x20, 0x11, 0xFE, 0x7D, 0x22, 0x11, 0xFE, 0x7D, 0x22, 0x11, 0xFE, 0xFC, 0x20, 0x31, 0xFE, 0x39, 0x2A, 0x57, 0xFE, 0x00, 0x00, 0x00, 0x00 }, // U+85D5 藕
    { 0x00, 0x00, 0x00, 0x00, 0x04, 0x20, 0x7F, 0xFF, 0x04, 0x20, 0x79, 0x24, 0x48, 0xA8, 0x49, 0xFE, 0x48, 0x40, 0x7B, 0xFF, 0x48, 0x8C, 0x49, 0xA6, 0x7E, 0xA8, 0x48, 0x20, 0x00, 0x00, 0x00, 0x00 }, // U+85E4 藤
    { 0x00, 0x00, 0x00, 0x00, 0x04, 0x20, 0xFF, 0xFF, 0x04, 0x20, 0x27, 0xFC, 0x12, 0x44, 0x00, 0x48, 0x8F, 0xFE, 0x61, 0xD0, 0x22, 0x40, 0x0F, 0xFE, 0x24, 0x44, 0x27, 0xFC, 0x00, 0x00, 0x00, 0x00 }, // U+85E9 藩
    { 0x00, 0x00, 0x00, 0x00, 0x0C, 0x20, 0xFF, 0xFF, 0x0C, 0x20, 0x23, 0xFC, 0x12, 0x0C, 0x0F, 0xFE, 0x48, 0xA2, 0x28, 0xA2, 0x08, 0xA2, 0x27, 0x5E, 0x2F, 0xFF, 0x61, 0xD0, 0x00, 0x00, 0x00, 0x00 }, // U+85FB 藻
    { 0x00, 0x00, 0x00, 0x00, 0x04, 0x10, 0x7F, 0xFF, 0x04, 0x10, 0x00, 0x80, 0x3F, 0xFE, 0x22, 0x10, 0x3F, 0xFE, 0x2F, 0x3C, 0x22, 0x00, 0x3F, 0xFE, 0x62, 0x00, 0x4F, 0xFC, 0x00, 0x00, 0x00, 0x00 }, // U+8611 蘑
    { 0x00, 0x00, 0x00, 0x00, 0x04, 0x20, 0xFF, 0xFF, 0x04, 0x10, 0xFF, 0x48, 0x18, 0x7F, 0x7E, 0x88, 0x4B, 0xFE, 0x6A, 0x88, 0x66, 0xFE, 0x42, 0x88, 0x7E, 0xFF, 0x42, 0xAA, 0x00, 0x00, 0x00, 0x00 }, // U+8638 蘸
    { 0x00, 0x00, 0x00, 0x00, 0x01, 0x00, 0x01, 0xFC, 0x01, 0x00, 0x3F, 0xFE, 0x21, 0x02, 0x21, 0x18, 0x23, 0xE0, 0x2D, 0x04, 0x21, 0xFC, 0x20, 0x00, 0x27, 0xF0, 0x66, 0x30, 0x00, 0x00, 0x00, 0x00 }, // U+864E 虎
    { 0x00, 0x00, 0x00, 0x00, 0x01, 0x00, 0x01, 0xFE, 0x01, 0x00, 0x3F, 0xFE, 0x21, 0x12, 0x3F, 0xF0, 0x21, 0x04, 0x21, 0xFC, 0x20, 0x80, 0x2F, 0xFE, 0x21, 0x86, 0x43, 0x06, 0x00, 0x00, 0x00, 0x00 }, // U+864F 虏
    { 0x00, 0x00, 0x00, 0x00, 0x01, 0x00, 0x01, 0xFE, 0x01, 0x00, 0x3F, 0xFE, 0x21, 0x02, 0x3F, 0xF4, 0x21, 0x04, 0x21, 0xFC, 0x20, 0x00, 0x27, 0xFE, 0x64, 0x00, 0x5F, 0xFF, 0x00, 0x00, 0x00, 0x00 }, // U+8650 虐
    { 0x00, 0x00, 0x00, 0x00, 0x01, 0x00, 0x01, 0xFC, 0x01, 0x00, 0x3F, 0xFE, 0x21, 0x02, 0x21, 0xFA, 0x2F, 0x80, 0x21, 0x86, 0x20, 0xFC, 0x20, 0x00, 0x6A, 0x46, 0x4A, 0x4A, 0x00, 0x00, 0x00, 0x00 }, // U+8651 虑
    { 0x00, 0x00, 0x00, 0x00, 0x01, 0x00, 0x01, 0xFE, 0x01, 0x00, 0x3F, 0xFE, 0x21, 0x02, 0x23, 0xFA, 0x3F, 0x00, 0x21, 0xFC, 0x20, 0x00, 0x29, 0x24, 0x6D, 0x2C, 0x45, 0x28, 0x00, 0x00, 0x00, 0x00 }, // U+865A 虚
    { 0x00, 0x00, 0x00, 0x00, 0x01, 0x00, 0x01, 0xFC, 0x01, 0x00, 0x3F, 0xFE, 0x21, 0x02, 0x2F, 0xC2, 0x21, 0x04, 0x2F, 0xFC, 0x28, 0x04, 0x6F, 0xFE, 0x40, 0x40, 0x5F, 0xFE, 0x00, 0x00, 0x00, 0x00 }, // U+865E 虞
    { 0x00, 0x00, 0x00, 0x00, 0x01, 0x80, 0x01, 0x80, 0x01, 0x80, 0x3F, 0xFC, 0x21, 0x84, 0x21, 0x84, 0x21, 0x84, 0x21, 0x84, 0x3F, 0xFC, 0x21, 0x80, 0x01, 0x88, 0x01, 0x8C, 0x00, 0x00, 0x00, 0x00 }, // U+866B 虫
    { 0x00, 0x00, 0x00, 0x00, 0x7F, 0xF8, 0x00, 0x08, 0x00, 0x08, 0x7F, 0xC8, 0x06, 0x08, 0x06, 0x08, 0x3F, 0xC8, 0x26, 0x48, 0x26, 0x48, 0x3F, 0xC8, 0x26, 0x09, 0x06, 0x49, 0x00, 0x00, 0x00, 0x00 }, // U+8671 虱
    { 0x00, 0x00, 0x00, 0x00, 0x10, 0x00, 0x11, 0xFE, 0x7E, 0x10, 0x52, 0x10, 0x52, 0x10, 0x52, 0x10, 0x52, 0x10, 0x7E, 0x10, 0x50, 0x10, 0x10, 0x10, 0x12, 0x10, 0x16, 0x10, 0x00, 0x00, 0x00, 0x00 }, // U+8679 虹
    { 0x00, 0x00, 0x00, 0x00, 0x1F, 0xF8, 0x10, 0x08, 0x10, 0x08, 0x1F, 0xF8, 0x11, 0x88, 0x01, 0x80, 0x3F, 0xFC, 0x21, 0x84, 0x21, 0x84, 0x3F, 0xFC, 0x21, 0x88, 0x00, 0x00, 0x00, 0x00, 0x00, 0x00 }, // U+867D 虽
    { 0x00, 0x00, 0x00, 0x00, 0x11, 0xFF, 0x10, 0x20, 0x10, 0x20, 0x7E, 0x20, 0x52, 0x20, 0x52, 0x38, 0x52, 0x3C, 0x52, 0x26, 0x7E, 0x22, 0x50, 0x20, 0x12, 0x20, 0x12, 0x20, 0x00, 0x00, 0x00, 0x00 }, // U+867E 虾
    { 0x00, 0x00, 0x00, 0x00, 0x20, 0x20, 0x20, 0x20, 0x3C, 0x20, 0x4F, 0xFE, 0x4B, 0x26, 0xCB, 0x22, 0x23, 0x22, 0x23, 0x22, 0x23, 0xFE, 0x23, 0x20, 0x20, 0x20, 0x24, 0x26, 0x00, 0x00, 0x00, 0x00 }, // U+8680 蚀
    { 0x00, 0x00, 0x00, 0x00, 0x10, 0x20, 0x10, 0x20, 0x10, 0x92, 0x7E, 0x92, 0x56, 0x86, 0x56, 0x84, 0x56, 0xC4, 0x56, 0x4C, 0x7E, 0x68, 0x50, 0x38, 0x10, 0x30, 0x1E, 0x78, 0x00, 0x00, 0x00, 0x00 }, // U+8681 蚁
    { 0x00, 0x00, 0x00, 0x00, 0x11, 0xFC, 0x10, 0x04, 0x10, 0x84, 0x7E, 0x84, 0x52, 0x84, 0x52, 0x84, 0x52, 0xFE, 0x52, 0x02, 0x7E, 0x02, 0x51, 0xFA, 0x10, 0x02, 0x12, 0x02, 0x00, 0x00, 0x00, 0x00 }, // U+8682 蚂
    { 0x00, 0x00, 0x00, 0x00, 0x10, 0x20, 0x10, 0x30, 0x10, 0x10, 0x7D, 0xFE, 0x54, 0x84, 0x54, 0x84, 0x54, 0x44, 0x7C, 0x48, 0x50, 0x68, 0x14, 0x30, 0x16, 0x30, 0x3E, 0x68, 0x00, 0x00, 0x00, 0x00 }, // U+868A 蚊
    { 0x00, 0x00, 0x00, 0x00, 0x10, 0x30, 0x10, 0x30, 0x10, 0x30, 0x7D, 0xFE, 0x54, 0x30, 0x54, 0x30, 0x55, 0xFE, 0x54, 0x30, 0x7C, 0x30, 0x50, 0x30, 0x17, 0xFF, 0x14, 0x30, 0x00, 0x00, 0x00, 0x00 }, // U+868C 蚌
    { 0x00, 0x00, 0x00, 0x00, 0x3F, 0xFC, 0x01, 0x00, 0x03, 0x00, 0x7F, 0xFE, 0x04, 0x60, 0x18, 0x30, 0x31, 0x9C, 0x7F, 0xFE, 0x11, 0x88, 0x11, 0x88, 0x1F, 0xF8, 0x01, 0x88, 0x00, 0x00, 0x00, 0x00 }, // U+8695 蚕
    { 0x00, 0x00, 0x00, 0x00, 0x11, 0xFF, 0x10, 0x0C, 0x10, 0x88, 0x7C, 0x88, 0x54, 0x88, 0x55, 0x08, 0x55, 0xFF, 0x7C, 0x1C, 0x50, 0x38, 0x14, 0x28, 0x14, 0x48, 0x1E, 0xC8, 0x00, 0x00, 0x00, 0x00 }, // U+869C 蚜
    { 0x00, 0x00, 0x00, 0x00, 0x3F, 0xFC, 0x19, 0x0C, 0x0C, 0xB8, 0x03, 0xE0, 0x0F, 0xE0, 0x70, 0x1F, 0x01, 0x80, 0x3F, 0xFC, 0x21, 0x84, 0x21, 0x84, 0x3F, 0xFC, 0x21, 0x8C, 0x00, 0x00, 0x00, 0x00 }, // U+86A4 蚤
    { 0x00, 0x00, 0x00, 0x00, 0x10, 0x20, 0x10, 0x10, 0x10, 0x10, 0x7F, 0xFF, 0x52, 0x10, 0x52, 0x10, 0x52, 0x10, 0x52, 0x10, 0x7F, 0xFE, 0x50, 0x10, 0x14, 0x10, 0x16, 0x10, 0x00, 0x00, 0x00, 0x00 }, // U+86C0 蛀
    { 0x00, 0x00, 0x00, 0x00, 0x10, 0xFC, 0x10, 0x84, 0x10, 0x84, 0x7C, 0x84, 0x54, 0xFC, 0x54, 0x84, 0x54, 0x84, 0x7C, 0x84, 0x50, 0xFC, 0x14, 0x84, 0x14, 0x84, 0x1E, 0x84, 0x00, 0x00, 0x00, 0x00 }, // U+86C6 蛆
    { 0x00, 0x00, 0x00, 0x00, 0x10, 0x20, 0x10, 0x10, 0x11, 0xFF, 0x7D, 0x03, 0x55, 0x03, 0x54, 0x00, 0x54, 0x86, 0x54, 0x8C, 0x7C, 0xB8, 0x50, 0xE2, 0x14, 0x83, 0x16, 0x82, 0x00, 0x00, 0x00, 0x00 }, // U+86C7 蛇
    { 0x00, 0x00, 0x00, 0x00, 0x01, 0x80, 0x01, 0x80, 0x3F, 0xFC, 0x21, 0x84, 0x21, 0x84, 0x3F, 0xFC, 0x01, 0x88, 0x7F, 0xFE, 0x00, 0x02, 0x3F, 0xFC, 0x22, 0x44, 0x22, 0x44, 0x00, 0x00, 0x00, 0x00 }, // U+86CA 蛊
    { 0x00, 0x00, 0x00, 0x00, 0x7F, 0xFE, 0x01, 0x82, 0x11, 0x82, 0x11, 0xFE, 0x31, 0x80, 0x3D, 0x80, 0x67, 0xFE, 0x41, 0x80, 0x3F, 0xFC, 0x21, 0x84, 0x21, 0x84, 0x3F, 0xFC, 0x00, 0x00, 0x00, 0x00 }, // U+86CB 蛋
    { 0x00, 0x00, 0x00, 0x00, 0x11, 0xFE, 0x11, 0x02, 0x11, 0x02, 0x7D, 0x7A, 0x55, 0x4A, 0x55, 0x4A, 0x55, 0x4A, 0x7D, 0x4A, 0x51, 0x7A, 0x15, 0x4A, 0x15, 0x02, 0x3D, 0x02, 0x00, 0x00, 0x00, 0x00 }, // U+86D4 蛔
    { 0x00, 0x00, 0x00, 0x00, 0x10, 0x30, 0x10, 0x30, 0x11, 0xFE, 0x7C, 0x30, 0x54, 0x30, 0x54, 0x30, 0x55, 0xFF, 0x7C, 0x00, 0x50, 0x30, 0x11, 0xFE, 0x14, 0x30, 0x14, 0x30, 0x00, 0x00, 0x00, 0x00 }, // U+86D9 蛙
    { 0x00, 0x00, 0x00, 0x00, 0x10, 0x30, 0x10, 0xB0, 0x11, 0xB0, 0x7D, 0xFE, 0x55, 0x30, 0x55, 0x30, 0x54, 0x30, 0x57, 0xFF, 0x7C, 0x30, 0x50, 0x78, 0x14, 0xB8, 0x15, 0xB4, 0x00, 0x00, 0x00, 0x00 }, // U+86DB 蛛
    { 0x00, 0x00, 0x00, 0x00, 0x10, 0x30, 0x10, 0x38, 0x10, 0x68, 0x7C, 0xC4, 0x55, 0x86, 0x57, 0xFF, 0x54, 0x00, 0x54, 0x00, 0x7C, 0xFE, 0x50, 0x86, 0x10, 0x82, 0x14, 0x82, 0x00, 0x00, 0x00, 0x00 }, // U+86E4 蛤
    { 0x00, 0x00, 0x00, 0x00, 0x7F, 0xFE, 0x02, 0x40, 0x12, 0x4C, 0x62, 0x46, 0x42, 0x42, 0x01, 0x80, 0x3F, 0xFC, 0x21, 0x84, 0x21, 0x84, 0x3F, 0xFC, 0x01, 0x80, 0x00, 0x00, 0x00, 0x00, 0x00, 0x00 }, // U+86EE 蛮
    { 0x00, 0x00, 0x00, 0x00, 0x10, 0x40, 0x10, 0x40, 0x7D, 0xF8, 0x10, 0x48, 0x1D, 0xC8, 0x70, 0xC9, 0x11, 0x2D, 0x72, 0x06, 0x01, 0x80, 0x3F, 0xFC, 0x21, 0x84, 0x3F, 0xFC, 0x00, 0x00, 0x00, 0x00 }, // U+86F0 蛰
    { 0x00, 0x00, 0x00, 0x00, 0x11, 0xFE, 0x10, 0x4C, 0x10, 0x38, 0x7D, 0xFE, 0x55, 0x12, 0x55, 0x12, 0x55, 0xFE, 0x55, 0x12, 0x7D, 0x12, 0x51, 0xFE, 0x15, 0x12, 0x15, 0x12, 0x00, 0x00, 0x00, 0x00 }, // U+86F9 蛹
    { 0x00, 0x00, 0x00, 0x00, 0x10, 0xF8, 0x13, 0x98, 0x7C, 0x9C, 0x54, 0x9A, 0x57, 0xFF, 0x54, 0x98, 0x54, 0x8A, 0x7C, 0xAA, 0x51, 0xCC, 0x12, 0x8C, 0x14, 0x99, 0x14, 0xB9, 0x00, 0x00, 0x00, 0x00 }, // U+86FE 蛾
    { 0x00, 0x00, 0x00, 0x00, 0x7F, 0xFC, 0x66, 0x44, 0x66, 0x44, 0x3F, 0xFC, 0x30, 0x00, 0x3F, 0xFE, 0x42, 0x02, 0xBF, 0xF2, 0x22, 0x12, 0x3F, 0xF2, 0x23, 0x22, 0x03, 0xF2, 0x00, 0x00, 0x00, 0x00 }, // U+8700 蜀
    { 0x00, 0x00, 0x00, 0x00, 0x10, 0x40, 0x10, 0xFE, 0x10, 0xC4, 0x7D, 0x48, 0x55, 0x38, 0x54, 0x7C, 0x55, 0x86, 0x55, 0xFE, 0x7C, 0x30, 0x50, 0x30, 0x15, 0xFE, 0x14, 0x30, 0x00, 0x00, 0x00, 0x00 }, // U+8702 蜂
    { 0x00, 0x00, 0x00, 0x00, 0x10, 0x06, 0x13, 0xBE, 0x10, 0x84, 0x7D, 0x84, 0x55, 0x24, 0x55, 0x26, 0x57, 0xA4, 0x7C, 0xA4, 0x52, 0xA4, 0x12, 0xA4, 0x15, 0xBE, 0x3D, 0x80, 0x00, 0x00, 0x00, 0x00 }, // U+8712 蜒
    { 0x00, 0x00, 0x00, 0x00, 0x10, 0x84, 0x10, 0xCC, 0x10, 0x48, 0x7D, 0xFE, 0x55, 0x02, 0x55, 0x02, 0x55, 0x02, 0x7D, 0xFE, 0x51, 0x5A, 0x14, 0x58, 0x14, 0x59, 0x1E, 0x99, 0x00, 0x00, 0x00, 0x00 }, // U+8715 蜕
    { 0x00, 0x00, 0x00, 0x00, 0x11, 0xFC, 0x11, 0x84, 0x11, 0x84, 0x7D, 0xFC, 0x55, 0xB4, 0x54, 0x20, 0x55, 0xFE, 0x7D, 0x22, 0x51, 0x32, 0x15, 0x7A, 0x15, 0xCA, 0x1F, 0x86, 0x00, 0x00, 0x00, 0x00 }, // U+8717 蜗
    { 0x00, 0x00, 0x00, 0x00, 0x11, 0x00, 0x11, 0x00, 0x13, 0xFE, 0x7E, 0x92, 0x56, 0x92, 0x54, 0x92, 0x54, 0x92, 0x57, 0xF2, 0x7C, 0x92, 0x50, 0x92, 0x10, 0x92, 0x15, 0xD2, 0x00, 0x00, 0x00, 0x00 }, // U+8718 蜘
    { 0x00, 0x00, 0x00, 0x00, 0x01, 0x00, 0x7F, 0xFE, 0x41, 0x12, 0x14, 0xE4, 0x25, 0x96, 0x27, 0x12, 0x1F, 0xF0, 0x41, 0x80, 0x3F, 0xFC, 0x31, 0x8C, 0x3F, 0xF8, 0x31, 0x88, 0x00, 0x00, 0x00, 0x00 }, // U+871C 蜜
    { 0x00, 0x00, 0x00, 0x00, 0x10, 0x48, 0x10, 0x48, 0x11, 0xFE, 0x7C, 0x48, 0x54, 0x48, 0x57, 0xFF, 0x54, 0x00, 0x7D, 0xFE, 0x51, 0x02, 0x15, 0xFE, 0x15, 0x02, 0x3F, 0x02, 0x00, 0x00, 0x00, 0x00 }, // U+8721 蜡
    { 0x00, 0x00, 0x00, 0x00, 0x11, 0xFC, 0x11, 0x04, 0x11, 0xFC, 0x7D, 0x24, 0x54, 0x20, 0x55, 0xFE, 0x55, 0x22, 0x7D, 0xFE, 0x51, 0x22, 0x15, 0x22, 0x15, 0xFE, 0x3D, 0x21, 0x00, 0x00, 0x00, 0x00 }, // U+8747 蝇
    { 0x00, 0x00, 0x00, 0x00, 0x10, 0x84, 0x10, 0x48, 0x7D, 0xFE, 0x55, 0x32, 0x55, 0x12, 0x55, 0xFE, 0x55, 0x12, 0x55, 0x12, 0x7D, 0xFE, 0x51, 0x32, 0x15, 0x10, 0x17, 0xFF, 0x00, 0x00, 0x00, 0x00 }, // U+8749 蝉
    { 0x00, 0x00, 0x10, 0x00, 0x11, 0xFC, 0x11, 0x04, 0x7D, 0xFC, 0x55, 0x04, 0x55, 0x04, 0x55, 0xFC, 0x54, 0x80, 0x7D, 0xFE, 0x53, 0x22, 0x12, 0x72, 0x11, 0x4A, 0x15, 0x02, 0x00, 0x00, 0x00, 0x00 }, // U+874E 蝎
    { 0x00, 0x00, 0x00, 0x00, 0x10, 0x60, 0x11, 0xFE, 0x7D, 0x02, 0x55, 0xFE, 0x55, 0x02, 0x55, 0xFE, 0x55, 0x02, 0x7C, 0x00, 0x53, 0xFE, 0x14, 0x20, 0x15, 0xFE, 0x3C, 0x20, 0x00, 0x00, 0x00, 0x00 }, // U+8757 蝗
    { 0x00, 0x00, 0x00, 0x00, 0x10, 0x80, 0x10, 0x9E, 0x10, 0x92, 0x7F, 0xD2, 0x54, 0x92, 0x54, 0x9E, 0x57, 0xD2, 0x7E, 0x52, 0x52, 0x5E, 0x1A, 0x52, 0x12, 0x62, 0x3F, 0xE2, 0x00, 0x00, 0x00, 0x00 }, // U+8774 蝴
    { 0x00, 0x00, 0x00, 0x00, 0x11, 0x24, 0x11, 0x24, 0x13, 0xFF, 0x7D, 0x24, 0x55, 0x24, 0x55, 0x3C, 0x55, 0x00, 0x7D, 0xFE, 0x50, 0x20, 0x17, 0xFE, 0x14, 0x70, 0x3C, 0xA8, 0x00, 0x00, 0x00, 0x00 }, // U+8776 蝶
    { 0x00, 0x00, 0x00, 0x08, 0x7F, 0x08, 0x00, 0x08, 0x3F, 0x7E, 0x21, 0x4A, 0x21, 0x4A, 0x3F, 0x4A, 0x00, 0x4A, 0x7F, 0x4A, 0x55, 0x7E, 0x55, 0x08, 0x7F, 0x0A, 0x49, 0x0A, 0x00, 0x00, 0x00, 0x00 }, // U+878D 融
    { 0x00, 0x00, 0x00, 0x00, 0x13, 0xFE, 0x12, 0x02, 0x7E, 0x02, 0x55, 0xFE, 0x55, 0x06, 0x55, 0xFE, 0x55, 0x06, 0x7D, 0xFE, 0x51, 0x26, 0x11, 0x20, 0x14, 0x10, 0x17, 0xFF, 0x00, 0x00, 0x00, 0x00 }, // U+879F 螟
    { 0x00, 0x00, 0x00, 0x00, 0x11, 0xFE, 0x11, 0x22, 0x7D, 0xFE, 0x55, 0x22, 0x55, 0xFE, 0x54, 0x60, 0x54, 0x84, 0x7D, 0xF8, 0x50, 0x64, 0x15, 0xC6, 0x15, 0xFE, 0xFC, 0xB8, 0x00, 0x00, 0x00, 0x00 }, // U+87BA 螺
    { 0x00, 0x00, 0x00, 0x00, 0x20, 0x00, 0x3E, 0xFE, 0x44, 0x22, 0xFF, 0xCC, 0x48, 0x50, 0x7E, 0x7E, 0x48, 0x90, 0x7E, 0xFF, 0x4E, 0x10, 0x01, 0x80, 0x3F, 0xFC, 0x21, 0x84, 0x00, 0x00, 0x00, 0x00 }, // U+87F9 蟹
    { 0x00, 0x00, 0x10, 0x00, 0x11, 0xFE, 0x10, 0x20, 0x7B, 0xFE, 0x5A, 0x20, 0x58, 0xFC, 0x59, 0xFC, 0x58, 0x00, 0x7B, 0xFE, 0x50, 0x20, 0x10, 0x20, 0x19, 0xFE, 0x11, 0x4A, 0x00, 0x00, 0x00, 0x00 }, // U+8815 蠕
    { 0x00, 0x00, 0x00, 0x00, 0x01, 0x00, 0x7F, 0xFE, 0x02, 0x00, 0x7F, 0xFE, 0x18, 0x10, 0x3F, 0xFC, 0x50, 0x0B, 0x0F, 0xF0, 0x08, 0x10, 0x7E, 0x7E, 0x48, 0x12, 0x7E, 0x7E, 0x00, 0x00, 0x00, 0x00 }, // U+8822 蠢
    { 0x00, 0x00, 0x01, 0x00, 0x03, 0x00, 0x02, 0x00, 0x3F, 0xFC, 0x22, 0x44, 0x22, 0x44, 0x22, 0x44, 0x22, 0x44, 0x22, 0x44, 0x22, 0x44, 0x22, 0x44, 0x22, 0x44, 0x22, 0x44, 0x00, 0x00, 0x00, 0x00 }, // U+8840 血
    { 0x00, 0x00, 0x00, 0x00, 0x10, 0x10, 0x10, 0x92, 0x7E, 0x92, 0x5A, 0xD6, 0x5A, 0x54, 0x5A, 0x10, 0x5A, 0xFE, 0x5A, 0x10, 0x5A, 0x10, 0x5B, 0xFF, 0x5A, 0x10, 0x7F, 0x10, 0x00, 0x00, 0x00, 0x00 }, // U+8845 衅
    { 0x00, 0x00, 0x00, 0x00, 0x08, 0x00, 0x19, 0xFE, 0x30, 0x00, 0x60, 0x00, 0x48, 0x00, 0x08, 0x00, 0x1B, 0xFF, 0x30, 0x18, 0x30, 0x18, 0x70, 0x18, 0x10, 0x18, 0x10, 0x18, 0x00, 0x00, 0x00, 0x00 }, // U+884C 行
    { 0x00, 0x00, 0x00, 0x00, 0x0A, 0x00, 0x11, 0x3E, 0x30, 0x80, 0x60, 0x00, 0x0A, 0x00, 0x13, 0x00, 0x31, 0x7F, 0x70, 0x0C, 0xF0, 0x04, 0x31, 0x04, 0x31, 0x04, 0x31, 0x04, 0x00, 0x00, 0x00, 0x00 }, // U+884D 衍
    { 0x00, 0x00, 0x00, 0x00, 0x12, 0x00, 0x12, 0x3E, 0x27, 0xC0, 0x44, 0x00, 0x00, 0x00, 0x17, 0xC0, 0x23, 0x3F, 0x63, 0x04, 0xEF, 0xC4, 0x23, 0x04, 0x23, 0x04, 0x23, 0x04, 0x00, 0x00, 0x00, 0x00 }, // U+8854 衔
    { 0x00, 0x00, 0x00, 0x00, 0x11, 0x00, 0x11, 0x1E, 0x27, 0xC0, 0x41, 0x00, 0x19, 0x00, 0x1F, 0xFF, 0x31, 0x04, 0x61, 0x04, 0x27, 0xE4, 0x21, 0x04, 0x21, 0x04, 0x21, 0xE4, 0x00, 0x00, 0x00, 0x00 }, // U+8857 街
    { 0x00, 0x00, 0x00, 0x00, 0x1F, 0xEE, 0x33, 0x00, 0x22, 0x00, 0x47, 0xC0, 0x92, 0x5F, 0x22, 0x44, 0x2F, 0xE4, 0x60, 0x04, 0xE7, 0xC4, 0x24, 0x44, 0x24, 0x44, 0x24, 0x44, 0x00, 0x00, 0x00, 0x00 }, // U+8859 衙
    { 0x00, 0x00, 0x00, 0x00, 0x12, 0x00, 0x37, 0xCE, 0x2C, 0xC0, 0x4F, 0xE0, 0x95, 0x20, 0x35, 0x20, 0x27, 0xFF, 0x65, 0x24, 0xE7, 0xE4, 0x25, 0x24, 0x21, 0x04, 0x2F, 0xE4, 0x00, 0x00, 0x00, 0x00 }, // U+8861 衡
    { 0x00, 0x00, 0x01, 0x00, 0x01, 0x80, 0x00, 0x80, 0x7F, 0xFF, 0x01, 0x80, 0x03, 0x80, 0x02, 0x86, 0x04, 0xCC, 0x0C, 0x58, 0x38, 0x70, 0x68, 0x20, 0x48, 0x10, 0x08, 0x08, 0x00, 0x00, 0x00, 0x00 }, // U+8863 衣
    { 0x00, 0x00, 0x00, 0x00, 0x10, 0x60, 0x18, 0x60, 0x00, 0x60, 0xFC, 0x60, 0x0C, 0x60, 0x08, 0x70, 0x12, 0x78, 0x36, 0x6C, 0xDC, 0x66, 0x16, 0x62, 0x12, 0x60, 0x10, 0x60, 0x00, 0x00, 0x00, 0x00 }, // U+8865 补
    { 0x00, 0x00, 0x00, 0x00, 0x01, 0x80, 0x7F, 0xFE, 0x01, 0x80, 0x01, 0x80, 0x7F, 0xFE, 0x01, 0x80, 0xFF, 0xFF, 0x03, 0x80, 0x06, 0x80, 0x0C, 0x4C, 0x1C, 0x30, 0x74, 0x30, 0x00, 0x00, 0x00, 0x00 }, // U+8868 表
    { 0x00, 0x00, 0x00, 0x00, 0x10, 0x00, 0x10, 0x0C, 0x00, 0x38, 0xFC, 0xE0, 0x09, 0x80, 0x18, 0x06, 0x30, 0x18, 0x74, 0x30, 0xFC, 0xC0, 0x1C, 0x02, 0x10, 0x06, 0x10, 0x1C, 0x00, 0x00, 0x00, 0x00 }, // U+886B 衫
    { 0x00, 0x00, 0x00, 0x00, 0x30, 0x0C, 0x10, 0x0C, 0x00, 0x0C, 0xFD, 0xFF, 0x08, 0x0C, 0x18, 0x0C, 0x30, 0x8C, 0x74, 0x8C, 0xF8, 0x4C, 0x1C, 0x4C, 0x14, 0x0C, 0x10, 0x0C, 0x00, 0x00, 0x00, 0x00 }, // U+886C 衬
    { 0x00, 0x00, 0x00, 0x00, 0x01, 0x00, 0x00, 0x80, 0x7F, 0xFE, 0x00, 0x00, 0x1F, 0xF8, 0x10, 0x08, 0xFF, 0xFF, 0x10, 0x08, 0x1F, 0xF8, 0x03, 0x84, 0x0C, 0xD8, 0x38, 0x70, 0x00, 0x00, 0x00, 0x00 }, // U+8870 衰
    { 0x00, 0x00, 0x01, 0x00, 0x01, 0x80, 0x7F, 0xFE, 0x00, 0x00, 0x01, 0x80, 0x3F, 0xFC, 0x21, 0x84, 0x21, 0x84, 0x1F, 0xF8, 0x01, 0x00, 0x06, 0x8C, 0x0C, 0x78, 0x38, 0x30, 0x00, 0x00, 0x00, 0x00 }, // U+8877 衷
    { 0x00, 0x00, 0x00, 0x00, 0x01, 0x80, 0x01, 0x80, 0x3F, 0xFC, 0x01, 0x80, 0x7F, 0xFE, 0x00, 0x00, 0x1F, 0xF8, 0x10, 0x08, 0x10, 0x08, 0x1F, 0xF8, 0x06, 0x84, 0x1C, 0x78, 0x00, 0x00, 0x00, 0x00 }, // U+8881 袁
    { 0x00, 0x00, 0x00, 0x00, 0x20, 0x0E, 0x31, 0xFC, 0x10, 0x20, 0xF8, 0x20, 0x18, 0x20, 0x10, 0x20, 0x3F, 0xFF, 0xF8, 0x30, 0x3C, 0x70, 0x30, 0x50, 0x30, 0xC8, 0x31, 0x8C, 0x00, 0x00, 0x00, 0x00 }, // U+8884 袄
    { 0x00, 0x00, 0x00, 0x00, 0x0C, 0x90, 0x18, 0x88, 0x30, 0xCE, 0x77, 0xF8, 0x50, 0x60, 0x10, 0x32, 0x11, 0x0E, 0x00, 0x80, 0xFF, 0xFF, 0x03, 0x84, 0x0C, 0x8C, 0x3C, 0x70, 0x00, 0x00, 0x00, 0x00 }, // U+888B 袋
    { 0x00, 0x00, 0x00, 0x00, 0x21, 0x80, 0x31, 0x00, 0x11, 0xFE, 0xFB, 0x06, 0x0E, 0x06, 0x17, 0xF6, 0x27, 0x16, 0x7B, 0x14, 0xFB, 0xF4, 0x23, 0x04, 0x23, 0x3D, 0x23, 0x03, 0x00, 0x00, 0x00, 0x00 }, // U+888D 袍
    { 0x00, 0x00, 0x00, 0x00, 0x21, 0xFE, 0x31, 0x06, 0x11, 0x06, 0xF9, 0x06, 0x19, 0xFE, 0x11, 0x06, 0x35, 0x06, 0x79, 0x06, 0xF9, 0x06, 0x39, 0xFE, 0x35, 0x06, 0x30, 0x00, 0x00, 0x00, 0x00, 0x00 }, // U+8892 袒
    { 0x00, 0x00, 0x00, 0x00, 0x20, 0x20, 0x30, 0x20, 0x10, 0x20, 0xFB, 0xFE, 0x1A, 0x22, 0x1A, 0x22, 0x36, 0x22, 0x7A, 0x22, 0xFB, 0xFE, 0x3A, 0x22, 0x36, 0x22, 0x32, 0x22, 0x00, 0x00, 0x00, 0x00 }, // U+8896 袖
    { 0x00, 0x00, 0x00, 0x00, 0x20, 0x20, 0x30, 0x20, 0x13, 0xFE, 0xF8, 0x20, 0x08, 0x20, 0x10, 0x20, 0x35, 0xFE, 0x78, 0x70, 0x38, 0x70, 0x34, 0xA8, 0x31, 0x24, 0x32, 0x26, 0x00, 0x00, 0x00, 0x00 }, // U+889C 袜
    { 0x00, 0x00, 0x00, 0x00, 0x20, 0x10, 0x30, 0x10, 0x11, 0xFE, 0xF9, 0x12, 0x09, 0x12, 0x11, 0x10, 0x37, 0xFC, 0x7D, 0xC4, 0xFB, 0x44, 0x3A, 0x4C, 0x36, 0x28, 0x32, 0x30, 0x00, 0x00, 0x00, 0x00 }, // U+88AB 被
    { 0x00, 0x00, 0x00, 0x00, 0x02, 0x20, 0x02, 0x10, 0x7F, 0xFE, 0x06, 0x40, 0x0C, 0x4A, 0x18, 0xE2, 0x63, 0x7E, 0x01, 0x00, 0x7F, 0xFE, 0x02, 0x80, 0x04, 0x44, 0x1C, 0x78, 0x00, 0x00, 0x00, 0x00 }, // U+88AD 袭
    { 0x00, 0x00, 0x00, 0x00, 0x20, 0x90, 0x31, 0x94, 0x11, 0x16, 0xFB, 0x12, 0x1B, 0x10, 0x17, 0xFF, 0x37, 0x18, 0x75, 0x18, 0xF9, 0x18, 0x35, 0x28, 0x31, 0x24, 0x31, 0x64, 0x00, 0x00, 0x00, 0x00 }, // U+88B1 袱
    { 0x00, 0x00, 0x00, 0x00, 0x0C, 0x68, 0x7F, 0x64, 0x0C, 0x62, 0x0C, 0x60, 0xFF, 0xFF, 0x08, 0x20, 0x0C, 0x24, 0x7F, 0xA4, 0x18, 0x2C, 0x30, 0xB8, 0x77, 0x30, 0x93, 0x31, 0x00, 0x00, 0x00, 0x00 }, // U+88C1 裁
    { 0x00, 0x00, 0x00, 0x00, 0x7F, 0x86, 0x08, 0x36, 0x1F, 0xB6, 0x21, 0xB6, 0x59, 0x36, 0x0E, 0x06, 0x0C, 0x06, 0x39, 0x9C, 0x20, 0x80, 0x7F, 0xFE, 0x07, 0x84, 0x0C, 0x5C, 0x00, 0x00, 0x00, 0x00 }, // U+88C2 裂
    { 0x00, 0x00, 0x00, 0x00, 0x04, 0x30, 0x64, 0x30, 0x25, 0xFF, 0x0C, 0x30, 0x1C, 0x30, 0x65, 0xFE, 0x45, 0x00, 0x01, 0x80, 0xFF, 0xFF, 0x03, 0x84, 0x06, 0x8C, 0x3C, 0x70, 0x00, 0x00, 0x00, 0x00 }, // U+88C5 装
    { 0x00, 0x00, 0x00, 0x00, 0x01, 0x00, 0x01, 0x00, 0x7F, 0xFE, 0x06, 0x84, 0x1C, 0x78, 0x6D, 0xB8, 0x0C, 0x06, 0x7F, 0xFC, 0x62, 0x44, 0x6C, 0x34, 0x77, 0xEC, 0x64, 0x24, 0x00, 0x00, 0x00, 0x00 }, // U+88D4 裔
    { 0x00, 0x00, 0x00, 0x00, 0x20, 0x48, 0x30, 0xCC, 0x11, 0x84, 0xF9, 0x32, 0x1A, 0x7A, 0x10, 0xC8, 0x35, 0x86, 0xFB, 0x03, 0x3B, 0xFE, 0x35, 0x06, 0x31, 0x06, 0x31, 0x06, 0x00, 0x00, 0x00, 0x00 }, // U+88D5 裕
    { 0x00, 0x00, 0x00, 0x00, 0x23, 0xFC, 0x30, 0xC4, 0x10, 0x84, 0xFB, 0xFF, 0x18, 0x84, 0x10, 0x84, 0x3B, 0xFC, 0x78, 0x80, 0x25, 0xFE, 0x23, 0x86, 0x27, 0x86, 0x25, 0x86, 0x00, 0x00, 0x00, 0x00 }, // U+88D9 裙
    { 0x00, 0x00, 0x00, 0x00, 0x20, 0x20, 0x20, 0x30, 0x13, 0xFF, 0xFA, 0x00, 0x12, 0x20, 0x16, 0x20, 0x2B, 0xFF, 0x7A, 0x50, 0x2A, 0x90, 0x22, 0xFE, 0x26, 0x10, 0x25, 0xFF, 0x00, 0x00, 0x00, 0x00 }, // U+88E4 裤
    { 0x00, 0x00, 0x00, 0x00, 0x11, 0x88, 0x09, 0x90, 0x7F, 0xFE, 0x40, 0x02, 0x5F, 0xFA, 0x18, 0x18, 0x1F, 0xF8, 0x00, 0x80, 0xFF, 0xFF, 0x02, 0x80, 0x0C, 0x4C, 0x3C, 0x30, 0x00, 0x00, 0x00, 0x00 }, // U+88F3 裳
    { 0x00, 0x00, 0x00, 0x00, 0x02, 0x40, 0x7E, 0x7E, 0x02, 0x40, 0x7E, 0x7E, 0x02, 0x40, 0x7E, 0x7F, 0x02, 0x40, 0x01, 0x80, 0x7F, 0xFE, 0x03, 0x84, 0x0C, 0xD8, 0x3C, 0x70, 0x00, 0x00, 0x00, 0x00 }, // U+88F4 裴
    { 0x00, 0x00, 0x00, 0x00, 0x20, 0x00, 0x33, 0xFC, 0x12, 0x24, 0xFA, 0x24, 0x1B, 0xFC, 0x12, 0x24, 0x23, 0xFC, 0x6A, 0x24, 0xF0, 0x20, 0x3F, 0xFE, 0x28, 0xF0, 0x21, 0xA8, 0x00, 0x00, 0x00, 0x00 }, // U+88F8 裸
    { 0x00, 0x00, 0x00, 0x00, 0x01, 0x00, 0x7F, 0xFE, 0x21, 0x8C, 0x3F, 0xFC, 0x21, 0x8C, 0x0F, 0xF0, 0x01, 0x80, 0x7F, 0xFE, 0x07, 0xA0, 0x19, 0x8C, 0x62, 0x9A, 0x18, 0x70, 0x00, 0x00, 0x00, 0x00 }, // U+88F9 裹
    { 0x00, 0x00, 0x00, 0x00, 0x21, 0x08, 0x21, 0x08, 0x21, 0x08, 0xFF, 0xE8, 0x11, 0x08, 0x11, 0x0C, 0x27, 0xEE, 0x69, 0x0A, 0xF1, 0x08, 0x2F, 0xE8, 0x21, 0x08, 0x21, 0x08, 0x00, 0x00, 0x00, 0x00 }, // U+8902 褂
    { 0x00, 0x00, 0x20, 0x00, 0x33, 0xFC, 0x12, 0x04, 0x03, 0xFC, 0xFA, 0x04, 0x0A, 0x04, 0x13, 0xFC, 0x35, 0x00, 0x69, 0xFE, 0xFA, 0x22, 0x36, 0x62, 0x3A, 0xD2, 0x22, 0x8A, 0x00, 0x00, 0x00, 0x00 }, // U+8910 褐
    { 0x00, 0x00, 0x00, 0x00, 0x01, 0x00, 0x7F, 0xFE, 0x10, 0x00, 0x13, 0xFC, 0x22, 0x04, 0x63, 0xFC, 0x27, 0xFE, 0x21, 0x70, 0x22, 0x4C, 0x2D, 0x02, 0x07, 0x84, 0x1C, 0x78, 0x00, 0x00, 0x00, 0x00 }, // U+8912 褒
    { 0x00, 0x00, 0x00, 0x00, 0x23, 0xFE, 0x22, 0x00, 0x22, 0xFE, 0xFA, 0x00, 0x13, 0xFF, 0x22, 0xA2, 0x6A, 0x96, 0xFA, 0x8C, 0x2A, 0xE3, 0x26, 0x04, 0x25, 0xFF, 0x24, 0x84, 0x00, 0x00, 0x00, 0x00 }, // U+8925 褥
    { 0x00, 0x00, 0x00, 0x00, 0x20, 0x7E, 0x32, 0x42, 0x03, 0x42, 0xF8, 0x7E, 0x18, 0x42, 0x17, 0x42, 0x23, 0x7E, 0x7B, 0x42, 0x7B, 0x52, 0x2B, 0x4C, 0x23, 0x44, 0x23, 0x72, 0x00, 0x00, 0x00, 0x00 }, // U+892A 褪
    { 0x00, 0x00, 0x00, 0x00, 0x01, 0x00, 0x7F, 0xFE, 0x00, 0x00, 0x3E, 0x7C, 0x22, 0x44, 0x3E, 0x7C, 0x04, 0x20, 0x3F, 0xFC, 0x04, 0x20, 0x7F, 0xFE, 0x06, 0x80, 0x18, 0x7C, 0x00, 0x00, 0x00, 0x00 }, // U+8944 襄
    { 0x00, 0x00, 0x00, 0x00, 0x21, 0x08, 0x21, 0x08, 0x07, 0xFE, 0xF9, 0x18, 0x13, 0x9C, 0x15, 0x6A, 0x2D, 0x48, 0x78, 0x00, 0xFB, 0xFC, 0x28, 0x00, 0x27, 0xFE, 0x20, 0x20, 0x00, 0x00, 0x00, 0x00 }, // U+895F 襟
    { 0x00, 0x00, 0x00, 0x00, 0xFF, 0xFF, 0x02, 0x60, 0x02, 0x60, 0x7F, 0xFE, 0x66, 0x62, 0x66, 0x62, 0x64, 0x62, 0x64, 0x62, 0x68, 0x3E, 0x70, 0x02, 0x60, 0x02, 0x00, 0x00, 0x00, 0x00, 0x00, 0x00 }, // U+897F 西
    { 0x00, 0x00, 0x00, 0x00, 0x7F, 0xFE, 0x06, 0x60, 0x3F, 0xFC, 0x26, 0x64, 0x26, 0x64, 0x3F, 0xFC, 0x22, 0x04, 0x06, 0x00, 0xFF, 0xFF, 0x08, 0x30, 0x1C, 0x60, 0x00, 0x00, 0x00, 0x00, 0x00, 0x00 }, // U+8981 要
    { 0x00, 0x00, 0x00, 0x00, 0x7F, 0xFE, 0x02, 0x40, 0x3F, 0xFC, 0x22, 0x44, 0x3F, 0xFC, 0x02, 0x00, 0x17, 0xFE, 0x62, 0x04, 0x43, 0xFC, 0x12, 0x04, 0x33, 0xFC, 0x63, 0x00, 0x00, 0x00, 0x00, 0x00 }, // U+8986 覆
    { 0x00, 0x00, 0x00, 0x00, 0x3F, 0xFC, 0x30, 0x0C, 0x31, 0x8C, 0x31, 0x8C, 0x31, 0x8C, 0x31, 0x8C, 0x31, 0x0C, 0x31, 0x0C, 0x31, 0x8C, 0x33, 0x8C, 0x02, 0x82, 0x00, 0x00, 0x00, 0x00, 0x00, 0x00 }, // U+89C1 见
    { 0x00, 0x00, 0x00, 0x00, 0x01, 0xFC, 0x7D, 0x04, 0x0D, 0x24, 0x0D, 0x24, 0x49, 0x24, 0x69, 0x24, 0x29, 0x24, 0x39, 0x24, 0x19, 0x34, 0x18, 0x30, 0x38, 0x51, 0x00, 0x00, 0x00, 0x00, 0x00, 0x00 }, // U+89C2 观
    { 0x00, 0x00, 0x10, 0x00, 0x11, 0xFC, 0x11, 0x04, 0x7D, 0x24, 0x11, 0x24, 0x11, 0x24, 0x11, 0x24, 0xFF, 0x24, 0x11, 0x24, 0x11, 0x24, 0x39, 0x34, 0x2C, 0x70, 0x24, 0x51, 0x00, 0x00, 0x00, 0x00 }, // U+89C4 规
    { 0x00, 0x00, 0x00, 0x00, 0x00, 0x7E, 0x7F, 0xE0, 0x01, 0x04, 0x21, 0x88, 0x10, 0x98, 0x3F, 0xFC, 0x30, 0x0C, 0x31, 0x8C, 0x31, 0x0C, 0x31, 0x8C, 0x31, 0x8E, 0x02, 0x83, 0x00, 0x00, 0x00, 0x00 }, // U+89C5 觅
    { 0x00, 0x00, 0x00, 0x00, 0x20, 0x00, 0x31, 0xFC, 0x11, 0x04, 0xF9, 0x24, 0x09, 0x24, 0x11, 0x24, 0x31, 0x24, 0x79, 0x24, 0xFD, 0x24, 0x37, 0x74, 0x30, 0x70, 0x30, 0x51, 0x00, 0x00, 0x00, 0x00 }, // U+89C6 视
    { 0x00, 0x00, 0x00, 0x00, 0x44, 0x40, 0x44, 0xFE, 0x44, 0x80, 0x45, 0x20, 0x45, 0x18, 0x00, 0x04, 0x3F, 0xF8, 0x30, 0x08, 0x31, 0x08, 0x31, 0x88, 0x31, 0x89, 0x02, 0x83, 0x00, 0x00, 0x00, 0x00 }, // U+89C8 览
    { 0x00, 0x00, 0x00, 0x00, 0x11, 0x08, 0x11, 0x88, 0x08, 0x90, 0x7F, 0xFE, 0x40, 0x02, 0x40, 0x02, 0x1F, 0xF8, 0x10, 0x08, 0x11, 0x08, 0x11, 0x08, 0x11, 0x88, 0x11, 0x8A, 0x00, 0x00, 0x00, 0x00 }, // U+89C9 觉
    { 0x00, 0x00, 0x00, 0x00, 0x04, 0x00, 0x0F, 0xF0, 0x10, 0x20, 0x30, 0x60, 0x7F, 0xFC, 0x70, 0x84, 0x30, 0x84, 0x3F, 0xFC, 0x30, 0x84, 0x20, 0x84, 0x3F, 0xFC, 0x20, 0x84, 0x00, 0x00, 0x00, 0x00 }, // U+89D2 角
    { 0x00, 0x00, 0x00, 0x00, 0x10, 0x00, 0x30, 0xFE, 0x3C, 0x62, 0x4C, 0x62, 0xFE, 0x46, 0x4A, 0xDC, 0x4B, 0x80, 0x7E, 0x58, 0x4A, 0x7E, 0x4A, 0x98, 0x7E, 0x98, 0x4B, 0xFF, 0x00, 0x00, 0x00, 0x00 }, // U+89E3 解
    { 0x00, 0x00, 0x10, 0x00, 0x30, 0x10, 0x3C, 0x10, 0x64, 0x10, 0x4C, 0xFE, 0xFE, 0x92, 0x4A, 0x92, 0x4A, 0x92, 0x7E, 0x92, 0x4A, 0xFE, 0x4A, 0x90, 0x7E, 0x14, 0x4A, 0x12, 0x00, 0x00, 0x00, 0x00 }, // U+89E6 触
    { 0x00, 0x00, 0x00, 0x00, 0x01, 0x00, 0x01, 0x80, 0xFF, 0xFF, 0x00, 0x00, 0x3F, 0xFC, 0x00, 0x00, 0x3F, 0xFC, 0x00, 0x00, 0x3F, 0xFC, 0x30, 0x0C, 0x30, 0x0C, 0x30, 0x0C, 0x00, 0x00, 0x00, 0x00 }, // U+8A00 言
    { 0x00, 0x00, 0x00, 0x00, 0x0C, 0x00, 0x0F, 0xF0, 0x10, 0x30, 0x7F, 0xFE, 0x24, 0x4C, 0x3F, 0xFE, 0x20, 0x00, 0x2F, 0xFC, 0x20, 0x00, 0x2F, 0xFC, 0x20, 0x00, 0x4F, 0xFE, 0x00, 0x00, 0x00, 0x00 }, // U+8A79 詹
    { 0x00, 0x00, 0x00, 0x00, 0x11, 0x08, 0x11, 0x98, 0x7F, 0xFE, 0x0C, 0x10, 0x19, 0x18, 0x3F, 0xFC, 0x60, 0x06, 0x5F, 0xFA, 0x00, 0x00, 0x1F, 0xF8, 0x00, 0x00, 0x1F, 0xF8, 0x00, 0x00, 0x00, 0x00 }, // U+8A89 誉
    { 0x00, 0x00, 0x00, 0x00, 0x11, 0x18, 0x7F, 0xFE, 0x02, 0x00, 0xFF, 0xFF, 0x09, 0x18, 0x3F, 0xFE, 0x40, 0x00, 0x1F, 0xF8, 0x00, 0x00, 0x1F, 0xF8, 0x00, 0x00, 0x1F, 0xF8, 0x00, 0x00, 0x00, 0x00 }, // U+8A8A 誊
    { 0x00, 0x00, 0x00, 0x00, 0x18, 0x0E, 0x7E, 0xF8, 0x18, 0x80, 0x1F, 0xFE, 0x79, 0x08, 0x13, 0x88, 0x7F, 0xFF, 0x00, 0x00, 0x1F, 0xF8, 0x00, 0x00, 0x3F, 0xFC, 0x10, 0x08, 0x00, 0x00, 0x00, 0x00 }, // U+8A93 誓
    { 0x00, 0x00, 0x00, 0x00, 0x12, 0x20, 0x7F, 0xA0, 0x20, 0x3F, 0x7F, 0x64, 0x25, 0x1C, 0x3D, 0x18, 0x26, 0x62, 0x00, 0x80, 0x7F, 0xFE, 0x00, 0x00, 0x1F, 0xF8, 0x00, 0x00, 0x00, 0x00, 0x00, 0x00 }, // U+8B66 警
    { 0x00, 0x00, 0x00, 0x00, 0x00, 0x10, 0x3E, 0xFE, 0x02, 0x44, 0x7E, 0x24, 0x40, 0xFE, 0x7E, 0x10, 0x22, 0xFE, 0x3C, 0x10, 0x00, 0x80, 0x7F, 0xFF, 0x00, 0x00, 0x3F, 0xFC, 0x00, 0x00, 0x00, 0x00 }, // U+8B6C 譬
    { 0x00, 0x00, 0x00, 0x00, 0x40, 0x20, 0x60, 0x20, 0x30, 0x20, 0x10, 0x20, 0x00, 0x20, 0xF7, 0xFF, 0x30, 0x20, 0x30, 0x20, 0x30, 0x20, 0x30, 0x20, 0x30, 0x20, 0x32, 0x20, 0x00, 0x00, 0x00, 0x00 }, // U+8BA1 计
    { 0x00, 0x00, 0x00, 0x00, 0x20, 0x00, 0x33, 0xFF, 0x10, 0x10, 0x10, 0x10, 0x00, 0x10, 0xF0, 0x10, 0x30, 0x10, 0x30, 0x10, 0x30, 0x10, 0x30, 0x10, 0x32, 0x10, 0x3E, 0x10, 0x00, 0x00, 0x00, 0x00 }, // U+8BA2 订
    { 0x00, 0x00, 0x00, 0x00, 0x20, 0x40, 0x30, 0x40, 0x10, 0x40, 0x10, 0x60, 0x00, 0x70, 0xF0, 0x58, 0x30, 0x4C, 0x30, 0x46, 0x30, 0x42, 0x30, 0x40, 0x32, 0x40, 0x3E, 0x40, 0x00, 0x00, 0x00, 0x00 }, // U+8BA3 讣
    { 0x00, 0x00, 0x00, 0x00, 0x20, 0x60, 0x30, 0x60, 0x18, 0x60, 0x08, 0x60, 0x00, 0x60, 0xF0, 0x60, 0x30, 0x60, 0x30, 0x60, 0x30, 0x50, 0x30, 0xD0, 0x34, 0x98, 0x39, 0x88, 0x00, 0x00, 0x00, 0x00 }, // U+8BA4 认
    { 0x00, 0x00, 0x00, 0x00, 0x21, 0xF8, 0x31, 0x18, 0x11, 0x08, 0x11, 0x08, 0x01, 0x08, 0xE1, 0x08, 0x21, 0x08, 0x21, 0x08, 0x23, 0x08, 0x23, 0x08, 0x2A, 0x0B, 0x3A, 0x0B, 0x00, 0x00, 0x00, 0x00 }, // U+8BA5 讥
    { 0x00, 0x00, 0x00, 0x00, 0x20, 0x08, 0x30, 0x08, 0x10, 0x08, 0x07, 0xFF, 0x00, 0x08, 0xF0, 0x08, 0x32, 0x08, 0x31, 0x08, 0x31, 0x88, 0x30, 0x88, 0x30, 0x88, 0x30, 0x08, 0x00, 0x00, 0x00, 0x00 }, // U+8BA8 讨
    { 0x00, 0x00, 0x20, 0x60, 0x30, 0x60, 0x18, 0x60, 0x08, 0x60, 0x00, 0x60, 0x00, 0x7E, 0xF0, 0x60, 0x30, 0x60, 0x30, 0x60, 0x30, 0x60, 0x30, 0x60, 0x30, 0x60, 0x3C, 0x60, 0x00, 0x00, 0x00, 0x00 }, // U+8BA9 让
    { 0x00, 0x00, 0x00, 0x00, 0x41, 0x00, 0x21, 0x00, 0x33, 0xFF, 0x12, 0x00, 0x06, 0x00, 0xF7, 0xF8, 0x30, 0x18, 0x30, 0x30, 0x30, 0x60, 0x30, 0xC2, 0x31, 0x82, 0x3B, 0x02, 0x00, 0x00, 0x00, 0x00 }, // U+8BAB 讫
    { 0x00, 0x00, 0x00, 0x00, 0x23, 0x02, 0x23, 0x22, 0x13, 0x22, 0x13, 0x22, 0x03, 0x22, 0xE3, 0x22, 0x23, 0x22, 0x23, 0x22, 0x23, 0x22, 0x22, 0x22, 0x22, 0x22, 0x3A, 0x22, 0x00, 0x00, 0x00, 0x00 }, // U+8BAD 训
    { 0x00, 0x00, 0x00, 0x00, 0x40, 0x80, 0x26, 0x44, 0x32, 0x64, 0x12, 0x24, 0x02, 0x04, 0xE2, 0x0C, 0x21, 0x08, 0x21, 0x18, 0x21, 0x90, 0x20, 0xB0, 0x20, 0x60, 0x38, 0xE0, 0x00, 0x00, 0x00, 0x00 }, // U+8BAE 议
    { 0x00, 0x00, 0x00, 0x00, 0x40, 0x00, 0x6F, 0xF8, 0x31, 0x08, 0x11, 0x08, 0x01, 0x08, 0xE1, 0x08, 0x21, 0x08, 0x2F, 0xE8, 0x21, 0x08, 0x21, 0x08, 0x21, 0x09, 0x21, 0x09, 0x00, 0x00, 0x00, 0x00 }, // U+8BAF 讯
    { 0x00, 0x00, 0x00, 0x00, 0x40, 0x00, 0x23, 0xFE, 0x30, 0x06, 0x10, 0x06, 0x00, 0x06, 0x00, 0x06, 0xF3, 0xFE, 0x33, 0x06, 0x32, 0x00, 0x32, 0x00, 0x32, 0x03, 0x32, 0x03, 0x00, 0x00, 0x00, 0x00 }, // U+8BB0 记
    { 0x00, 0x00, 0x00, 0x00, 0x61, 0x08, 0x31, 0x08, 0x11, 0x08, 0x07, 0xFE, 0x01, 0x08, 0xE1, 0x08, 0x21, 0x08, 0x21, 0x08, 0x2F, 0xFF, 0x21, 0x08, 0x21, 0x08, 0x2B, 0x08, 0x00, 0x00, 0x00, 0x00 }, // U+8BB2 讲
    { 0x00, 0x00, 0x00, 0x00, 0x40, 0x40, 0x60, 0x40, 0x37, 0xFF, 0x10, 0x40, 0x00, 0x40, 0xE7, 0xFE, 0x20, 0x40, 0x20, 0x40, 0x2F, 0xFE, 0x20, 0x42, 0x20, 0x42, 0x20, 0x42, 0x00, 0x00, 0x00, 0x00 }, // U+8BB3 讳
    { 0x00, 0x00, 0x00, 0x00, 0x47, 0xFE, 0x20, 0x08, 0x11, 0x08, 0x02, 0x08, 0x02, 0x08, 0xE2, 0x08, 0x23, 0xFE, 0x20, 0x38, 0x20, 0x68, 0x20, 0x48, 0x20, 0x88, 0x39, 0x88, 0x00, 0x00, 0x00, 0x00 }, // U+8BB6 讶
    { 0x00, 0x00, 0x00, 0x00, 0x41, 0x00, 0x61, 0x00, 0x33, 0xFE, 0x12, 0x20, 0x06, 0x20, 0xF4, 0x20, 0x30, 0x20, 0x37, 0xFF, 0x30, 0x20, 0x30, 0x20, 0x30, 0x20, 0x3C, 0x20, 0x00, 0x00, 0x00, 0x00 }, // U+8BB8 许
    { 0x00, 0x00, 0x00, 0x00, 0x61, 0x20, 0x31, 0x20, 0x13, 0x22, 0x02, 0x26, 0x06, 0x24, 0xE6, 0x2C, 0x2E, 0x38, 0x22, 0x30, 0x22, 0x60, 0x22, 0xA2, 0x22, 0x23, 0x2A, 0x23, 0x00, 0x00, 0x00, 0x00 }, // U+8BB9 讹
    { 0x00, 0x00, 0x00, 0x00, 0x20, 0x60, 0x30, 0x70, 0x10, 0x90, 0x01, 0x08, 0x06, 0x06, 0xF4, 0x02, 0x31, 0x08, 0x31, 0x18, 0x31, 0x30, 0x31, 0x60, 0x31, 0x80, 0x31, 0x02, 0x00, 0x00, 0x00, 0x00 }, // U+8BBA 论
    { 0x00, 0x00, 0x00, 0x00, 0x40, 0x90, 0x60, 0x90, 0x31, 0x88, 0x11, 0x08, 0x01, 0x0C, 0xE2, 0x04, 0x26, 0x62, 0x24, 0x42, 0x20, 0x40, 0x20, 0x88, 0x21, 0x8C, 0x21, 0x04, 0x00, 0x00, 0x00, 0x00 }, // U+8BBC 讼
    { 0x00, 0x00, 0x00, 0x00, 0x47, 0xFC, 0x26, 0x0C, 0x36, 0x04, 0x07, 0x14, 0x07, 0xB4, 0xE6, 0xA4, 0x26, 0xE4, 0x26, 0x44, 0x24, 0x64, 0x24, 0xE4, 0x3C, 0xA5, 0x35, 0x15, 0x00, 0x00, 0x00, 0x00 }, // U+8BBD 讽
    { 0x00, 0x00, 0x00, 0x00, 0x21, 0xF8, 0x31, 0x08, 0x11, 0x08, 0x03, 0x0C, 0xF4, 0x07, 0x30, 0x00, 0x33, 0xFC, 0x31, 0x0C, 0x31, 0x08, 0x30, 0x98, 0x34, 0x70, 0x00, 0x00, 0x00, 0x00, 0x00, 0x00 }, // U+8BBE 设
    { 0x00, 0x00, 0x40, 0x40, 0x60, 0x20, 0x30, 0x20, 0x17, 0xFF, 0x01, 0x80, 0x01, 0x80, 0xF1, 0x80, 0x31, 0xFE, 0x31, 0x86, 0x31, 0x86, 0x35, 0x84, 0x3D, 0x04, 0x33, 0x04, 0x00, 0x00, 0x00, 0x00 }, // U+8BBF 访
    { 0x00, 0x00, 0x00, 0x00, 0x40, 0x40, 0x20, 0x40, 0x30, 0x40, 0x17, 0xFC, 0x00, 0x44, 0xE0, 0x44, 0x20, 0x44, 0x20, 0x44, 0x27, 0xFF, 0x20, 0xC0, 0x20, 0xA0, 0x39, 0x30, 0x00, 0x00, 0x00, 0x00 }, // U+8BC0 诀
    { 0x00, 0x00, 0x00, 0x00, 0x40, 0x00, 0x67, 0xFF, 0x30, 0x20, 0x10, 0x20, 0x00, 0x20, 0xE3, 0x20, 0x23, 0x20, 0x23, 0x3E, 0x23, 0x20, 0x23, 0x20, 0x3B, 0x20, 0x33, 0x20, 0x00, 0x00, 0x00, 0x00 }, // U+8BC1 证
    { 0x00, 0x00, 0x00, 0x00, 0x40, 0x00, 0x67, 0xFE, 0x30, 0x60, 0x14, 0x62, 0x02, 0x64, 0x03, 0x6C, 0xE1, 0x68, 0x20, 0x60, 0x2F, 0xFF, 0x20, 0x60, 0x20, 0x60, 0x20, 0x60, 0x00, 0x00, 0x00, 0x00 }, // U+8BC4 评
    { 0x00, 0x00, 0x00, 0x00, 0x43, 0xFC, 0x22, 0x04, 0x32, 0x04, 0x12, 0x04, 0x03, 0xFC, 0xE2, 0x04, 0x22, 0x04, 0x22, 0x04, 0x23, 0xFC, 0x22, 0x04, 0x22, 0x04, 0x2A, 0x04, 0x00, 0x00, 0x00, 0x00 }, // U+8BC5 诅
    { 0x00, 0x00, 0x00, 0x00, 0x20, 0x00, 0x33, 0xFE, 0x1A, 0x06, 0x0A, 0x06, 0x02, 0x06, 0xE2, 0x06, 0x22, 0x06, 0x23, 0xFE, 0x22, 0x06, 0x20, 0x00, 0x24, 0x88, 0x3D, 0x8C, 0x00, 0x00, 0x00, 0x00 }, // U+8BC6 识
    { 0x00, 0x00, 0x00, 0x00, 0x41, 0x80, 0x31, 0x00, 0x11, 0x00, 0x03, 0xFF, 0x02, 0x40, 0xF6, 0x40, 0x34, 0x7E, 0x30, 0x40, 0x30, 0x40, 0x30, 0x7E, 0x34, 0x40, 0x3C, 0x40, 0x00, 0x00, 0x00, 0x00 }, // U+8BC8 诈
    { 0x00, 0x00, 0x00, 0x06, 0x20, 0x38, 0x33, 0xC0, 0x13, 0x00, 0x13, 0x00, 0x03, 0x00, 0xE3, 0xFF, 0x23, 0x10, 0x23, 0x10, 0x22, 0xD0, 0x22, 0x78, 0x3A, 0x1E, 0x32, 0x12, 0x00, 0x00, 0x00, 0x00 }, // U+8BC9 诉
    { 0x00, 0x00, 0x00, 0x00, 0x20, 0x60, 0x30, 0xE0, 0x10, 0x90, 0x11, 0x08, 0x06, 0x26, 0xEC, 0x62, 0x21, 0x88, 0x22, 0x10, 0x20, 0x60, 0x21, 0xC6, 0x23, 0x0C, 0x28, 0x18, 0x00, 0x00, 0x00, 0x00 }, // U+8BCA 诊
    { 0x00, 0x00, 0x00, 0x00, 0x40, 0x80, 0x61, 0x80, 0x33, 0xFC, 0x16, 0x0C, 0x04, 0x18, 0xE7, 0xFE, 0x20, 0x02, 0x20, 0x02, 0x23, 0xFE, 0x20, 0x02, 0x20, 0x02, 0x38, 0x02, 0x00, 0x00, 0x00, 0x00 }, // U+8BCC 诌
    { 0x00, 0x00, 0x00, 0x00, 0x40, 0x00, 0x67, 0xFE, 0x30, 0x02, 0x10, 0x02, 0x07, 0xFA, 0x00, 0x02, 0xE0, 0x02, 0x23, 0xF2, 0x22, 0x32, 0x22, 0x32, 0x22, 0x32, 0x2B, 0xF2, 0x00, 0x00, 0x00, 0x00 }, // U+8BCD 词
    { 0x00, 0x00, 0x00, 0x00, 0x67, 0xFE, 0x31, 0x04, 0x10, 0x8C, 0x00, 0x70, 0xE1, 0xF8, 0x26, 0x06, 0x20, 0x20, 0x23, 0xFE, 0x20, 0x20, 0x20, 0x20, 0x27, 0xFF, 0x00, 0x00, 0x00, 0x00, 0x00, 0x00 }, // U+8BD1 译
    { 0x00, 0x00, 0x00, 0x00, 0x40, 0x34, 0x60, 0x36, 0x30, 0x30, 0x07, 0xFF, 0x00, 0x30, 0xE0, 0x10, 0x20, 0x10, 0x27, 0xD0, 0x21, 0x10, 0x21, 0x10, 0x21, 0x10, 0x29, 0x19, 0x00, 0x00, 0x00, 0x00 }, // U+8BD5 试
    { 0x00, 0x00, 0x00, 0x00, 0x40, 0x20, 0x60, 0x20, 0x37, 0xFE, 0x10, 0x20, 0x00, 0x20, 0xE7, 0xFF, 0x20, 0x00, 0x20, 0x08, 0x27, 0xFF, 0x22, 0x08, 0x21, 0x08, 0x38, 0x88, 0x00, 0x00, 0x00, 0x00 }, // U+8BD7 诗
    { 0x00, 0x00, 0x00, 0x00, 0x00, 0x34, 0x20, 0x32, 0x17, 0xFF, 0x04, 0x30, 0x04, 0x10, 0xE4, 0x10, 0x27, 0xD2, 0x24, 0xD6, 0x24, 0xD4, 0x24, 0xDC, 0x2C, 0xD8, 0x3C, 0x99, 0x00, 0x00, 0x00, 0x00 }, // U+8BDA 诚
    { 0x00, 0x00, 0x00, 0x00, 0x60, 0x60, 0x33, 0x60, 0x12, 0x60, 0x03, 0xFE, 0xE6, 0x60, 0x24, 0x60, 0x20, 0x60, 0x27, 0xFE, 0x20, 0xF0, 0x28, 0xF0, 0x3B, 0x6C, 0x26, 0x66, 0x00, 0x00, 0x00, 0x00 }, // U+8BDB 诛
    { 0x00, 0x00, 0x00, 0x00, 0x40, 0x1E, 0x37, 0xF0, 0x10, 0x20, 0x00, 0x20, 0x07, 0xFF, 0xE0, 0x60, 0x20, 0x20, 0x23, 0xFC, 0x22, 0x04, 0x22, 0x04, 0x22, 0x04, 0x22, 0x04, 0x00, 0x00, 0x00, 0x00 }, // U+8BDD 话
    { 0x00, 0x00, 0x00, 0x00, 0x40, 0x00, 0x6F, 0x7E, 0x21, 0x08, 0x22, 0x08, 0x02, 0x48, 0xE4, 0x48, 0x27, 0x4E, 0x21, 0x48, 0x29, 0x48, 0x2D, 0x48, 0x27, 0x48, 0x2E, 0x7F, 0x00, 0x00, 0x00, 0x00 }, // U+8BDE 诞
    { 0x00, 0x00, 0x00, 0x00, 0x40, 0x80, 0x61, 0xFC, 0x33, 0x08, 0x16, 0x18, 0x07, 0xFF, 0xE2, 0x00, 0x22, 0xFC, 0x22, 0xC4, 0x22, 0x84, 0x2A, 0x84, 0x3E, 0xBE, 0x36, 0x82, 0x00, 0x00, 0x00, 0x00 }, // U+8BE1 诡
    { 0x00, 0x00, 0x00, 0x00, 0x41, 0x00, 0x33, 0xFE, 0x12, 0x02, 0x04, 0x02, 0xE8, 0x02, 0x23, 0xF2, 0x22, 0x12, 0x23, 0xF2, 0x22, 0x12, 0x22, 0x12, 0x23, 0xF2, 0x2A, 0x02, 0x00, 0x00, 0x00, 0x00 }, // U+8BE2 询
    { 0x00, 0x00, 0x00, 0x00, 0x62, 0x00, 0x32, 0x0E, 0x13, 0xF8, 0x02, 0x02, 0xE2, 0x02, 0x23, 0xFE, 0x20, 0x00, 0x23, 0xFE, 0x22, 0x06, 0x23, 0xFE, 0x2A, 0x06, 0x3A, 0x06, 0x00, 0x00, 0x00, 0x00 }, // U+8BE3 诣
    { 0x00, 0x00, 0x00, 0x00, 0x40, 0x40, 0x20, 0x20, 0x17, 0xFF, 0x00, 0x80, 0x01, 0x88, 0xE1, 0x08, 0x23, 0x10, 0x27, 0xF4, 0x24, 0x64, 0x20, 0xC8, 0x23, 0x10, 0x26, 0x78, 0x00, 0x00, 0x00, 0x00 }, // U+8BE5 该
    { 0x00, 0x00, 0x00, 0x00, 0x41, 0x08, 0x61, 0x98, 0x17, 0xFE, 0x00, 0x60, 0xE0, 0x60, 0x27, 0xFE, 0x20, 0x60, 0x20, 0x60, 0x27, 0xFF, 0x20, 0x60, 0x28, 0x60, 0x00, 0x00, 0x00, 0x00, 0x00, 0x00 }, // U+8BE6 详
    { 0x00, 0x00, 0x00, 0x00, 0x40, 0x40, 0x20, 0x40, 0x37, 0xFE, 0x14, 0x02, 0x04, 0x3E, 0xF3, 0xFA, 0x30, 0x40, 0x30, 0x40, 0x30, 0x7E, 0x37, 0xC0, 0x34, 0x42, 0x38, 0x42, 0x00, 0x00, 0x00, 0x00 }, // U+8BE7 诧
    { 0x00, 0x00, 0x00, 0x00, 0x40, 0x14, 0x60, 0x12, 0x37, 0xFF, 0x10, 0x10, 0x02, 0x92, 0xE2, 0x96, 0x22, 0x94, 0x2F, 0xFC, 0x22, 0x98, 0x2A, 0x98, 0x3E, 0x99, 0x34, 0xBB, 0x00, 0x00, 0x00, 0x00 }, // U+8BEB 诫
    { 0x00, 0x00, 0x00, 0x00, 0x47, 0xFE, 0x60, 0x20, 0x30, 0x20, 0x11, 0x24, 0x01, 0x24, 0xE3, 0x2C, 0x23, 0x2C, 0x23, 0xAC, 0x22, 0xFA, 0x24, 0xF3, 0x24, 0x70, 0x28, 0x20, 0x00, 0x00, 0x00, 0x00 }, // U+8BEC 诬
    { 0x00, 0x00, 0x40, 0x00, 0x67, 0xFE, 0x30, 0x80, 0x10, 0x80, 0x07, 0xFC, 0x01, 0x84, 0xE1, 0x04, 0x27, 0xFF, 0x20, 0x00, 0x20, 0x00, 0x23, 0xFC, 0x22, 0x04, 0x22, 0x04, 0x00, 0x00, 0x00, 0x00 }, // U+8BED 语
    { 0x00, 0x00, 0x00, 0x00, 0x23, 0xFC, 0x32, 0x04, 0x12, 0x04, 0x03, 0xFC, 0xE2, 0x04, 0x20, 0x00, 0x27, 0xFE, 0x20, 0x60, 0x20, 0x60, 0x27, 0xFF, 0x28, 0x60, 0x00, 0x00, 0x00, 0x00, 0x00, 0x00 }, // U+8BEF 误
    { 0x00, 0x00, 0x00, 0x00, 0x40, 0x1C, 0x27, 0xF0, 0x10, 0x60, 0x07, 0xFE, 0x01, 0xF8, 0xEC, 0x66, 0x20, 0x00, 0x23, 0xF8, 0x21, 0x90, 0x21, 0x10, 0x21, 0x10, 0x39, 0x1E, 0x00, 0x00, 0x00, 0x00 }, // U+8BF1 诱
    { 0x00, 0x00, 0x00, 0x00, 0x41, 0x80, 0x61, 0x00, 0x33, 0xFE, 0x16, 0x00, 0x07, 0xFC, 0xE2, 0x44, 0x22, 0x24, 0x2F, 0xFF, 0x22, 0x44, 0x22, 0x44, 0x22, 0x24, 0x2B, 0xFE, 0x00, 0x00, 0x00, 0x00 }, // U+8BF2 诲
    { 0x00, 0x00, 0x00, 0x00, 0x62, 0x08, 0x31, 0x18, 0x10, 0x90, 0x07, 0xFC, 0x06, 0x04, 0xE6, 0x04, 0x26, 0x04, 0x26, 0x04, 0x27, 0xFC, 0x26, 0xB4, 0x20, 0x90, 0x21, 0x90, 0x00, 0x00, 0x00, 0x00 }, // U+8BF4 说
    { 0x00, 0x00, 0x00, 0x00, 0x47, 0xFE, 0x30, 0x0C, 0x10, 0x98, 0x00, 0xF0, 0x03, 0xFE, 0xE2, 0x22, 0x22, 0x22, 0x23, 0xFE, 0x22, 0x22, 0x22, 0x22, 0x2B, 0xFE, 0x00, 0x00, 0x00, 0x00, 0x00, 0x00 }, // U+8BF5 诵
    { 0x00, 0x00, 0x00, 0x00, 0x20, 0x60, 0x37, 0xFE, 0x10, 0x60, 0x07, 0xFE, 0x00, 0x60, 0xEF, 0xFF, 0x20, 0x00, 0x23, 0xFC, 0x22, 0x04, 0x23, 0xFC, 0x23, 0xFC, 0x3A, 0x04, 0x00, 0x00, 0x00, 0x00 }, // U+8BF7 请
    { 0x00, 0x00, 0x00, 0x00, 0x40, 0x80, 0x60, 0x86, 0x37, 0xF4, 0x10, 0xC8, 0x00, 0x90, 0xEF, 0xFF, 0x20, 0xC0, 0x21, 0xFC, 0x27, 0x04, 0x2F, 0x04, 0x23, 0xFC, 0x23, 0x04, 0x00, 0x00, 0x00, 0x00 }, // U+8BF8 诸
    { 0x00, 0x00, 0x00, 0x00, 0x41, 0x08, 0x61, 0x08, 0x37, 0xFF, 0x11, 0x08, 0x01, 0x48, 0xE0, 0xC0, 0x2F, 0xFF, 0x21, 0x80, 0x23, 0x00, 0x27, 0xFC, 0x2F, 0x04, 0x21, 0x04, 0x00, 0x00, 0x00, 0x00 }, // U+8BFA 诺
    { 0x00, 0x00, 0x00, 0x00, 0x40, 0x60, 0x20, 0x60, 0x37, 0xFE, 0x10, 0x60, 0x00, 0x60, 0x07, 0xFE, 0xE1, 0x02, 0x26, 0xB2, 0x21, 0x30, 0x20, 0x20, 0x2F, 0xFF, 0x28, 0x60, 0x00, 0x00, 0x00, 0x00 }, // U+8BFB 读
    { 0x00, 0x00, 0x00, 0x00, 0x40, 0x90, 0x60, 0x90, 0x37, 0x9E, 0x01, 0x90, 0x00, 0x90, 0xE0, 0x90, 0x27, 0x9E, 0x21, 0x90, 0x20, 0x90, 0x20, 0x90, 0x2F, 0x9F, 0x21, 0x90, 0x00, 0x00, 0x00, 0x00 }, // U+8BFD 诽
    { 0x00, 0x00, 0x00, 0x00, 0x27, 0xFC, 0x34, 0x44, 0x17, 0xFC, 0x04, 0x44, 0xE4, 0x44, 0x27, 0xFC, 0x24, 0x44, 0x20, 0x40, 0x27, 0xFE, 0x20, 0xF0, 0x29, 0x48, 0x00, 0x00, 0x00, 0x00, 0x00, 0x00 }, // U+8BFE 课
    { 0x00, 0x00, 0x00, 0x00, 0x41, 0x20, 0x61, 0x30, 0x33, 0x10, 0x13, 0xFE, 0x06, 0x30, 0x0E, 0x30, 0xEB, 0xFE, 0x22, 0x30, 0x22, 0x30, 0x23, 0xFE, 0x22, 0x30, 0x22, 0x30, 0x00, 0x00, 0x00, 0x00 }, // U+8C01 谁
    { 0x00, 0x00, 0x00, 0x00, 0x20, 0x00, 0x27, 0xFE, 0x36, 0x02, 0x16, 0x22, 0x07, 0xFA, 0xE6, 0x22, 0x27, 0xFE, 0x24, 0x02, 0x24, 0xF2, 0x2C, 0x92, 0x3C, 0xF2, 0x24, 0x82, 0x00, 0x00, 0x00, 0x00 }, // U+8C03 调
    { 0x00, 0x00, 0x00, 0x00, 0x40, 0x40, 0x60, 0x20, 0x37, 0xFF, 0x10, 0x00, 0x03, 0xFC, 0xE2, 0x04, 0x22, 0x04, 0x23, 0xFC, 0x22, 0x24, 0x20, 0x20, 0x29, 0x24, 0x3A, 0x24, 0x00, 0x00, 0x00, 0x00 }, // U+8C05 谅
    { 0x00, 0x00, 0x00, 0x00, 0x40, 0x40, 0x60, 0x60, 0x37, 0xFF, 0x10, 0x00, 0x03, 0xFC, 0xE2, 0x04, 0x23, 0xFC, 0x20, 0x00, 0x23, 0xFC, 0x20, 0x18, 0x27, 0xFF, 0x38, 0x20, 0x00, 0x00, 0x00, 0x00 }, // U+8C06 谆
    { 0x00, 0x00, 0x00, 0x00, 0x20, 0x20, 0x24, 0x22, 0x12, 0x64, 0x12, 0x68, 0x00, 0xF8, 0xE3, 0x8E, 0x26, 0x22, 0x20, 0x20, 0x22, 0x62, 0x22, 0x64, 0x23, 0x68, 0x28, 0xF0, 0x00, 0x00, 0x00, 0x00 }, // U+8C08 谈
    { 0x00, 0x00, 0x00, 0x00, 0x40, 0x40, 0x20, 0x40, 0x37, 0xFE, 0x14, 0x02, 0x03, 0xFC, 0xF2, 0x04, 0x32, 0x04, 0x33, 0xFC, 0x32, 0x04, 0x32, 0x04, 0x33, 0xFC, 0x3A, 0x04, 0x00, 0x00, 0x00, 0x00 }, // U+8C0A 谊
    { 0x00, 0x00, 0x00, 0x00, 0x42, 0x04, 0x32, 0x04, 0x17, 0xFE, 0x02, 0x04, 0xE3, 0xFC, 0x23, 0xFC, 0x22, 0x64, 0x20, 0x60, 0x20, 0x60, 0x27, 0xFE, 0x38, 0xF0, 0x39, 0x68, 0x00, 0x00, 0x00, 0x00 }, // U+8C0B 谋
    { 0x00, 0x00, 0x00, 0x00, 0x42, 0x44, 0x62, 0x44, 0x37, 0xFF, 0x12, 0x44, 0x02, 0x44, 0xE2, 0x7C, 0x22, 0x00, 0x23, 0xFE, 0x20, 0x20, 0x20, 0x20, 0x27, 0xFF, 0x28, 0xF0, 0x00, 0x00, 0x00, 0x00 }, // U+8C0D 谍
    { 0x00, 0x00, 0x00, 0x00, 0x41, 0x08, 0x6F, 0xFF, 0x31, 0x08, 0x10, 0x00, 0x07, 0xFE, 0xE2, 0x00, 0x22, 0x00, 0x23, 0xFE, 0x20, 0x00, 0x22, 0x4C, 0x3A, 0x4D, 0x32, 0x4D, 0x00, 0x00, 0x00, 0x00 }, // U+8C0E 谎
    { 0x00, 0x00, 0x00, 0x00, 0x46, 0x30, 0x66, 0x32, 0x37, 0xFC, 0x16, 0x30, 0x06, 0x73, 0xE7, 0x92, 0x26, 0x5E, 0x24, 0xC0, 0x23, 0xFC, 0x22, 0x04, 0x23, 0xFC, 0x22, 0x04, 0x00, 0x00, 0x00, 0x00 }, // U+8C10 谐
    { 0x00, 0x00, 0x00, 0x00, 0x47, 0xFE, 0x34, 0x62, 0x17, 0xFE, 0x04, 0x62, 0x07, 0xFE, 0xE4, 0x02, 0x20, 0x00, 0x23, 0xFC, 0x22, 0x04, 0x23, 0xFC, 0x22, 0x04, 0x00, 0x00, 0x00, 0x00, 0x00, 0x00 }, // U+8C13 谓
    { 0x00, 0x00, 0x00, 0x00, 0x41, 0x00, 0x63, 0xF8, 0x36, 0x18, 0x1F, 0xFE, 0x04, 0x42, 0xE7, 0xFE, 0x24, 0xF0, 0x21, 0xB3, 0x23, 0x1E, 0x24, 0xE0, 0x20, 0x38, 0x2B, 0x00, 0x00, 0x00, 0x00, 0x00 }, // U+8C17 谗
    { 0x00, 0x00, 0x00, 0x00, 0x20, 0x40, 0x20, 0x20, 0x37, 0xFE, 0x11, 0x08, 0x00, 0x98, 0xE7, 0xFE, 0x24, 0x08, 0x24, 0x30, 0x25, 0x84, 0x24, 0x18, 0x34, 0xE0, 0x25, 0x06, 0x00, 0x00, 0x00, 0x00 }, // U+8C1A 谚
    { 0x00, 0x00, 0x00, 0x00, 0x44, 0x10, 0x24, 0x92, 0x22, 0xD6, 0x00, 0x54, 0x00, 0x10, 0xEE, 0xFE, 0x26, 0x30, 0x22, 0x38, 0x22, 0x54, 0x22, 0x92, 0x23, 0x12, 0x36, 0x10, 0x00, 0x00, 0x00, 0x00 }, // U+8C1C 谜
    { 0x00, 0x00, 0x00, 0x00, 0x41, 0x04, 0x22, 0x04, 0x37, 0xC4, 0x14, 0x44, 0x07, 0xFF, 0x04, 0x44, 0xE7, 0xE4, 0x24, 0x54, 0x24, 0x54, 0x24, 0x54, 0x2F, 0xC4, 0x21, 0xC4, 0x00, 0x00, 0x00, 0x00 }, // U+8C22 谢
    { 0x00, 0x00, 0x00, 0x00, 0x40, 0x1E, 0x67, 0xF0, 0x30, 0x44, 0x02, 0x44, 0x02, 0x08, 0xE3, 0x00, 0x23, 0xFE, 0x24, 0x60, 0x20, 0x60, 0x2F, 0xFF, 0x20, 0x60, 0x2A, 0x64, 0x00, 0x00, 0x00, 0x00 }, // U+8C23 谣
    { 0x00, 0x00, 0x00, 0x00, 0x00, 0x40, 0x67, 0xFE, 0x31, 0x08, 0x01, 0x08, 0x00, 0x90, 0xE7, 0xFE, 0x24, 0x02, 0x20, 0x40, 0x2F, 0xFF, 0x21, 0x00, 0x21, 0xFC, 0x21, 0x04, 0x00, 0x00, 0x00, 0x00 }, // U+8C24 谤
    { 0x00, 0x00, 0x00, 0x00, 0x41, 0x08, 0x61, 0x90, 0x37, 0xFE, 0x10, 0x90, 0x07, 0xFE, 0xE0, 0x92, 0x2F, 0xFF, 0x20, 0x92, 0x27, 0xFE, 0x21, 0x9A, 0x3A, 0x98, 0x3C, 0x96, 0x00, 0x00, 0x00, 0x00 }, // U+8C26 谦
    { 0x00, 0x00, 0x00, 0x00, 0x01, 0x08, 0x6F, 0xFF, 0x31, 0x08, 0x01, 0xF8, 0x00, 0x60, 0xE7, 0xFE, 0x24, 0x62, 0x24, 0x62, 0x27, 0xFE, 0x20, 0x60, 0x27, 0xFE, 0x20, 0x60, 0x00, 0x00, 0x00, 0x00 }, // U+8C28 谨
    { 0x00, 0x00, 0x00, 0x00, 0x23, 0xFC, 0x22, 0x04, 0x33, 0xFC, 0x02, 0x04, 0x03, 0xFC, 0xE0, 0x00, 0x27, 0xFE, 0x24, 0x92, 0x27, 0xFE, 0x20, 0x00, 0x23, 0xFC, 0x39, 0x88, 0x00, 0x00, 0x00, 0x00 }, // U+8C29 谩
    { 0x00, 0x00, 0x00, 0x00, 0x47, 0xBC, 0x60, 0x84, 0x32, 0x94, 0x13, 0x9C, 0x04, 0xF4, 0xE1, 0xB0, 0x27, 0x2C, 0x2C, 0xC2, 0x21, 0x90, 0x22, 0x20, 0x20, 0xC4, 0x2A, 0x18, 0x00, 0x00, 0x00, 0x00 }, // U+8C2C 谬
    { 0x00, 0x00, 0x00, 0x00, 0x4F, 0xFF, 0x60, 0x90, 0x27, 0xFE, 0x04, 0x92, 0x07, 0xFE, 0xE0, 0x00, 0x23, 0xFC, 0x22, 0x04, 0x23, 0xFC, 0x22, 0x04, 0x2B, 0xFC, 0x38, 0x60, 0x00, 0x00, 0x00, 0x00 }, // U+8C2D 谭
    { 0x00, 0x00, 0x00, 0x00, 0x44, 0xFE, 0x66, 0x02, 0x22, 0x42, 0x13, 0xFA, 0x04, 0x42, 0xE5, 0xFA, 0x25, 0x4A, 0x25, 0xDA, 0x25, 0xEA, 0x25, 0x4A, 0x25, 0xFA, 0x2C, 0xF2, 0x00, 0x00, 0x00, 0x00 }, // U+8C30 谰
    { 0x00, 0x00, 0x00, 0x00, 0x01, 0x08, 0x61, 0x18, 0x37, 0xFE, 0x00, 0x90, 0x06, 0x94, 0xE0, 0x90, 0x2F, 0xFF, 0x20, 0x00, 0x23, 0xFC, 0x22, 0x04, 0x22, 0x04, 0x2B, 0xFC, 0x00, 0x00, 0x00, 0x00 }, // U+8C31 谱
    { 0x00, 0x00, 0x00, 0x00, 0x44, 0x10, 0x25, 0xFE, 0x25, 0x12, 0x01, 0xFE, 0x00, 0x10, 0xEF, 0xFF, 0x24, 0x82, 0x24, 0xFE, 0x24, 0x80, 0x24, 0xFE, 0x24, 0x82, 0x34, 0xFE, 0x00, 0x00, 0x00, 0x00 }, // U+8C34 谴
    { 0x00, 0x00, 0x00, 0x00, 0x04, 0x20, 0x0C, 0x18, 0x18, 0x0C, 0x31, 0x82, 0x43, 0xC0, 0x04, 0x60, 0x08, 0x10, 0x30, 0x0C, 0x5F, 0xFA, 0x10, 0x08, 0x10, 0x08, 0x10, 0x08, 0x00, 0x00, 0x00, 0x00 }, // U+8C37 谷
    { 0x00, 0x00, 0x00, 0x00, 0x10, 0x24, 0x10, 0x44, 0x7E, 0x42, 0x11, 0x98, 0x7E, 0x28, 0x10, 0x24, 0x7E, 0xC2, 0x11, 0x81, 0xFE, 0x7E, 0x10, 0x42, 0x7E, 0x42, 0x42, 0x42, 0x00, 0x00, 0x00, 0x00 }, // U+8C41 豁
    { 0x00, 0x00, 0x00, 0x00, 0x7F, 0xFE, 0x00, 0x00, 0x00, 0x00, 0x3F, 0xFC, 0x30, 0x0C, 0x30, 0x0C, 0x30, 0x0C, 0x3F, 0xFC, 0x30, 0x0C, 0x30, 0x0C, 0x0C, 0x10, 0x00, 0x00, 0x00, 0x00, 0x00, 0x00 }, // U+8C46 豆
    { 0x00, 0x00, 0x00, 0x00, 0xFC, 0x20, 0x00, 0x20, 0x03, 0xFE, 0x7F, 0x02, 0x47, 0x80, 0x45, 0xFE, 0x45, 0x32, 0x7F, 0x32, 0x42, 0x52, 0x48, 0xDE, 0x48, 0xD0, 0x2C, 0x91, 0x00, 0x00, 0x00, 0x00 }, // U+8C4C 豌
    { 0x00, 0x00, 0x00, 0x00, 0x04, 0x00, 0x0F, 0xF0, 0x10, 0x20, 0x7F, 0xFE, 0xA0, 0x86, 0x21, 0x86, 0x3F, 0xFE, 0x07, 0x04, 0x1D, 0x98, 0x66, 0xF0, 0x1C, 0xD0, 0x63, 0x48, 0x00, 0x00, 0x00, 0x00 }, // U+8C61 象
    { 0x00, 0x00, 0x00, 0x00, 0x10, 0x88, 0x09, 0x10, 0x7F, 0xFE, 0x02, 0x00, 0xFF, 0xFF, 0x08, 0x10, 0x3F, 0xFC, 0x47, 0x02, 0x19, 0x88, 0x66, 0xE0, 0x19, 0xF0, 0x66, 0x58, 0x00, 0x00, 0x00, 0x00 }, // U+8C62 豢
    { 0x00, 0x00, 0x01, 0x80, 0x7F, 0xFE, 0x00, 0x00, 0x1F, 0xF8, 0x10, 0x08, 0x1F, 0xF8, 0x00, 0x00, 0x7F, 0xFE, 0x40, 0x02, 0x5F, 0xFA, 0x0F, 0x08, 0x73, 0xB0, 0x0C, 0xF0, 0x00, 0x00, 0x00, 0x00 }, // U+8C6A 豪
    { 0x00, 0x00, 0x00, 0x00, 0x00, 0x80, 0x7D, 0xF8, 0x0F, 0x10, 0x4B, 0xFE, 0x32, 0x22, 0x12, 0x22, 0xFF, 0xFE, 0x36, 0xC2, 0x39, 0xE6, 0x36, 0x7C, 0x31, 0xBC, 0x36, 0x74, 0x00, 0x00, 0x00, 0x00 }, // U+8C6B 豫
    { 0x00, 0x00, 0x00, 0x00, 0x0C, 0x40, 0x30, 0xC0, 0x48, 0xFE, 0x2B, 0x82, 0x2D, 0x02, 0x39, 0x02, 0xC8, 0x82, 0x1C, 0x42, 0x64, 0x62, 0x0C, 0x22, 0x34, 0x02, 0x44, 0x02, 0x00, 0x00, 0x00, 0x00 }, // U+8C79 豹
    { 0x00, 0x00, 0x00, 0x00, 0x04, 0x0C, 0x38, 0x0C, 0x4A, 0x0C, 0x2C, 0xFF, 0x38, 0x0C, 0xC8, 0x1C, 0x1C, 0x1C, 0x34, 0x2C, 0x44, 0x4C, 0x1C, 0xCC, 0x35, 0x8C, 0x47, 0x0C, 0x00, 0x00, 0x00, 0x00 }, // U+8C7A 豺
    { 0x00, 0x00, 0x00, 0x00, 0x0C, 0x40, 0x30, 0x40, 0x48, 0xFE, 0x0B, 0x84, 0x2D, 0xE8, 0x38, 0x30, 0xC8, 0xCC, 0x19, 0x02, 0x64, 0x00, 0x0C, 0xFC, 0x34, 0x84, 0x44, 0x84, 0x00, 0x00, 0x00, 0x00 }, // U+8C89 貉
    { 0x00, 0x00, 0x00, 0x00, 0x08, 0x40, 0x31, 0xFE, 0xF3, 0x06, 0x0F, 0x06, 0x79, 0x06, 0x71, 0xFE, 0x51, 0x06, 0x39, 0x06, 0x69, 0xFE, 0x18, 0x50, 0x38, 0xD0, 0x68, 0x91, 0x00, 0x00, 0x00, 0x00 }, // U+8C8C 貌
    { 0x00, 0x00, 0x00, 0x00, 0x3F, 0xFC, 0x30, 0x0C, 0x31, 0x8C, 0x31, 0x8C, 0x31, 0x8C, 0x31, 0x8C, 0x31, 0x8C, 0x31, 0x8C, 0x31, 0x0C, 0x31, 0x0C, 0x33, 0xCC, 0x02, 0x60, 0x00, 0x00, 0x00, 0x00 }, // U+8D1D 贝
    { 0x00, 0x00, 0x00, 0x00, 0x00, 0x80, 0x00, 0x80, 0x00, 0xFE, 0x00, 0x80, 0x00, 0x80, 0x3F, 0xFC, 0x30, 0x04, 0x30, 0x84, 0x30, 0x84, 0x30, 0x84, 0x31, 0x84, 0x03, 0xF0, 0x00, 0x00, 0x00, 0x00 }, // U+8D1E 贞
    { 0x00, 0x00, 0x04, 0x00, 0x0C, 0x00, 0x1F, 0xF0, 0x30, 0x20, 0x60, 0x40, 0x7F, 0xFC, 0x30, 0x04, 0x30, 0x84, 0x30, 0x84, 0x30, 0x84, 0x31, 0x84, 0x31, 0x84, 0x01, 0xE0, 0x00, 0x00, 0x00, 0x00 }, // U+8D1F 负
    { 0x00, 0x00, 0x00, 0x00, 0x3F, 0xFC, 0x01, 0x80, 0x01, 0x80, 0xFF, 0xFF, 0x00, 0x00, 0x3F, 0xFC, 0x20, 0x04, 0x21, 0x84, 0x21, 0x84, 0x21, 0x04, 0x21, 0x84, 0x02, 0x70, 0x00, 0x00, 0x00, 0x00 }, // U+8D21 贡
    { 0x00, 0x00, 0x00, 0x00, 0x00, 0x04, 0x7E, 0x04, 0x42, 0x04, 0x4A, 0xFF, 0x4A, 0x0C, 0x4A, 0x1C, 0x4A, 0x14, 0x5A, 0x24, 0x5A, 0x44, 0x18, 0x84, 0x1D, 0x04, 0x36, 0x04, 0x00, 0x00, 0x00, 0x00 }, // U+8D22 财
    { 0x00, 0x00, 0x00, 0x00, 0x01, 0x80, 0x7F, 0xFE, 0x01, 0x80, 0x3F, 0xFC, 0x01, 0x80, 0x01, 0x80, 0xFF, 0xFF, 0x00, 0x00, 0x3F, 0xFC, 0x30, 0x0C, 0x31, 0x8C, 0x31, 0x8C, 0x00, 0x00, 0x00, 0x00 }, // U+8D23 责
    { 0x00, 0x00, 0x00, 0x00, 0x05, 0xFE, 0x64, 0x84, 0x64, 0xCC, 0x64, 0x78, 0x64, 0xF8, 0x65, 0x86, 0x00, 0x00, 0x3F, 0xFC, 0x30, 0x0C, 0x31, 0x84, 0x31, 0x84, 0x31, 0xC4, 0x00, 0x00, 0x00, 0x00 }, // U+8D24 贤
    { 0x00, 0x00, 0x00, 0x00, 0x00, 0x40, 0x7E, 0x40, 0x42, 0x40, 0x5A, 0xFF, 0x5A, 0xC4, 0x5B, 0xC4, 0x5B, 0x44, 0x5A, 0x4C, 0x52, 0x48, 0x52, 0x28, 0x18, 0x30, 0x14, 0x30, 0x00, 0x00, 0x00, 0x00 }, // U+8D25 败
    { 0x00, 0x00, 0x00, 0x00, 0x7E, 0xC2, 0x46, 0xC4, 0x56, 0xD8, 0x56, 0xF0, 0x56, 0xC0, 0x57, 0xFF, 0x56, 0xD0, 0x56, 0xD0, 0x56, 0xC8, 0x18, 0xC8, 0x1C, 0xC4, 0x00, 0x00, 0x00, 0x00, 0x00, 0x00 }, // U+8D26 账
    { 0x00, 0x00, 0x08, 0xC0, 0x08, 0xC4, 0x10, 0xF8, 0x33, 0xC2, 0x76, 0xC3, 0x50, 0x42, 0x10, 0x7E, 0x00, 0x00, 0x3F, 0xFC, 0x30, 0x0C, 0x31, 0x84, 0x31, 0x84, 0x31, 0x84, 0x00, 0x00, 0x00, 0x00 }, // U+8D27 货
    { 0x00, 0x00, 0x00, 0x00, 0x00, 0x1E, 0x3F, 0xF0, 0x20, 0x40, 0x20, 0x40, 0x2F, 0xFE, 0x20, 0x40, 0x20, 0x40, 0x27, 0xFC, 0x24, 0x04, 0x24, 0x44, 0x64, 0x44, 0x64, 0x44, 0x00, 0x00, 0x00, 0x00 }, // U+8D28 质
    { 0x00, 0x00, 0x00, 0x00, 0x7C, 0x06, 0x45, 0xFE, 0x55, 0x00, 0x55, 0x00, 0x55, 0xFE, 0x55, 0x42, 0x55, 0x46, 0x55, 0x24, 0x55, 0x24, 0x55, 0x18, 0x3D, 0x18, 0x2D, 0x38, 0x00, 0x00, 0x00, 0x00 }, // U+8D29 贩
    { 0x00, 0x00, 0x00, 0x00, 0x01, 0xC0, 0x06, 0x60, 0x39, 0x1C, 0x60, 0x82, 0x1F, 0xF0, 0x00, 0x30, 0x3F, 0xFC, 0x30, 0x0C, 0x31, 0x84, 0x31, 0x84, 0x31, 0x84, 0x01, 0xF0, 0x00, 0x00, 0x00, 0x00 }, // U+8D2A 贪
    { 0x00, 0x00, 0x00, 0x00, 0x06, 0x40, 0x0C, 0x30, 0x30, 0x0C, 0x5F, 0xFE, 0x04, 0x08, 0x1C, 0x18, 0x70, 0xF0, 0x3F, 0xFC, 0x30, 0x0C, 0x31, 0x8C, 0x31, 0x0C, 0x31, 0xC0, 0x00, 0x00, 0x00, 0x00 }, // U+8D2B 贫
    { 0x00, 0x00, 0x00, 0x00, 0x7C, 0x0E, 0x45, 0xF8, 0x54, 0x20, 0x54, 0x20, 0x54, 0x10, 0x55, 0xFE, 0x54, 0x04, 0x54, 0x08, 0x54, 0x18, 0x54, 0x30, 0x34, 0x60, 0x38, 0xC0, 0x00, 0x00, 0x00, 0x00 }, // U+8D2C 贬
    { 0x00, 0x00, 0x00, 0x00, 0x00, 0x40, 0x7C, 0x80, 0x44, 0xFE, 0x45, 0x82, 0x55, 0x02, 0x57, 0x42, 0x54, 0x42, 0x54, 0xD2, 0x54, 0x92, 0x54, 0x92, 0x19, 0xFA, 0x1D, 0x8A, 0x00, 0x00, 0x00, 0x00 }, // U+8D2D 购
    { 0x00, 0x00, 0x00, 0x00, 0x00, 0x20, 0x7E, 0x10, 0x42, 0x10, 0x52, 0xFF, 0x52, 0x83, 0x52, 0x83, 0x52, 0x00, 0x52, 0x00, 0x52, 0x00, 0x52, 0x00, 0x5A, 0x00, 0x1C, 0x00, 0x00, 0x00, 0x00, 0x00 }, // U+8D2E 贮
    { 0x00, 0x00, 0x00, 0x00, 0x1F, 0xFC, 0x10, 0x84, 0x7F, 0xFF, 0x11, 0x8C, 0x31, 0x8C, 0x3F, 0xFC, 0x00, 0x00, 0x1F, 0xF8, 0x10, 0x08, 0x11, 0x88, 0x11, 0x08, 0x11, 0x88, 0x00, 0x00, 0x00, 0x00 }, // U+8D2F 贯
    { 0x00, 0x00, 0x00, 0x00, 0x00, 0x34, 0x00, 0x34, 0x7F, 0xFF, 0x00, 0x30, 0x7F, 0xB0, 0x00, 0x30, 0x7F, 0xD0, 0x00, 0x10, 0x3F, 0x90, 0x20, 0x90, 0x24, 0x91, 0x24, 0x99, 0x00, 0x00, 0x00, 0x00 }, // U+8D30 贰
    { 0x00, 0x00, 0x00, 0x00, 0x7C, 0x50, 0x44, 0x48, 0x54, 0x40, 0x54, 0x7E, 0x57, 0xE0, 0x54, 0x40, 0x57, 0xFE, 0x54, 0x60, 0x54, 0x24, 0x54, 0x2C, 0x38, 0x31, 0x38, 0x71, 0x00, 0x00, 0x00, 0x00 }, // U+8D31 贱
    { 0x00, 0x00, 0x00, 0x10, 0x7E, 0x10, 0x42, 0x10, 0x42, 0x10, 0x4A, 0x1F, 0x4A, 0x10, 0x4A, 0x10, 0x4A, 0x10, 0x5A, 0x10, 0x5A, 0xFE, 0x52, 0x82, 0x18, 0x82, 0x14, 0x82, 0x00, 0x00, 0x00, 0x00 }, // U+8D34 贴
    { 0x00, 0x00, 0x00, 0x00, 0x01, 0x80, 0x3F, 0xFC, 0x21, 0x84, 0x3F, 0xFC, 0x21, 0x84, 0x01, 0x80, 0xFF, 0xFF, 0x00, 0x00, 0x3F, 0xFC, 0x30, 0x0C, 0x31, 0x8C, 0x31, 0x8C, 0x00, 0x00, 0x00, 0x00 }, // U+8D35 贵
    { 0x00, 0x00, 0x00, 0x00, 0x0C, 0x90, 0x18, 0x88, 0x30, 0xDE, 0x77, 0xF0, 0x10, 0x23, 0x10, 0x32, 0x00, 0x0E, 0x1F, 0xFC, 0x10, 0x0C, 0x10, 0x8C, 0x11, 0x8C, 0x11, 0xCC, 0x00, 0x00, 0x00, 0x00 }, // U+8D37 贷
    { 0x00, 0x00, 0x00, 0x00, 0x7E, 0xFE, 0x60, 0x42, 0x64, 0x46, 0x66, 0x46, 0x7A, 0xC4, 0x71, 0xBC, 0x01, 0x00, 0x1F, 0xF8, 0x10, 0x08, 0x11, 0x88, 0x11, 0x88, 0x11, 0x88, 0x00, 0x00, 0x00, 0x00 }, // U+8D38 贸
    { 0x00, 0x00, 0x00, 0x00, 0x02, 0x20, 0x7F, 0xFC, 0x02, 0x26, 0x3F, 0xFE, 0x22, 0x20, 0x3F, 0xFE, 0x0C, 0x0E, 0x1F, 0xF8, 0x50, 0x08, 0x10, 0x88, 0x11, 0x88, 0x11, 0x88, 0x00, 0x00, 0x00, 0x00 }, // U+8D39 费
    { 0x00, 0x00, 0x00, 0x00, 0x10, 0x00, 0x7F, 0x7E, 0x13, 0x42, 0x33, 0x42, 0x23, 0x42, 0x22, 0x7E, 0x4E, 0x42, 0x9F, 0xF8, 0x10, 0x08, 0x11, 0x88, 0x11, 0x08, 0x11, 0x88, 0x00, 0x00, 0x00, 0x00 }, // U+8D3A 贺
    { 0x00, 0x00, 0x00, 0x00, 0x7C, 0x14, 0x44, 0x12, 0x54, 0x10, 0x55, 0xFF, 0x54, 0x10, 0x54, 0x90, 0x54, 0x92, 0x55, 0xF6, 0x54, 0x9C, 0x54, 0x98, 0x38, 0x98, 0x2D, 0x19, 0x00, 0x00, 0x00, 0x00 }, // U+8D3C 贼
    { 0x00, 0x00, 0x00, 0x00, 0xFF, 0xFF, 0x06, 0x60, 0x3F, 0xFC, 0x26, 0x64, 0x3F, 0xFC, 0x20, 0x04, 0x00, 0x00, 0x1F, 0xFC, 0x10, 0x0C, 0x11, 0x8C, 0x11, 0x0C, 0x00, 0x00, 0x00, 0x00, 0x00, 0x00 }, // U+8D3E 贾
    { 0x00, 0x00, 0x00, 0x00, 0x7E, 0x20, 0x46, 0x20, 0x57, 0xFF, 0x56, 0x40, 0x56, 0xFE, 0x56, 0xC2, 0x57, 0xC2, 0x57, 0xFE, 0x56, 0xC2, 0x56, 0xC2, 0x78, 0xFE, 0x34, 0xC2, 0x00, 0x00, 0x00, 0x00 }, // U+8D3F 贿
    { 0x00, 0x00, 0x00, 0x00, 0x08, 0x1E, 0x1B, 0xF0, 0x10, 0x20, 0x37, 0xFF, 0x70, 0x20, 0x10, 0x20, 0x13, 0xFE, 0x00, 0x00, 0x1F, 0xFC, 0x10, 0x0C, 0x10, 0x8C, 0x11, 0x8C, 0x00, 0x00, 0x00, 0x00 }, // U+8D41 赁
    { 0x00, 0x00, 0x00, 0x00, 0x7C, 0x40, 0x44, 0x40, 0x54, 0xFE, 0x55, 0xC4, 0x55, 0x68, 0x54, 0x78, 0x55, 0x86, 0x54, 0x00, 0x54, 0xFE, 0x54, 0x86, 0x38, 0x86, 0x3C, 0x86, 0x00, 0x00, 0x00, 0x00 }, // U+8D42 赂
    { 0x00, 0x00, 0x00, 0x00, 0x7C, 0x10, 0x44, 0x10, 0x55, 0xFF, 0x55, 0x00, 0x55, 0x10, 0x55, 0x10, 0x55, 0x10, 0x55, 0xFE, 0x55, 0x18, 0x55, 0x10, 0x71, 0x10, 0x29, 0x10, 0x00, 0x00, 0x00, 0x00 }, // U+8D43 赃
    { 0x00, 0x00, 0x00, 0x00, 0x61, 0x00, 0x33, 0xFE, 0x02, 0x26, 0x0C, 0x64, 0x10, 0xF0, 0x61, 0x8C, 0x46, 0x06, 0x1F, 0xF8, 0x10, 0x08, 0x11, 0x88, 0x11, 0x88, 0x11, 0x88, 0x00, 0x00, 0x00, 0x00 }, // U+8D44 资
    { 0x00, 0x00, 0x00, 0x00, 0x7C, 0x30, 0x44, 0x30, 0x54, 0x48, 0x54, 0xC4, 0x55, 0x86, 0x55, 0xFE, 0x54, 0x00, 0x54, 0x00, 0x57, 0xFE, 0x54, 0x10, 0x38, 0x94, 0x2D, 0x92, 0x00, 0x00, 0x00, 0x00 }, // U+8D4A 赊
    { 0x00, 0x00, 0x00, 0x00, 0x00, 0x08, 0x7D, 0xEC, 0x44, 0x0A, 0x54, 0x08, 0x57, 0xFF, 0x54, 0x48, 0x54, 0x48, 0x55, 0x48, 0x55, 0x78, 0x55, 0x48, 0x55, 0x48, 0x39, 0x4D, 0x00, 0x00, 0x00, 0x00 }, // U+8D4B 赋
    { 0x00, 0x00, 0x00, 0x00, 0x00, 0x60, 0x7C, 0x62, 0x45, 0xFE, 0x54, 0x64, 0x54, 0x68, 0x57, 0xFF, 0x54, 0x30, 0x54, 0x60, 0x55, 0xFE, 0x57, 0x82, 0x18, 0x82, 0x38, 0xFE, 0x00, 0x00, 0x00, 0x00 }, // U+8D4C 赌
    { 0x00, 0x00, 0x00, 0x00, 0x7C, 0x30, 0x44, 0x30, 0x55, 0xFE, 0x54, 0x30, 0x57, 0xFE, 0x54, 0x9A, 0x54, 0x7A, 0x55, 0x18, 0x54, 0xD0, 0x77, 0xFF, 0x38, 0x10, 0x2C, 0x38, 0x00, 0x00, 0x00, 0x00 }, // U+8D4E 赎
    { 0x00, 0x00, 0x00, 0x00, 0x11, 0x88, 0x09, 0x90, 0x7F, 0xFE, 0x40, 0x02, 0x5F, 0xFA, 0x18, 0x18, 0x1F, 0xF8, 0x00, 0x00, 0x3F, 0xFC, 0x20, 0x04, 0x21, 0x84, 0x21, 0x04, 0x00, 0x00, 0x00, 0x00 }, // U+8D4F 赏
    { 0x00, 0x00, 0x00, 0x00, 0x7C, 0xFC, 0x44, 0x84, 0x54, 0xFC, 0x54, 0x84, 0x54, 0xFC, 0x54, 0x84, 0x54, 0x80, 0x55, 0xFE, 0x57, 0x4A, 0x54, 0x92, 0x39, 0x32, 0x2C, 0x62, 0x00, 0x00, 0x00, 0x00 }, // U+8D50 赐
    { 0x00, 0x00, 0x00, 0x00, 0x7C, 0x20, 0x44, 0x30, 0x55, 0xFE, 0x54, 0x84, 0x54, 0xCC, 0x54, 0x48, 0x57, 0xFF, 0x54, 0x00, 0x55, 0xFE, 0x55, 0x02, 0x3D, 0x02, 0x2D, 0x02, 0x00, 0x00, 0x00, 0x00 }, // U+8D54 赔
    { 0x00, 0x00, 0x00, 0x00, 0x08, 0x20, 0x7F, 0x7C, 0x08, 0xCC, 0x08, 0x88, 0x7E, 0xFE, 0x4A, 0x82, 0x4A, 0x92, 0x4A, 0x92, 0x7E, 0x92, 0x5A, 0x92, 0x38, 0x92, 0x6C, 0x30, 0x00, 0x00, 0x00, 0x00 }, // U+8D56 赖
    { 0x00, 0x00, 0x00, 0x00, 0x08, 0x20, 0x7F, 0x20, 0x08, 0x3F, 0x7F, 0x64, 0x08, 0x64, 0x7F, 0xA4, 0x20, 0x18, 0x3F, 0x38, 0x63, 0x64, 0x4E, 0xC2, 0x1F, 0xF8, 0x11, 0x88, 0x00, 0x00, 0x00, 0x00 }, // U+8D58 赘
    { 0x00, 0x00, 0x00, 0x00, 0x7C, 0x88, 0x44, 0x88, 0x55, 0xFE, 0x54, 0x50, 0x55, 0xFE, 0x54, 0x52, 0x57, 0xFF, 0x54, 0x52, 0x55, 0xFE, 0x74, 0xD8, 0x39, 0x54, 0x26, 0x52, 0x00, 0x00, 0x00, 0x00 }, // U+8D5A 赚
    { 0x00, 0x00, 0x01, 0x00, 0x01, 0x80, 0x7F, 0xFE, 0x40, 0x02, 0x44, 0x22, 0x3F, 0xFC, 0x04, 0x20, 0x3F, 0xFC, 0x04, 0x20, 0x7F, 0xFE, 0x08, 0x10, 0x3F, 0xFC, 0x48, 0x12, 0x00, 0x00, 0x00, 0x00 }, // U+8D5B 赛
    { 0x00, 0x00, 0x08, 0x10, 0x28, 0x50, 0x7E, 0xFE, 0x48, 0x90, 0x7F, 0xFE, 0x15, 0x08, 0x26, 0x49, 0x20, 0x8E, 0x40, 0x00, 0x5F, 0xF8, 0x10, 0x08, 0x10, 0x88, 0x11, 0x88, 0x00, 0x00, 0x00, 0x00 }, // U+8D5E 赞
    { 0x00, 0x00, 0x00, 0x84, 0x7C, 0x48, 0x45, 0xFE, 0x55, 0x32, 0x55, 0xB2, 0x55, 0x7A, 0x55, 0x32, 0x55, 0xFE, 0x55, 0x02, 0x55, 0xFE, 0x55, 0x86, 0x19, 0xFE, 0x2D, 0x86, 0x00, 0x00, 0x00, 0x00 }, // U+8D60 赠
    { 0x00, 0x00, 0x00, 0x00, 0x7C, 0x40, 0x44, 0xF8, 0x55, 0x08, 0x57, 0xFF, 0x55, 0x54, 0x55, 0x92, 0x55, 0xFE, 0x55, 0x00, 0x55, 0xFE, 0x76, 0x00, 0x32, 0xFE, 0x2A, 0x82, 0x00, 0x00, 0x00, 0x00 }, // U+8D61 赡
    { 0x00, 0x00, 0x01, 0x00, 0x01, 0x80, 0xFF, 0xFF, 0x20, 0x00, 0x1F, 0xFC, 0x00, 0x00, 0x3F, 0xFC, 0x20, 0x04, 0x7F, 0xFC, 0x4A, 0x54, 0x7B, 0x54, 0x4B, 0x5C, 0x7B, 0x4C, 0x00, 0x00, 0x00, 0x00 }, // U+8D62 赢
    { 0x00, 0x00, 0x00, 0x00, 0x10, 0x20, 0x7E, 0x7E, 0x24, 0xBC, 0xFF, 0x3F, 0x01, 0xC0, 0x7E, 0x7C, 0x42, 0x10, 0x7E, 0xFE, 0x42, 0x00, 0x7E, 0xFE, 0x18, 0x92, 0xFF, 0x92, 0x00, 0x00, 0x00, 0x00 }, // U+8D63 赣
    { 0x00, 0x00, 0x00, 0x00, 0x01, 0x80, 0x01, 0x80, 0x3F, 0xFC, 0x01, 0x80, 0x01, 0x80, 0x01, 0x80, 0x7F, 0xFF, 0x06, 0x20, 0x24, 0x28, 0x24, 0x28, 0x24, 0x24, 0x44, 0x26, 0x00, 0x00, 0x00, 0x00 }, // U+8D64 赤
    { 0x00, 0x00, 0x00, 0x00, 0x08, 0x30, 0x08, 0x20, 0x7F, 0x20, 0x08, 0x7F, 0x08, 0x46, 0xFF, 0xE4, 0x16, 0x24, 0x57, 0x24, 0x57, 0x3C, 0xD6, 0x98, 0xB6, 0x98, 0x26, 0x3C, 0x00, 0x00, 0x00, 0x00 }, // U+8D66 赦
    { 0x00, 0x00, 0x00, 0x00, 0x08, 0x10, 0x08, 0x10, 0x7E, 0xFE, 0x08, 0x10, 0x08, 0x10, 0xFF, 0xFF, 0x14, 0x2C, 0x14, 0x2C, 0x76, 0xAE, 0x75, 0xAE, 0xA4, 0xAD, 0x24, 0xCC, 0x00, 0x00, 0x00, 0x00 }, // U+8D6B 赫
    { 0x00, 0x00, 0x00, 0x00, 0x01, 0x80, 0x01, 0x80, 0x3F, 0xFC, 0x01, 0x80, 0x01, 0x80, 0x01, 0x80, 0x7F, 0xFE, 0x01, 0x80, 0x10, 0x80, 0x10, 0xFC, 0x10, 0x80, 0x38, 0x80, 0x00, 0x00, 0x00, 0x00 }, // U+8D70 走
    { 0x00, 0x00, 0x00, 0x00, 0x08, 0x20, 0x08, 0x20, 0x7F, 0x20, 0x08, 0x20, 0x08, 0x38, 0x7F, 0xA4, 0x04, 0x26, 0x24, 0x22, 0x24, 0x20, 0x67, 0xA0, 0x64, 0x20, 0x64, 0x20, 0x00, 0x00, 0x00, 0x00 }, // U+8D74 赴
    { 0x00, 0x00, 0x00, 0x00, 0x08, 0x00, 0x08, 0x42, 0x7F, 0x42, 0x08, 0x64, 0x08, 0x24, 0x7F, 0x98, 0x0C, 0x18, 0x6C, 0x18, 0x6F, 0x3C, 0x6C, 0x66, 0x6C, 0x42, 0x7C, 0x82, 0x00, 0x00, 0x00, 0x00 }, // U+8D75 赵
    { 0x00, 0x00, 0x00, 0x00, 0x08, 0x00, 0x08, 0xFE, 0x7E, 0x10, 0x08, 0x10, 0x08, 0x10, 0x7E, 0x10, 0x08, 0xFF, 0x28, 0x10, 0x68, 0x10, 0x6F, 0x10, 0x68, 0x10, 0x78, 0x10, 0x00, 0x00, 0x00, 0x00 }, // U+8D76 赶
    { 0x00, 0x00, 0x00, 0x00, 0x08, 0x00, 0x08, 0xFE, 0x7E, 0x06, 0x18, 0x06, 0x08, 0x06, 0xFF, 0xFE, 0x08, 0xC0, 0x28, 0xC2, 0x68, 0xC2, 0x6F, 0xC2, 0x68, 0x7E, 0x78, 0x00, 0x00, 0x00, 0x00, 0x00 }, // U+8D77 起
    { 0x00, 0x00, 0x00, 0x00, 0x10, 0x30, 0x10, 0x38, 0x7E, 0x48, 0x10, 0x96, 0x11, 0x33, 0xFE, 0x64, 0x08, 0x98, 0x68, 0x62, 0x48, 0x84, 0x4E, 0x18, 0x68, 0x60, 0x79, 0x80, 0x00, 0x00, 0x00, 0x00 }, // U+8D81 趁
    { 0x00, 0x00, 0x00, 0x00, 0x18, 0x00, 0x19, 0xFE, 0x7E, 0x62, 0x18, 0x62, 0x18, 0x46, 0x18, 0xDC, 0xFF, 0x80, 0x08, 0xFE, 0x28, 0x82, 0x6E, 0x82, 0x68, 0xFE, 0x68, 0x82, 0x00, 0x00, 0x00, 0x00 }, // U+8D85 超
    { 0x00, 0x00, 0x00, 0x00, 0x18, 0x34, 0x18, 0x34, 0x7E, 0x10, 0x18, 0xFE, 0x18, 0x90, 0xFF, 0x94, 0x08, 0x94, 0x28, 0x9C, 0x68, 0xDA, 0x4E, 0x9A, 0x69, 0x3A, 0x78, 0x26, 0x00, 0x00, 0x00, 0x00 }, // U+8D8A 越
    { 0x00, 0x00, 0x00, 0x00, 0x10, 0x40, 0x10, 0xFC, 0x7E, 0x8C, 0x19, 0x08, 0x11, 0xFE, 0xFE, 0x06, 0x08, 0x06, 0x28, 0xFE, 0x68, 0x06, 0x6E, 0x06, 0x69, 0xFE, 0x78, 0x06, 0x00, 0x00, 0x00, 0x00 }, // U+8D8B 趋
    { 0x00, 0x00, 0x00, 0x00, 0x10, 0x20, 0x11, 0x22, 0x7D, 0x24, 0x10, 0xA0, 0x11, 0xFE, 0x7D, 0x02, 0x11, 0x7A, 0x51, 0x4A, 0x5D, 0x4A, 0x51, 0x7A, 0x71, 0x42, 0x71, 0x1E, 0x00, 0x00, 0x00, 0x00 }, // U+8D9F 趟
    { 0x00, 0x00, 0x00, 0x00, 0x10, 0x00, 0x13, 0xE0, 0x13, 0x5E, 0x7F, 0x42, 0x13, 0xD2, 0x7F, 0x4A, 0x13, 0x4E, 0x53, 0xC4, 0x5F, 0x44, 0x53, 0xEE, 0x73, 0x5A, 0x70, 0x52, 0x00, 0x00, 0x00, 0x00 }, // U+8DA3 趣
    { 0x00, 0x00, 0x00, 0x00, 0x3F, 0xFC, 0x30, 0x0C, 0x30, 0x04, 0x30, 0x04, 0x3F, 0xFC, 0x30, 0x8C, 0x00, 0x80, 0x10, 0x80, 0x10, 0xFE, 0x10, 0x80, 0x38, 0x80, 0x00, 0x00, 0x00, 0x00, 0x00, 0x00 }, // U+8DB3 足
    { 0x00, 0x00, 0x00, 0x00, 0x7E, 0xC8, 0x46, 0xC8, 0x46, 0xC8, 0x46, 0xC8, 0x7E, 0x88, 0x48, 0x88, 0x48, 0x88, 0x4E, 0x8C, 0x48, 0x84, 0x48, 0x84, 0x4F, 0x04, 0x7B, 0x06, 0x00, 0x00, 0x00, 0x00 }, // U+8DB4 趴
    { 0x00, 0x00, 0x00, 0x00, 0x00, 0x10, 0x7C, 0x10, 0x44, 0x10, 0x44, 0x90, 0x44, 0x90, 0x7C, 0x9E, 0x58, 0x90, 0x18, 0x90, 0x5E, 0x90, 0x58, 0x90, 0x58, 0x90, 0x5E, 0x90, 0x00, 0x00, 0x00, 0x00 }, // U+8DBE 趾
    { 0x00, 0x00, 0x00, 0x00, 0x00, 0x02, 0x7D, 0xFE, 0x44, 0x30, 0x44, 0x30, 0x44, 0x30, 0x7C, 0x30, 0x4B, 0xFF, 0x08, 0x30, 0x4E, 0x30, 0x48, 0x30, 0x48, 0x48, 0x48, 0xC8, 0x00, 0x00, 0x00, 0x00 }, // U+8DC3 跃
    { 0x00, 0x00, 0x00, 0x00, 0x7C, 0x48, 0x44, 0x44, 0x44, 0x40, 0x47, 0xFF, 0x7C, 0x80, 0x10, 0xFE, 0x5C, 0x84, 0x51, 0xC4, 0x51, 0x4C, 0x52, 0x68, 0x7E, 0x30, 0xF0, 0x78, 0x00, 0x00, 0x00, 0x00 }, // U+8DCB 跋
    { 0x00, 0x00, 0x00, 0x00, 0x7C, 0x10, 0x44, 0x90, 0x44, 0x90, 0x44, 0xFE, 0x7D, 0x10, 0x59, 0x10, 0x58, 0x10, 0x5F, 0xFF, 0x58, 0x30, 0x58, 0x30, 0x58, 0x68, 0x7C, 0xCC, 0x00, 0x00, 0x00, 0x00 }, // U+8DCC 跌
    { 0x00, 0x00, 0x00, 0x00, 0x00, 0x80, 0x7C, 0x80, 0x44, 0xFE, 0x45, 0x06, 0x45, 0x06, 0x7F, 0xF6, 0x53, 0x14, 0x11, 0x14, 0x5D, 0xF4, 0x51, 0x04, 0x51, 0x3D, 0x51, 0x03, 0x00, 0x00, 0x00, 0x00 }, // U+8DD1 跑
    { 0x00, 0x00, 0x00, 0x00, 0x7D, 0xFF, 0x45, 0x80, 0x45, 0x80, 0x45, 0x80, 0x7D, 0xFE, 0x49, 0x82, 0x09, 0x82, 0x4D, 0x82, 0x49, 0xFE, 0x49, 0x82, 0x49, 0x80, 0x00, 0x00, 0x00, 0x00, 0x00, 0x00 }, // U+8DDD 距
    { 0x00, 0x00, 0x00, 0x00, 0x7D, 0xFC, 0x45, 0x04, 0x45, 0x04, 0x45, 0xFC, 0x7D, 0x04, 0x51, 0x04, 0x11, 0xFC, 0x5D, 0x24, 0x51, 0x22, 0x51, 0x1C, 0x51, 0x18, 0x00, 0x00, 0x00, 0x00, 0x00, 0x00 }, // U+8DDF 跟
    { 0x00, 0x00, 0x00, 0x00, 0x00, 0x20, 0x7C, 0x60, 0x47, 0xFE, 0x44, 0xC8, 0x45, 0x84, 0x7F, 0xFB, 0x12, 0x00, 0x13, 0xFE, 0x5C, 0x80, 0x51, 0x80, 0x51, 0xFC, 0x5C, 0x04, 0x00, 0x00, 0x00, 0x00 }, // U+8DE8 跨
    { 0x00, 0x00, 0x00, 0x00, 0x7C, 0x40, 0x44, 0xC0, 0x45, 0xFC, 0x47, 0x8C, 0x7F, 0x08, 0x13, 0xFF, 0x11, 0x00, 0x5D, 0x7C, 0x51, 0x44, 0x51, 0x44, 0x51, 0x5D, 0x7F, 0x43, 0x00, 0x00, 0x00, 0x00 }, // U+8DEA 跪
    { 0x00, 0x00, 0x00, 0x00, 0x00, 0x40, 0x7C, 0x40, 0x44, 0xFE, 0x44, 0x84, 0x45, 0xCC, 0x7F, 0x78, 0x58, 0x38, 0x08, 0xCE, 0x4F, 0x02, 0x48, 0xFC, 0x48, 0x84, 0x48, 0x84, 0x00, 0x00, 0x00, 0x00 }, // U+8DEF 路
    { 0x00, 0x00, 0x00, 0x00, 0x00, 0xD0, 0x7C, 0xD0, 0x44, 0xD2, 0x46, 0xD6, 0x47, 0xD4, 0x7D, 0xD0, 0x50, 0xD0, 0x10, 0xD8, 0x5C, 0x9E, 0x53, 0x92, 0x52, 0x90, 0x50, 0x91, 0x00, 0x00, 0x00, 0x00 }, // U+8DF3 跳
    { 0x00, 0x00, 0x00, 0x00, 0x00, 0x48, 0x7C, 0x44, 0x44, 0x40, 0x44, 0x7E, 0x45, 0xF0, 0x7C, 0x40, 0x58, 0x47, 0x18, 0x7C, 0x5D, 0xE2, 0x58, 0x24, 0x58, 0x2C, 0x58, 0x31, 0x00, 0x00, 0x00, 0x00 }, // U+8DF5 践
    { 0x00, 0x00, 0x00, 0x00, 0x7C, 0xFC, 0x44, 0x8C, 0x44, 0x8C, 0x44, 0x8C, 0x7C, 0x84, 0x51, 0x07, 0x10, 0x20, 0x5C, 0x20, 0x53, 0xFF, 0x50, 0x70, 0x50, 0xA8, 0x7D, 0x26, 0x00, 0x00, 0x00, 0x00 }, // U+8DFA 跺
    { 0x00, 0x00, 0x00, 0x00, 0x7F, 0xFE, 0x44, 0xCC, 0x44, 0x70, 0x45, 0xFE, 0x7D, 0x22, 0x51, 0x22, 0x11, 0xFE, 0x51, 0x22, 0x5D, 0x22, 0x51, 0xFE, 0x51, 0x22, 0x5D, 0x22, 0x00, 0x00, 0x00, 0x00 }, // U+8E0A 踊
    { 0x00, 0x00, 0x00, 0x00, 0x7C, 0x20, 0x44, 0x20, 0x47, 0xFE, 0x44, 0x40, 0x7F, 0xFE, 0x50, 0x40, 0x13, 0xFF, 0x50, 0x8C, 0x5C, 0x8C, 0x51, 0xFF, 0x51, 0xCC, 0x57, 0x4C, 0x00, 0x00, 0x00, 0x00 }, // U+8E0C 踌
    { 0x00, 0x00, 0x00, 0x00, 0x00, 0x30, 0x7C, 0x30, 0x45, 0xF6, 0x44, 0xBC, 0x44, 0xBC, 0x7F, 0x36, 0x12, 0xE2, 0x50, 0x00, 0x5D, 0xFE, 0x51, 0x06, 0x51, 0xFE, 0x51, 0x06, 0x00, 0x00, 0x00, 0x00 }, // U+8E0F 踏
    { 0x00, 0x00, 0x00, 0x00, 0x7D, 0xFE, 0x45, 0x02, 0x45, 0x02, 0x45, 0xFE, 0x7D, 0x12, 0x51, 0x10, 0x51, 0xFF, 0x5D, 0x10, 0x51, 0x10, 0x51, 0xFE, 0x53, 0x82, 0x7E, 0x82, 0x00, 0x00, 0x00, 0x00 }, // U+8E1E 踞
    { 0x00, 0x00, 0x00, 0x00, 0x7D, 0xFC, 0x45, 0x04, 0x45, 0xFC, 0x45, 0x04, 0x7D, 0xFC, 0x58, 0x84, 0x19, 0x80, 0x5D, 0xFE, 0x5B, 0x4A, 0x5A, 0xD2, 0x59, 0xB2, 0x59, 0x62, 0x00, 0x00, 0x00, 0x00 }, // U+8E22 踢
    { 0x00, 0x00, 0x00, 0x00, 0x00, 0x0E, 0x7F, 0xF0, 0x44, 0x00, 0x45, 0x20, 0x45, 0x24, 0x7C, 0x28, 0x10, 0x00, 0x50, 0x20, 0x5F, 0xFE, 0x50, 0x70, 0x50, 0x78, 0x5C, 0xAC, 0x00, 0x00, 0x00, 0x00 }, // U+8E29 踩
    { 0x00, 0x00, 0x00, 0x00, 0x00, 0x20, 0x7C, 0x30, 0x45, 0xFF, 0x45, 0x03, 0x44, 0x00, 0x7D, 0xFE, 0x10, 0x00, 0x50, 0x00, 0x5F, 0xFF, 0x50, 0x10, 0x50, 0x94, 0x51, 0x16, 0x00, 0x00, 0x00, 0x00 }, // U+8E2A 踪
    { 0x00, 0x00, 0x00, 0x00, 0x7C, 0x20, 0x44, 0x20, 0x47, 0xFE, 0x44, 0x88, 0x7C, 0x88, 0x53, 0xFE, 0x12, 0x02, 0x5C, 0x20, 0x51, 0xFE, 0x51, 0x22, 0x51, 0x22, 0x51, 0x3E, 0x00, 0x00, 0x00, 0x00 }, // U+8E44 蹄
    { 0x00, 0x00, 0x00, 0x00, 0x7C, 0x02, 0x47, 0xFE, 0x44, 0x22, 0x44, 0x26, 0x7D, 0x24, 0x11, 0x04, 0x10, 0x5E, 0x5D, 0x82, 0x51, 0x02, 0x51, 0xDE, 0x51, 0x02, 0x7D, 0x02, 0x00, 0x00, 0x00, 0x00 }, // U+8E48 蹈
    { 0x00, 0x00, 0x00, 0x00, 0x7D, 0xFC, 0x45, 0x04, 0x45, 0xFC, 0x45, 0x04, 0x7D, 0xFC, 0x50, 0x00, 0x13, 0xDE, 0x5C, 0x42, 0x52, 0x52, 0x51, 0x4A, 0x51, 0xCE, 0x5B, 0x52, 0x00, 0x00, 0x00, 0x00 }, // U+8E4B 蹋
    { 0x00, 0x00, 0x00, 0x00, 0x78, 0x20, 0x4A, 0x22, 0x4A, 0x22, 0x4B, 0xFE, 0x78, 0x00, 0x13, 0xDE, 0x12, 0x52, 0x5A, 0x52, 0x53, 0xDE, 0x52, 0x52, 0x53, 0xDE, 0x5A, 0x52, 0x00, 0x00, 0x00, 0x00 }, // U+8E66 蹦
    { 0x00, 0x00, 0x00, 0x00, 0x00, 0x04, 0x7F, 0xDC, 0x44, 0x5A, 0x45, 0xCE, 0x45, 0x8C, 0x7F, 0xFE, 0x12, 0x02, 0x51, 0xFC, 0x5D, 0x04, 0x51, 0xFC, 0x50, 0x00, 0x50, 0x88, 0x00, 0x00, 0x00, 0x00 }, // U+8E6C 蹬
    { 0x00, 0x00, 0x00, 0x00, 0x78, 0x84, 0x48, 0x88, 0x4B, 0xFE, 0x4A, 0x22, 0x7A, 0xAA, 0x12, 0xAA, 0x13, 0xFE, 0x5C, 0x00, 0x51, 0xFE, 0x51, 0x02, 0x51, 0xFE, 0x7D, 0x02, 0x00, 0x00, 0x00, 0x00 }, // U+8E6D 蹭
    { 0x00, 0x00, 0x00, 0x00, 0x78, 0x88, 0x4F, 0xFF, 0x48, 0x40, 0x4B, 0xFE, 0x7B, 0x8A, 0x12, 0x0E, 0x12, 0x02, 0x5F, 0xFE, 0x52, 0x02, 0x53, 0xFE, 0x50, 0x04, 0x57, 0xFF, 0x00, 0x00, 0x00, 0x00 }, // U+8E72 蹲
    { 0x00, 0x00, 0x00, 0x00, 0x78, 0x20, 0x4B, 0xFE, 0x4A, 0x4A, 0x49, 0xAE, 0x7E, 0x22, 0x11, 0xFE, 0x51, 0x22, 0x5D, 0xFE, 0x50, 0x20, 0x53, 0xFE, 0x52, 0x22, 0x7F, 0xFE, 0x00, 0x00, 0x00, 0x00 }, // U+8E7F 蹿
    { 0x00, 0x00, 0x00, 0x00, 0x79, 0xFC, 0x49, 0x04, 0x49, 0xFC, 0x48, 0x00, 0x7B, 0xDE, 0x52, 0x52, 0x12, 0x52, 0x5B, 0xDE, 0x50, 0x20, 0x53, 0xFF, 0x50, 0x70, 0x7C, 0xA8, 0x00, 0x00, 0x00, 0x00 }, // U+8E81 躁
    { 0x00, 0x00, 0x00, 0x00, 0x78, 0x88, 0x4F, 0xFF, 0x48, 0x88, 0x48, 0x42, 0x7B, 0xFC, 0x10, 0x48, 0x53, 0xFF, 0x5C, 0x60, 0x51, 0xFE, 0x57, 0x86, 0x51, 0xFE, 0x7D, 0x86, 0x00, 0x00, 0x00, 0x00 }, // U+8E87 躇
    { 0x00, 0x00, 0x01, 0x00, 0x03, 0x00, 0x1F, 0xF8, 0x10, 0x08, 0x10, 0x08, 0x1F, 0xF8, 0x10, 0x08, 0x1F, 0xF8, 0x10, 0x0A, 0x10, 0x0C, 0xFF, 0xF8, 0x00, 0x78, 0x01, 0xC8, 0x00, 0x00, 0x00, 0x00 }, // U+8EAB 身
    { 0x00, 0x00, 0x00, 0x00, 0x08, 0xFE, 0x18, 0x06, 0x7E, 0x02, 0x42, 0x02, 0x7E, 0x7E, 0x42, 0x46, 0x7E, 0x40, 0x42, 0x40, 0xFE, 0xFE, 0x06, 0x02, 0x0A, 0x02, 0x12, 0x02, 0x00, 0x00, 0x00, 0x00 }, // U+8EAC 躬
    { 0x00, 0x00, 0x00, 0x00, 0x11, 0xFF, 0x11, 0x80, 0x7D, 0xC2, 0x45, 0xA6, 0x7D, 0xA4, 0x45, 0x9C, 0x7D, 0x98, 0x45, 0x98, 0xFD, 0x9C, 0x0D, 0xA4, 0x15, 0xE6, 0x15, 0xC2, 0x00, 0x00, 0x00, 0x00 }, // U+8EAF 躯
    { 0x00, 0x00, 0x00, 0x00, 0x10, 0xFC, 0x10, 0x84, 0x7C, 0x84, 0x44, 0x84, 0x7C, 0x84, 0x45, 0x07, 0x7D, 0x20, 0x44, 0x20, 0xFD, 0xFF, 0x0C, 0x78, 0x14, 0xA8, 0x65, 0xA6, 0x00, 0x00, 0x00, 0x00 }, // U+8EB2 躲
    { 0x00, 0x00, 0x00, 0x00, 0x00, 0x20, 0x21, 0x22, 0x79, 0xA4, 0x48, 0xA8, 0x7B, 0xFE, 0x4A, 0x02, 0x7A, 0x02, 0x4A, 0xFA, 0x4A, 0x8A, 0xFA, 0x8A, 0x1A, 0x8A, 0x2A, 0xFA, 0x00, 0x00, 0x00, 0x00 }, // U+8EBA 躺
    { 0x00, 0x00, 0x00, 0x00, 0x02, 0x00, 0x04, 0x00, 0x7F, 0xFE, 0x08, 0x00, 0x08, 0x80, 0x10, 0x80, 0x10, 0x80, 0x3F, 0xFC, 0x00, 0x80, 0x00, 0x80, 0x00, 0x80, 0xFF, 0xFE, 0x00, 0x00, 0x00, 0x00 }, // U+8F66 车
    { 0x00, 0x00, 0x00, 0x00, 0x10, 0x60, 0x10, 0x60, 0xFF, 0x60, 0x20, 0x60, 0x2C, 0x60, 0x6C, 0x60, 0x4C, 0x60, 0x7F, 0x60, 0x0C, 0x60, 0x0C, 0x60, 0x1F, 0x63, 0xFC, 0x63, 0x00, 0x00, 0x00, 0x00 }, // U+8F67 轧
    { 0x00, 0x00, 0x00, 0x00, 0x10, 0x40, 0x30, 0x40, 0xFE, 0x40, 0x21, 0xF8, 0x28, 0xC8, 0x68, 0xC8, 0x48, 0xC8, 0x7E, 0xC8, 0x08, 0xC8, 0x08, 0x89, 0x1E, 0x89, 0xF8, 0x8B, 0x00, 0x00, 0x00, 0x00 }, // U+8F68 轨
    { 0x00, 0x00, 0x00, 0x00, 0x11, 0xFE, 0x30, 0x10, 0xFE, 0x10, 0x20, 0x10, 0x28, 0x10, 0x48, 0x10, 0x49, 0xFF, 0x7E, 0x10, 0x08, 0x10, 0x08, 0x10, 0x3E, 0x10, 0xF8, 0x10, 0x00, 0x00, 0x00, 0x00 }, // U+8F69 轩
    { 0x00, 0x00, 0x10, 0x20, 0x10, 0x20, 0x10, 0x20, 0x1E, 0xFE, 0x20, 0x60, 0x28, 0x40, 0x69, 0xFF, 0x48, 0x40, 0x48, 0x80, 0x7E, 0xFE, 0x08, 0x06, 0x1E, 0x8C, 0xF8, 0x78, 0x00, 0x00, 0x00, 0x00 }, // U+8F6C 转
    { 0x00, 0x00, 0x00, 0x00, 0x10, 0x30, 0x30, 0x70, 0xFE, 0x58, 0x20, 0x8C, 0x29, 0x06, 0x4A, 0x02, 0x48, 0x80, 0x48, 0x88, 0x7E, 0x98, 0x08, 0xB0, 0x08, 0xC0, 0x1E, 0x82, 0x00, 0x00, 0x00, 0x00 }, // U+8F6E 轮
    { 0x00, 0x00, 0x00, 0x00, 0x10, 0x40, 0x10, 0x40, 0x7E, 0xFF, 0x20, 0x82, 0x29, 0x26, 0x49, 0x24, 0x48, 0x20, 0x7E, 0x30, 0x08, 0x30, 0x1E, 0x70, 0xF8, 0x48, 0x08, 0xCC, 0x00, 0x00, 0x00, 0x00 }, // U+8F6F 软
    { 0x00, 0x00, 0x00, 0x00, 0x06, 0x00, 0x7F, 0xFE, 0x08, 0x00, 0x10, 0x80, 0x3F, 0xFC, 0x00, 0x80, 0x7F, 0xFE, 0x00, 0x80, 0x7E, 0xFE, 0x02, 0x44, 0x34, 0x6C, 0x1C, 0x38, 0x00, 0x00, 0x00, 0x00 }, // U+8F70 轰
    { 0x00, 0x00, 0x00, 0x00, 0x10, 0x30, 0x30, 0x30, 0xFC, 0x30, 0x21, 0xFE, 0x79, 0x32, 0x59, 0x32, 0x59, 0x32, 0x7D, 0x32, 0x19, 0xFE, 0x19, 0x32, 0x1D, 0x32, 0xF9, 0x32, 0x00, 0x00, 0x00, 0x00 }, // U+8F74 轴
    { 0x00, 0x00, 0x00, 0x00, 0x10, 0x00, 0x21, 0xFC, 0xFC, 0x0C, 0x20, 0x18, 0x70, 0x30, 0x50, 0x78, 0x51, 0xC6, 0x7F, 0x02, 0x10, 0x00, 0x11, 0xFC, 0x1C, 0x20, 0xF8, 0x20, 0x00, 0x00, 0x00, 0x00 }, // U+8F7B 轻
    { 0x00, 0x00, 0x00, 0x00, 0x08, 0x6C, 0x7F, 0x64, 0x08, 0x60, 0xFF, 0xFF, 0x08, 0x20, 0x18, 0x24, 0x7F, 0xA4, 0x24, 0x2C, 0x24, 0x28, 0x7F, 0xB8, 0x04, 0x30, 0x0F, 0xB1, 0x00, 0x00, 0x00, 0x00 }, // U+8F7D 载
    { 0x00, 0x00, 0x00, 0x00, 0x10, 0x1E, 0x31, 0xFC, 0xFE, 0x20, 0x20, 0x20, 0x7B, 0xFF, 0x58, 0x78, 0x58, 0xC8, 0x7F, 0x86, 0x1B, 0x8F, 0x18, 0x88, 0x1E, 0x88, 0xF8, 0x88, 0x00, 0x00, 0x00, 0x00 }, // U+8F7F 轿
    { 0x00, 0x00, 0x00, 0x00, 0x10, 0x20, 0x10, 0x30, 0xFD, 0xFF, 0x20, 0x00, 0x28, 0xCC, 0x49, 0x86, 0x49, 0x02, 0x7C, 0x8C, 0x08, 0xC8, 0x08, 0x48, 0x1E, 0x70, 0xF8, 0x30, 0x00, 0x00, 0x00, 0x00 }, // U+8F83 较
    { 0x00, 0x00, 0x00, 0x00, 0x10, 0x2C, 0x10, 0x24, 0xFF, 0xFF, 0x20, 0x20, 0x28, 0x20, 0x49, 0xFE, 0x49, 0x22, 0x7D, 0x22, 0x09, 0xFE, 0x09, 0x22, 0x1F, 0x22, 0xF9, 0xFE, 0x00, 0x00, 0x00, 0x00 }, // U+8F85 辅
    { 0x00, 0x00, 0x00, 0x00, 0x23, 0xFF, 0x20, 0x48, 0xFC, 0x48, 0x23, 0xFE, 0x52, 0x5A, 0x52, 0x52, 0x52, 0x52, 0xFE, 0xDA, 0x12, 0xBA, 0x12, 0x96, 0x3F, 0x26, 0xD3, 0x22, 0x00, 0x00, 0x00, 0x00 }, // U+8F86 辆
    { 0x00, 0x00, 0x00, 0x00, 0x02, 0x40, 0x7E, 0x7E, 0x02, 0x40, 0x7E, 0x7E, 0x02, 0x40, 0x7E, 0x7E, 0x06, 0x40, 0x7F, 0xFE, 0x08, 0x00, 0x10, 0x80, 0x3F, 0xFC, 0x00, 0x80, 0x00, 0x00, 0x00, 0x00 }, // U+8F88 辈
    { 0x00, 0x00, 0x00, 0x00, 0x11, 0xFE, 0x11, 0x02, 0x17, 0x02, 0x54, 0x60, 0x57, 0xFF, 0x18, 0xC0, 0xFC, 0x90, 0x29, 0x90, 0x29, 0xFE, 0x28, 0x10, 0x48, 0x10, 0x4B, 0xFF, 0x00, 0x00, 0x00, 0x00 }, // U+8F89 辉
    { 0x00, 0x00, 0x00, 0x00, 0x11, 0xFE, 0x21, 0x02, 0xFD, 0xFE, 0x21, 0x02, 0x71, 0x02, 0x51, 0xFE, 0x50, 0x02, 0x7D, 0x10, 0x19, 0x16, 0x19, 0xDC, 0x7D, 0x10, 0xF9, 0x11, 0x00, 0x00, 0x00, 0x00 }, // U+8F8A 辊
    { 0x00, 0x00, 0x00, 0x00, 0x10, 0x00, 0x23, 0xFF, 0xFC, 0x00, 0x21, 0xFC, 0x51, 0x04, 0x51, 0xFC, 0x51, 0x04, 0x7C, 0x00, 0x11, 0xFE, 0x11, 0x22, 0x1D, 0xFE, 0xF9, 0x22, 0x00, 0x00, 0x00, 0x00 }, // U+8F90 辐
    { 0x00, 0x00, 0x00, 0x00, 0x10, 0x00, 0x11, 0xFE, 0x31, 0x02, 0xFD, 0xFE, 0x21, 0x02, 0x30, 0x00, 0x53, 0xFF, 0x51, 0x06, 0x7D, 0xFE, 0x11, 0x06, 0x3D, 0xFE, 0xF1, 0x06, 0x00, 0x00, 0x00, 0x00 }, // U+8F91 辑
    { 0x00, 0x00, 0x00, 0x00, 0x20, 0x20, 0x20, 0x50, 0xFC, 0x88, 0x21, 0x0C, 0x43, 0xFE, 0x54, 0x02, 0x53, 0xC2, 0xFE, 0x52, 0x12, 0x52, 0x13, 0xD2, 0x1E, 0x52, 0xF3, 0xD2, 0x00, 0x00, 0x00, 0x00 }, // U+8F93 输
    { 0x00, 0x00, 0x00, 0x00, 0x20, 0x20, 0x20, 0x20, 0xFF, 0xFC, 0x20, 0x20, 0x57, 0xFE, 0x50, 0x00, 0x53, 0xFC, 0xFE, 0x04, 0x13, 0xFA, 0x10, 0xE2, 0xFD, 0x94, 0x13, 0x38, 0x00, 0x00, 0x00, 0x00 }, // U+8F95 辕
    { 0x00, 0x00, 0x00, 0x00, 0x10, 0x20, 0x30, 0x20, 0x23, 0xFE, 0xFE, 0x22, 0x23, 0xFE, 0x50, 0x20, 0x51, 0xFE, 0x7C, 0x20, 0x13, 0xFE, 0x10, 0x20, 0x1D, 0xFE, 0xF1, 0x02, 0x00, 0x00, 0x00, 0x00 }, // U+8F96 辖
    { 0x00, 0x00, 0x00, 0x00, 0x23, 0xFE, 0xFE, 0x02, 0x22, 0x02, 0x53, 0xFE, 0x52, 0x4A, 0x52, 0x48, 0xFB, 0xFE, 0x12, 0x48, 0x12, 0x48, 0x3F, 0xFF, 0xD2, 0x92, 0x16, 0x9C, 0x00, 0x00, 0x00, 0x00 }, // U+8F97 辗
    { 0x00, 0x00, 0x00, 0x00, 0x21, 0x08, 0x21, 0x88, 0xFF, 0xE8, 0x42, 0x1F, 0x56, 0x52, 0x57, 0xF2, 0x50, 0x32, 0xFF, 0xF2, 0x14, 0x4C, 0x17, 0xCC, 0x1C, 0x4C, 0x77, 0xCC, 0x00, 0x00, 0x00, 0x00 }, // U+8F99 辙
    { 0x00, 0x00, 0x00, 0x00, 0x01, 0x00, 0x00, 0x80, 0x7F, 0xFE, 0x18, 0x18, 0x0C, 0x30, 0x04, 0x20, 0xFF, 0xFF, 0x01, 0x80, 0x01, 0x80, 0x01, 0x80, 0x7F, 0xFE, 0x01, 0x80, 0x00, 0x00, 0x00, 0x00 }, // U+8F9B 辛
    { 0x00, 0x00, 0x00, 0x00, 0x01, 0x80, 0x7F, 0xFE, 0x01, 0x80, 0x3F, 0xFC, 0x30, 0x0C, 0x3F, 0xFC, 0x01, 0x00, 0x7F, 0xFE, 0x0C, 0x30, 0xFF, 0xFF, 0x01, 0x80, 0x7F, 0xFE, 0x00, 0x00, 0x00, 0x00 }, // U+8F9C 辜
    { 0x00, 0x00, 0x00, 0x00, 0x00, 0x20, 0x7E, 0x30, 0x11, 0xFE, 0x10, 0x00, 0xFE, 0x00, 0x10, 0x84, 0x10, 0xC8, 0x13, 0xFF, 0x7E, 0x30, 0x44, 0x30, 0x45, 0xFE, 0x44, 0x30, 0x00, 0x00, 0x00, 0x00 }, // U+8F9E 辞
    { 0x00, 0x00, 0x00, 0x00, 0x3F, 0x10, 0x23, 0x10, 0x23, 0xFE, 0x23, 0x46, 0x3F, 0x44, 0x20, 0x2C, 0x20, 0xFF, 0x7F, 0x10, 0x71, 0x10, 0x71, 0xFE, 0x51, 0x10, 0xD1, 0x10, 0x00, 0x00, 0x00, 0x00 }, // U+8F9F 辟
    { 0x00, 0x00, 0x00, 0x00, 0x00, 0x20, 0x10, 0x20, 0xFF, 0xFF, 0x44, 0x20, 0x49, 0xFE, 0x09, 0x22, 0xFF, 0x22, 0x11, 0xFE, 0x11, 0x32, 0xFC, 0x78, 0x30, 0xAC, 0x21, 0x26, 0x00, 0x00, 0x00, 0x00 }, // U+8FA3 辣
    { 0x00, 0x00, 0x00, 0x00, 0x20, 0x88, 0x10, 0x88, 0xFC, 0xFE, 0x00, 0x80, 0x4A, 0xA2, 0x4A, 0xB6, 0x0A, 0x94, 0xFE, 0xFF, 0x12, 0x88, 0x10, 0x88, 0xFD, 0xBF, 0x21, 0x08, 0x00, 0x00, 0x00, 0x00 }, // U+8FA8 辨
    { 0x00, 0x00, 0x00, 0x00, 0x22, 0x08, 0x11, 0x08, 0xFD, 0x7E, 0x00, 0x00, 0x48, 0x22, 0x4B, 0x24, 0x19, 0x04, 0xFD, 0x7F, 0x11, 0x08, 0x11, 0x08, 0xFD, 0x7F, 0x31, 0x08, 0x00, 0x00, 0x00, 0x00 }, // U+8FA9 辩
    { 0x00, 0x00, 0x00, 0x00, 0x21, 0x08, 0x11, 0x08, 0x79, 0x3E, 0x02, 0x40, 0x4E, 0xE0, 0x4F, 0x92, 0x11, 0x14, 0xF9, 0x3F, 0x22, 0x08, 0x27, 0xC8, 0xF8, 0x3F, 0x20, 0x08, 0x00, 0x00, 0x00, 0x00 }, // U+8FAB 辫
    { 0x00, 0x00, 0x00, 0x00, 0x3F, 0xFF, 0x20, 0x00, 0x20, 0x00, 0x27, 0xFC, 0x20, 0x00, 0x20, 0x00, 0x3F, 0xFF, 0x24, 0x86, 0x24, 0xCC, 0x24, 0x58, 0x64, 0x30, 0x45, 0xB0, 0x00, 0x00, 0x00, 0x00 }, // U+8FB0 辰
    { 0x00, 0x00, 0x00, 0x00, 0x3F, 0xFE, 0x20, 0x00, 0x2F, 0xFC, 0x20, 0x00, 0x3F, 0xFE, 0x24, 0x84, 0x64, 0x78, 0x45, 0x98, 0x46, 0x06, 0x00, 0x10, 0x7F, 0xFE, 0x0C, 0x10, 0x00, 0x00, 0x00, 0x00 }, // U+8FB1 辱
    { 0x00, 0x00, 0x00, 0x00, 0x40, 0xC0, 0x20, 0xC0, 0x30, 0xC0, 0x17, 0xFE, 0x00, 0xC6, 0x00, 0x86, 0xF0, 0x86, 0x30, 0x86, 0x31, 0x86, 0x31, 0x04, 0x33, 0x04, 0x36, 0x7C, 0x00, 0x00, 0x00, 0x00 }, // U+8FB9 边
    { 0x00, 0x00, 0x00, 0x00, 0x47, 0xFE, 0x20, 0x06, 0x30, 0x0C, 0x10, 0x30, 0x00, 0x20, 0xF0, 0x20, 0x30, 0x20, 0x30, 0x20, 0x30, 0x20, 0x30, 0x20, 0x30, 0x60, 0x33, 0xC0, 0x00, 0x00, 0x00, 0x00 }, // U+8FBD 辽
    { 0x00, 0x00, 0x00, 0x00, 0x40, 0x40, 0x60, 0x40, 0x30, 0x40, 0x10, 0x40, 0x07, 0xFE, 0x00, 0x40, 0xE0, 0x40, 0x20, 0xC0, 0x20, 0xE0, 0x21, 0x90, 0x21, 0x08, 0x26, 0x04, 0x00, 0x00, 0x00, 0x00 }, // U+8FBE 达
    { 0x00, 0x00, 0x00, 0x00, 0x60, 0x1E, 0x37, 0xF0, 0x10, 0x20, 0x00, 0x20, 0x00, 0x20, 0xF0, 0x20, 0x37, 0xFF, 0x30, 0x60, 0x30, 0x20, 0x30, 0x20, 0x30, 0x20, 0x30, 0x20, 0x00, 0x00, 0x00, 0x00 }, // U+8FC1 迁
    { 0x00, 0x00, 0x00, 0x00, 0x43, 0xFE, 0x20, 0x20, 0x30, 0x20, 0x10, 0x20, 0x00, 0x20, 0x07, 0xFF, 0xF0, 0x20, 0x30, 0x20, 0x30, 0x20, 0x30, 0x20, 0x30, 0x20, 0x30, 0x60, 0x00, 0x00, 0x00, 0x00 }, // U+8FC2 迂
    { 0x00, 0x00, 0x00, 0x00, 0x01, 0x80, 0x21, 0x00, 0x33, 0xFE, 0x16, 0x00, 0x04, 0x00, 0xF1, 0xFC, 0x30, 0x18, 0x10, 0x60, 0x10, 0xC2, 0x13, 0x02, 0x12, 0x06, 0x13, 0xFC, 0x00, 0x00, 0x00, 0x00 }, // U+8FC4 迄
    { 0x00, 0x00, 0x00, 0x00, 0x40, 0x00, 0x27, 0xF8, 0x31, 0x08, 0x11, 0x08, 0x01, 0x08, 0x01, 0x08, 0xEF, 0xE8, 0x21, 0x08, 0x21, 0x08, 0x21, 0x09, 0x21, 0x0B, 0x21, 0x06, 0x00, 0x00, 0x00, 0x00 }, // U+8FC5 迅
    { 0x00, 0x00, 0x00, 0x00, 0x40, 0x08, 0x60, 0x08, 0x30, 0x08, 0x17, 0xFF, 0x00, 0x08, 0xE2, 0x08, 0x22, 0x08, 0x21, 0x08, 0x21, 0x88, 0x20, 0x88, 0x20, 0x18, 0x20, 0xF8, 0x00, 0x00, 0x00, 0x00 }, // U+8FC7 过
    { 0x00, 0x00, 0x00, 0x00, 0x47, 0xFE, 0x20, 0x80, 0x30, 0x80, 0x10, 0x80, 0x00, 0xFE, 0x00, 0x86, 0xF1, 0x06, 0x31, 0x04, 0x31, 0x04, 0x33, 0x04, 0x32, 0x04, 0x36, 0x3C, 0x00, 0x00, 0x00, 0x00 }, // U+8FC8 迈
    { 0x00, 0x00, 0x00, 0x00, 0x40, 0xC0, 0x67, 0x3E, 0x36, 0x22, 0x16, 0x22, 0x06, 0x22, 0xE6, 0x22, 0x26, 0x22, 0x26, 0x22, 0x26, 0x22, 0x27, 0xA2, 0x27, 0x3E, 0x20, 0x20, 0x00, 0x00, 0x00, 0x00 }, // U+8FCE 迎
    { 0x00, 0x00, 0x00, 0x00, 0x40, 0x00, 0x23, 0xFE, 0x30, 0x00, 0x10, 0x00, 0x00, 0x00, 0x07, 0xFF, 0xF0, 0xC0, 0x30, 0x90, 0x31, 0x18, 0x31, 0x08, 0x32, 0x0C, 0x37, 0xFC, 0x00, 0x00, 0x00, 0x00 }, // U+8FD0 运
    { 0x00, 0x00, 0x00, 0x00, 0x60, 0x1E, 0x31, 0xF8, 0x11, 0x00, 0x01, 0x00, 0x01, 0x00, 0xE1, 0xFF, 0x23, 0x18, 0x23, 0x10, 0x22, 0x10, 0x22, 0x10, 0x22, 0x10, 0x24, 0x10, 0x00, 0x00, 0x00, 0x00 }, // U+8FD1 近
    { 0x00, 0x00, 0x00, 0x00, 0x00, 0x0E, 0x23, 0xF8, 0x32, 0x00, 0x12, 0x00, 0x03, 0xFE, 0xE2, 0x04, 0x22, 0x84, 0x22, 0xCC, 0x22, 0x78, 0x24, 0x38, 0x24, 0x6C, 0x2D, 0xC6, 0x00, 0x00, 0x00, 0x00 }, // U+8FD4 返
    { 0x00, 0x00, 0x00, 0x00, 0x27, 0xFE, 0x30, 0x20, 0x10, 0x60, 0x00, 0x40, 0xE0, 0xF0, 0x20, 0xF8, 0x21, 0x4C, 0x22, 0x46, 0x24, 0x42, 0x28, 0x40, 0x20, 0x40, 0x00, 0x00, 0x00, 0x00, 0x00, 0x00 }, // U+8FD8 还
    { 0x00, 0x00, 0x40, 0x40, 0x20, 0x40, 0x20, 0x40, 0x17, 0xFE, 0x10, 0x00, 0x00, 0x08, 0xE2, 0x08, 0x23, 0x18, 0x20, 0x90, 0x20, 0x60, 0x20, 0x70, 0x21, 0x98, 0x27, 0x0C, 0x00, 0x00, 0x00, 0x00 }, // U+8FD9 这
    { 0x00, 0x00, 0x00, 0x00, 0x41, 0x18, 0x21, 0x18, 0x31, 0x18, 0x17, 0xFE, 0x01, 0x18, 0x01, 0x18, 0xE1, 0x18, 0x2F, 0xFF, 0x21, 0x18, 0x21, 0x18, 0x23, 0x18, 0x26, 0x18, 0x00, 0x00, 0x00, 0x00 }, // U+8FDB 进
    { 0x00, 0x00, 0x00, 0x00, 0x27, 0xFC, 0x30, 0x00, 0x10, 0x00, 0x00, 0x00, 0xEF, 0xFE, 0x21, 0x10, 0x21, 0x10, 0x21, 0x10, 0x21, 0x12, 0x23, 0x12, 0x26, 0x12, 0x00, 0x00, 0x00, 0x00, 0x00, 0x00 }, // U+8FDC 远
    { 0x00, 0x00, 0x00, 0x00, 0x40, 0x40, 0x20, 0x40, 0x37, 0xFE, 0x10, 0x40, 0x00, 0x40, 0x07, 0xFC, 0xE0, 0x40, 0x20, 0x40, 0x2F, 0xFE, 0x20, 0x42, 0x20, 0x42, 0x20, 0x5E, 0x00, 0x00, 0x00, 0x00 }, // U+8FDD 违
    { 0x00, 0x00, 0x00, 0x00, 0x00, 0x80, 0x20, 0x80, 0x37, 0xFE, 0x11, 0x00, 0x03, 0x20, 0xE2, 0x20, 0x27, 0xFE, 0x20, 0x20, 0x20, 0x20, 0x27, 0xFF, 0x20, 0x20, 0x30, 0x20, 0x00, 0x00, 0x00, 0x00 }, // U+8FDE 连
    { 0x00, 0x00, 0x00, 0x00, 0x40, 0x00, 0x23, 0xFC, 0x33, 0x04, 0x13, 0x04, 0x03, 0x04, 0x03, 0x04, 0xF3, 0xFC, 0x33, 0x04, 0x32, 0x40, 0x32, 0x30, 0x36, 0x18, 0x34, 0x0E, 0x00, 0x00, 0x00, 0x00 }, // U+8FDF 迟
    { 0x00, 0x00, 0x00, 0x00, 0x47, 0xFE, 0x60, 0xC2, 0x30, 0x82, 0x11, 0x86, 0x03, 0x3C, 0xE4, 0x00, 0x23, 0xFE, 0x22, 0x06, 0x22, 0x06, 0x22, 0x06, 0x23, 0xFE, 0x32, 0x06, 0x00, 0x00, 0x00, 0x00 }, // U+8FE2 迢
    { 0x00, 0x00, 0x40, 0x60, 0x60, 0x60, 0x30, 0x60, 0x17, 0xFE, 0x06, 0x66, 0x06, 0x66, 0xE6, 0x66, 0x27, 0xFE, 0x26, 0x66, 0x26, 0x66, 0x26, 0x66, 0x26, 0x66, 0x27, 0xFE, 0x00, 0x00, 0x00, 0x00 }, // U+8FEA 迪
    { 0x00, 0x00, 0x00, 0x00, 0x40, 0x40, 0x60, 0x40, 0x33, 0xFC, 0x12, 0x04, 0x02, 0x04, 0x02, 0x04, 0xE3, 0xFC, 0x22, 0x04, 0x22, 0x04, 0x22, 0x04, 0x22, 0x04, 0x23, 0xFC, 0x00, 0x00, 0x00, 0x00 }, // U+8FEB 迫
    { 0x00, 0x00, 0x00, 0x60, 0x21, 0x60, 0x32, 0x60, 0x13, 0xFE, 0x06, 0x60, 0x04, 0x60, 0xE0, 0x60, 0x27, 0xFE, 0x20, 0x40, 0x20, 0x60, 0x20, 0xB0, 0x21, 0x88, 0x23, 0x04, 0x00, 0x00, 0x00, 0x00 }, // U+8FED 迭
    { 0x00, 0x00, 0x00, 0x00, 0x40, 0x4C, 0x20, 0x40, 0x10, 0x40, 0x07, 0xFE, 0x00, 0x60, 0xE0, 0xC0, 0x20, 0xF0, 0x21, 0x78, 0x23, 0x4C, 0x26, 0x46, 0x24, 0x42, 0x28, 0x40, 0x00, 0x00, 0x00, 0x00 }, // U+8FF0 述
    { 0x00, 0x00, 0x00, 0x00, 0x40, 0x40, 0x64, 0x44, 0x32, 0x4C, 0x11, 0x48, 0x00, 0x40, 0xE7, 0xFE, 0x20, 0xE0, 0x20, 0xF0, 0x21, 0x78, 0x23, 0x4C, 0x26, 0x46, 0x24, 0x42, 0x00, 0x00, 0x00, 0x00 }, // U+8FF7 迷
    { 0x00, 0x00, 0x00, 0x00, 0x40, 0x08, 0x21, 0x08, 0x30, 0x10, 0x17, 0xFE, 0x01, 0x18, 0x01, 0x18, 0xE1, 0x18, 0x2F, 0xFF, 0x21, 0x18, 0x21, 0x18, 0x23, 0x18, 0x36, 0x18, 0x00, 0x00, 0x00, 0x00 }, // U+8FF8 迸
    { 0x00, 0x00, 0x00, 0x00, 0x40, 0x40, 0x60, 0x20, 0x37, 0xFE, 0x10, 0x90, 0x00, 0x90, 0xE6, 0x94, 0x24, 0x96, 0x2C, 0x92, 0x28, 0x92, 0x21, 0x10, 0x21, 0x10, 0x22, 0x10, 0x00, 0x00, 0x00, 0x00 }, // U+8FF9 迹
    { 0x00, 0x00, 0x00, 0x00, 0x40, 0x40, 0x60, 0x80, 0x33, 0xFC, 0x12, 0x04, 0x02, 0x04, 0x03, 0xFC, 0xE2, 0x04, 0x22, 0x00, 0x23, 0xFC, 0x22, 0x04, 0x22, 0x04, 0x23, 0xFC, 0x00, 0x00, 0x00, 0x00 }, // U+8FFD 追
    { 0x00, 0x00, 0x00, 0x00, 0x03, 0xFC, 0x22, 0x04, 0x32, 0x04, 0x13, 0xFC, 0x02, 0x04, 0xE2, 0x04, 0x23, 0xFC, 0x22, 0x00, 0x22, 0x46, 0x22, 0x3C, 0x22, 0x58, 0x23, 0xCC, 0x00, 0x00, 0x00, 0x00 }, // U+9000 退
    { 0x00, 0x00, 0x00, 0x00, 0x41, 0x08, 0x61, 0x08, 0x30, 0x90, 0x17, 0xFE, 0x00, 0x40, 0xE0, 0x40, 0x20, 0x40, 0x27, 0xFE, 0x20, 0x40, 0x20, 0x60, 0x20, 0x98, 0x23, 0x0C, 0x00, 0x00, 0x00, 0x00 }, // U+9001 送
    { 0x00, 0x00, 0x00, 0x00, 0x00, 0x1E, 0x27, 0xF0, 0x30, 0x20, 0x10, 0x20, 0x07, 0xFF, 0xE0, 0x60, 0x20, 0x20, 0x23, 0xFC, 0x22, 0x04, 0x22, 0x04, 0x22, 0x04, 0x23, 0xFC, 0x00, 0x00, 0x00, 0x00 }, // U+9002 适
    { 0x00, 0x00, 0x00, 0x00, 0x40, 0x90, 0x20, 0x90, 0x34, 0x96, 0x06, 0x94, 0x02, 0x9C, 0xE0, 0x90, 0x21, 0x90, 0x27, 0x9C, 0x21, 0x96, 0x21, 0x10, 0x23, 0x12, 0x22, 0x12, 0x00, 0x00, 0x00, 0x00 }, // U+9003 逃
    { 0x00, 0x00, 0x41, 0x08, 0x61, 0x08, 0x30, 0x98, 0x17, 0xFE, 0x00, 0x60, 0x02, 0x64, 0xE2, 0x64, 0x22, 0x64, 0x22, 0x64, 0x23, 0xFC, 0x20, 0x44, 0x20, 0xC0, 0x21, 0x80, 0x00, 0x00, 0x00, 0x00 }, // U+9006 逆
    { 0x00, 0x00, 0x00, 0x00, 0x03, 0x20, 0x22, 0x20, 0x37, 0xFE, 0x14, 0x20, 0x00, 0x20, 0xEF, 0xFF, 0x21, 0x90, 0x21, 0x92, 0x21, 0x12, 0x23, 0x12, 0x24, 0x1E, 0x00, 0x00, 0x00, 0x00, 0x00, 0x00 }, // U+9009 选
    { 0x00, 0x00, 0x00, 0x00, 0x40, 0x08, 0x6F, 0x88, 0x21, 0x88, 0x23, 0x08, 0x02, 0x2C, 0x02, 0x6A, 0xE7, 0xCA, 0x3E, 0x4A, 0x22, 0x4B, 0x22, 0x89, 0x22, 0x08, 0x22, 0x18, 0x00, 0x00, 0x00, 0x00 }, // U+900A 逊
    { 0x00, 0x00, 0x00, 0x00, 0x20, 0x1C, 0x27, 0xE0, 0x30, 0x40, 0x17, 0xFE, 0x00, 0xF0, 0x03, 0x4C, 0xEC, 0x42, 0x23, 0xF8, 0x21, 0x18, 0x21, 0x1E, 0x21, 0x04, 0x22, 0x04, 0x00, 0x00, 0x00, 0x00 }, // U+900F 透
    { 0x00, 0x00, 0x00, 0x00, 0x27, 0xFE, 0x30, 0x40, 0x11, 0xC4, 0x07, 0x4C, 0x0C, 0xF8, 0xE1, 0xB0, 0x27, 0x38, 0x24, 0xFC, 0x21, 0x96, 0x27, 0x12, 0x2C, 0x30, 0x00, 0x00, 0x00, 0x00, 0x00, 0x00 }, // U+9010 逐
    { 0x00, 0x00, 0x40, 0x08, 0x61, 0x18, 0x30, 0x10, 0x17, 0xFE, 0x00, 0x46, 0x00, 0x46, 0xE7, 0xFE, 0x24, 0x46, 0x24, 0x40, 0x27, 0xFE, 0x21, 0xC2, 0x23, 0x42, 0x2C, 0x5E, 0x00, 0x00, 0x00, 0x00 }, // U+9012 递
    { 0x00, 0x00, 0x00, 0x00, 0x40, 0x60, 0x20, 0xF0, 0x31, 0x98, 0x13, 0x0E, 0x07, 0xFA, 0xE0, 0x40, 0x20, 0x40, 0x27, 0xFE, 0x20, 0x40, 0x20, 0x48, 0x22, 0x4C, 0x26, 0x44, 0x00, 0x00, 0x00, 0x00 }, // U+9014 途
    { 0x00, 0x00, 0x00, 0x00, 0x40, 0x00, 0x67, 0xFE, 0x30, 0x00, 0x13, 0xFC, 0x02, 0x04, 0x02, 0x04, 0xE3, 0xFC, 0x22, 0x04, 0x20, 0x00, 0x21, 0x08, 0x20, 0x90, 0x27, 0xFE, 0x00, 0x00, 0x00, 0x00 }, // U+9017 逗
    { 0x00, 0x00, 0x00, 0x00, 0x27, 0xFE, 0x30, 0x0C, 0x11, 0x10, 0x00, 0xE0, 0x07, 0xFE, 0xE4, 0x62, 0x27, 0xFE, 0x24, 0x62, 0x27, 0xFE, 0x24, 0x62, 0x24, 0x66, 0x00, 0x00, 0x00, 0x00, 0x00, 0x00 }, // U+901A 通
    { 0x00, 0x00, 0x00, 0x00, 0x49, 0xFE, 0x25, 0x18, 0x26, 0x18, 0x06, 0x18, 0x0B, 0x18, 0xE1, 0x7E, 0x23, 0x18, 0x25, 0x18, 0x29, 0x18, 0x21, 0x18, 0x21, 0xFF, 0x7E, 0x00, 0x00, 0x00, 0x00, 0x00 }, // U+901B 逛
    { 0x00, 0x00, 0x00, 0x00, 0x42, 0x06, 0x22, 0x38, 0x22, 0x20, 0x0F, 0xA0, 0x02, 0x20, 0xE2, 0x3F, 0x23, 0xA4, 0x27, 0x64, 0x2A, 0x64, 0x22, 0x44, 0x22, 0x44, 0x2E, 0xC4, 0x00, 0x00, 0x00, 0x00 }, // U+901D 逝
    { 0x00, 0x00, 0x00, 0x00, 0x43, 0xFC, 0x62, 0x04, 0x22, 0x04, 0x03, 0xFC, 0x00, 0x00, 0xE7, 0xFE, 0x20, 0x60, 0x20, 0x60, 0x23, 0xFC, 0x20, 0x60, 0x20, 0x60, 0x27, 0xFE, 0x00, 0x00, 0x00, 0x00 }, // U+901E 逞
    { 0x00, 0x00, 0x00, 0x00, 0x40, 0x60, 0x20, 0x60, 0x37, 0xFF, 0x10, 0x60, 0x03, 0xFE, 0xE2, 0x66, 0x22, 0x66, 0x23, 0xFE, 0x22, 0xE6, 0x21, 0xF0, 0x23, 0x6C, 0x24, 0x62, 0x00, 0x00, 0x00, 0x00 }, // U+901F 速
    { 0x00, 0x00, 0x00, 0x00, 0x01, 0x20, 0x23, 0x20, 0x33, 0xFE, 0x16, 0x20, 0x00, 0x20, 0xE7, 0xFF, 0x20, 0x00, 0x20, 0x00, 0x23, 0xFC, 0x22, 0x04, 0x22, 0x04, 0x23, 0xFC, 0x00, 0x00, 0x00, 0x00 }, // U+9020 造
    { 0x00, 0x00, 0x00, 0x00, 0x01, 0x00, 0x23, 0xFC, 0x37, 0x08, 0x14, 0xF0, 0x00, 0xF0, 0x07, 0x0E, 0xE0, 0x40, 0x27, 0xFC, 0x20, 0x40, 0x20, 0x40, 0x23, 0xFC, 0x20, 0x40, 0x00, 0x00, 0x00, 0x00 }, // U+9022 逢
    { 0x00, 0x00, 0x00, 0x00, 0x00, 0x40, 0x23, 0xFC, 0x30, 0x44, 0x10, 0x44, 0x07, 0xFF, 0xE0, 0x44, 0x23, 0xFC, 0x20, 0x44, 0x27, 0x4C, 0x20, 0x40, 0x23, 0xD8, 0x2C, 0x46, 0x00, 0x00, 0x00, 0x00 }, // U+902E 逮
    { 0x00, 0x00, 0x00, 0x00, 0x40, 0x80, 0x21, 0xF8, 0x12, 0x10, 0x04, 0x30, 0x07, 0xFC, 0xE4, 0x44, 0x24, 0x44, 0x27, 0xFC, 0x24, 0x68, 0x20, 0xAA, 0x23, 0x22, 0x24, 0x3E, 0x00, 0x00, 0x00, 0x00 }, // U+9038 逸
    { 0x00, 0x00, 0x00, 0x00, 0x47, 0xFE, 0x24, 0x92, 0x14, 0x92, 0x07, 0xFE, 0x04, 0x82, 0xE1, 0x80, 0x23, 0xFC, 0x26, 0x0C, 0x2D, 0x08, 0x28, 0xF0, 0x20, 0x60, 0x00, 0x00, 0x00, 0x00, 0x00, 0x00 }, // U+903B 逻
    { 0x00, 0x00, 0x00, 0x00, 0x40, 0x00, 0x67, 0xFE, 0x30, 0x00, 0x13, 0xFC, 0x02, 0x04, 0x03, 0xFC, 0xE0, 0x00, 0x27, 0xFC, 0x24, 0x44, 0x27, 0xFC, 0x24, 0x44, 0x27, 0xFC, 0x00, 0x00, 0x00, 0x00 }, // U+903C 逼
    { 0x00, 0x00, 0x00, 0x00, 0x40, 0x60, 0x21, 0xB0, 0x27, 0x0C, 0x0D, 0xF3, 0x00, 0x00, 0xE7, 0xC4, 0x24, 0x54, 0x27, 0xD4, 0x24, 0x54, 0x27, 0xD4, 0x24, 0x54, 0x24, 0xC4, 0x00, 0x00, 0x00, 0x00 }, // U+903E 逾
    { 0x00, 0x00, 0x00, 0x00, 0x40, 0x1E, 0x27, 0xF0, 0x24, 0x20, 0x17, 0xFE, 0x04, 0x20, 0x05, 0xFC, 0xE5, 0x84, 0x25, 0xFC, 0x25, 0x84, 0x25, 0xFC, 0x2D, 0x84, 0x39, 0xFC, 0x00, 0x00, 0x00, 0x00 }, // U+9041 遁
    { 0x00, 0x00, 0x00, 0x00, 0x01, 0x08, 0x21, 0x10, 0x37, 0xFE, 0x10, 0xC0, 0x01, 0xC6, 0xE3, 0x4C, 0x24, 0xF0, 0x23, 0x30, 0x24, 0x7C, 0x23, 0xB6, 0x26, 0x32, 0x20, 0x20, 0x00, 0x00, 0x00, 0x00 }, // U+9042 遂
    { 0x00, 0x00, 0x00, 0x00, 0x27, 0xFC, 0x36, 0x44, 0x17, 0xFC, 0x06, 0x44, 0x07, 0xFC, 0xE6, 0x44, 0x20, 0x40, 0x27, 0xFE, 0x24, 0x4A, 0x24, 0x7A, 0x25, 0xCE, 0x00, 0x00, 0x00, 0x00, 0x00, 0x00 }, // U+9047 遇
    { 0x00, 0x00, 0x00, 0x00, 0x40, 0x20, 0x27, 0xFE, 0x34, 0x02, 0x04, 0x02, 0x07, 0xFE, 0xE4, 0x00, 0x27, 0xFE, 0x27, 0x4A, 0x27, 0x4A, 0x2F, 0xFE, 0x2B, 0x4A, 0x3B, 0x4A, 0x00, 0x00, 0x00, 0x00 }, // U+904D 遍
    { 0x00, 0x00, 0x00, 0x00, 0x07, 0xFC, 0x26, 0x04, 0x37, 0xFC, 0x16, 0x04, 0x03, 0xFC, 0xE2, 0x00, 0x27, 0xFE, 0x24, 0x42, 0x2C, 0xE2, 0x25, 0x12, 0x27, 0xE6, 0x30, 0x1C, 0x00, 0x00, 0x00, 0x00 }, // U+904F 遏
    { 0x00, 0x00, 0x00, 0x00, 0x41, 0x08, 0x61, 0x18, 0x27, 0xFF, 0x00, 0x40, 0x00, 0x40, 0x03, 0xFC, 0xE2, 0x04, 0x23, 0xFC, 0x22, 0x04, 0x23, 0xFC, 0x22, 0x04, 0x23, 0xFC, 0x00, 0x00, 0x00, 0x00 }, // U+9053 道
    { 0x00, 0x00, 0x00, 0x00, 0x00, 0x20, 0x23, 0xFE, 0x32, 0x26, 0x13, 0xFE, 0x00, 0x20, 0xEF, 0xFF, 0x20, 0x00, 0x23, 0xFC, 0x22, 0x64, 0x22, 0x44, 0x22, 0x64, 0x20, 0xD0, 0x00, 0x00, 0x00, 0x00 }, // U+9057 遗
    { 0x00, 0x00, 0x00, 0x00, 0x40, 0x40, 0x27, 0xFC, 0x34, 0x44, 0x17, 0xFC, 0x04, 0x44, 0x00, 0x40, 0xEF, 0xFF, 0x24, 0x04, 0x27, 0xFC, 0x24, 0x00, 0x27, 0xFC, 0x24, 0x04, 0x00, 0x00, 0x00, 0x00 }, // U+9063 遣
    { 0x00, 0x00, 0x00, 0x00, 0x40, 0x1C, 0x27, 0xE4, 0x30, 0x44, 0x02, 0x48, 0x02, 0x00, 0xE3, 0xFE, 0x24, 0x40, 0x20, 0x40, 0x2F, 0xFE, 0x20, 0x40, 0x22, 0x44, 0x23, 0xFC, 0x00, 0x00, 0x00, 0x00 }, // U+9065 遥
    { 0x00, 0x00, 0x00, 0x00, 0x40, 0x90, 0x2F, 0xFE, 0x30, 0x90, 0x17, 0xFE, 0x04, 0x92, 0xE7, 0xFE, 0x24, 0x92, 0x27, 0xFE, 0x22, 0x04, 0x23, 0xFC, 0x22, 0x04, 0x23, 0xFC, 0x00, 0x00, 0x00, 0x00 }, // U+906D 遭
    { 0x00, 0x00, 0x20, 0x20, 0x20, 0x20, 0x37, 0xFF, 0x14, 0x00, 0x04, 0x00, 0x07, 0xFF, 0xE4, 0x8C, 0x24, 0x8C, 0x24, 0xFC, 0x24, 0x8C, 0x24, 0x00, 0x25, 0x54, 0x2B, 0x52, 0x00, 0x00, 0x00, 0x00 }, // U+906E 遮
    { 0x00, 0x00, 0x00, 0x00, 0x41, 0x10, 0x6F, 0xFE, 0x20, 0xA0, 0x27, 0xFC, 0x05, 0x24, 0x04, 0x1C, 0xE4, 0x04, 0x27, 0xFC, 0x24, 0x04, 0x27, 0xFC, 0x20, 0x08, 0x2F, 0xFE, 0x00, 0x00, 0x00, 0x00 }, // U+9075 遵
    { 0x00, 0x00, 0x00, 0x00, 0x00, 0x08, 0x47, 0x88, 0x24, 0xBE, 0x24, 0x80, 0x04, 0xA2, 0x07, 0x94, 0xE4, 0x3F, 0x2F, 0x88, 0x2E, 0x88, 0x3A, 0xFE, 0x32, 0x88, 0x23, 0x88, 0x00, 0x00, 0x00, 0x00 }, // U+907F 避
    { 0x00, 0x00, 0x00, 0x00, 0x41, 0x10, 0x67, 0xD0, 0x24, 0x5F, 0x27, 0xD4, 0x04, 0x64, 0xE7, 0xE4, 0x21, 0x14, 0x21, 0x1C, 0x2F, 0xCC, 0x24, 0x0C, 0x27, 0xDC, 0x24, 0xF6, 0x00, 0x00, 0x00, 0x00 }, // U+9080 邀
    { 0x00, 0x00, 0x00, 0x00, 0x1F, 0xF8, 0x10, 0x08, 0x10, 0x08, 0x1F, 0xF8, 0x00, 0x00, 0x3F, 0xFC, 0x21, 0x84, 0x21, 0x84, 0x21, 0x84, 0x3F, 0xFC, 0x20, 0x02, 0x20, 0x03, 0x00, 0x00, 0x00, 0x00 }, // U+9091 邑
    { 0x00, 0x00, 0x00, 0x00, 0x7E, 0x7E, 0x06, 0x42, 0x06, 0x46, 0x04, 0x44, 0x44, 0x4C, 0x64, 0x48, 0x3C, 0x44, 0x18, 0x42, 0x18, 0x42, 0x1C, 0x42, 0x26, 0x42, 0x62, 0x5E, 0x00, 0x00, 0x00, 0x00 }, // U+9093 邓
    { 0x00, 0x00, 0x00, 0x00, 0x7F, 0xBE, 0x32, 0x22, 0x32, 0x26, 0x32, 0x24, 0x32, 0x24, 0x32, 0x2C, 0x7F, 0xA4, 0x32, 0x22, 0x22, 0x22, 0x22, 0x22, 0x22, 0x22, 0x62, 0x3E, 0x00, 0x00, 0x00, 0x00 }, // U+90A2 邢
    { 0x00, 0x00, 0x00, 0x00, 0xFF, 0x3E, 0x11, 0x22, 0x11, 0x26, 0x7F, 0x24, 0x11, 0x2C, 0x11, 0x24, 0x11, 0x26, 0xFF, 0x22, 0x31, 0x23, 0x31, 0x23, 0x21, 0x22, 0x00, 0x00, 0x00, 0x00, 0x00, 0x00 }, // U+90A3 那
    { 0x00, 0x00, 0x00, 0x00, 0x08, 0x00, 0x08, 0x7E, 0x7F, 0x62, 0x08, 0x66, 0x08, 0x64, 0x7F, 0x6C, 0x08, 0x64, 0x08, 0x66, 0x08, 0x62, 0xFF, 0xE3, 0x18, 0x62, 0x10, 0x66, 0x00, 0x00, 0x00, 0x00 }, // U+90A6 邦
    { 0x00, 0x00, 0x00, 0x00, 0x7F, 0xBE, 0x02, 0x22, 0x22, 0x26, 0x62, 0x24, 0x42, 0x24, 0x42, 0x2C, 0x7F, 0xA6, 0x06, 0x22, 0x0E, 0x22, 0x1A, 0x23, 0x32, 0x22, 0x62, 0x3E, 0x00, 0x00, 0x00, 0x00 }, // U+90AA 邪
    { 0x00, 0x00, 0x00, 0x00, 0x08, 0x00, 0x08, 0x3E, 0x08, 0x22, 0x7F, 0x26, 0x49, 0x24, 0x49, 0x24, 0x49, 0x2C, 0x7F, 0x24, 0x49, 0x22, 0x49, 0x22, 0x49, 0x22, 0x49, 0x22, 0x00, 0x00, 0x00, 0x00 }, // U+90AE 邮
    { 0x00, 0x00, 0x00, 0x00, 0x21, 0x3E, 0x21, 0x22, 0x21, 0x26, 0xFF, 0xA4, 0x21, 0x24, 0x21, 0x2C, 0x21, 0x26, 0x3F, 0x22, 0x21, 0x22, 0x21, 0x23, 0x21, 0x22, 0x21, 0x3E, 0x00, 0x00, 0x00, 0x00 }, // U+90AF 邯
    { 0x00, 0x00, 0x00, 0x00, 0x03, 0xBE, 0x7E, 0x22, 0x60, 0x26, 0x60, 0x24, 0x60, 0x24, 0x7F, 0xAC, 0x66, 0x26, 0x66, 0x22, 0x66, 0x22, 0x66, 0x23, 0x66, 0x22, 0x7F, 0xBE, 0x00, 0x00, 0x00, 0x00 }, // U+90B1 邱
    { 0x00, 0x00, 0x00, 0x00, 0x7F, 0x3E, 0x11, 0x22, 0x11, 0x26, 0x11, 0x24, 0x21, 0x24, 0x21, 0x2C, 0x47, 0x24, 0x80, 0x22, 0x7F, 0x22, 0x41, 0x22, 0x41, 0x22, 0x41, 0x3E, 0x00, 0x00, 0x00, 0x00 }, // U+90B5 邵
    { 0x00, 0x00, 0x00, 0x00, 0x10, 0x3E, 0x30, 0x22, 0x3F, 0x22, 0x62, 0x24, 0x44, 0x24, 0x7F, 0x2C, 0x01, 0x26, 0x01, 0x22, 0x7F, 0x22, 0x01, 0x23, 0x01, 0x22, 0x01, 0x3E, 0x00, 0x00, 0x00, 0x00 }, // U+90B9 邹
    { 0x00, 0x00, 0x00, 0x00, 0x0C, 0x00, 0x0E, 0x3E, 0x13, 0x22, 0x31, 0xA6, 0x68, 0xA4, 0x44, 0x2C, 0x00, 0x2C, 0x7F, 0x26, 0x01, 0x22, 0x03, 0x23, 0x22, 0x22, 0x14, 0x3E, 0x00, 0x00, 0x00, 0x00 }, // U+90BB 邻
    { 0x00, 0x00, 0x00, 0x00, 0x08, 0x00, 0x18, 0x3E, 0xFF, 0xA2, 0x10, 0x26, 0x20, 0x24, 0x3F, 0x24, 0x61, 0x2C, 0x61, 0x24, 0xBF, 0x22, 0x21, 0x22, 0x21, 0x23, 0x3F, 0x22, 0x00, 0x00, 0x00, 0x00 }, // U+90C1 郁
    { 0x00, 0x00, 0x00, 0x00, 0x08, 0x3E, 0x04, 0x22, 0x7F, 0xA2, 0x00, 0x24, 0x32, 0x24, 0x61, 0xAC, 0x40, 0xA6, 0x22, 0x22, 0x16, 0x23, 0x0C, 0x23, 0x0E, 0x23, 0x13, 0x3E, 0x00, 0x00, 0x00, 0x00 }, // U+90CA 郊
    { 0x00, 0x00, 0x00, 0x00, 0x08, 0x00, 0x08, 0x3E, 0x7F, 0x22, 0x61, 0x26, 0x61, 0x24, 0x7F, 0x2C, 0x61, 0x2C, 0x61, 0x24, 0x7F, 0x22, 0x61, 0x22, 0x64, 0x22, 0x66, 0x22, 0x00, 0x00, 0x00, 0x00 }, // U+90CE 郎
    { 0x00, 0x00, 0x00, 0x00, 0x21, 0x00, 0x22, 0x3E, 0x16, 0x22, 0x7F, 0xA6, 0x08, 0x24, 0x08, 0x24, 0x08, 0x2C, 0xFF, 0xA6, 0x08, 0x22, 0x0C, 0x23, 0x1E, 0x23, 0x12, 0x26, 0x00, 0x00, 0x00, 0x00 }, // U+90D1 郑
    { 0x00, 0x00, 0x00, 0x00, 0x04, 0x3E, 0x04, 0x22, 0x7F, 0xA2, 0x04, 0x24, 0x04, 0x24, 0xFF, 0xAC, 0x12, 0x26, 0x53, 0x22, 0x52, 0xA3, 0x52, 0xA3, 0x92, 0x22, 0x22, 0x3E, 0x00, 0x00, 0x00, 0x00 }, // U+90DD 郝
    { 0x00, 0x00, 0x00, 0x00, 0x7F, 0x3E, 0x11, 0x22, 0x11, 0x26, 0xFF, 0xA4, 0x11, 0x24, 0x11, 0x2C, 0x7F, 0x24, 0x20, 0x22, 0x3F, 0x22, 0xE1, 0x22, 0xA1, 0x22, 0x21, 0x3E, 0x00, 0x00, 0x00, 0x00 }, // U+90E1 郡
    { 0x00, 0x00, 0x00, 0x00, 0x3F, 0x3E, 0x21, 0x22, 0x21, 0x22, 0x3F, 0x24, 0x00, 0x24, 0x7F, 0xAC, 0x41, 0xA4, 0x49, 0xA6, 0x49, 0xA2, 0x49, 0xA2, 0x4D, 0xA2, 0x1E, 0x22, 0x00, 0x00, 0x00, 0x00 }, // U+90E7 郧
    { 0x00, 0x00, 0x00, 0x00, 0x08, 0x00, 0x08, 0x3E, 0x7F, 0xA2, 0x21, 0x22, 0x32, 0x24, 0x12, 0x24, 0xFF, 0xAC, 0x00, 0x26, 0x00, 0x22, 0x7F, 0x23, 0x61, 0x23, 0x61, 0x22, 0x00, 0x00, 0x00, 0x00 }, // U+90E8 部
    { 0x00, 0x00, 0x00, 0x00, 0x08, 0x3E, 0x08, 0x22, 0xFF, 0xE2, 0x00, 0x24, 0x3F, 0x24, 0x21, 0x2C, 0x3F, 0x26, 0x00, 0x22, 0x7F, 0x23, 0x02, 0x23, 0x0C, 0xA2, 0xFF, 0xBE, 0x00, 0x00, 0x00, 0x00 }, // U+90ED 郭
    { 0x00, 0x00, 0x00, 0x00, 0x11, 0x1E, 0x11, 0x12, 0x11, 0x12, 0x7B, 0xD4, 0x31, 0x14, 0x39, 0x14, 0x3B, 0x96, 0x17, 0xD2, 0x57, 0x52, 0x55, 0x13, 0x95, 0x13, 0x11, 0x1E, 0x00, 0x00, 0x00, 0x00 }, // U+90F4 郴
    { 0x00, 0x00, 0x00, 0x00, 0x22, 0x3E, 0x12, 0x22, 0x7F, 0xA2, 0x48, 0xA4, 0x48, 0xA4, 0x7F, 0xAC, 0x48, 0xA6, 0x48, 0xA2, 0x7F, 0xA3, 0x48, 0xA3, 0x08, 0x22, 0xFF, 0xBE, 0x00, 0x00, 0x00, 0x00 }, // U+90F8 郸
    { 0x00, 0x00, 0x00, 0x00, 0x08, 0x00, 0x08, 0x3E, 0x7E, 0xA2, 0x09, 0x22, 0x0B, 0x24, 0xFF, 0xA4, 0x0C, 0x2C, 0x18, 0x26, 0x7F, 0x22, 0x61, 0x23, 0x3F, 0x23, 0x21, 0x22, 0x00, 0x00, 0x00, 0x00 }, // U+90FD 都
    { 0x00, 0x00, 0x00, 0x00, 0x73, 0xBE, 0x50, 0xA2, 0x50, 0xA2, 0x73, 0xA6, 0x00, 0x24, 0x7F, 0xA4, 0x00, 0x26, 0xFF, 0xE2, 0x20, 0x22, 0x3F, 0x23, 0x01, 0x22, 0x01, 0x3E, 0x00, 0x00, 0x00, 0x00 }, // U+9102 鄂
    { 0x00, 0x00, 0x00, 0x00, 0x7F, 0xBE, 0x60, 0xB2, 0x1F, 0x32, 0x04, 0x36, 0xFF, 0xF4, 0x04, 0x34, 0x7F, 0xB6, 0x40, 0xB2, 0x5E, 0xB3, 0x52, 0xB3, 0x5E, 0xB2, 0x40, 0xBE, 0x00, 0x00, 0x00, 0x00 }, // U+9119 鄙
    { 0x00, 0x00, 0x00, 0x00, 0xFF, 0xFF, 0x02, 0x40, 0x02, 0x40, 0x3F, 0xFC, 0x26, 0x44, 0x24, 0x44, 0x2C, 0x44, 0x38, 0x7C, 0x20, 0x04, 0x3F, 0xFC, 0x20, 0x04, 0x00, 0x00, 0x00, 0x00, 0x00, 0x00 }, // U+9149 酉
    { 0x00, 0x00, 0x00, 0x00, 0x00, 0x30, 0x04, 0x20, 0xFF, 0xFF, 0x02, 0x40, 0x02, 0x40, 0x3F, 0xFC, 0x26, 0x44, 0x24, 0x44, 0x28, 0x7C, 0x20, 0x04, 0x3F, 0xFC, 0x20, 0x04, 0x00, 0x00, 0x00, 0x00 }, // U+914B 酋
    { 0x00, 0x00, 0x00, 0x00, 0xFF, 0x20, 0x14, 0x20, 0x14, 0x7E, 0x7F, 0x42, 0x55, 0xC2, 0x55, 0x82, 0x55, 0x22, 0x65, 0x32, 0x67, 0x12, 0x41, 0x02, 0x7F, 0x02, 0x41, 0x02, 0x00, 0x00, 0x00, 0x00 }, // U+914C 酌
    { 0x00, 0x00, 0x00, 0x00, 0xFF, 0xFE, 0x14, 0x02, 0x14, 0x02, 0x7F, 0x02, 0x55, 0x02, 0x55, 0x3E, 0x55, 0x22, 0x57, 0x20, 0x61, 0x20, 0x41, 0x20, 0x7F, 0x23, 0x00, 0x00, 0x00, 0x00, 0x00, 0x00 }, // U+914D 配
    { 0x00, 0x00, 0x00, 0x00, 0x40, 0x00, 0x3F, 0xFF, 0x10, 0x90, 0x00, 0x90, 0x47, 0xFE, 0x64, 0x92, 0x24, 0x92, 0x05, 0x12, 0x27, 0x1E, 0x34, 0x02, 0x27, 0xFE, 0x24, 0x02, 0x00, 0x00, 0x00, 0x00 }, // U+9152 酒
    { 0x00, 0x00, 0x00, 0x00, 0xFE, 0x44, 0x18, 0x44, 0x18, 0x68, 0x7E, 0xAA, 0x5A, 0xBA, 0x5A, 0x92, 0x6A, 0x9A, 0x6A, 0xBA, 0x66, 0xAA, 0x42, 0xE6, 0x7E, 0xC6, 0x42, 0x82, 0x00, 0x00, 0x00, 0x00 }, // U+9157 酗
    { 0x00, 0x00, 0x00, 0x00, 0x7F, 0x28, 0x18, 0x28, 0x18, 0x6C, 0x7E, 0x44, 0x5A, 0xC4, 0x5A, 0x82, 0x4B, 0x80, 0x6E, 0x7C, 0x66, 0x24, 0x42, 0x24, 0x7E, 0x64, 0x42, 0x44, 0x00, 0x00, 0x00, 0x00 }, // U+915A 酚
    { 0x00, 0x00, 0x00, 0x00, 0x7F, 0x7E, 0x14, 0x00, 0x14, 0x00, 0x7F, 0x00, 0x55, 0x00, 0x55, 0xFF, 0x55, 0x10, 0x65, 0x30, 0x67, 0x20, 0x41, 0x24, 0x7F, 0x44, 0x41, 0x42, 0x00, 0x00, 0x00, 0x00 }, // U+915D 酝
    { 0x00, 0x00, 0x00, 0x00, 0x7F, 0x10, 0x14, 0x10, 0x14, 0x10, 0x7F, 0x10, 0x55, 0xFF, 0x55, 0x10, 0x55, 0x18, 0x65, 0x18, 0x67, 0x28, 0x41, 0x28, 0x7F, 0x24, 0x41, 0x64, 0x00, 0x00, 0x00, 0x00 }, // U+915E 酞
    { 0x00, 0x00, 0x00, 0x00, 0xFF, 0x46, 0x14, 0x46, 0x14, 0x46, 0x7F, 0xFF, 0x55, 0x46, 0x55, 0x46, 0x55, 0x46, 0x65, 0x7E, 0x67, 0x46, 0x41, 0x46, 0x7F, 0x46, 0x41, 0x46, 0x00, 0x00, 0x00, 0x00 }, // U+9163 酣
    { 0x00, 0x00, 0x00, 0x00, 0x00, 0x0E, 0x7F, 0xF8, 0x14, 0x10, 0x14, 0x10, 0x7F, 0xFF, 0x55, 0x18, 0x55, 0x38, 0x65, 0x34, 0x47, 0x54, 0x41, 0x52, 0x7F, 0x93, 0x41, 0x90, 0x00, 0x00, 0x00, 0x00 }, // U+9165 酥
    { 0x00, 0x00, 0x00, 0x00, 0xFF, 0x20, 0x18, 0x60, 0x18, 0x7E, 0x7E, 0xC4, 0x5A, 0xEC, 0x5A, 0x38, 0x6A, 0x3C, 0x6B, 0xC6, 0x66, 0x7C, 0x42, 0x44, 0x7E, 0x44, 0x42, 0x44, 0x00, 0x00, 0x00, 0x00 }, // U+916A 酪
    { 0x00, 0x00, 0x00, 0x00, 0xFE, 0x42, 0x08, 0x52, 0x08, 0x52, 0x7E, 0x52, 0x4A, 0xFA, 0x4B, 0xF6, 0x6B, 0x76, 0x6A, 0x52, 0x66, 0x52, 0x42, 0x92, 0x7E, 0x92, 0x42, 0x92, 0x00, 0x00, 0x00, 0x00 }, // U+916C 酬
    { 0x00, 0x00, 0x00, 0x00, 0x7E, 0xFE, 0x18, 0x82, 0x18, 0x82, 0x7E, 0xBE, 0x5A, 0x82, 0x4A, 0x82, 0x6A, 0xBA, 0x6A, 0xAA, 0x66, 0xAA, 0x42, 0xAA, 0x7E, 0xBA, 0x42, 0xA2, 0x00, 0x00, 0x00, 0x00 }, // U+916E 酮
    { 0x00, 0x00, 0x00, 0x00, 0x04, 0x40, 0x44, 0xFE, 0x35, 0x06, 0x3C, 0x4C, 0x64, 0x70, 0x01, 0x80, 0xFF, 0xFF, 0x02, 0x40, 0x3F, 0xFC, 0x24, 0x44, 0x28, 0x7C, 0x20, 0x04, 0x00, 0x00, 0x00, 0x00 }, // U+9171 酱
    { 0x00, 0x00, 0x00, 0x00, 0x7E, 0x20, 0x18, 0x22, 0x18, 0xFE, 0x7E, 0x24, 0x5B, 0xFF, 0x4A, 0x18, 0x6A, 0x10, 0x6A, 0xFC, 0x66, 0xC8, 0x42, 0x90, 0x7F, 0xFF, 0x42, 0x10, 0x00, 0x00, 0x00, 0x00 }, // U+9175 酵
    { 0x00, 0x00, 0x00, 0x00, 0xFE, 0x40, 0x18, 0x40, 0x18, 0xFE, 0x7E, 0x80, 0x5B, 0xFE, 0x5A, 0x52, 0x6A, 0xD2, 0x6B, 0xFF, 0x66, 0xA6, 0x42, 0x96, 0x7E, 0x94, 0x42, 0xFF, 0x00, 0x00, 0x00, 0x00 }, // U+9176 酶
    { 0x00, 0x00, 0x00, 0x00, 0xFF, 0x48, 0x14, 0x48, 0x14, 0x7E, 0x14, 0xC8, 0x7E, 0x88, 0x56, 0x08, 0x56, 0xFF, 0x46, 0x00, 0x66, 0x00, 0x42, 0x7E, 0x7E, 0x42, 0x42, 0x42, 0x00, 0x00, 0x00, 0x00 }, // U+9177 酷
    { 0x00, 0x00, 0x00, 0x00, 0x00, 0x10, 0xFF, 0x24, 0x18, 0x64, 0x18, 0xC6, 0x7E, 0xFE, 0x5A, 0x44, 0x5A, 0xC6, 0x6B, 0xA1, 0x66, 0x7E, 0x42, 0xC4, 0x7F, 0xA4, 0x42, 0x38, 0x00, 0x00, 0x00, 0x00 }, // U+9178 酸
    { 0x00, 0x00, 0x00, 0x00, 0xFF, 0x10, 0x18, 0x10, 0x18, 0xFE, 0x7E, 0xC2, 0x5A, 0xFE, 0x5A, 0xC2, 0x4A, 0xC2, 0x6E, 0xFE, 0x66, 0xD0, 0x42, 0xD2, 0x7E, 0xCC, 0x42, 0xCC, 0x00, 0x00, 0x00, 0x00 }, // U+917F 酿
    { 0x00, 0x00, 0x00, 0x00, 0xFF, 0x10, 0x10, 0x10, 0x10, 0xFF, 0x7E, 0x00, 0x52, 0x7E, 0x52, 0x42, 0x42, 0x7E, 0x62, 0x00, 0x66, 0xFE, 0x42, 0x0C, 0x7F, 0xFF, 0x42, 0x10, 0x00, 0x00, 0x00, 0x00 }, // U+9187 醇
    { 0x00, 0x00, 0x00, 0x00, 0x00, 0x10, 0xFF, 0x10, 0x18, 0xFE, 0x18, 0x44, 0x7E, 0x44, 0x5A, 0x6C, 0x5A, 0xEA, 0x6A, 0x88, 0x66, 0x80, 0x42, 0x10, 0x7F, 0xFF, 0x42, 0x10, 0x00, 0x00, 0x00, 0x00 }, // U+9189 醉
    { 0x00, 0x00, 0x00, 0x00, 0xFE, 0x44, 0x18, 0x44, 0x18, 0xFE, 0x7E, 0x44, 0x5A, 0x44, 0x5B, 0xFF, 0x6A, 0x00, 0x6A, 0xFE, 0x66, 0x82, 0x42, 0xFE, 0x7E, 0x82, 0x42, 0x82, 0x00, 0x00, 0x00, 0x00 }, // U+918B 醋
    { 0x00, 0x00, 0x00, 0x00, 0xFE, 0xFE, 0x18, 0x82, 0x18, 0xFE, 0x7E, 0x82, 0x5A, 0xFE, 0x4A, 0x02, 0x6A, 0x90, 0x66, 0xFE, 0x43, 0x90, 0x7E, 0xFE, 0x42, 0x10, 0x00, 0x00, 0x00, 0x00, 0x00, 0x00 }, // U+9192 醒
    { 0x00, 0x00, 0x00, 0x00, 0xFF, 0x08, 0x29, 0x0A, 0x28, 0xAA, 0x7C, 0xA8, 0x68, 0x08, 0x6B, 0xFF, 0x68, 0x98, 0x68, 0x9C, 0x4C, 0xBC, 0x40, 0xAA, 0x7C, 0xCA, 0x40, 0x88, 0x00, 0x00, 0x00, 0x00 }, // U+919A 醚
    { 0x00, 0x00, 0x00, 0x00, 0x7F, 0x44, 0x18, 0x44, 0x18, 0xFF, 0x7E, 0x44, 0x5A, 0x5C, 0x5A, 0x28, 0x6A, 0x24, 0x66, 0x42, 0x67, 0xFF, 0x42, 0x10, 0x7E, 0x7E, 0x42, 0x10, 0x00, 0x00, 0x00, 0x00 }, // U+919B 醛
    { 0x00, 0x00, 0x00, 0x00, 0x00, 0x3E, 0x7F, 0xF0, 0x01, 0x04, 0x21, 0x0C, 0x30, 0x88, 0x10, 0x90, 0x09, 0x90, 0x01, 0x80, 0xFF, 0xFF, 0x03, 0xC0, 0x05, 0xE0, 0x19, 0xB0, 0x00, 0x00, 0x00, 0x00 }, // U+91C7 采
    { 0x00, 0x00, 0x00, 0x00, 0x0C, 0x30, 0xF8, 0x30, 0x15, 0xFE, 0x55, 0x32, 0x51, 0x32, 0x51, 0x32, 0xFD, 0x32, 0x31, 0xFE, 0x39, 0x32, 0x55, 0x32, 0xD5, 0x32, 0x11, 0x32, 0x00, 0x00, 0x00, 0x00 }, // U+91C9 釉
    { 0x00, 0x00, 0x00, 0x00, 0x0C, 0x00, 0xF9, 0xFE, 0x10, 0x86, 0x54, 0x4C, 0x54, 0x38, 0x10, 0x7C, 0xFF, 0x86, 0x10, 0x30, 0x38, 0x30, 0x3D, 0xFE, 0x54, 0x30, 0xD3, 0xFF, 0x00, 0x00, 0x00, 0x00 }, // U+91CA 释
    { 0x00, 0x00, 0x00, 0x00, 0x3F, 0xFC, 0x21, 0x84, 0x21, 0x84, 0x3F, 0xFC, 0x21, 0x84, 0x21, 0x84, 0x3F, 0xFC, 0x21, 0x84, 0x01, 0x80, 0x7F, 0xFE, 0x01, 0x80, 0x00, 0x00, 0x00, 0x00, 0x00, 0x00 }, // U+91CC 里
    { 0x00, 0x00, 0x00, 0x00, 0x7F, 0xFC, 0x01, 0x80, 0xFF, 0xFF, 0x01, 0x80, 0x3F, 0xFC, 0x21, 0x84, 0x3F, 0xFC, 0x21, 0x84, 0x3F, 0xFC, 0x01, 0x80, 0x3F, 0xFC, 0x00, 0x00, 0x00, 0x00, 0x00, 0x00 }, // U+91CD 重
    { 0x00, 0x00, 0x00, 0x00, 0x7F, 0x7E, 0x49, 0x06, 0x7F, 0x24, 0x49, 0x38, 0x49, 0x18, 0x49, 0xFF, 0x7F, 0x13, 0x49, 0x12, 0x08, 0x12, 0x7F, 0x10, 0x08, 0x10, 0x00, 0x00, 0x00, 0x00, 0x00, 0x00 }, // U+91CE 野
    { 0x00, 0x00, 0x00, 0x00, 0x1F, 0xF8, 0x10, 0x08, 0x1F, 0xF8, 0x10, 0x08, 0x0F, 0xF0, 0x00, 0x00, 0xFF, 0xFF, 0x11, 0x88, 0x1F, 0xF8, 0x11, 0x88, 0x7F, 0xFE, 0x00, 0x00, 0x00, 0x00, 0x00, 0x00 }, // U+91CF 量
    { 0x00, 0x00, 0x00, 0x00, 0x01, 0x80, 0x03, 0xC0, 0x06, 0x60, 0x0C, 0x30, 0x10, 0x08, 0x7F, 0xFE, 0xC1, 0x82, 0x01, 0x80, 0x3F, 0xFC, 0x01, 0x80, 0x11, 0x88, 0x19, 0x98, 0x00, 0x00, 0x00, 0x00 }, // U+91D1 金
    { 0x00, 0x00, 0x00, 0x00, 0x06, 0x20, 0x1C, 0x3C, 0x66, 0x62, 0x03, 0xC0, 0x1E, 0x7C, 0xE0, 0x0E, 0x1F, 0xF8, 0x01, 0x80, 0x01, 0x80, 0x3F, 0xFC, 0x11, 0x88, 0x09, 0x90, 0x00, 0x00, 0x00, 0x00 }, // U+91DC 釜
    { 0x00, 0x00, 0x04, 0x40, 0x24, 0x40, 0x24, 0xFE, 0x24, 0x80, 0x24, 0x90, 0x25, 0x98, 0x06, 0x44, 0x0C, 0x30, 0x3F, 0xFC, 0x41, 0x82, 0x01, 0x80, 0x3F, 0xFC, 0x19, 0x98, 0x00, 0x00, 0x00, 0x00 }, // U+9274 鉴
    { 0x00, 0x00, 0x00, 0x00, 0x20, 0x10, 0x20, 0x10, 0x3E, 0x10, 0x60, 0x10, 0x40, 0x10, 0xFD, 0xFF, 0x10, 0x10, 0x10, 0x10, 0xFE, 0x10, 0x10, 0x10, 0x10, 0x10, 0x12, 0x10, 0x00, 0x00, 0x00, 0x00 }, // U+9488 针
    { 0x00, 0x00, 0x00, 0x00, 0x20, 0x00, 0x21, 0xFF, 0x3E, 0x08, 0x40, 0x08, 0x40, 0x08, 0xFE, 0x08, 0x10, 0x08, 0x10, 0x08, 0xFE, 0x08, 0x10, 0x08, 0x10, 0x08, 0x12, 0x08, 0x00, 0x00, 0x00, 0x00 }, // U+9489 钉
    { 0x00, 0x00, 0x00, 0x00, 0x20, 0x06, 0x21, 0xFE, 0x3E, 0x10, 0x40, 0x10, 0x40, 0x10, 0x7C, 0x10, 0x11, 0xFF, 0x10, 0x10, 0xFE, 0x10, 0x10, 0x10, 0x10, 0x10, 0x12, 0x10, 0x00, 0x00, 0x00, 0x00 }, // U+948E 钎
    { 0x00, 0x00, 0x00, 0x00, 0x21, 0xF8, 0x21, 0x08, 0x7D, 0x08, 0x41, 0x08, 0x81, 0x08, 0x7D, 0x48, 0x31, 0x68, 0x31, 0x28, 0xFD, 0x08, 0x31, 0x08, 0x33, 0x09, 0x3E, 0x09, 0x00, 0x00, 0x00, 0x00 }, // U+9492 钒
    { 0x00, 0x00, 0x00, 0x00, 0x20, 0xC0, 0x20, 0x80, 0x3C, 0xFE, 0x41, 0x02, 0xC1, 0x02, 0x7E, 0x02, 0x10, 0x82, 0x10, 0xC2, 0xFC, 0x62, 0x10, 0x22, 0x10, 0x02, 0x10, 0x02, 0x00, 0x00, 0x00, 0x00 }, // U+9493 钓
    { 0x00, 0x00, 0x00, 0x00, 0x23, 0xFF, 0x20, 0x30, 0x3D, 0x30, 0x41, 0x3E, 0x41, 0x30, 0x7D, 0x30, 0x31, 0x30, 0x31, 0xFE, 0xFC, 0x02, 0x30, 0x02, 0x30, 0x02, 0x34, 0x02, 0x00, 0x00, 0x00, 0x00 }, // U+9499 钙
    { 0x00, 0x00, 0x00, 0x00, 0x20, 0x20, 0x20, 0x20, 0x7F, 0xFF, 0x40, 0x20, 0xC1, 0x22, 0x7D, 0x22, 0x11, 0x22, 0x11, 0x22, 0x11, 0x22, 0x7D, 0xFE, 0x10, 0x20, 0x10, 0x20, 0x00, 0x00, 0x00, 0x00 }, // U+949D 钝
    { 0x00, 0x00, 0x00, 0x00, 0x20, 0x20, 0x20, 0x20, 0x7C, 0xA4, 0x41, 0xA4, 0xC1, 0x22, 0x7D, 0x22, 0x11, 0x22, 0x13, 0x26, 0xFC, 0x2C, 0x10, 0x18, 0x14, 0x30, 0x1C, 0x60, 0x00, 0x00, 0x00, 0x00 }, // U+949E 钞
    { 0x00, 0x00, 0x00, 0x00, 0x30, 0x20, 0x20, 0x20, 0x3C, 0x20, 0x41, 0xFE, 0x41, 0x22, 0xFD, 0x22, 0x31, 0x22, 0x31, 0x22, 0xFD, 0x22, 0x31, 0xFE, 0x31, 0x22, 0x30, 0x20, 0x00, 0x00, 0x00, 0x00 }, // U+949F 钟
    { 0x00, 0x00, 0x00, 0x00, 0x20, 0x20, 0x20, 0x20, 0x7F, 0xFE, 0x43, 0x22, 0xC3, 0x22, 0x7B, 0x22, 0x33, 0x22, 0x33, 0x72, 0xFF, 0x5A, 0x33, 0x8A, 0x33, 0x86, 0x33, 0x02, 0x00, 0x00, 0x00, 0x00 }, // U+94A0 钠
    { 0x00, 0x00, 0x00, 0x00, 0x23, 0xFE, 0x23, 0x02, 0x7F, 0x22, 0x43, 0x22, 0x03, 0x22, 0x3B, 0x22, 0x33, 0x22, 0x33, 0x22, 0xFF, 0x22, 0x33, 0x62, 0x30, 0x70, 0x38, 0xCC, 0x00, 0x00, 0x00, 0x00 }, // U+94A1 钡
    { 0x00, 0x00, 0x00, 0x00, 0x20, 0x00, 0x23, 0xFE, 0x7E, 0x02, 0x42, 0x8A, 0xC2, 0xCA, 0x7A, 0x5A, 0x32, 0x72, 0x22, 0x32, 0xFE, 0x32, 0x32, 0x5A, 0x22, 0xCA, 0x22, 0x8A, 0x00, 0x00, 0x00, 0x00 }, // U+94A2 钢
    { 0x00, 0x00, 0x00, 0x00, 0x20, 0x00, 0x21, 0xFE, 0x3D, 0x82, 0x41, 0x02, 0x41, 0x02, 0xFD, 0xFE, 0x11, 0x82, 0x11, 0x02, 0xFD, 0x02, 0x11, 0xFE, 0x11, 0x02, 0x11, 0x02, 0x00, 0x00, 0x00, 0x00 }, // U+94A5 钥
    { 0x00, 0x00, 0x00, 0x00, 0x20, 0x80, 0x20, 0x80, 0x7E, 0xFE, 0x41, 0x82, 0x01, 0x24, 0x7D, 0x24, 0x10, 0x20, 0x10, 0x20, 0x7C, 0x30, 0x10, 0x70, 0x10, 0x48, 0x10, 0x8C, 0x00, 0x00, 0x00, 0x00 }, // U+94A6 钦
    { 0x00, 0x00, 0x00, 0x00, 0x30, 0x80, 0x20, 0x80, 0x3D, 0xFE, 0x41, 0x02, 0x42, 0x02, 0x7E, 0x82, 0x30, 0x42, 0x30, 0x22, 0xFC, 0x0A, 0x30, 0x72, 0x31, 0xC2, 0x35, 0x02, 0x00, 0x00, 0x00, 0x00 }, // U+94A7 钧
    { 0x00, 0x00, 0x30, 0x60, 0x20, 0x40, 0x21, 0xFC, 0x7D, 0x04, 0x41, 0x04, 0x01, 0x0C, 0x7D, 0x38, 0x31, 0x00, 0x11, 0x00, 0xFD, 0xFE, 0x30, 0x02, 0x10, 0x02, 0x13, 0xFA, 0x00, 0x00, 0x00, 0x00 }, // U+94A8 钨
    { 0x00, 0x00, 0x00, 0x00, 0x30, 0x80, 0x20, 0x80, 0x3D, 0xFE, 0x41, 0x02, 0x42, 0x42, 0x7E, 0xC2, 0x30, 0x82, 0x31, 0xA2, 0xFD, 0x32, 0x33, 0x12, 0x33, 0xFA, 0x30, 0x0A, 0x00, 0x00, 0x00, 0x00 }, // U+94A9 钩
    { 0x00, 0x00, 0x00, 0x00, 0x20, 0x00, 0x23, 0xFE, 0x3C, 0xC6, 0x40, 0xC6, 0x40, 0xC6, 0x7C, 0xC6, 0x30, 0xC6, 0x33, 0xFE, 0xFC, 0xC4, 0x30, 0x84, 0x30, 0x84, 0x34, 0x84, 0x00, 0x00, 0x00, 0x00 }, // U+94AE 钮
    { 0x00, 0x00, 0x00, 0x00, 0x30, 0xD0, 0x20, 0xC8, 0x3C, 0xC0, 0x60, 0xFE, 0x43, 0xE0, 0x7C, 0x40, 0x30, 0xFE, 0x13, 0xE0, 0xFC, 0x44, 0x30, 0x4C, 0x10, 0x78, 0x14, 0x31, 0x00, 0x00, 0x00, 0x00 }, // U+94B1 钱
    { 0x00, 0x00, 0x00, 0x00, 0x21, 0x04, 0x21, 0x04, 0x3F, 0xFF, 0x41, 0x04, 0x41, 0x04, 0x79, 0x04, 0x31, 0x04, 0x31, 0xFC, 0xFD, 0x04, 0x31, 0x04, 0x31, 0x04, 0x31, 0x04, 0x00, 0x00, 0x00, 0x00 }, // U+94B3 钳
    { 0x00, 0x00, 0x00, 0x00, 0x20, 0x20, 0x20, 0x20, 0x3C, 0x20, 0x43, 0xFE, 0x40, 0x70, 0x7C, 0x70, 0x10, 0xA8, 0x11, 0xAC, 0x7D, 0x24, 0x12, 0x22, 0x11, 0xFD, 0x14, 0x20, 0x00, 0x00, 0x00, 0x00 }, // U+94B5 钵
    { 0x00, 0x00, 0x00, 0x00, 0x10, 0x20, 0x20, 0x20, 0x3E, 0x20, 0x40, 0x3F, 0x40, 0x20, 0x7C, 0x20, 0x10, 0x20, 0x10, 0x20, 0xFD, 0xFE, 0x11, 0x02, 0x11, 0x02, 0x11, 0x02, 0x00, 0x00, 0x00, 0x00 }, // U+94BB 钻
    { 0x00, 0x00, 0x00, 0x00, 0x23, 0xFE, 0x22, 0x22, 0x3E, 0x22, 0x42, 0x22, 0x43, 0xFE, 0x7A, 0x22, 0x32, 0x22, 0x32, 0x22, 0x7F, 0xFE, 0x32, 0x22, 0x30, 0x20, 0x34, 0x20, 0x00, 0x00, 0x00, 0x00 }, // U+94BE 钾
    { 0x00, 0x00, 0x00, 0x00, 0x20, 0x20, 0x20, 0x20, 0x3C, 0x20, 0x43, 0xFE, 0x42, 0x22, 0x7A, 0x22, 0x32, 0x22, 0x33, 0xFE, 0x7E, 0x22, 0x32, 0x22, 0x32, 0x22, 0x32, 0x22, 0x00, 0x00, 0x00, 0x00 }, // U+94C0 铀
    { 0x00, 0x00, 0x00, 0x00, 0x20, 0x30, 0x21, 0xB0, 0x3D, 0x30, 0x41, 0xFE, 0x43, 0x30, 0x7E, 0x30, 0x10, 0x30, 0x13, 0xFF, 0x7C, 0x30, 0x10, 0x30, 0x10, 0x68, 0x14, 0x48, 0x00, 0x00, 0x00, 0x00 }, // U+94C1 铁
    { 0x00, 0x00, 0x00, 0x00, 0x30, 0x20, 0x20, 0x20, 0x3D, 0xFE, 0x41, 0x02, 0x41, 0x02, 0x7D, 0x02, 0x11, 0x02, 0x11, 0xFE, 0x7D, 0x02, 0x11, 0x02, 0x11, 0x02, 0x11, 0x02, 0x00, 0x00, 0x00, 0x00 }, // U+94C2 铂
    { 0x00, 0x00, 0x00, 0x00, 0x20, 0x20, 0x20, 0x70, 0x7C, 0x50, 0x40, 0x88, 0xC1, 0xAC, 0x3B, 0x26, 0x32, 0x23, 0x30, 0x00, 0xFF, 0xFE, 0x30, 0x04, 0x30, 0x08, 0x30, 0x90, 0x00, 0x00, 0x00, 0x00 }, // U+94C3 铃
    { 0x00, 0x00, 0x00, 0x00, 0x20, 0x00, 0x20, 0xFC, 0x3C, 0x84, 0x40, 0x84, 0x40, 0x84, 0x7D, 0x84, 0x91, 0x07, 0x12, 0x00, 0xFD, 0xFE, 0x11, 0x06, 0x11, 0x02, 0x11, 0x02, 0x00, 0x00, 0x00, 0x00 }, // U+94C5 铅
    { 0x00, 0x00, 0x00, 0x00, 0x20, 0xC0, 0x23, 0x1E, 0x3A, 0x52, 0x42, 0x52, 0x42, 0x52, 0xFA, 0x52, 0x22, 0x52, 0x22, 0x52, 0xFA, 0x52, 0x23, 0xD2, 0x23, 0x92, 0x20, 0x9E, 0x00, 0x00, 0x00, 0x00 }, // U+94C6 铆
    { 0x00, 0x00, 0x00, 0x00, 0x23, 0xFE, 0x22, 0x02, 0x7E, 0x02, 0x42, 0xFE, 0x7A, 0x02, 0x32, 0x7A, 0x32, 0x4A, 0x7E, 0x4A, 0x32, 0x4A, 0x32, 0x7A, 0x3A, 0x42, 0x00, 0x00, 0x00, 0x00, 0x00, 0x00 }, // U+94DC 铜
    { 0x00, 0x00, 0x00, 0x00, 0x31, 0xFE, 0x21, 0x06, 0x7D, 0x06, 0x41, 0x06, 0x01, 0xFE, 0x79, 0x06, 0x30, 0x00, 0x31, 0xFE, 0xFD, 0x02, 0x31, 0x02, 0x31, 0x02, 0x35, 0x02, 0x00, 0x00, 0x00, 0x00 }, // U+94DD 铝
    { 0x00, 0x00, 0x00, 0x00, 0x27, 0xE2, 0x24, 0x6A, 0x7D, 0x2A, 0x45, 0x2A, 0x45, 0x2A, 0xFD, 0x2A, 0x25, 0x2A, 0x25, 0x2A, 0xFD, 0x2A, 0x25, 0x2A, 0x21, 0x8A, 0x2A, 0xC2, 0x00, 0x00, 0x00, 0x00 }, // U+94E1 铡
    { 0x00, 0x00, 0x00, 0x00, 0x20, 0x20, 0x20, 0xA0, 0x7D, 0x20, 0x41, 0xFE, 0x83, 0x20, 0x7A, 0x20, 0x30, 0x20, 0x33, 0xFF, 0xFC, 0xD8, 0x30, 0xD8, 0x30, 0x99, 0x34, 0x99, 0x00, 0x00, 0x00, 0x00 }, // U+94E3 铣
    { 0x00, 0x00, 0x00, 0x00, 0x30, 0xC0, 0x20, 0x80, 0x3C, 0xFE, 0x41, 0x84, 0x43, 0xCC, 0x7A, 0x78, 0x30, 0x70, 0x30, 0xDE, 0xFF, 0x02, 0x31, 0xFE, 0x31, 0x06, 0x31, 0x06, 0x00, 0x00, 0x00, 0x00 }, // U+94EC 铬
    { 0x00, 0x00, 0x00, 0x00, 0x20, 0x40, 0x20, 0x80, 0x39, 0xFE, 0x41, 0x06, 0x43, 0x8C, 0xFE, 0xD8, 0x20, 0x70, 0x20, 0x40, 0xF9, 0xFE, 0x27, 0x02, 0x21, 0x02, 0x39, 0x02, 0x00, 0x00, 0x00, 0x00 }, // U+94ED 铭
    { 0x00, 0x00, 0x00, 0x00, 0x20, 0x20, 0x20, 0x20, 0x7F, 0xFF, 0x40, 0x88, 0xC0, 0x8C, 0x39, 0x06, 0x33, 0x8A, 0x32, 0x88, 0xFC, 0xD8, 0x30, 0x70, 0x30, 0x70, 0x3C, 0xF8, 0x00, 0x00, 0x00, 0x00 }, // U+94F0 铰
    { 0x00, 0x00, 0x00, 0x00, 0x20, 0x40, 0x20, 0x20, 0x3C, 0x20, 0x43, 0xFF, 0x40, 0x60, 0xF8, 0x62, 0x20, 0xA6, 0x21, 0xAC, 0xFB, 0x98, 0x27, 0x90, 0x25, 0x88, 0x25, 0xAC, 0x00, 0x00, 0x00, 0x00 }, // U+94F1 铱
    { 0x00, 0x00, 0x00, 0x00, 0x20, 0x20, 0x20, 0x30, 0x3F, 0xFF, 0x40, 0x84, 0x40, 0x8C, 0xF8, 0x48, 0x31, 0xFF, 0x31, 0x00, 0xFD, 0x00, 0x31, 0x00, 0x37, 0x00, 0x3A, 0x00, 0x00, 0x00, 0x00, 0x00 }, // U+94F2 铲
    { 0x00, 0x00, 0x20, 0x00, 0x21, 0xFC, 0x3D, 0x04, 0x41, 0x04, 0x41, 0xFC, 0xF9, 0x04, 0x31, 0x04, 0x31, 0x04, 0x31, 0xFC, 0xFD, 0x42, 0x31, 0x24, 0x31, 0x28, 0x35, 0x10, 0x00, 0x00, 0x00, 0x00 }, // U+94F6 银
    { 0x00, 0x00, 0x00, 0x00, 0x20, 0x40, 0x20, 0x40, 0x63, 0xFE, 0x7C, 0x40, 0x43, 0xFE, 0x78, 0x40, 0x23, 0xFF, 0x20, 0x80, 0x20, 0x8C, 0xF9, 0xFF, 0x21, 0x4C, 0x2A, 0x4C, 0x00, 0x00, 0x00, 0x00 }, // U+94F8 铸
    { 0x00, 0x00, 0x00, 0x00, 0x20, 0x28, 0x20, 0x24, 0x7F, 0xFF, 0x40, 0x20, 0xC0, 0x20, 0xFB, 0xFE, 0x22, 0x22, 0x22, 0x22, 0xFB, 0xFE, 0x22, 0x22, 0x23, 0xFE, 0x22, 0x22, 0x00, 0x00, 0x00, 0x00 }, // U+94FA 铺
    { 0x00, 0x00, 0x00, 0x00, 0x22, 0x10, 0x22, 0x10, 0x7B, 0x7E, 0x41, 0x20, 0x40, 0x28, 0x3F, 0x48, 0x21, 0x7E, 0x21, 0x08, 0xF9, 0x08, 0x21, 0xFF, 0x21, 0x08, 0x3B, 0x08, 0x00, 0x00, 0x00, 0x00 }, // U+94FE 链
    { 0x00, 0x00, 0x00, 0x00, 0x20, 0x20, 0x23, 0x22, 0x3D, 0x26, 0x40, 0x28, 0x43, 0xFE, 0x7B, 0x02, 0x32, 0x02, 0x33, 0xFE, 0xFF, 0x02, 0x32, 0x02, 0x33, 0xFE, 0x33, 0x02, 0x00, 0x00, 0x00, 0x00 }, // U+9500 销
    { 0x00, 0x00, 0x00, 0x00, 0x22, 0x22, 0x23, 0x26, 0x7D, 0x24, 0x40, 0x20, 0x83, 0xFE, 0x7B, 0x02, 0x32, 0x22, 0x32, 0x22, 0xFE, 0x22, 0x32, 0x22, 0x32, 0x22, 0x30, 0x70, 0x00, 0x00, 0x00, 0x00 }, // U+9501 锁
    { 0x00, 0x00, 0x00, 0x00, 0x20, 0x10, 0x27, 0xD0, 0x7C, 0x50, 0x44, 0x7E, 0x47, 0xD2, 0x7C, 0x52, 0x24, 0x52, 0x24, 0x52, 0xFF, 0xD2, 0x24, 0x52, 0x24, 0x72, 0x2F, 0xE2, 0x00, 0x00, 0x00, 0x00 }, // U+9504 锄
    { 0x00, 0x00, 0x00, 0x00, 0x21, 0xFC, 0x21, 0x04, 0x7D, 0x04, 0x41, 0x04, 0x41, 0xFC, 0x79, 0x24, 0x20, 0x20, 0x23, 0xFE, 0xFA, 0x22, 0x22, 0x72, 0x22, 0xDA, 0x2B, 0x8E, 0x00, 0x00, 0x00, 0x00 }, // U+9505 锅
    { 0x00, 0x00, 0x00, 0x00, 0x20, 0x1E, 0x21, 0xFC, 0x78, 0x20, 0x40, 0x20, 0xC3, 0xFE, 0xF8, 0x78, 0x21, 0xA4, 0x22, 0x23, 0xFD, 0xF8, 0x20, 0x88, 0x20, 0x8E, 0x29, 0x82, 0x00, 0x00, 0x00, 0x00 }, // U+9508 锈
    { 0x00, 0x00, 0x00, 0x00, 0x20, 0x80, 0x21, 0xFC, 0x7D, 0x8C, 0x42, 0xD8, 0xC2, 0x70, 0x78, 0xF8, 0x23, 0x8E, 0x22, 0x20, 0xFB, 0xFE, 0x20, 0x20, 0x23, 0xFC, 0x28, 0x20, 0x00, 0x00, 0x00, 0x00 }, // U+950B 锋
    { 0x00, 0x00, 0x00, 0x00, 0x30, 0x20, 0x20, 0x20, 0x3D, 0xFE, 0x40, 0x00, 0x40, 0x84, 0x78, 0x8C, 0x30, 0x48, 0x33, 0xFF, 0xFC, 0x20, 0x30, 0x20, 0x33, 0xFE, 0x30, 0x20, 0x00, 0x00, 0x00, 0x00 }, // U+950C 锌
    { 0x00, 0x00, 0x00, 0x00, 0x21, 0x08, 0x21, 0x88, 0x7C, 0x90, 0x43, 0xFC, 0x42, 0x04, 0x7A, 0x04, 0x32, 0x04, 0x32, 0x04, 0xFF, 0xFC, 0x32, 0x94, 0x30, 0x90, 0x30, 0x91, 0x00, 0x00, 0x00, 0x00 }, // U+9510 锐
    { 0x00, 0x00, 0x00, 0x00, 0x20, 0x88, 0x20, 0x98, 0x7F, 0xFE, 0x40, 0x22, 0x40, 0x22, 0xFB, 0xFE, 0x22, 0x22, 0x22, 0x20, 0xFB, 0xFE, 0x20, 0x62, 0x20, 0xE2, 0x29, 0xA2, 0x00, 0x00, 0x00, 0x00 }, // U+9511 锑
    { 0x00, 0x00, 0x00, 0x00, 0x20, 0x40, 0x20, 0x42, 0x7D, 0xFE, 0x40, 0x4C, 0x80, 0x48, 0x7B, 0xFF, 0x30, 0x60, 0x20, 0xFE, 0xFB, 0x06, 0x37, 0xFE, 0x21, 0x06, 0x35, 0x06, 0x00, 0x00, 0x00, 0x00 }, // U+9517 锗
    { 0x00, 0x00, 0x00, 0x00, 0x20, 0x88, 0x20, 0x88, 0x7B, 0xFE, 0x40, 0x88, 0xC0, 0x88, 0x7B, 0xFF, 0x20, 0x00, 0x21, 0xFE, 0xF9, 0x06, 0x21, 0x06, 0x21, 0xFE, 0x21, 0x06, 0x00, 0x00, 0x00, 0x00 }, // U+9519 错
    { 0x00, 0x00, 0x00, 0x00, 0x20, 0x88, 0x20, 0x88, 0x7F, 0xFF, 0x40, 0x88, 0x80, 0x88, 0x78, 0x00, 0x23, 0xFE, 0x22, 0x22, 0xFA, 0x22, 0x23, 0xFE, 0x22, 0x22, 0x22, 0x22, 0x00, 0x00, 0x00, 0x00 }, // U+951A 锚
    { 0x00, 0x00, 0x20, 0x00, 0x21, 0xFC, 0x21, 0x04, 0x7D, 0xFC, 0x41, 0x04, 0x41, 0x04, 0xF9, 0xFC, 0x21, 0x04, 0x21, 0x00, 0xFB, 0xFE, 0x26, 0x52, 0x24, 0x92, 0x21, 0xB2, 0x00, 0x00, 0x00, 0x00 }, // U+9521 锡
    { 0x00, 0x00, 0x00, 0x00, 0x23, 0xFE, 0x22, 0x52, 0x7E, 0x52, 0x42, 0x52, 0x43, 0xFE, 0xF8, 0xC0, 0x20, 0xFE, 0x21, 0x06, 0xFE, 0x04, 0x24, 0x88, 0x20, 0x70, 0x28, 0x60, 0x00, 0x00, 0x00, 0x00 }, // U+9523 锣
    { 0x00, 0x00, 0x00, 0x00, 0x20, 0x00, 0x23, 0xFE, 0x78, 0x20, 0x40, 0x20, 0x87, 0xFE, 0xFB, 0x24, 0x21, 0x24, 0x27, 0xFF, 0xFB, 0x24, 0x21, 0x24, 0x27, 0xFE, 0x20, 0x20, 0x00, 0x00, 0x00, 0x00 }, // U+9524 锤
    { 0x00, 0x00, 0x00, 0x00, 0x20, 0x90, 0x21, 0x90, 0x7D, 0x10, 0x43, 0xFE, 0x43, 0x10, 0xFF, 0x10, 0x27, 0xFE, 0x23, 0x10, 0xFB, 0x10, 0x23, 0xFE, 0x23, 0x10, 0x23, 0x10, 0x00, 0x00, 0x00, 0x00 }, // U+9525 锥
    { 0x00, 0x00, 0x00, 0x00, 0x20, 0x40, 0x23, 0xFE, 0x7E, 0x06, 0x42, 0x06, 0xC3, 0xFE, 0x7A, 0x06, 0x23, 0xFE, 0x20, 0x20, 0x7C, 0x20, 0x23, 0xFE, 0x22, 0x22, 0x22, 0x22, 0x00, 0x00, 0x00, 0x00 }, // U+9526 锦
    { 0x00, 0x00, 0x00, 0x00, 0x20, 0xD0, 0x23, 0x90, 0x7A, 0x3F, 0x42, 0x22, 0x42, 0x22, 0x7B, 0xCA, 0x22, 0x88, 0x22, 0x88, 0xFE, 0x98, 0x24, 0x98, 0x24, 0x94, 0x2C, 0xB4, 0x00, 0x00, 0x00, 0x00 }, // U+9528 锨
    { 0x00, 0x00, 0x00, 0x00, 0x20, 0x20, 0x20, 0x20, 0x7F, 0xFE, 0x43, 0x02, 0x43, 0x02, 0xF8, 0x00, 0x33, 0xFF, 0x20, 0x30, 0xFD, 0x20, 0x31, 0x3E, 0x23, 0x30, 0x23, 0x20, 0x00, 0x00, 0x00, 0x00 }, // U+952D 锭
    { 0x00, 0x00, 0x00, 0x00, 0x20, 0x10, 0x20, 0x10, 0x67, 0x7E, 0x79, 0x12, 0xC2, 0xFF, 0xF4, 0x12, 0x27, 0x7E, 0x21, 0x12, 0xF9, 0xFE, 0x25, 0x10, 0x26, 0xFE, 0x22, 0x10, 0x00, 0x00, 0x00, 0x00 }, // U+952E 键
    { 0x00, 0x00, 0x00, 0x00, 0x23, 0xFE, 0x22, 0x02, 0x7A, 0x02, 0x43, 0xFE, 0xC2, 0x12, 0x7A, 0x10, 0x23, 0xFF, 0x22, 0x30, 0x7A, 0x10, 0x22, 0xFE, 0x22, 0x82, 0x2E, 0x82, 0x00, 0x00, 0x00, 0x00 }, // U+952F 锯
    { 0x00, 0x00, 0x00, 0x00, 0x21, 0xFC, 0x20, 0x1C, 0x78, 0x30, 0x43, 0xFF, 0xC0, 0x30, 0xF8, 0x20, 0x20, 0xE0, 0x20, 0x00, 0xFB, 0xFE, 0x22, 0x52, 0x22, 0x52, 0x2A, 0x52, 0x00, 0x00, 0x00, 0x00 }, // U+9530 锰
    { 0x00, 0x00, 0x00, 0x00, 0x21, 0x88, 0x27, 0x08, 0x79, 0x08, 0x41, 0x2A, 0xC7, 0xEA, 0x7B, 0x2A, 0x23, 0x3E, 0x23, 0x88, 0x7D, 0x5C, 0x25, 0x14, 0x29, 0x14, 0x21, 0x34, 0x00, 0x00, 0x00, 0x00 }, // U+9539 锹
    { 0x00, 0x00, 0x00, 0x00, 0x20, 0x80, 0x23, 0x3C, 0x7E, 0x24, 0x42, 0x24, 0x43, 0xA4, 0x7A, 0x67, 0x22, 0x40, 0x23, 0xFE, 0xFA, 0x26, 0x27, 0xA4, 0x2E, 0x1C, 0x2A, 0x18, 0x00, 0x00, 0x00, 0x00 }, // U+953B 锻
    { 0x00, 0x00, 0x00, 0x00, 0x20, 0x20, 0x20, 0x20, 0x3B, 0xFF, 0x42, 0x44, 0x43, 0xFE, 0xFA, 0x44, 0x22, 0x7C, 0x22, 0x00, 0xFA, 0xFC, 0x22, 0x44, 0x26, 0x68, 0x3C, 0x38, 0x00, 0x00, 0x00, 0x00 }, // U+9540 镀
    { 0x00, 0x00, 0x00, 0x00, 0x20, 0x84, 0x20, 0x88, 0x7F, 0xFE, 0x40, 0x20, 0xC3, 0xFE, 0x78, 0x20, 0x23, 0xFE, 0x20, 0x20, 0xF8, 0x20, 0x23, 0xFE, 0x20, 0x70, 0x38, 0xD0, 0x00, 0x00, 0x00, 0x00 }, // U+9541 镁
    { 0x00, 0x00, 0x00, 0x00, 0x20, 0x20, 0x23, 0xFE, 0x38, 0x20, 0x41, 0xFC, 0x41, 0x04, 0x79, 0xFC, 0x31, 0x04, 0x21, 0xFC, 0xFD, 0x04, 0x31, 0xFC, 0x21, 0x04, 0x27, 0xFF, 0x00, 0x00, 0x00, 0x00 }, // U+9547 镇
    { 0x00, 0x00, 0x00, 0x00, 0x27, 0xFE, 0x21, 0x04, 0x79, 0xFC, 0x41, 0x04, 0xC1, 0xFC, 0x79, 0x04, 0x27, 0xFE, 0x20, 0x04, 0xFF, 0xFE, 0x24, 0xA2, 0x23, 0x94, 0x3B, 0x9C, 0x00, 0x00, 0x00, 0x00 }, // U+954A 镊
    { 0x00, 0x00, 0x00, 0x00, 0x20, 0x40, 0x23, 0xFC, 0x7A, 0x04, 0x43, 0xFC, 0x42, 0x04, 0x7B, 0xFC, 0x22, 0x04, 0x23, 0xFC, 0xFA, 0x04, 0x20, 0x20, 0x20, 0x20, 0x27, 0xFE, 0x00, 0x00, 0x00, 0x00 }, // U+954D 镍
    { 0x00, 0x00, 0x00, 0x00, 0x20, 0x20, 0x23, 0xFF, 0x78, 0x00, 0x41, 0xFC, 0x81, 0x04, 0x79, 0xFC, 0x20, 0x00, 0x23, 0xFE, 0xFE, 0x02, 0x22, 0xFA, 0x22, 0x8A, 0x2A, 0xFA, 0x00, 0x00, 0x00, 0x00 }, // U+9550 镐
    { 0x00, 0x00, 0x20, 0x40, 0x20, 0x20, 0x23, 0xFE, 0x78, 0x88, 0x40, 0x98, 0xC3, 0xFE, 0xFA, 0x22, 0x20, 0x20, 0x23, 0xFF, 0xF8, 0x80, 0x20, 0x80, 0x20, 0xFC, 0x21, 0x84, 0x00, 0x00, 0x00, 0x00 }, // U+9551 镑
    { 0x00, 0x00, 0x00, 0x00, 0x20, 0x20, 0x23, 0xFE, 0x79, 0x08, 0x40, 0x98, 0x7F, 0xFE, 0x20, 0x00, 0x23, 0xFC, 0xFA, 0x04, 0x23, 0xFC, 0x22, 0x04, 0x23, 0xFC, 0x22, 0x94, 0x00, 0x00, 0x00, 0x00 }, // U+955C 镜
    { 0x00, 0x00, 0x00, 0x00, 0x20, 0x20, 0x20, 0x60, 0x7F, 0xFE, 0x42, 0x52, 0x41, 0x9C, 0x79, 0x8C, 0x27, 0xFE, 0x22, 0x04, 0xFB, 0xFC, 0x22, 0x04, 0x23, 0xFC, 0x29, 0x28, 0x00, 0x00, 0x00, 0x00 }, // U+9563 镣
    { 0x00, 0x00, 0x00, 0x00, 0x23, 0xFE, 0x20, 0x20, 0x7F, 0xFE, 0x42, 0x22, 0x83, 0xAE, 0x78, 0x20, 0x21, 0x8C, 0x20, 0x00, 0xFB, 0xFE, 0x22, 0x22, 0x2B, 0xFE, 0x3A, 0x22, 0x00, 0x00, 0x00, 0x00 }, // U+956D 镭
    { 0x00, 0x00, 0x20, 0x20, 0x60, 0x20, 0x47, 0xFE, 0x7C, 0x88, 0xC7, 0xFE, 0x84, 0x50, 0x7D, 0xFE, 0x24, 0x52, 0x27, 0xFF, 0xFC, 0x52, 0x25, 0xFE, 0x24, 0xDA, 0x2D, 0xD0, 0x00, 0x00, 0x00, 0x00 }, // U+9570 镰
    { 0x00, 0x00, 0x00, 0x00, 0x20, 0x20, 0x27, 0xFE, 0x7A, 0x52, 0x43, 0xDE, 0xF8, 0x88, 0x23, 0xFE, 0x20, 0x88, 0xFB, 0xFE, 0x20, 0x88, 0x27, 0xFF, 0x28, 0xA2, 0x3B, 0x1C, 0x00, 0x00, 0x00, 0x00 }, // U+9576 镶
    { 0x00, 0x00, 0x00, 0x00, 0x10, 0x08, 0x10, 0x18, 0x10, 0x60, 0x11, 0x80, 0x12, 0x00, 0xFF, 0xFE, 0x19, 0x80, 0x10, 0x80, 0x10, 0x40, 0x10, 0x60, 0x11, 0x38, 0x00, 0x00, 0x00, 0x00, 0x00, 0x00 }, // U+957F 长
    { 0x00, 0x00, 0x00, 0x00, 0x10, 0x00, 0x1B, 0xFE, 0x08, 0x06, 0x60, 0x06, 0x60, 0x06, 0x60, 0x06, 0x60, 0x06, 0x60, 0x06, 0x60, 0x06, 0x60, 0x06, 0x60, 0x06, 0x60, 0x06, 0x00, 0x00, 0x00, 0x00 }, // U+95E8 门
    { 0x00, 0x00, 0x00, 0x00, 0x20, 0x00, 0x13, 0xFE, 0x10, 0x02, 0x41, 0x82, 0x41, 0x82, 0x41, 0x82, 0x41, 0x82, 0x41, 0xC2, 0x43, 0x42, 0x46, 0x22, 0x4C, 0x12, 0x48, 0x12, 0x00, 0x00, 0x00, 0x00 }, // U+95EA 闪
    { 0x00, 0x00, 0x00, 0x00, 0x20, 0x00, 0x13, 0xFE, 0x08, 0x02, 0x40, 0x42, 0x40, 0x42, 0x4F, 0xFA, 0x40, 0xC2, 0x40, 0xC2, 0x41, 0x42, 0x42, 0x42, 0x44, 0x42, 0x48, 0x42, 0x00, 0x00, 0x00, 0x00 }, // U+95ED 闭
    { 0x00, 0x00, 0x00, 0x00, 0x20, 0x00, 0x13, 0xFE, 0x08, 0x02, 0x40, 0x02, 0x40, 0x02, 0x47, 0xE2, 0x44, 0x22, 0x44, 0x22, 0x44, 0x22, 0x47, 0xE2, 0x44, 0x02, 0x40, 0x02, 0x00, 0x00, 0x00, 0x00 }, // U+95EE 问
    { 0x00, 0x00, 0x00, 0x00, 0x23, 0xFE, 0x18, 0x02, 0x00, 0x02, 0x4F, 0xE2, 0x40, 0x22, 0x44, 0x22, 0x44, 0x62, 0x4C, 0x62, 0x4F, 0xF2, 0x40, 0x12, 0x5F, 0xD2, 0x40, 0x12, 0x00, 0x00, 0x00, 0x00 }, // U+95EF 闯
    { 0x00, 0x00, 0x00, 0x00, 0x23, 0xFE, 0x10, 0x02, 0x10, 0x02, 0x4F, 0xF2, 0x41, 0x82, 0x41, 0x82, 0x4F, 0xF2, 0x41, 0x82, 0x41, 0x82, 0x41, 0x82, 0x5F, 0xFA, 0x40, 0x02, 0x00, 0x00, 0x00, 0x00 }, // U+95F0 闰
    { 0x00, 0x00, 0x00, 0x00, 0x20, 0x00, 0x13, 0xFE, 0x10, 0x02, 0x41, 0x82, 0x41, 0x82, 0x4F, 0xFA, 0x41, 0x82, 0x43, 0x82, 0x43, 0xC2, 0x45, 0xE2, 0x4D, 0xB2, 0x49, 0x92, 0x00, 0x00, 0x00, 0x00 }, // U+95F2 闲
    { 0x00, 0x00, 0x00, 0x00, 0x20, 0x00, 0x13, 0xFE, 0x10, 0x02, 0x40, 0x02, 0x47, 0xE2, 0x44, 0x22, 0x44, 0x22, 0x47, 0xE2, 0x44, 0x22, 0x44, 0x22, 0x44, 0x22, 0x47, 0xE2, 0x00, 0x00, 0x00, 0x00 }, // U+95F4 间
    { 0x00, 0x00, 0x00, 0x00, 0x33, 0xFE, 0x18, 0x06, 0x01, 0x06, 0x61, 0x86, 0x60, 0x86, 0x60, 0x06, 0x6A, 0x16, 0x6A, 0x16, 0x7A, 0x1E, 0x72, 0x2E, 0x72, 0x26, 0x62, 0x66, 0x00, 0x00, 0x00, 0x00 }, // U+95F7 闷
    { 0x00, 0x00, 0x00, 0x00, 0x20, 0x00, 0x13, 0xFE, 0x10, 0x02, 0x40, 0x02, 0x4F, 0xF2, 0x49, 0x92, 0x49, 0x92, 0x4F, 0xF2, 0x49, 0x92, 0x49, 0x92, 0x4F, 0xF2, 0x49, 0x92, 0x00, 0x00, 0x00, 0x00 }, // U+95F8 闸
    { 0x00, 0x00, 0x00, 0x00, 0x23, 0xFE, 0x30, 0x02, 0x10, 0x02, 0x41, 0x02, 0x5F, 0xFA, 0x41, 0x82, 0x4F, 0xF2, 0x49, 0x92, 0x49, 0x92, 0x49, 0x92, 0x49, 0x92, 0x49, 0xF2, 0x00, 0x00, 0x00, 0x00 }, // U+95F9 闹
    { 0x00, 0x00, 0x00, 0x00, 0x23, 0xFE, 0x10, 0x02, 0x10, 0x02, 0x4F, 0xF2, 0x41, 0x82, 0x41, 0x82, 0x5F, 0xFA, 0x41, 0x82, 0x4F, 0xF2, 0x41, 0x82, 0x41, 0x82, 0x5F, 0xFA, 0x00, 0x00, 0x00, 0x00 }, // U+95FA 闺
    { 0x00, 0x00, 0x00, 0x00, 0x20, 0x00, 0x13, 0xFE, 0x10, 0x02, 0x40, 0x02, 0x4F, 0xF2, 0x44, 0x22, 0x47, 0xE2, 0x44, 0x22, 0x47, 0xE2, 0x44, 0x22, 0x44, 0xFA, 0x5F, 0x22, 0x00, 0x00, 0x00, 0x00 }, // U+95FB 闻
    { 0x00, 0x00, 0x00, 0x00, 0x23, 0xFE, 0x10, 0x02, 0x11, 0x82, 0x41, 0x82, 0x4F, 0xF2, 0x49, 0x92, 0x49, 0x92, 0x4F, 0xF2, 0x49, 0x82, 0x41, 0xA2, 0x41, 0xB2, 0x5F, 0xF2, 0x00, 0x00, 0x00, 0x00 }, // U+95FD 闽
    { 0x00, 0x00, 0x00, 0x00, 0x20, 0x00, 0x13, 0xFE, 0x10, 0x02, 0x44, 0xA2, 0x44, 0x92, 0x48, 0xFA, 0x5B, 0xC2, 0x68, 0x92, 0x48, 0xF2, 0x48, 0xEA, 0x49, 0xFA, 0x4A, 0x32, 0x00, 0x00, 0x00, 0x00 }, // U+9600 阀
    { 0x00, 0x00, 0x00, 0x00, 0x23, 0xFE, 0x10, 0x02, 0x12, 0x02, 0x47, 0xF2, 0x4E, 0x22, 0x53, 0xC2, 0x47, 0xE2, 0x5C, 0x1A, 0x4F, 0xF2, 0x4C, 0x32, 0x4C, 0x32, 0x4F, 0xF2, 0x00, 0x00, 0x00, 0x00 }, // U+9601 阁
    { 0x00, 0x00, 0x00, 0x00, 0x23, 0xFE, 0x10, 0x02, 0x11, 0x02, 0x41, 0x82, 0x5F, 0xFA, 0x42, 0x22, 0x44, 0x62, 0x4F, 0xC2, 0x41, 0x92, 0x43, 0x32, 0x4C, 0x62, 0x59, 0xC2, 0x00, 0x00, 0x00, 0x00 }, // U+9602 阂
    { 0x00, 0x00, 0x00, 0x00, 0x20, 0x00, 0x33, 0xFE, 0x10, 0x02, 0x00, 0x02, 0x46, 0x62, 0x4F, 0xF2, 0x48, 0x12, 0x48, 0x12, 0x4F, 0xF2, 0x4A, 0x42, 0x42, 0x4A, 0x46, 0x4A, 0x00, 0x00, 0x00, 0x00 }, // U+9605 阅
    { 0x00, 0x00, 0x00, 0x00, 0x33, 0xFE, 0x18, 0x02, 0x41, 0x02, 0x5F, 0xFA, 0x46, 0x42, 0x4D, 0x22, 0x5F, 0xFA, 0x69, 0x16, 0x4F, 0xF2, 0x49, 0x12, 0x4F, 0xFA, 0x41, 0x8A, 0x00, 0x00, 0x00, 0x00 }, // U+9609 阉
    { 0x00, 0x00, 0x00, 0x00, 0x23, 0xFE, 0x10, 0x02, 0x10, 0x02, 0x47, 0xE2, 0x58, 0x62, 0x43, 0x42, 0x4C, 0xF2, 0x48, 0x12, 0x4F, 0xF2, 0x48, 0x12, 0x48, 0x12, 0x4F, 0xF2, 0x00, 0x00, 0x00, 0x00 }, // U+960E 阎
    { 0x00, 0x00, 0x00, 0x00, 0x23, 0xFE, 0x10, 0x02, 0x04, 0x22, 0x42, 0x42, 0x4F, 0xF2, 0x49, 0x92, 0x49, 0x92, 0x4F, 0xF2, 0x49, 0x92, 0x4F, 0xF2, 0x41, 0x82, 0x5F, 0xFA, 0x00, 0x00, 0x00, 0x00 }, // U+9610 阐
    { 0x00, 0x00, 0x00, 0x00, 0x23, 0xFE, 0x10, 0x02, 0x11, 0x82, 0x5F, 0xFA, 0x41, 0x82, 0x4F, 0xF2, 0x49, 0x92, 0x49, 0xB2, 0x4B, 0xD2, 0x47, 0xE2, 0x43, 0x82, 0x43, 0xC2, 0x00, 0x00, 0x00, 0x00 }, // U+9611 阑
    { 0x00, 0x00, 0x00, 0x00, 0x33, 0xFE, 0x10, 0x02, 0x00, 0x12, 0x4B, 0xF2, 0x4C, 0x42, 0x70, 0x42, 0x5B, 0xFA, 0x40, 0x42, 0x4B, 0xF2, 0x4A, 0x12, 0x5A, 0x12, 0x53, 0xF2, 0x00, 0x00, 0x00, 0x00 }, // U+9614 阔
    { 0x00, 0x00, 0x00, 0x00, 0x02, 0x00, 0x3F, 0xFC, 0x20, 0x0C, 0x20, 0x0C, 0x3F, 0xFC, 0x20, 0x00, 0x3F, 0xFC, 0x20, 0x04, 0x20, 0x04, 0x3F, 0xFC, 0x01, 0x80, 0xFF, 0xFF, 0x00, 0x00, 0x00, 0x00 }, // U+961C 阜
    { 0x00, 0x00, 0x00, 0x00, 0x00, 0x60, 0x7C, 0x60, 0x44, 0x60, 0x4C, 0x60, 0x48, 0x60, 0x48, 0x60, 0x48, 0x60, 0x4C, 0x60, 0x44, 0x50, 0x44, 0x90, 0x44, 0x90, 0x7D, 0x08, 0x00, 0x00, 0x00, 0x00 }, // U+961F 队
    { 0x00, 0x00, 0x00, 0x00, 0x7D, 0xFE, 0x48, 0x00, 0x48, 0x00, 0x48, 0x00, 0x58, 0x00, 0x5B, 0xFE, 0x48, 0x98, 0x4C, 0x98, 0x44, 0x98, 0x4C, 0x98, 0x79, 0x99, 0x43, 0x1B, 0x00, 0x00, 0x00, 0x00 }, // U+962E 阮
    { 0x00, 0x00, 0x00, 0x00, 0x00, 0x20, 0x7C, 0x20, 0x4F, 0xFF, 0x48, 0x80, 0x48, 0x80, 0x58, 0x80, 0x58, 0xFC, 0x48, 0x84, 0x4C, 0x84, 0x44, 0x84, 0x4D, 0x84, 0x79, 0x04, 0x00, 0x00, 0x00, 0x00 }, // U+9632 防
    { 0x00, 0x00, 0x00, 0x00, 0x7D, 0xFE, 0x4D, 0x02, 0x49, 0x02, 0x49, 0x02, 0x59, 0x02, 0x59, 0x02, 0x49, 0xFE, 0x4D, 0x02, 0x45, 0x02, 0x4D, 0x02, 0x79, 0x02, 0x00, 0x00, 0x00, 0x00, 0x00, 0x00 }, // U+9633 阳
    { 0x00, 0x00, 0x00, 0x00, 0x7D, 0xFE, 0x4D, 0x06, 0x49, 0x02, 0x49, 0x02, 0x49, 0xFE, 0x59, 0x02, 0x49, 0x02, 0x4D, 0x02, 0x45, 0xFE, 0x45, 0x02, 0x4D, 0x02, 0x7B, 0x02, 0x00, 0x00, 0x00, 0x00 }, // U+9634 阴
    { 0x00, 0x00, 0x00, 0x00, 0x00, 0x40, 0x7C, 0x40, 0x4B, 0xFE, 0x48, 0x80, 0x58, 0x90, 0x51, 0x10, 0x51, 0x10, 0x4B, 0xFE, 0x48, 0x10, 0x4C, 0x10, 0x4F, 0xFF, 0x78, 0x10, 0x00, 0x00, 0x00, 0x00 }, // U+9635 阵
    { 0x00, 0x00, 0x00, 0x20, 0x78, 0x60, 0x48, 0x50, 0x48, 0x98, 0x49, 0x0C, 0x53, 0x06, 0x54, 0x02, 0x59, 0x88, 0x49, 0x88, 0x4D, 0x88, 0x4D, 0x88, 0x4D, 0x88, 0x79, 0x08, 0x00, 0x00, 0x00, 0x00 }, // U+9636 阶
    { 0x00, 0x00, 0x00, 0x00, 0x7D, 0xFC, 0x49, 0x04, 0x49, 0x04, 0x49, 0x04, 0x51, 0xFC, 0x51, 0x04, 0x49, 0x04, 0x4D, 0x04, 0x4D, 0xFC, 0x4D, 0x04, 0x79, 0x04, 0x00, 0x00, 0x00, 0x00, 0x00, 0x00 }, // U+963B 阻
    { 0x00, 0x00, 0x00, 0x00, 0x7F, 0xFF, 0x48, 0x04, 0x48, 0x04, 0x48, 0x04, 0x51, 0xE4, 0x51, 0x24, 0x59, 0x24, 0x49, 0x24, 0x4D, 0x24, 0x4D, 0xE4, 0x4D, 0x04, 0x00, 0x00, 0x00, 0x00, 0x00, 0x00 }, // U+963F 阿
    { 0x00, 0x00, 0x00, 0x00, 0x00, 0x20, 0x7C, 0x30, 0x4F, 0xFE, 0x4B, 0x02, 0x4B, 0x02, 0x51, 0x80, 0x51, 0x84, 0x49, 0x8C, 0x4D, 0xB0, 0x45, 0xC2, 0x4D, 0x82, 0x79, 0x82, 0x00, 0x00, 0x00, 0x00 }, // U+9640 陀
    { 0x00, 0x00, 0x00, 0x00, 0x00, 0x84, 0x7D, 0x84, 0x49, 0x04, 0x49, 0x04, 0x4B, 0x7F, 0x5B, 0x04, 0x53, 0x04, 0x5D, 0x44, 0x49, 0x24, 0x4D, 0x24, 0x4D, 0x04, 0x4D, 0x04, 0x00, 0x00, 0x00, 0x00 }, // U+9644 附
    { 0x00, 0x00, 0x00, 0x00, 0x7F, 0xFE, 0x48, 0x00, 0x48, 0x00, 0x58, 0x00, 0x57, 0xFF, 0x58, 0x20, 0x48, 0x20, 0x4D, 0x24, 0x4D, 0x24, 0x4F, 0x26, 0x7E, 0x22, 0x00, 0x00, 0x00, 0x00, 0x00, 0x00 }, // U+9645 际
    { 0x00, 0x00, 0x00, 0x00, 0x00, 0x20, 0x7C, 0x20, 0x4B, 0xFE, 0x48, 0x20, 0x58, 0x20, 0x50, 0x20, 0x53, 0xFF, 0x48, 0x20, 0x48, 0x20, 0x4D, 0x22, 0x4D, 0x22, 0x79, 0x22, 0x00, 0x00, 0x00, 0x00 }, // U+9646 陆
    { 0x00, 0x00, 0x00, 0x00, 0x7D, 0x98, 0x49, 0x8C, 0x49, 0x80, 0x4F, 0xFF, 0x51, 0xA0, 0x51, 0x20, 0x49, 0x24, 0x49, 0x24, 0x49, 0x2C, 0x4B, 0x38, 0x7A, 0x31, 0x46, 0x23, 0x00, 0x00, 0x00, 0x00 }, // U+9647 陇
    { 0x00, 0x00, 0x00, 0x00, 0x00, 0x40, 0x7C, 0xC0, 0x4B, 0xFF, 0x48, 0x80, 0x49, 0xB0, 0x59, 0x30, 0x51, 0x30, 0x5B, 0xFE, 0x48, 0x30, 0x48, 0xB4, 0x4D, 0x36, 0x4F, 0x32, 0x00, 0x00, 0x00, 0x00 }, // U+9648 陈
    { 0x00, 0x00, 0x00, 0x00, 0x79, 0xFE, 0x48, 0x10, 0x5A, 0x10, 0x52, 0xFE, 0x52, 0x92, 0x52, 0x92, 0x5A, 0xB2, 0x4A, 0xBA, 0x4A, 0xAA, 0x4A, 0xC6, 0x72, 0x82, 0x42, 0x9E, 0x00, 0x00, 0x00, 0x00 }, // U+964B 陋
    { 0x00, 0x00, 0x00, 0x00, 0x7F, 0xFF, 0x48, 0x20, 0x48, 0x60, 0x4B, 0xFE, 0x53, 0x02, 0x5B, 0x02, 0x4B, 0x02, 0x4F, 0xFE, 0x4F, 0x02, 0x4F, 0x02, 0x7B, 0x02, 0x43, 0x02, 0x00, 0x00, 0x00, 0x00 }, // U+964C 陌
    { 0x00, 0x00, 0x00, 0x00, 0x00, 0xC0, 0x7C, 0x80, 0x49, 0xFC, 0x4B, 0x8C, 0x4A, 0x78, 0x50, 0x78, 0x5B, 0x87, 0x48, 0x20, 0x4B, 0xFE, 0x48, 0x30, 0x49, 0x20, 0x7A, 0x20, 0x00, 0x00, 0x00, 0x00 }, // U+964D 降
    { 0x00, 0x00, 0x00, 0x00, 0x7D, 0xFC, 0x4D, 0x04, 0x49, 0x04, 0x49, 0xFC, 0x59, 0x04, 0x51, 0x04, 0x59, 0xFC, 0x49, 0x64, 0x4D, 0x22, 0x4D, 0x2C, 0x4D, 0x18, 0x79, 0x08, 0x00, 0x00, 0x00, 0x00 }, // U+9650 限
    { 0x00, 0x00, 0x00, 0x00, 0x7C, 0x20, 0x48, 0x20, 0x4B, 0xFE, 0x58, 0x20, 0x51, 0x22, 0x59, 0x24, 0x48, 0xA8, 0x4C, 0x20, 0x4F, 0xFF, 0x4C, 0x70, 0x78, 0x50, 0x40, 0x88, 0x00, 0x00, 0x00, 0x00 }, // U+9655 陕
    { 0x00, 0x00, 0x00, 0x00, 0x7A, 0x10, 0x4A, 0x10, 0x4A, 0x12, 0x53, 0xD4, 0x52, 0x18, 0x52, 0x10, 0x5B, 0xD3, 0x4B, 0x9E, 0x48, 0x20, 0x48, 0x20, 0x7B, 0xFE, 0x40, 0x20, 0x00, 0x00, 0x00, 0x00 }, // U+965B 陛
    { 0x00, 0x00, 0x00, 0x00, 0x7C, 0x20, 0x48, 0x20, 0x4B, 0xFE, 0x48, 0x20, 0x50, 0x20, 0x53, 0xFF, 0x48, 0x30, 0x49, 0x30, 0x4D, 0x30, 0x4D, 0x3E, 0x7B, 0x30, 0x43, 0xB0, 0x00, 0x00, 0x00, 0x00 }, // U+9661 陡
    { 0x00, 0x00, 0x00, 0x00, 0x00, 0x20, 0x78, 0x20, 0x4B, 0xFE, 0x4A, 0x02, 0x58, 0x00, 0x53, 0xFE, 0x50, 0x00, 0x58, 0x00, 0x4B, 0xFE, 0x48, 0x90, 0x48, 0x90, 0x48, 0x91, 0x00, 0x00, 0x00, 0x00 }, // U+9662 院
    { 0x00, 0x00, 0x00, 0x00, 0x00, 0x20, 0x78, 0x70, 0x48, 0xD8, 0x49, 0x8C, 0x5B, 0x06, 0x57, 0xFF, 0x58, 0x20, 0x48, 0x20, 0x4F, 0xFE, 0x48, 0x20, 0x79, 0x28, 0x43, 0x24, 0x00, 0x00, 0x00, 0x00 }, // U+9664 除
    { 0x00, 0x00, 0x00, 0x00, 0x7D, 0xFC, 0x49, 0x04, 0x49, 0x04, 0x49, 0x04, 0x51, 0xFC, 0x50, 0x00, 0x49, 0xFE, 0x49, 0x02, 0x4D, 0x22, 0x49, 0x22, 0x79, 0x22, 0x40, 0x78, 0x00, 0x00, 0x00, 0x00 }, // U+9668 陨
    { 0x00, 0x00, 0x00, 0x00, 0x00, 0x20, 0x78, 0x70, 0x48, 0xD0, 0x49, 0x88, 0x5B, 0x06, 0x54, 0x02, 0x51, 0xFC, 0x48, 0x00, 0x48, 0x44, 0x4A, 0x64, 0x49, 0x2C, 0x79, 0x28, 0x00, 0x00, 0x00, 0x00 }, // U+9669 险
    { 0x00, 0x00, 0x00, 0x00, 0x78, 0x20, 0x48, 0x20, 0x4B, 0xFE, 0x51, 0x04, 0x50, 0x8C, 0x58, 0x88, 0x4F, 0xFF, 0x48, 0x00, 0x49, 0xFE, 0x79, 0x06, 0x41, 0x06, 0x41, 0x06, 0x00, 0x00, 0x00, 0x00 }, // U+966A 陪
    { 0x00, 0x00, 0x00, 0x00, 0x00, 0x20, 0x78, 0x20, 0x4B, 0xFE, 0x48, 0x20, 0x58, 0x20, 0x53, 0xFF, 0x50, 0x00, 0x49, 0x8C, 0x4A, 0x42, 0x48, 0xFC, 0x4B, 0x8C, 0x7A, 0xD8, 0x00, 0x00, 0x00, 0x00 }, // U+9675 陵
    { 0x00, 0x00, 0x00, 0x00, 0x01, 0x00, 0x79, 0x00, 0x4B, 0xFE, 0x4A, 0x02, 0x5C, 0x82, 0x55, 0xF2, 0x52, 0x42, 0x48, 0x42, 0x4B, 0xFA, 0x48, 0x42, 0x48, 0x42, 0x7A, 0x52, 0x00, 0x00, 0x00, 0x00 }, // U+9676 陶
    { 0x00, 0x00, 0x00, 0x00, 0x00, 0xC0, 0x7C, 0x80, 0x49, 0xFC, 0x49, 0x0C, 0x4B, 0x18, 0x52, 0x40, 0x51, 0xDE, 0x4B, 0x02, 0x4A, 0x02, 0x4B, 0xDE, 0x4A, 0x02, 0x7A, 0x02, 0x00, 0x00, 0x00, 0x00 }, // U+9677 陷
    { 0x00, 0x00, 0x00, 0x00, 0x7B, 0xFE, 0x4A, 0x22, 0x4A, 0x22, 0x53, 0xFE, 0x52, 0x22, 0x52, 0x22, 0x5B, 0xFE, 0x48, 0x20, 0x4F, 0xFE, 0x4E, 0x22, 0x7A, 0x2A, 0x43, 0xFE, 0x00, 0x00, 0x00, 0x00 }, // U+9685 隅
    { 0x00, 0x00, 0x00, 0x00, 0x00, 0x80, 0x79, 0xFC, 0x49, 0x84, 0x4A, 0xC8, 0x52, 0x70, 0x50, 0xDC, 0x57, 0xFF, 0x49, 0x20, 0x4B, 0xFE, 0x4A, 0x20, 0x7F, 0xFE, 0x40, 0x20, 0x00, 0x00, 0x00, 0x00 }, // U+9686 隆
    { 0x00, 0x00, 0x00, 0x00, 0x78, 0x80, 0x4B, 0xFF, 0x49, 0x00, 0x53, 0xFC, 0x56, 0x30, 0x57, 0xFF, 0x58, 0x00, 0x4B, 0xFE, 0x4B, 0x02, 0x4B, 0xFE, 0x7B, 0x02, 0x43, 0xFE, 0x00, 0x00, 0x00, 0x00 }, // U+968B 隋
    { 0x00, 0x00, 0x00, 0x00, 0x02, 0x10, 0x7A, 0x30, 0x4A, 0xFE, 0x5A, 0x20, 0x50, 0x7C, 0x56, 0xC4, 0x52, 0x7C, 0x4A, 0x44, 0x4A, 0x7C, 0x4A, 0x44, 0x7A, 0x44, 0x42, 0x5C, 0x00, 0x00, 0x00, 0x00 }, // U+968F 随
    { 0x00, 0x00, 0x00, 0x00, 0x00, 0x80, 0x7D, 0x80, 0x49, 0xF8, 0x4A, 0x18, 0x5F, 0xFE, 0x50, 0x02, 0x59, 0xFE, 0x48, 0x02, 0x4B, 0xFE, 0x48, 0x40, 0x7D, 0x24, 0x45, 0x2A, 0x00, 0x00, 0x00, 0x00 }, // U+9690 隐
    { 0x00, 0x00, 0x00, 0x00, 0x7B, 0xFE, 0x48, 0x00, 0x49, 0xFC, 0x59, 0x04, 0x51, 0xFC, 0x50, 0x00, 0x4B, 0xFE, 0x4A, 0x8A, 0x4A, 0xDA, 0x4A, 0x52, 0x7A, 0xFA, 0x00, 0x00, 0x00, 0x00, 0x00, 0x00 }, // U+9694 隔
    { 0x00, 0x00, 0x00, 0x00, 0x79, 0x04, 0x59, 0x88, 0x50, 0x98, 0x53, 0xFE, 0x70, 0x00, 0x50, 0x98, 0x53, 0x0C, 0x4E, 0x02, 0x4B, 0xFC, 0x4A, 0xD4, 0x72, 0xD4, 0x42, 0xD4, 0x00, 0x00, 0x00, 0x00 }, // U+9698 隘
    { 0x00, 0x00, 0x00, 0x00, 0x00, 0x20, 0x79, 0xA8, 0x4B, 0x26, 0x4C, 0x23, 0x5B, 0xFC, 0x52, 0x04, 0x53, 0xFC, 0x5A, 0x04, 0x4B, 0xFC, 0x4A, 0x24, 0x48, 0x20, 0x49, 0x28, 0x00, 0x00, 0x00, 0x00 }, // U+9699 隙
    { 0x00, 0x00, 0x00, 0x00, 0x78, 0x20, 0x4B, 0xFE, 0x48, 0x88, 0x57, 0xFF, 0x50, 0x00, 0x53, 0xFE, 0x4A, 0x06, 0x4B, 0xFE, 0x4A, 0x06, 0x4B, 0xFE, 0x78, 0x20, 0x00, 0x00, 0x00, 0x00, 0x00, 0x00 }, // U+969C 障
    { 0x00, 0x00, 0x00, 0x00, 0x00, 0x44, 0x7C, 0x44, 0x5A, 0x08, 0x52, 0xFE, 0x50, 0x20, 0x5E, 0x76, 0x52, 0xBC, 0x52, 0x5C, 0x5A, 0x9E, 0x4A, 0x2A, 0x5A, 0x48, 0x77, 0xF0, 0x00, 0x00, 0x00, 0x00 }, // U+96A7 隧
    { 0x00, 0x00, 0x01, 0x80, 0x01, 0x80, 0x3F, 0xFC, 0x01, 0x84, 0x01, 0x84, 0xFF, 0xFF, 0x01, 0x84, 0x01, 0x84, 0x7F, 0xFC, 0x21, 0x80, 0x31, 0x84, 0x0B, 0xF8, 0x1D, 0xF0, 0x00, 0x00, 0x00, 0x00 }, // U+96B6 隶
    { 0x00, 0x00, 0x00, 0x80, 0x01, 0x90, 0x79, 0x10, 0x09, 0xFE, 0x4B, 0x10, 0x4B, 0x10, 0x3F, 0xFE, 0x31, 0x10, 0x11, 0x10, 0x11, 0x10, 0x39, 0xFE, 0x29, 0x10, 0x45, 0x10, 0x00, 0x00, 0x00, 0x00 }, // U+96BE 难
    { 0x00, 0x00, 0x00, 0x00, 0x01, 0x80, 0x0D, 0x90, 0x31, 0x8C, 0x41, 0xB2, 0x01, 0xC0, 0x3C, 0x40, 0xFF, 0xFE, 0x10, 0x40, 0x1F, 0xFE, 0x10, 0x40, 0x1F, 0xFE, 0x10, 0x40, 0x00, 0x00, 0x00, 0x00 }, // U+96C0 雀
    { 0x00, 0x00, 0x00, 0x00, 0x3F, 0xFF, 0x26, 0x90, 0x24, 0x88, 0x25, 0xFE, 0x2D, 0x88, 0x3F, 0x88, 0x3F, 0xFE, 0x24, 0x88, 0x24, 0x88, 0x24, 0xFE, 0x64, 0x88, 0x44, 0x88, 0x00, 0x00, 0x00, 0x00 }, // U+96C1 雁
    { 0x00, 0x00, 0x00, 0x00, 0x10, 0x90, 0x10, 0x90, 0x10, 0x98, 0xFD, 0xFF, 0x21, 0x90, 0x23, 0x10, 0x2B, 0xFE, 0x69, 0x10, 0x51, 0x10, 0x51, 0x10, 0x95, 0xFE, 0x25, 0x10, 0x00, 0x00, 0x00, 0x00 }, // U+96C4 雄
    { 0x00, 0x00, 0x00, 0x00, 0x00, 0x50, 0x7C, 0x90, 0x09, 0x80, 0x49, 0xFE, 0x4B, 0x10, 0x4B, 0x10, 0x7D, 0xFE, 0x19, 0x10, 0x19, 0x10, 0x29, 0x10, 0x69, 0xFE, 0x49, 0x10, 0x00, 0x00, 0x00, 0x00 }, // U+96C5 雅
    { 0x00, 0x00, 0x00, 0x00, 0x08, 0x80, 0x18, 0x80, 0x1F, 0xFE, 0x30, 0x80, 0x7F, 0xFC, 0x10, 0x80, 0x1F, 0xFC, 0x10, 0x80, 0x1F, 0xFE, 0x01, 0x80, 0x7F, 0xFE, 0x07, 0xE0, 0x00, 0x00, 0x00, 0x00 }, // U+96C6 集
    { 0x00, 0x00, 0x01, 0x00, 0x01, 0x80, 0x3F, 0xFE, 0x20, 0x06, 0x3F, 0xFE, 0x22, 0x46, 0x26, 0x60, 0x27, 0xFE, 0x2C, 0x20, 0x3F, 0xFE, 0x24, 0x20, 0x27, 0xFE, 0x64, 0x20, 0x00, 0x00, 0x00, 0x00 }, // U+96C7 雇
    { 0x00, 0x00, 0x00, 0x00, 0x14, 0x40, 0x14, 0x48, 0x14, 0x48, 0x54, 0xFF, 0x5F, 0x88, 0x55, 0x88, 0x55, 0xFE, 0x54, 0x88, 0x54, 0x88, 0x54, 0xFE, 0x54, 0x88, 0x5C, 0x88, 0x00, 0x00, 0x00, 0x00 }, // U+96CC 雌
    { 0x00, 0x00, 0x00, 0x00, 0x01, 0x00, 0x01, 0x80, 0x7F, 0xFE, 0x10, 0xB0, 0x21, 0x90, 0x65, 0xFE, 0x7B, 0x10, 0x13, 0xFE, 0x65, 0x10, 0x7D, 0xFE, 0x09, 0x10, 0x11, 0x10, 0x00, 0x00, 0x00, 0x00 }, // U+96CD 雍
    { 0x00, 0x00, 0x00, 0x00, 0x20, 0x90, 0x20, 0x98, 0x7C, 0xFF, 0x49, 0x90, 0x9B, 0x90, 0x7F, 0xFE, 0x05, 0x90, 0x05, 0x90, 0x7D, 0xFE, 0x05, 0x90, 0x05, 0x90, 0x05, 0x90, 0x00, 0x00, 0x00, 0x00 }, // U+96CF 雏
    { 0x00, 0x00, 0x00, 0x00, 0x7F, 0x28, 0x49, 0x24, 0x49, 0x7F, 0x5D, 0x48, 0x49, 0x48, 0x49, 0xFE, 0x7F, 0xC8, 0x41, 0x48, 0x5D, 0x7E, 0x55, 0x48, 0x55, 0x48, 0x5D, 0x48, 0x00, 0x00, 0x00, 0x00 }, // U+96D5 雕
    { 0x00, 0x00, 0x00, 0x00, 0xFF, 0xFF, 0x01, 0x80, 0x01, 0x80, 0x7F, 0xFE, 0x61, 0x86, 0x69, 0xA6, 0x6D, 0xB6, 0x65, 0x8E, 0x71, 0xC6, 0x6D, 0xB6, 0x65, 0x96, 0x00, 0x00, 0x00, 0x00, 0x00, 0x00 }, // U+96E8 雨
    { 0x00, 0x00, 0x00, 0x00, 0x3F, 0xFC, 0x01, 0x80, 0x7F, 0xFE, 0x41, 0x82, 0x5D, 0xBA, 0x01, 0x80, 0x1D, 0xB8, 0x00, 0x00, 0x3F, 0xFC, 0x00, 0x04, 0x3F, 0xFC, 0x00, 0x00, 0x00, 0x00, 0x00, 0x00 }, // U+96EA 雪
    { 0x00, 0x00, 0x00, 0x00, 0x7F, 0xFC, 0x01, 0x80, 0x7F, 0xFE, 0x5D, 0xBA, 0x41, 0x82, 0x00, 0x00, 0x1D, 0xB8, 0x06, 0x60, 0x19, 0x18, 0xC0, 0x87, 0x1F, 0xF0, 0x00, 0x00, 0x00, 0x00, 0x00, 0x00 }, // U+96F6 零
    { 0x00, 0x00, 0x00, 0x00, 0x3F, 0xFC, 0x01, 0x80, 0x7F, 0xFE, 0x41, 0x82, 0x5F, 0xFA, 0x01, 0x80, 0x1F, 0xF8, 0x00, 0x00, 0x3F, 0xFC, 0x21, 0x84, 0x3F, 0xFC, 0x00, 0x00, 0x00, 0x00, 0x00, 0x00 }, // U+96F7 雷
    { 0x00, 0x00, 0x00, 0x00, 0x3F, 0xFC, 0x01, 0x80, 0x7F, 0xFE, 0x41, 0x82, 0x5F, 0xFA, 0x09, 0x80, 0x1F, 0xFC, 0x30, 0x04, 0x3F, 0xC4, 0x50, 0x44, 0x1F, 0xCE, 0x10, 0x3A, 0x00, 0x00, 0x00, 0x00 }, // U+96F9 雹
    { 0x00, 0x00, 0x00, 0x00, 0x3F, 0xFC, 0x01, 0x80, 0x7F, 0xFE, 0x41, 0x82, 0x1F, 0xF8, 0x0C, 0x00, 0x1F, 0xFC, 0x44, 0x30, 0x03, 0xE0, 0x78, 0x3F, 0x02, 0x00, 0x00, 0x00, 0x00, 0x00, 0x00, 0x00 }, // U+96FE 雾
    { 0x00, 0x00, 0x00, 0x00, 0x3F, 0xFC, 0x01, 0x80, 0x7F, 0xFE, 0x41, 0x82, 0x5F, 0xFA, 0x01, 0x80, 0x1F, 0xF8, 0x00, 0x00, 0xFF, 0xFF, 0x01, 0x00, 0x3F, 0xFC, 0x00, 0x00, 0x00, 0x00, 0x00, 0x00 }, // U+9700 需
    { 0x00, 0x00, 0x00, 0x00, 0x3F, 0xFC, 0x01, 0x80, 0x7F, 0xFE, 0x41, 0x82, 0x5F, 0xFA, 0x51, 0x8A, 0x09, 0x90, 0x3F, 0xFC, 0x20, 0x04, 0x3F, 0xFC, 0x20, 0x04, 0x3F, 0xFC, 0x00, 0x00, 0x00, 0x00 }, // U+9704 霄
    { 0x00, 0x00, 0x00, 0x00, 0x3F, 0xFC, 0x01, 0x80, 0x7F, 0xFE, 0x41, 0x82, 0x1F, 0xF8, 0x00, 0x00, 0x3F, 0xFE, 0x20, 0x00, 0x2F, 0xFC, 0x20, 0x00, 0x3F, 0xFE, 0x00, 0x00, 0x00, 0x00, 0x00, 0x00 }, // U+9707 震
    { 0x00, 0x00, 0x00, 0x00, 0x3F, 0xFC, 0x01, 0x80, 0x7F, 0xFE, 0x41, 0x82, 0x1F, 0xF8, 0x18, 0x00, 0x3F, 0xFE, 0x7F, 0xF8, 0x51, 0x08, 0x10, 0x88, 0xFF, 0xFF, 0x21, 0x08, 0x00, 0x00, 0x00, 0x00 }, // U+9709 霉
    { 0x00, 0x00, 0x00, 0x00, 0x3F, 0xFC, 0x01, 0x80, 0x7F, 0xFE, 0x41, 0x82, 0x1E, 0x78, 0x10, 0x80, 0x30, 0x80, 0x7F, 0xFE, 0x7F, 0xFC, 0x30, 0x80, 0x30, 0x80, 0x00, 0x00, 0x00, 0x00, 0x00, 0x00 }, // U+970D 霍
    { 0x00, 0x00, 0x00, 0x00, 0x3F, 0xFC, 0x01, 0x80, 0x7F, 0xFE, 0x41, 0x82, 0x1F, 0xF8, 0x00, 0x00, 0x3E, 0xFC, 0x20, 0x04, 0x3E, 0x7C, 0x20, 0x04, 0x3F, 0xFC, 0x00, 0x00, 0x00, 0x00, 0x00, 0x00 }, // U+9713 霓
    { 0x00, 0x00, 0x00, 0x00, 0x3F, 0xFC, 0x01, 0x80, 0x7F, 0xFE, 0x41, 0x82, 0x5F, 0xBA, 0x41, 0x82, 0x1F, 0xB8, 0x08, 0x10, 0x7E, 0xFE, 0x18, 0x30, 0x1C, 0x78, 0x2A, 0x54, 0x00, 0x00, 0x00, 0x00 }, // U+9716 霖
    { 0x00, 0x00, 0x00, 0x00, 0x3F, 0xFC, 0x01, 0x80, 0x7F, 0xFE, 0x41, 0x82, 0x5F, 0xFA, 0x01, 0x80, 0x11, 0xFE, 0x11, 0x06, 0x7F, 0xFE, 0x71, 0x06, 0xDD, 0xFE, 0x15, 0x06, 0x00, 0x00, 0x00, 0x00 }, // U+971C 霜
    { 0x00, 0x00, 0x00, 0x00, 0x3F, 0xFC, 0x01, 0x80, 0x7F, 0xFE, 0x41, 0x82, 0x5F, 0xFA, 0x00, 0x00, 0x3F, 0xFC, 0x21, 0x04, 0x3F, 0xFC, 0x20, 0x00, 0x3E, 0xFE, 0x20, 0x44, 0x00, 0x00, 0x00, 0x00 }, // U+971E 霞
    { 0x00, 0x00, 0x00, 0x00, 0x3F, 0xFC, 0x01, 0x80, 0x7F, 0xFE, 0x41, 0x82, 0x3F, 0xFC, 0x00, 0xC0, 0x7C, 0xFC, 0x45, 0xC8, 0x7D, 0x30, 0x08, 0xCC, 0x4F, 0x03, 0x00, 0x00, 0x00, 0x00, 0x00, 0x00 }, // U+9732 露
    { 0x00, 0x00, 0x00, 0x00, 0x3F, 0xFC, 0x01, 0x80, 0x7F, 0xFE, 0x5D, 0xBA, 0x41, 0x82, 0x1E, 0x78, 0x22, 0x00, 0xFF, 0x7E, 0x22, 0x42, 0x3E, 0x42, 0x7F, 0x7E, 0x49, 0x42, 0x00, 0x00, 0x00, 0x00 }, // U+9738 霸
    { 0x00, 0x00, 0x00, 0x00, 0x3F, 0xFC, 0x01, 0x80, 0x7F, 0xFE, 0x41, 0x82, 0x5F, 0xFA, 0x01, 0x80, 0x00, 0x10, 0x3E, 0xFE, 0x22, 0x44, 0x3E, 0x28, 0x40, 0xFE, 0x7E, 0x10, 0x00, 0x00, 0x00, 0x00 }, // U+9739 霹
    { 0x00, 0x00, 0x00, 0x00, 0x01, 0x80, 0x7F, 0xFE, 0x01, 0x80, 0x3F, 0xFC, 0x01, 0x80, 0xFF, 0xFF, 0x00, 0x00, 0x3F, 0xFC, 0x30, 0x0C, 0x3F, 0xFC, 0x30, 0x0C, 0x3F, 0xFC, 0x00, 0x00, 0x00, 0x00 }, // U+9752 青
    { 0x00, 0x00, 0x00, 0x00, 0x20, 0x20, 0x13, 0xFE, 0x10, 0x20, 0x7D, 0xFE, 0x00, 0x20, 0x4B, 0xFF, 0x48, 0x00, 0x49, 0xFE, 0x69, 0x02, 0x79, 0xFE, 0x11, 0x02, 0x1D, 0xFE, 0x00, 0x00, 0x00, 0x00 }, // U+9756 靖
    { 0x00, 0x00, 0x00, 0x60, 0x10, 0x40, 0x7E, 0xF8, 0x11, 0x88, 0x7E, 0x10, 0x10, 0xFE, 0xFE, 0x32, 0x00, 0x32, 0x7F, 0xFF, 0x46, 0x32, 0x7E, 0x32, 0x46, 0xFE, 0x7E, 0x32, 0x00, 0x00, 0x00, 0x00 }, // U+9759 静
    { 0x00, 0x00, 0x00, 0x00, 0x10, 0x10, 0x7E, 0x10, 0x10, 0xFE, 0x7C, 0x82, 0x10, 0x02, 0xFE, 0x00, 0x01, 0xFF, 0x7C, 0x10, 0x44, 0x90, 0x7C, 0x9E, 0x44, 0x90, 0x7D, 0xD0, 0x00, 0x00, 0x00, 0x00 }, // U+975B 靛
    { 0x00, 0x00, 0x00, 0x00, 0x02, 0x40, 0x02, 0x40, 0x7E, 0x7E, 0x06, 0x60, 0x02, 0x40, 0x02, 0x40, 0x7E, 0x7E, 0x06, 0x60, 0x02, 0x40, 0x02, 0x40, 0xFE, 0x7F, 0x06, 0x60, 0x00, 0x00, 0x00, 0x00 }, // U+975E 非
    { 0x00, 0x00, 0x00, 0x00, 0x19, 0x80, 0x3F, 0xFC, 0x21, 0x80, 0xFF, 0xFF, 0x00, 0x00, 0x1F, 0xF8, 0x10, 0x08, 0x1F, 0xF8, 0x02, 0x40, 0x7E, 0x7E, 0x02, 0x40, 0x7E, 0x7E, 0x00, 0x00, 0x00, 0x00 }, // U+9760 靠
    { 0x00, 0x00, 0x00, 0x00, 0x00, 0x80, 0x3F, 0xFF, 0x22, 0x08, 0x3F, 0xFE, 0x26, 0x1C, 0x2F, 0x2E, 0x32, 0x4A, 0x21, 0x20, 0x3F, 0x3E, 0x61, 0x20, 0x4F, 0x3E, 0x41, 0x20, 0x00, 0x00, 0x00, 0x00 }, // U+9761 靡
    { 0x00, 0x00, 0x00, 0x00, 0xFF, 0xFF, 0x01, 0x00, 0x03, 0x00, 0x7F, 0xFE, 0x64, 0x26, 0x64, 0x26, 0x67, 0xE6, 0x64, 0x26, 0x64, 0x26, 0x67, 0xE6, 0x64, 0x26, 0x00, 0x00, 0x00, 0x00, 0x00, 0x00 }, // U+9762 面
    { 0x00, 0x00, 0x08, 0x10, 0x08, 0x10, 0xFF, 0xFF, 0x0C, 0x10, 0x0F, 0xF0, 0x09, 0x90, 0x01, 0x80, 0x3F, 0xFC, 0x21, 0x84, 0x21, 0x84, 0x3F, 0xFC, 0x01, 0x80, 0xFF, 0xFF, 0x00, 0x00, 0x00, 0x00 }, // U+9769 革
    { 0x00, 0x00, 0x00, 0x00, 0x24, 0x06, 0x24, 0x78, 0xFF, 0x40, 0x24, 0x40, 0x3C, 0x40, 0x18, 0x40, 0x7E, 0x7F, 0x5A, 0xCC, 0x5A, 0xC8, 0x7E, 0x88, 0x18, 0x88, 0xFF, 0x88, 0x00, 0x00, 0x00, 0x00 }, // U+9773 靳
    { 0x00, 0x00, 0x00, 0x00, 0x24, 0x50, 0x24, 0x50, 0xFE, 0x52, 0x24, 0x92, 0x18, 0x96, 0x11, 0x9C, 0x7F, 0x9C, 0x52, 0x98, 0x52, 0xB0, 0x7E, 0xF1, 0x10, 0x91, 0xFE, 0x91, 0x00, 0x00, 0x00, 0x00 }, // U+9774 靴
    { 0x00, 0x00, 0x00, 0x00, 0x24, 0xFE, 0x24, 0x92, 0xFF, 0x92, 0x24, 0x92, 0x3C, 0x92, 0x10, 0x92, 0x7E, 0x92, 0x52, 0xFE, 0x52, 0x82, 0x7E, 0x80, 0x10, 0x81, 0xFF, 0x83, 0x00, 0x00, 0x00, 0x00 }, // U+9776 靶
    { 0x00, 0x00, 0x00, 0x00, 0x24, 0x10, 0xFE, 0x10, 0x24, 0xFE, 0x24, 0x10, 0x3C, 0x10, 0x10, 0x10, 0x7F, 0xFE, 0x52, 0x00, 0x52, 0x10, 0x7E, 0x10, 0x12, 0xFE, 0x10, 0x10, 0x00, 0x00, 0x00, 0x00 }, // U+978B 鞋
    { 0x00, 0x00, 0x00, 0x00, 0x24, 0x20, 0x24, 0x10, 0xFF, 0xFE, 0x25, 0x82, 0x3D, 0x22, 0x10, 0x20, 0x7E, 0x20, 0x53, 0xFF, 0x52, 0x44, 0x7E, 0xCC, 0x10, 0x78, 0xFE, 0x38, 0x00, 0x00, 0x00, 0x00 }, // U+978D 鞍
    { 0x00, 0x00, 0x00, 0x00, 0x24, 0x10, 0x24, 0x92, 0xFE, 0x92, 0x24, 0x54, 0x3C, 0xFE, 0x10, 0x82, 0x7E, 0x82, 0x52, 0xFE, 0x52, 0x82, 0x7E, 0x82, 0x10, 0xFE, 0xFF, 0x82, 0x00, 0x00, 0x00, 0x00 }, // U+9798 鞘
    { 0x00, 0x00, 0x00, 0x00, 0x64, 0x40, 0x64, 0xC0, 0xFE, 0xFE, 0x65, 0x02, 0x7C, 0x22, 0x11, 0x2A, 0x7C, 0xB2, 0x57, 0xFA, 0x54, 0x62, 0x7C, 0xF2, 0x11, 0xAA, 0xFF, 0x22, 0x00, 0x00, 0x00, 0x00 }, // U+97A0 鞠
    { 0x00, 0x00, 0x00, 0x00, 0x48, 0xFF, 0x49, 0x10, 0xFD, 0x10, 0x49, 0x7E, 0x7B, 0x52, 0x7F, 0x52, 0x57, 0x7E, 0x55, 0x52, 0x55, 0x52, 0x7D, 0x7E, 0x11, 0x50, 0xFF, 0x30, 0x00, 0x00, 0x00, 0x00 }, // U+97AD 鞭
    { 0x00, 0x00, 0x00, 0x00, 0x01, 0x00, 0x01, 0x00, 0x7F, 0xFE, 0x01, 0x00, 0x01, 0x00, 0x3F, 0xFC, 0x01, 0x00, 0x01, 0x00, 0x7F, 0xFE, 0x01, 0x06, 0x01, 0x06, 0x01, 0x04, 0x00, 0x00, 0x00, 0x00 }, // U+97E6 韦
    { 0x00, 0x00, 0x00, 0x00, 0x10, 0xFE, 0x10, 0x22, 0xFE, 0x22, 0x10, 0x22, 0x10, 0xA2, 0x7C, 0xA2, 0x11, 0xA2, 0x11, 0x22, 0xFE, 0x22, 0x12, 0x62, 0x12, 0x42, 0x1E, 0x82, 0x00, 0x00, 0x00, 0x00 }, // U+97E7 韧
    { 0x00, 0x00, 0x18, 0x30, 0x18, 0x30, 0xFF, 0xFE, 0x18, 0x30, 0x7E, 0x30, 0x42, 0xFE, 0x7E, 0x30, 0x42, 0x30, 0x42, 0x30, 0x7E, 0xFE, 0x5A, 0x32, 0x18, 0x32, 0xFF, 0x32, 0x00, 0x00, 0x00, 0x00 }, // U+97E9 韩
    { 0x00, 0x00, 0x00, 0x00, 0x06, 0x40, 0x06, 0x40, 0x7E, 0x7E, 0x06, 0x40, 0x06, 0x40, 0x06, 0x40, 0x7E, 0x7E, 0x06, 0x40, 0x06, 0x40, 0x7E, 0x7E, 0x06, 0x40, 0x06, 0x40, 0x00, 0x00, 0x00, 0x00 }, // U+97ED 韭
    { 0x00, 0x00, 0x00, 0x00, 0x01, 0x80, 0x7F, 0xFE, 0x08, 0x10, 0x04, 0x30, 0xFF, 0xFF, 0x00, 0x00, 0x3F, 0xFC, 0x30, 0x0C, 0x20, 0x0C, 0x3F, 0xFC, 0x20, 0x0C, 0x20, 0x0C, 0x00, 0x00, 0x00, 0x00 }, // U+97F3 音
    { 0x00, 0x00, 0x10, 0x20, 0x18, 0x60, 0x7F, 0x40, 0x00, 0xFE, 0x22, 0x82, 0x24, 0x82, 0xFF, 0x42, 0x7E, 0x22, 0x42, 0x12, 0x42, 0x0A, 0x7E, 0x3A, 0x42, 0xE2, 0x42, 0x82, 0x00, 0x00, 0x00, 0x00 }, // U+97F5 韵
    { 0x00, 0x00, 0x00, 0x00, 0x10, 0xFE, 0x18, 0x32, 0x7F, 0x22, 0x26, 0x22, 0x24, 0x22, 0xFF, 0x4E, 0x00, 0x80, 0x7E, 0x7E, 0x42, 0x42, 0x7E, 0x42, 0x42, 0x42, 0x42, 0x42, 0x00, 0x00, 0x00, 0x00 }, // U+97F6 韶
    { 0x00, 0x00, 0x00, 0x00, 0x7F, 0xFF, 0x01, 0x80, 0x01, 0x00, 0x3F, 0xFC, 0x30, 0x04, 0x31, 0x84, 0x31, 0x84, 0x31, 0x84, 0x31, 0x84, 0x31, 0x04, 0x31, 0x84, 0x02, 0x60, 0x00, 0x00, 0x00, 0x00 }, // U+9875 页
    { 0x00, 0x00, 0x00, 0x00, 0xFF, 0xFF, 0x10, 0x20, 0x10, 0x20, 0x11, 0xFE, 0x11, 0x02, 0x11, 0x22, 0x11, 0x22, 0x11, 0x22, 0x11, 0x22, 0x11, 0x22, 0x10, 0x70, 0x00, 0x00, 0x00, 0x00, 0x00, 0x00 }, // U+9876 顶
    { 0x00, 0x00, 0x00, 0x00, 0x63, 0xFE, 0x60, 0x20, 0x60, 0x20, 0x63, 0xFE, 0x7F, 0x02, 0x63, 0x22, 0x63, 0x22, 0x63, 0x22, 0x63, 0x22, 0x63, 0x22, 0x6F, 0x62, 0x78, 0xD8, 0x00, 0x00, 0x00, 0x00 }, // U+9877 顷
    { 0x00, 0x00, 0x00, 0x00, 0x03, 0xFF, 0xFC, 0x20, 0x30, 0x60, 0x33, 0xFE, 0x33, 0x06, 0x33, 0x22, 0x33, 0x22, 0x33, 0x22, 0x3F, 0x22, 0x7B, 0x62, 0xC0, 0x78, 0x00, 0x00, 0x00, 0x00, 0x00, 0x00 }, // U+9879 项
    { 0x00, 0x00, 0x00, 0x00, 0x42, 0x00, 0x5B, 0xFF, 0x5A, 0x10, 0x5A, 0x30, 0x5A, 0xFE, 0x5A, 0x82, 0x5A, 0x92, 0x5A, 0x92, 0x5A, 0x92, 0x5A, 0x92, 0x5A, 0x92, 0x5A, 0xB2, 0x00, 0x00, 0x00, 0x00 }, // U+987A 顺
    { 0x00, 0x00, 0x00, 0x00, 0x08, 0x00, 0x1B, 0xFF, 0x10, 0x20, 0x20, 0x20, 0x43, 0xFE, 0x0B, 0x02, 0x13, 0x22, 0x33, 0x22, 0x43, 0x22, 0x03, 0x22, 0x0B, 0x22, 0x18, 0x70, 0x00, 0x00, 0x00, 0x00 }, // U+987B 须
    { 0x00, 0x00, 0x00, 0x00, 0x7E, 0xFF, 0x00, 0x10, 0x00, 0x30, 0x00, 0xFE, 0x7E, 0x82, 0x24, 0x92, 0x24, 0x92, 0x24, 0x92, 0x24, 0x92, 0x24, 0x92, 0x24, 0xB2, 0x46, 0x6C, 0x00, 0x00, 0x00, 0x00 }, // U+987D 顽
    { 0x00, 0x00, 0x00, 0x00, 0x7F, 0xFF, 0x40, 0x10, 0x40, 0x10, 0x5E, 0x7E, 0x5A, 0x42, 0x5A, 0x52, 0x5A, 0x52, 0x5A, 0x52, 0x5E, 0x52, 0x58, 0x52, 0x59, 0x52, 0x00, 0x00, 0x00, 0x00, 0x00, 0x00 }, // U+987E 顾
    { 0x00, 0x00, 0x00, 0x00, 0x10, 0x00, 0x10, 0xFF, 0xFE, 0x10, 0x10, 0x10, 0x52, 0xFE, 0x52, 0x82, 0x52, 0x92, 0x52, 0x92, 0x7E, 0x92, 0x12, 0x92, 0x10, 0x92, 0x10, 0xBA, 0x00, 0x00, 0x00, 0x00 }, // U+987F 顿
    { 0x00, 0x00, 0x00, 0x00, 0x29, 0xFF, 0x2C, 0x30, 0x44, 0x30, 0x46, 0xFE, 0x02, 0x82, 0x00, 0x92, 0x7C, 0x92, 0x24, 0x92, 0x24, 0x92, 0x24, 0xB2, 0x24, 0x30, 0x00, 0x00, 0x00, 0x00, 0x00, 0x00 }, // U+9881 颁
    { 0x00, 0x00, 0x00, 0x00, 0x24, 0xFF, 0x24, 0x10, 0x24, 0x20, 0x42, 0xFE, 0x42, 0x82, 0x52, 0x92, 0x90, 0x92, 0x10, 0x92, 0x24, 0x92, 0x24, 0x92, 0x66, 0xB2, 0x7E, 0x38, 0x00, 0x00, 0x00, 0x00 }, // U+9882 颂
    { 0x00, 0x00, 0x00, 0x00, 0xFD, 0xFF, 0x0C, 0x30, 0x28, 0x20, 0x31, 0xFE, 0x11, 0x82, 0xFF, 0x92, 0x17, 0x92, 0x15, 0x92, 0x15, 0xB2, 0x11, 0xA2, 0x11, 0xB2, 0x00, 0x00, 0x00, 0x00, 0x00, 0x00 }, // U+9884 预
    { 0x00, 0x00, 0x00, 0x00, 0x11, 0xFF, 0x10, 0x10, 0x1E, 0x30, 0x10, 0xFE, 0x10, 0x82, 0x7E, 0x92, 0x46, 0x92, 0x46, 0x92, 0x7E, 0x92, 0x46, 0x92, 0x40, 0xB2, 0x40, 0x78, 0x00, 0x00, 0x00, 0x00 }, // U+9885 颅
    { 0x00, 0x00, 0x00, 0x00, 0x19, 0xFF, 0x1C, 0x10, 0x26, 0x30, 0x73, 0xFE, 0x59, 0x82, 0x09, 0x92, 0x01, 0x92, 0x7F, 0x92, 0x05, 0x92, 0x05, 0xB2, 0x28, 0x30, 0x00, 0x00, 0x00, 0x00, 0x00, 0x00 }, // U+9886 领
    { 0x00, 0x00, 0x00, 0x00, 0x08, 0xFF, 0x08, 0x10, 0x7F, 0x30, 0x4A, 0x20, 0x4A, 0xFE, 0x48, 0x82, 0x7E, 0x92, 0x42, 0x92, 0x76, 0x92, 0x5C, 0x92, 0x4C, 0x92, 0x4C, 0xB2, 0x00, 0x00, 0x00, 0x00 }, // U+9887 颇
    { 0x00, 0x00, 0x00, 0x00, 0x7D, 0xFF, 0x0C, 0x30, 0x08, 0x20, 0x19, 0xFE, 0x65, 0x82, 0xC3, 0x92, 0x01, 0x92, 0x7F, 0x92, 0x11, 0xB2, 0x11, 0xB2, 0x11, 0xB2, 0x00, 0x00, 0x00, 0x00, 0x00, 0x00 }, // U+9888 颈
    { 0x00, 0x00, 0x00, 0x00, 0x08, 0xFF, 0x08, 0x10, 0x7F, 0x10, 0x08, 0xFE, 0x4A, 0xC2, 0x6A, 0xD2, 0x18, 0xD2, 0xFF, 0xD2, 0x10, 0xD2, 0x18, 0xD2, 0x34, 0xD2, 0x22, 0x38, 0x00, 0x00, 0x00, 0x00 }, // U+988A 颊
    { 0x00, 0x00, 0x00, 0x00, 0x7F, 0xFF, 0x44, 0x10, 0x44, 0x10, 0x5E, 0xFE, 0x52, 0x82, 0x52, 0x92, 0x52, 0x92, 0x52, 0x92, 0x5E, 0x92, 0x56, 0x92, 0x44, 0x92, 0x44, 0x3C, 0x00, 0x00, 0x00, 0x00 }, // U+9890 颐
    { 0x00, 0x00, 0x00, 0x00, 0x08, 0x00, 0x09, 0xFF, 0x48, 0x10, 0x4E, 0x30, 0x48, 0xFE, 0x48, 0x82, 0xFF, 0x92, 0x00, 0x92, 0x08, 0x92, 0x48, 0x92, 0x4A, 0x92, 0x8E, 0xB2, 0x00, 0x00, 0x00, 0x00 }, // U+9891 频
    { 0x00, 0x00, 0x00, 0x00, 0x0E, 0x00, 0x78, 0xFF, 0x18, 0x10, 0xFE, 0x30, 0x38, 0xFE, 0x3C, 0x82, 0x5E, 0x92, 0x9A, 0x92, 0x00, 0x92, 0x3C, 0x92, 0x24, 0x92, 0x25, 0xB2, 0x00, 0x00, 0x00, 0x00 }, // U+9893 颓
    { 0x00, 0x00, 0x00, 0x00, 0x41, 0xFF, 0x4E, 0x10, 0x72, 0x30, 0x42, 0x30, 0x3C, 0xFE, 0x00, 0x82, 0x7E, 0x92, 0x18, 0x92, 0x18, 0x92, 0xFF, 0x92, 0x18, 0x92, 0x3C, 0xB0, 0x00, 0x00, 0x00, 0x00 }, // U+9896 颖
    { 0x00, 0x00, 0x00, 0x00, 0x7E, 0xFF, 0x4A, 0x10, 0x4A, 0x10, 0x7E, 0x10, 0x4A, 0xFE, 0x4A, 0x82, 0x7E, 0x92, 0x48, 0x92, 0x08, 0x92, 0xFF, 0x92, 0x18, 0x92, 0x3E, 0x32, 0x00, 0x00, 0x00, 0x00 }, // U+9897 颗
    { 0x00, 0x00, 0x00, 0x00, 0x7E, 0xFE, 0x42, 0x10, 0x7E, 0x30, 0x42, 0xFE, 0x42, 0x82, 0x7E, 0x92, 0x00, 0x92, 0xFF, 0x92, 0x08, 0x92, 0x48, 0x38, 0x4E, 0x6C, 0x00, 0x00, 0x00, 0x00, 0x00, 0x00 }, // U+9898 题
    { 0x00, 0x00, 0x00, 0x00, 0x08, 0x00, 0x08, 0xFF, 0x7F, 0x10, 0x22, 0x10, 0x32, 0x7E, 0x14, 0x42, 0x7F, 0x52, 0x42, 0x52, 0x4C, 0x52, 0x52, 0x52, 0x44, 0x52, 0x59, 0x52, 0x00, 0x00, 0x00, 0x00 }, // U+989C 颜
    { 0x00, 0x00, 0x00, 0x00, 0x10, 0x00, 0x08, 0xFF, 0x7F, 0x10, 0x41, 0x10, 0x20, 0xFE, 0x3E, 0xC2, 0x46, 0xD2, 0x7C, 0xD2, 0x1C, 0xD2, 0x23, 0xD2, 0xFE, 0xD2, 0x22, 0x10, 0x00, 0x00, 0x00, 0x00 }, // U+989D 额
    { 0x00, 0x00, 0x00, 0x00, 0x08, 0x00, 0x7F, 0xFF, 0x08, 0x10, 0x7F, 0x10, 0x43, 0x7E, 0x43, 0x42, 0x7F, 0x5A, 0x7F, 0x5A, 0x43, 0x52, 0x7F, 0x52, 0x43, 0x52, 0x7F, 0x5A, 0x00, 0x00, 0x00, 0x00 }, // U+98A0 颠
    { 0x00, 0x00, 0x00, 0x00, 0x08, 0x7F, 0xFF, 0x18, 0x00, 0x10, 0x7F, 0x7E, 0x41, 0x42, 0x5D, 0x4A, 0x41, 0x4A, 0x7F, 0x4A, 0x41, 0x4A, 0x7F, 0x4A, 0x41, 0x5A, 0x7F, 0x1C, 0x00, 0x00, 0x00, 0x00 }, // U+98A4 颤
    { 0x00, 0x00, 0x00, 0x00, 0x12, 0x7F, 0x7F, 0x88, 0x77, 0x90, 0x54, 0xBE, 0x54, 0xA2, 0x77, 0xAA, 0x28, 0x2A, 0x7F, 0xAA, 0x44, 0x2A, 0xFF, 0x2A, 0x44, 0x3A, 0x7F, 0x1C, 0x00, 0x00, 0x00, 0x00 }, // U+98A7 颧
    { 0x00, 0x00, 0x00, 0x00, 0x3F, 0xF8, 0x20, 0x08, 0x28, 0x28, 0x2C, 0x48, 0x26, 0xC8, 0x22, 0x88, 0x23, 0x88, 0x21, 0x88, 0x23, 0x88, 0x26, 0xC8, 0x64, 0x49, 0x00, 0x00, 0x00, 0x00, 0x00, 0x00 }, // U+98CE 风
    { 0x00, 0x00, 0x00, 0x00, 0x7F, 0xFC, 0x14, 0x44, 0x7F, 0x4C, 0x55, 0x6C, 0x55, 0x6C, 0x7F, 0x74, 0x00, 0x54, 0x7E, 0x94, 0x00, 0x94, 0x7F, 0xB4, 0x28, 0xAC, 0x4A, 0xAD, 0x00, 0x00, 0x00, 0x00 }, // U+98D8 飘
    { 0x00, 0x00, 0x00, 0x00, 0xFF, 0x80, 0x00, 0x84, 0x00, 0x9C, 0x00, 0xB0, 0x00, 0xE0, 0x00, 0xF0, 0x00, 0x8C, 0x00, 0x86, 0x00, 0xC0, 0x00, 0xC0, 0x00, 0x42, 0x00, 0x00, 0x00, 0x00, 0x00, 0x00 }, // U+98DE 飞
    { 0x00, 0x00, 0x00, 0x00, 0x01, 0x80, 0x03, 0x40, 0x05, 0x30, 0x18, 0x8C, 0x7F, 0xFF, 0x10, 0x08, 0x10, 0x08, 0x1F, 0xF8, 0x10, 0x08, 0x1F, 0xF8, 0x12, 0x0C, 0x13, 0xF8, 0x00, 0x00, 0x00, 0x00 }, // U+98DF 食
    { 0x00, 0x00, 0x00, 0x00, 0x0C, 0x00, 0x0F, 0x7E, 0x2C, 0x44, 0x7E, 0x2C, 0x66, 0x38, 0x1D, 0xE4, 0x32, 0x42, 0x4C, 0x30, 0x3F, 0xFC, 0xC8, 0x13, 0x0F, 0xF0, 0x08, 0x10, 0x00, 0x00, 0x00, 0x00 }, // U+9910 餐
    { 0x00, 0x00, 0x00, 0x00, 0x21, 0xF8, 0x21, 0x88, 0x3D, 0x88, 0x45, 0x88, 0x45, 0x88, 0xB1, 0x88, 0x31, 0x88, 0x31, 0x08, 0x31, 0x08, 0x31, 0x08, 0x35, 0x08, 0x3E, 0x09, 0x00, 0x00, 0x00, 0x00 }, // U+9965 饥
    { 0x00, 0x00, 0x00, 0x00, 0x20, 0x02, 0x23, 0xFE, 0x7F, 0x00, 0x4F, 0x00, 0xCB, 0x00, 0xAB, 0xFE, 0x23, 0x42, 0x23, 0x46, 0x23, 0x44, 0x23, 0x24, 0x22, 0x28, 0x3A, 0x18, 0x00, 0x00, 0x00, 0x00 }, // U+996D 饭
    { 0x00, 0x00, 0x00, 0x00, 0x20, 0x80, 0x20, 0x80, 0x3D, 0xFE, 0x45, 0x02, 0x4B, 0x26, 0xE2, 0x24, 0x20, 0x20, 0x20, 0x20, 0x20, 0x70, 0x20, 0x50, 0x20, 0xD8, 0x24, 0x88, 0x00, 0x00, 0x00, 0x00 }, // U+996E 饮
    { 0x00, 0x00, 0x00, 0x00, 0x20, 0x50, 0x20, 0x4C, 0x7C, 0x40, 0x4C, 0xFE, 0xCF, 0xE0, 0xA8, 0x40, 0x20, 0x7E, 0x27, 0xE0, 0x20, 0x44, 0x20, 0x6C, 0x20, 0x39, 0x20, 0x73, 0x00, 0x00, 0x00, 0x00 }, // U+996F 饯
    { 0x00, 0x00, 0x00, 0x00, 0x20, 0x80, 0x20, 0x80, 0x3D, 0xFF, 0x67, 0x00, 0x4A, 0x20, 0x48, 0x20, 0xA1, 0xFE, 0x21, 0x22, 0x21, 0x22, 0x21, 0x22, 0x21, 0x22, 0x21, 0x22, 0x00, 0x00, 0x00, 0x00 }, // U+9970 饰
    { 0x00, 0x00, 0x00, 0x00, 0x20, 0x80, 0x21, 0x80, 0x7D, 0xFE, 0x4B, 0x06, 0xCA, 0x06, 0xAB, 0xF6, 0x23, 0x36, 0x23, 0x36, 0x23, 0xF4, 0x23, 0x04, 0x23, 0x3D, 0x2B, 0x01, 0x00, 0x00, 0x00, 0x00 }, // U+9971 饱
    { 0x00, 0x00, 0x00, 0x00, 0x23, 0xFE, 0x20, 0x02, 0x3C, 0x02, 0x4F, 0xFA, 0x48, 0x02, 0x88, 0x02, 0xA3, 0xF2, 0x22, 0x12, 0x22, 0x12, 0x22, 0x12, 0x23, 0xF2, 0x22, 0x02, 0x00, 0x00, 0x00, 0x00 }, // U+9972 饲
    { 0x00, 0x00, 0x00, 0x00, 0x23, 0xFE, 0x21, 0x04, 0x7D, 0x04, 0x45, 0xFC, 0x49, 0x04, 0xA9, 0x04, 0x21, 0xFC, 0x21, 0x04, 0x21, 0x04, 0x21, 0x04, 0x25, 0xFF, 0x3F, 0xC4, 0x00, 0x00, 0x00, 0x00 }, // U+9975 饵
    { 0x00, 0x00, 0x00, 0x00, 0x20, 0x80, 0x20, 0x86, 0x7C, 0xD8, 0x49, 0xEC, 0x4A, 0x38, 0xA8, 0xF2, 0x23, 0x0E, 0x20, 0x00, 0x23, 0xFE, 0x20, 0x90, 0x20, 0x91, 0x38, 0x91, 0x00, 0x00, 0x00, 0x00 }, // U+9976 饶
    { 0x00, 0x00, 0x00, 0x00, 0x20, 0x20, 0x20, 0x20, 0x7F, 0xFE, 0x4C, 0x88, 0xC9, 0x86, 0xAB, 0x02, 0x22, 0x88, 0x20, 0x88, 0x20, 0xD8, 0x20, 0x70, 0x20, 0x60, 0x38, 0xF0, 0x00, 0x00, 0x00, 0x00 }, // U+997A 饺
    { 0x00, 0x00, 0x00, 0x00, 0x20, 0x84, 0x20, 0x8C, 0x3C, 0x48, 0x45, 0xFE, 0x4C, 0x88, 0x88, 0x88, 0xB0, 0x88, 0x30, 0x88, 0x33, 0xFF, 0x30, 0x88, 0x30, 0x88, 0x35, 0x88, 0x00, 0x00, 0x00, 0x00 }, // U+997C 饼
    { 0x00, 0x00, 0x00, 0x00, 0x20, 0x10, 0x20, 0xD0, 0x67, 0x90, 0x79, 0x94, 0x49, 0x92, 0xCF, 0xFF, 0xB9, 0x90, 0x21, 0xF2, 0x23, 0xD6, 0x25, 0x9C, 0x21, 0x99, 0x29, 0xB9, 0x00, 0x00, 0x00, 0x00 }, // U+997F 饿
    { 0x00, 0x00, 0x00, 0x00, 0x20, 0x0E, 0x23, 0xF0, 0x7C, 0x22, 0x4B, 0x26, 0x49, 0x24, 0xA9, 0xE4, 0x20, 0xC0, 0x27, 0xFF, 0x21, 0x8C, 0x21, 0x08, 0x20, 0xD0, 0x38, 0x70, 0x00, 0x00, 0x00, 0x00 }, // U+9981 馁
    { 0x00, 0x00, 0x00, 0x00, 0x20, 0x40, 0x20, 0xC0, 0x7D, 0xFC, 0x47, 0x0C, 0x4A, 0x18, 0x20, 0xC0, 0x23, 0x9E, 0x22, 0x02, 0x22, 0x02, 0x23, 0xDE, 0x22, 0x02, 0x3A, 0x02, 0x00, 0x00, 0x00, 0x00 }, // U+9985 馅
    { 0x00, 0x00, 0x00, 0x00, 0x20, 0x20, 0x20, 0x20, 0x63, 0xFE, 0x7E, 0x02, 0x49, 0xFC, 0xC9, 0x04, 0xA1, 0x04, 0x21, 0xFC, 0x21, 0x04, 0x21, 0x00, 0x21, 0xFE, 0x39, 0x02, 0x00, 0x00, 0x00, 0x00 }, // U+9986 馆
    { 0x00, 0x00, 0x00, 0x00, 0x20, 0x20, 0x23, 0xFE, 0x3A, 0x22, 0x4B, 0xFE, 0x4A, 0x22, 0x48, 0x20, 0x27, 0xFF, 0x20, 0x00, 0x23, 0xFE, 0x22, 0x22, 0x22, 0x22, 0x2A, 0x62, 0x00, 0x00, 0x00, 0x00 }, // U+9988 馈
    { 0x00, 0x00, 0x00, 0x00, 0x20, 0x80, 0x20, 0xFC, 0x7D, 0x08, 0x4F, 0xFE, 0x4A, 0x22, 0x2A, 0x22, 0x23, 0xFE, 0x22, 0x71, 0x21, 0x92, 0x22, 0x1E, 0x20, 0xE0, 0x38, 0x18, 0x00, 0x00, 0x00, 0x00 }, // U+998B 馋
    { 0x00, 0x00, 0x00, 0x00, 0x20, 0xC0, 0x23, 0x3E, 0x7E, 0x92, 0x4A, 0xD2, 0xCB, 0xF2, 0xA2, 0x6E, 0x20, 0x00, 0x23, 0xFE, 0x22, 0x22, 0x23, 0xFE, 0x2A, 0x22, 0x3A, 0x22, 0x00, 0x00, 0x00, 0x00 }, // U+998F 馏
    { 0x00, 0x00, 0x00, 0x00, 0x23, 0xFE, 0x22, 0x06, 0x7B, 0xFE, 0x4A, 0x06, 0xCB, 0xFE, 0xB0, 0x00, 0x27, 0xFE, 0x27, 0xFE, 0x24, 0x02, 0x20, 0x00, 0x2B, 0xFC, 0x38, 0x8C, 0x00, 0x00, 0x00, 0x00 }, // U+9992 馒
    { 0x00, 0x00, 0x08, 0x10, 0x04, 0x20, 0xFF, 0xFF, 0x01, 0x00, 0x01, 0x00, 0x3F, 0xFC, 0x20, 0x04, 0x20, 0x04, 0x3F, 0xFC, 0x20, 0x04, 0x3F, 0xFC, 0x20, 0x04, 0x20, 0x04, 0x00, 0x00, 0x00, 0x00 }, // U+9996 首
    { 0x00, 0x00, 0x00, 0x00, 0x3F, 0xFC, 0x01, 0x80, 0x01, 0x80, 0x7F, 0xFE, 0x07, 0xE0, 0x19, 0x98, 0x61, 0x86, 0x1F, 0xF8, 0x10, 0x08, 0x10, 0x08, 0x1F, 0xF8, 0x00, 0x00, 0x00, 0x00, 0x00, 0x00 }, // U+9999 香
    { 0x00, 0x00, 0x00, 0x00, 0x3F, 0xF8, 0x00, 0x18, 0x10, 0x10, 0x10, 0x10, 0x10, 0x10, 0x10, 0x10, 0x1F, 0xFE, 0x00, 0x02, 0x00, 0x02, 0xFF, 0xF2, 0x00, 0x02, 0x00, 0x00, 0x00, 0x00, 0x00, 0x00 }, // U+9A6C 马
    { 0x00, 0x00, 0x00, 0x00, 0x7D, 0xFE, 0x04, 0x86, 0x64, 0x84, 0x44, 0x84, 0x4C, 0xC4, 0x7E, 0x44, 0x06, 0x48, 0x06, 0x68, 0x06, 0x30, 0x14, 0x30, 0x64, 0x78, 0x84, 0xCC, 0x00, 0x00, 0x00, 0x00 }, // U+9A6D 驭
    { 0x00, 0x00, 0x00, 0x00, 0x7C, 0x30, 0x04, 0x30, 0x64, 0x30, 0x64, 0x30, 0x4D, 0xFF, 0x4C, 0x30, 0x7C, 0x30, 0x04, 0x30, 0x04, 0x30, 0x1C, 0x48, 0x74, 0x48, 0x84, 0x84, 0x00, 0x00, 0x00, 0x00 }, // U+9A6E 驮
    { 0x00, 0x00, 0x00, 0x00, 0x7C, 0x82, 0x0C, 0x92, 0x4C, 0x92, 0x48, 0x92, 0x48, 0x92, 0x48, 0x92, 0x7C, 0x92, 0x04, 0x92, 0x04, 0x92, 0x34, 0x92, 0xC5, 0x92, 0x05, 0x12, 0x00, 0x00, 0x00, 0x00 }, // U+9A6F 驯
    { 0x00, 0x00, 0x00, 0x00, 0x7C, 0x10, 0x0C, 0x90, 0x6C, 0x90, 0x4C, 0x96, 0x48, 0xBA, 0x49, 0xF2, 0x7F, 0x92, 0x04, 0x92, 0x04, 0x9E, 0x1C, 0x90, 0x64, 0x91, 0x84, 0x83, 0x00, 0x00, 0x00, 0x00 }, // U+9A70 驰
    { 0x00, 0x00, 0x00, 0x00, 0x7D, 0xFE, 0x09, 0x80, 0x49, 0xC4, 0x49, 0x64, 0x49, 0x2C, 0x49, 0x38, 0x49, 0x18, 0x7D, 0x18, 0x05, 0x38, 0x15, 0x24, 0x75, 0x64, 0x00, 0x00, 0x00, 0x00, 0x00, 0x00 }, // U+9A71 驱
    { 0x00, 0x00, 0x00, 0x00, 0x7D, 0x04, 0x0C, 0xCC, 0x0C, 0x78, 0x48, 0x78, 0x49, 0xCC, 0x4B, 0x06, 0x48, 0x8C, 0x7C, 0xC8, 0x04, 0x48, 0x04, 0x78, 0xF4, 0x30, 0x04, 0x30, 0x00, 0x00, 0x00, 0x00 }, // U+9A73 驳
    { 0x00, 0x00, 0x00, 0x00, 0x7C, 0x10, 0x0C, 0x10, 0x4C, 0xFE, 0x4C, 0x82, 0x48, 0x82, 0x48, 0x82, 0x7C, 0x82, 0x04, 0xFE, 0x14, 0x82, 0x65, 0x80, 0x85, 0x80, 0x05, 0x00, 0x00, 0x00, 0x00, 0x00 }, // U+9A74 驴
    { 0x00, 0x00, 0x00, 0x00, 0x00, 0x30, 0x7C, 0x30, 0x0D, 0xFE, 0x6D, 0x32, 0x4D, 0x32, 0x49, 0x32, 0x49, 0x32, 0x49, 0xFE, 0x7C, 0x32, 0x05, 0x20, 0x35, 0xA0, 0xE4, 0xE0, 0x00, 0x00, 0x00, 0x00 }, // U+9A76 驶
    { 0x00, 0x00, 0x00, 0x00, 0xF8, 0x80, 0x08, 0x80, 0x49, 0xFE, 0x49, 0x02, 0x4A, 0x02, 0x4B, 0xF2, 0x7D, 0x12, 0x05, 0x12, 0x05, 0x12, 0x3D, 0x12, 0xE5, 0xF2, 0x05, 0x02, 0x00, 0x00, 0x00, 0x00 }, // U+9A79 驹
    { 0x00, 0x00, 0x00, 0x00, 0x00, 0x20, 0x7C, 0x30, 0x04, 0x10, 0x65, 0xFF, 0x64, 0x10, 0x44, 0x10, 0x44, 0x10, 0x7E, 0x10, 0x07, 0xFE, 0x06, 0x10, 0x1E, 0x10, 0x74, 0x10, 0x00, 0x00, 0x00, 0x00 }, // U+9A7B 驻
    { 0x00, 0x00, 0x00, 0x00, 0x78, 0x20, 0x08, 0x30, 0x49, 0xFE, 0x49, 0x02, 0x49, 0x02, 0x48, 0x00, 0x7C, 0x84, 0x04, 0x8C, 0x04, 0xB0, 0x3C, 0xC2, 0xE4, 0x82, 0x04, 0x82, 0x00, 0x00, 0x00, 0x00 }, // U+9A7C 驼
    { 0x00, 0x00, 0x00, 0x00, 0x10, 0x00, 0x7F, 0x7E, 0x13, 0x42, 0x23, 0x42, 0x62, 0x7E, 0xCE, 0x42, 0x00, 0x00, 0x3F, 0xF8, 0x00, 0x10, 0x10, 0x10, 0x1F, 0xFE, 0x00, 0x06, 0x00, 0x00, 0x00, 0x00 }, // U+9A7E 驾
    { 0x00, 0x00, 0x00, 0x00, 0x7E, 0x7C, 0x42, 0x44, 0x42, 0x44, 0x7E, 0x7C, 0x00, 0x00, 0x3F, 0xF8, 0x00, 0x08, 0x10, 0x08, 0x10, 0x08, 0x1F, 0xFE, 0x00, 0x02, 0x7F, 0xF2, 0x00, 0x00, 0x00, 0x00 }, // U+9A82 骂
    { 0x00, 0x00, 0x00, 0x00, 0xF8, 0x0C, 0x09, 0xFE, 0x48, 0x20, 0x48, 0x20, 0x4B, 0xFE, 0x48, 0x50, 0x7C, 0xC8, 0x05, 0x84, 0x06, 0x8A, 0x3C, 0x88, 0xE4, 0x88, 0x04, 0x88, 0x00, 0x00, 0x00, 0x00 }, // U+9A84 骄
    { 0x00, 0x00, 0x00, 0x00, 0xFC, 0x40, 0x08, 0xC0, 0x48, 0xFE, 0x49, 0x84, 0x4B, 0x4C, 0x48, 0x30, 0x7C, 0x7C, 0x07, 0x86, 0x04, 0xFC, 0x74, 0x84, 0xC4, 0x84, 0x04, 0x84, 0x00, 0x00, 0x00, 0x00 }, // U+9A86 骆
    { 0x00, 0x00, 0x00, 0x00, 0x7C, 0x20, 0x08, 0x10, 0x4B, 0xFF, 0x48, 0x60, 0x48, 0xC4, 0x49, 0x88, 0x7D, 0xF8, 0x04, 0x32, 0x04, 0x66, 0x34, 0xCC, 0xE7, 0x18, 0x04, 0x3C, 0x00, 0x00, 0x00, 0x00 }, // U+9A87 骇
    { 0x00, 0x00, 0x00, 0x00, 0xF8, 0x30, 0x09, 0xFE, 0x49, 0x32, 0x49, 0xFE, 0x49, 0x32, 0x49, 0xFE, 0x7D, 0x02, 0x04, 0x00, 0x07, 0xFF, 0x7C, 0x80, 0xC4, 0xFE, 0x0C, 0x04, 0x00, 0x00, 0x00, 0x00 }, // U+9A8B 骋
    { 0x00, 0x00, 0x00, 0x00, 0x00, 0x20, 0xF8, 0x70, 0x08, 0x50, 0x48, 0x88, 0x49, 0x84, 0x4B, 0x06, 0x4B, 0xFD, 0x7C, 0x00, 0x05, 0x24, 0x05, 0x24, 0x7D, 0x24, 0xCD, 0xAC, 0x00, 0x00, 0x00, 0x00 }, // U+9A8C 验
    { 0x00, 0x00, 0x00, 0x00, 0xF8, 0x20, 0x08, 0x68, 0x48, 0xCC, 0x49, 0x86, 0x49, 0xFE, 0x7C, 0x88, 0x0D, 0x06, 0x0E, 0x43, 0x0C, 0xFC, 0x39, 0x84, 0xEA, 0x48, 0x08, 0x30, 0x00, 0x00, 0x00, 0x00 }, // U+9A8F 骏
    { 0x00, 0x00, 0x00, 0x00, 0x78, 0x20, 0x08, 0x20, 0x49, 0xFE, 0x48, 0x20, 0x48, 0xD8, 0x49, 0x86, 0x7F, 0xFF, 0x04, 0x04, 0x05, 0xE4, 0x7D, 0x24, 0xC5, 0x24, 0x05, 0xE4, 0x00, 0x00, 0x00, 0x00 }, // U+9A91 骑
    { 0x00, 0x00, 0x00, 0x00, 0x00, 0x20, 0x78, 0x20, 0x0B, 0xFE, 0x4A, 0x02, 0x4B, 0xFE, 0x4A, 0x02, 0x4A, 0x00, 0x7F, 0xFE, 0x0B, 0xAA, 0x0A, 0xAA, 0x3A, 0xFE, 0xCA, 0xAA, 0x00, 0x00, 0x00, 0x00 }, // U+9A97 骗
    { 0x00, 0x00, 0x00, 0x00, 0xFB, 0xFE, 0x09, 0x24, 0x48, 0xAC, 0x48, 0xD8, 0x48, 0x70, 0x4B, 0x8E, 0x48, 0x20, 0x7D, 0xFC, 0x05, 0x24, 0x7D, 0x24, 0xC5, 0xFC, 0x0C, 0x24, 0x00, 0x00, 0x00, 0x00 }, // U+9A9A 骚
    { 0x00, 0x00, 0x00, 0x00, 0xFB, 0xFE, 0x0A, 0x22, 0x4B, 0xFE, 0x4A, 0x22, 0x4A, 0x22, 0x4B, 0xFE, 0x7C, 0xC4, 0x05, 0xF8, 0x05, 0xF4, 0x3F, 0xC6, 0xED, 0xFE, 0x0C, 0xA8, 0x00, 0x00, 0x00, 0x00 }, // U+9AA1 骡
    { 0x00, 0x00, 0x00, 0x00, 0x7B, 0xE0, 0x0A, 0x5E, 0x4B, 0xD2, 0x4A, 0x4E, 0x4B, 0xCC, 0x4A, 0xEA, 0x4B, 0x50, 0x78, 0x04, 0x0B, 0xF0, 0xF8, 0x32, 0x09, 0xBC, 0x00, 0x00, 0x00, 0x00, 0x00, 0x00 }, // U+9AA4 骤
    { 0x00, 0x00, 0x00, 0x00, 0x1F, 0xF8, 0x10, 0x08, 0x1F, 0x88, 0x10, 0x88, 0x10, 0x88, 0x7F, 0xFE, 0x40, 0x02, 0x1F, 0xF8, 0x10, 0x08, 0x1F, 0xF8, 0x10, 0x08, 0x1F, 0xF8, 0x00, 0x00, 0x00, 0x00 }, // U+9AA8 骨
    { 0x00, 0x00, 0x00, 0x00, 0x7E, 0x10, 0x42, 0x10, 0x73, 0xFF, 0x42, 0x20, 0xFF, 0x64, 0x81, 0x44, 0x3F, 0xF8, 0x27, 0xD2, 0x3C, 0x22, 0x24, 0xC4, 0x3D, 0x88, 0x24, 0x3C, 0x00, 0x00, 0x00, 0x00 }, // U+9AB8 骸
    { 0x00, 0x00, 0x00, 0x00, 0x7D, 0x10, 0x45, 0x7F, 0x75, 0x20, 0x55, 0xFE, 0xFD, 0x7F, 0x7D, 0x3E, 0x45, 0x22, 0x45, 0x3E, 0x7D, 0x22, 0x45, 0x3E, 0x7D, 0x22, 0x47, 0xEE, 0x00, 0x00, 0x00, 0x00 }, // U+9AD3 髓
    { 0x00, 0x00, 0x00, 0x00, 0x01, 0x00, 0xFF, 0xFF, 0x00, 0x00, 0x1F, 0xF8, 0x10, 0x08, 0x1F, 0xF8, 0x00, 0x00, 0x7F, 0xFE, 0x40, 0x02, 0x47, 0xF2, 0x44, 0x32, 0x47, 0xF2, 0x00, 0x00, 0x00, 0x00 }, // U+9AD8 高
    { 0x00, 0x00, 0x00, 0x00, 0x3F, 0x04, 0x20, 0x18, 0x3F, 0x46, 0x20, 0x18, 0x7F, 0x62, 0x22, 0x1C, 0x22, 0x60, 0x7F, 0xFE, 0x40, 0x02, 0x1F, 0xF8, 0x00, 0x00, 0x7F, 0xFE, 0x00, 0x00, 0x00, 0x00 }, // U+9B03 鬃
    { 0x00, 0x00, 0x01, 0x00, 0x01, 0x00, 0x3F, 0xFC, 0x21, 0x04, 0x21, 0x04, 0x3F, 0xFC, 0x21, 0x04, 0x21, 0x04, 0x3F, 0xFC, 0x22, 0x34, 0x03, 0xA8, 0x05, 0xEC, 0x0D, 0xE5, 0x00, 0x00, 0x00, 0x00 }, // U+9B3C 鬼
    { 0x00, 0x00, 0x00, 0x00, 0x08, 0x04, 0x18, 0x44, 0x7F, 0x24, 0x49, 0x14, 0x49, 0x44, 0x7F, 0x64, 0x49, 0x24, 0x49, 0x0E, 0x7F, 0xFC, 0x5D, 0x04, 0x1D, 0x44, 0x37, 0xE5, 0x00, 0x00, 0x00, 0x00 }, // U+9B41 魁
    { 0x00, 0x00, 0x00, 0x00, 0x00, 0x40, 0x00, 0x40, 0x7B, 0xFE, 0x02, 0x22, 0x02, 0x22, 0xFF, 0xFE, 0x22, 0x22, 0x2A, 0x22, 0x2B, 0xFE, 0x48, 0x68, 0x5C, 0xA4, 0x65, 0x3F, 0x00, 0x00, 0x00, 0x00 }, // U+9B42 魂
    { 0x00, 0x00, 0x00, 0x00, 0x30, 0x20, 0x23, 0xFE, 0x7A, 0x22, 0x4A, 0x22, 0x4B, 0xFE, 0x4A, 0x22, 0x7A, 0x62, 0x4B, 0xFE, 0x4A, 0x42, 0x48, 0xE8, 0x49, 0xB4, 0x7B, 0x3F, 0x00, 0x00, 0x00, 0x00 }, // U+9B44 魄
    { 0x00, 0x00, 0x00, 0x00, 0x0E, 0x20, 0x7D, 0xFE, 0x11, 0x12, 0xFF, 0x12, 0x31, 0xFE, 0x7D, 0x32, 0x93, 0x22, 0x11, 0xFE, 0xFF, 0x22, 0x64, 0x70, 0x74, 0x78, 0x1C, 0xDF, 0x00, 0x00, 0x00, 0x00 }, // U+9B4F 魏
    { 0x00, 0x00, 0x00, 0x80, 0x00, 0x80, 0x3F, 0xFF, 0x22, 0x00, 0x3F, 0xFE, 0x27, 0x3C, 0x3A, 0xC2, 0x2F, 0xFC, 0x28, 0x84, 0x2F, 0xFC, 0x28, 0x84, 0x6F, 0xFC, 0x41, 0xC0, 0x00, 0x00, 0x00, 0x00 }, // U+9B54 魔
    { 0x00, 0x00, 0x00, 0x00, 0x04, 0x00, 0x0F, 0xF0, 0x10, 0x20, 0x30, 0x60, 0x7F, 0xFC, 0x71, 0x8C, 0x21, 0x84, 0x3F, 0xFC, 0x21, 0x84, 0x21, 0x84, 0x3F, 0xFC, 0x30, 0x0C, 0x00, 0x00, 0x00, 0x00 }, // U+9C7C 鱼
    { 0x00, 0x00, 0x00, 0x00, 0x08, 0x00, 0x1F, 0xE0, 0x20, 0x40, 0x7F, 0xFC, 0x21, 0x84, 0x3F, 0xFC, 0x21, 0x84, 0x3F, 0xFC, 0x00, 0x00, 0x7F, 0xFE, 0x20, 0x04, 0x3F, 0xFC, 0x00, 0x00, 0x00, 0x00 }, // U+9C81 鲁
    { 0x00, 0x00, 0x00, 0x00, 0x20, 0x40, 0x3C, 0xC0, 0x48, 0xFE, 0x49, 0x82, 0xFF, 0xF2, 0x54, 0x92, 0x54, 0x92, 0x7C, 0x92, 0x54, 0xF6, 0x54, 0x84, 0x7C, 0xBD, 0x40, 0x83, 0x00, 0x00, 0x00, 0x00 }, // U+9C8D 鲍
    { 0x00, 0x00, 0x10, 0x84, 0x30, 0x44, 0x3C, 0x4C, 0x44, 0x08, 0x48, 0xFF, 0x7E, 0x10, 0x4A, 0x10, 0x4A, 0xFE, 0x7E, 0x10, 0x4A, 0x10, 0x4A, 0x10, 0x7F, 0xFF, 0x42, 0x10, 0x00, 0x00, 0x00, 0x00 }, // U+9C9C 鲜
    { 0x00, 0x00, 0x00, 0x00, 0x21, 0xFE, 0x39, 0x12, 0x49, 0x12, 0x49, 0xFE, 0xFD, 0x12, 0x55, 0x12, 0x55, 0x12, 0x7D, 0xFE, 0x55, 0x12, 0x54, 0x10, 0x7D, 0xFE, 0x00, 0x10, 0x00, 0x00, 0x00, 0x00 }, // U+9CA4 鲤
    { 0x00, 0x00, 0x00, 0x00, 0x10, 0x20, 0x3C, 0x10, 0x4D, 0xFF, 0x48, 0x00, 0xFC, 0xFE, 0x50, 0x82, 0x50, 0x82, 0x7C, 0xFE, 0x50, 0x92, 0x50, 0x10, 0x7C, 0x94, 0x41, 0x92, 0x00, 0x00, 0x00, 0x00 }, // U+9CB8 鲸
    { 0x00, 0x00, 0x00, 0x00, 0x21, 0xFE, 0x3D, 0x12, 0x49, 0x12, 0x49, 0xFE, 0x7D, 0x12, 0x55, 0x12, 0x55, 0x12, 0x7D, 0xFE, 0x54, 0x20, 0x55, 0x50, 0x7D, 0x52, 0x41, 0x46, 0x00, 0x00, 0x00, 0x00 }, // U+9CC3 鳃
    { 0x00, 0x00, 0x00, 0x00, 0x49, 0x20, 0x2A, 0x3F, 0x7F, 0x64, 0x5B, 0x98, 0x6B, 0x18, 0x41, 0xE2, 0x08, 0x00, 0x1F, 0xF0, 0x30, 0x20, 0x7F, 0xFC, 0x61, 0x84, 0x3F, 0xFC, 0x00, 0x00, 0x00, 0x00 }, // U+9CD6 鳖
    { 0x00, 0x00, 0x00, 0x00, 0x20, 0x20, 0x39, 0x26, 0x48, 0xA4, 0x13, 0xFE, 0xFC, 0x78, 0x55, 0xA4, 0x56, 0x23, 0x7D, 0x04, 0x55, 0xC4, 0x56, 0x5F, 0x79, 0x54, 0x40, 0x94, 0x00, 0x00, 0x00, 0x00 }, // U+9CDE 鳞
    { 0x00, 0x00, 0x03, 0x00, 0x02, 0x00, 0x3F, 0xF8, 0x30, 0x08, 0x33, 0x08, 0x31, 0x88, 0x30, 0x18, 0x30, 0xF0, 0x30, 0x00, 0x3F, 0xFE, 0x00, 0x06, 0x00, 0x06, 0xFF, 0xF6, 0x00, 0x00, 0x00, 0x00 }, // U+9E1F 鸟
    { 0x00, 0x00, 0x00, 0x00, 0x00, 0x20, 0xFC, 0x40, 0x05, 0xFC, 0x45, 0xA4, 0x49, 0x24, 0x29, 0x04, 0x39, 0x3C, 0x19, 0x00, 0x19, 0xFE, 0x38, 0x02, 0x25, 0xFA, 0x44, 0x02, 0x00, 0x00, 0x00, 0x00 }, // U+9E21 鸡
    { 0x00, 0x00, 0x00, 0x00, 0x00, 0x40, 0x79, 0xFC, 0x49, 0x04, 0x49, 0x64, 0x49, 0x24, 0x49, 0x04, 0x49, 0x3C, 0x49, 0x00, 0x49, 0xFE, 0x48, 0x02, 0x48, 0x02, 0x7B, 0xFA, 0x00, 0x00, 0x00, 0x00 }, // U+9E23 鸣
    { 0x00, 0x00, 0x00, 0x00, 0x00, 0x20, 0x7E, 0xFE, 0x40, 0x86, 0x52, 0xA6, 0x54, 0x94, 0x5C, 0x84, 0x4C, 0xBC, 0x4C, 0x80, 0x5C, 0xFE, 0x56, 0x02, 0x72, 0xFA, 0x40, 0x02, 0x00, 0x00, 0x00, 0x00 }, // U+9E25 鸥
    { 0x00, 0x00, 0x00, 0x00, 0x7E, 0x10, 0x0C, 0x30, 0x6C, 0xFE, 0x4C, 0xA2, 0x4C, 0x92, 0x4C, 0x86, 0x7F, 0x9C, 0x1C, 0x80, 0x1C, 0xFE, 0x2C, 0x02, 0x6D, 0xFA, 0x4C, 0x02, 0x00, 0x00, 0x00, 0x00 }, // U+9E26 鸦
    { 0x00, 0x00, 0x00, 0x00, 0x7E, 0x20, 0x5A, 0x20, 0x5A, 0xFE, 0x5A, 0xB2, 0x7E, 0x92, 0x5A, 0x86, 0x5A, 0xBC, 0x5A, 0x80, 0x7E, 0xFE, 0x5A, 0x02, 0x18, 0xFA, 0x18, 0x02, 0x00, 0x00, 0x00, 0x00 }, // U+9E2D 鸭
    { 0x00, 0x00, 0x00, 0x00, 0x01, 0x80, 0x3F, 0xFC, 0x21, 0x0C, 0x7F, 0xFF, 0x06, 0x20, 0x19, 0x1C, 0x7F, 0xFE, 0x12, 0x08, 0x11, 0x18, 0x1F, 0xFE, 0x00, 0x06, 0x7F, 0xF4, 0x00, 0x00, 0x00, 0x00 }, // U+9E2F 鸯
    { 0x00, 0x00, 0x00, 0x00, 0x10, 0x00, 0x3E, 0xFC, 0x42, 0xC4, 0x1C, 0xDC, 0x18, 0xC2, 0x7F, 0xFE, 0x26, 0x08, 0x21, 0x78, 0x20, 0x00, 0x3F, 0xFE, 0x00, 0x02, 0x7F, 0xF2, 0x00, 0x00, 0x00, 0x00 }, // U+9E33 鸳
    { 0x00, 0x00, 0x00, 0x00, 0x10, 0x20, 0x30, 0x10, 0x7F, 0xFE, 0x53, 0x82, 0x4B, 0x82, 0x44, 0xC0, 0x5C, 0xC4, 0x40, 0xD8, 0x7E, 0xE0, 0x02, 0xC0, 0x1E, 0xC2, 0xE2, 0xC2, 0x00, 0x00, 0x00, 0x00 }, // U+9E35 鸵
    { 0x00, 0x00, 0x00, 0x00, 0x10, 0x20, 0x38, 0x20, 0x3C, 0xFE, 0x66, 0xA6, 0xC2, 0x94, 0x7C, 0x84, 0x00, 0xBC, 0x00, 0x80, 0x7E, 0xFE, 0x46, 0x02, 0x43, 0xFA, 0x42, 0x02, 0x00, 0x00, 0x00, 0x00 }, // U+9E3D 鸽
    { 0x00, 0x00, 0x00, 0x00, 0x40, 0x30, 0x40, 0x30, 0x3F, 0xFE, 0x24, 0xF6, 0x44, 0xD4, 0x64, 0xC4, 0x24, 0xFC, 0x04, 0xC0, 0x24, 0xFE, 0x27, 0x02, 0x7D, 0xFA, 0x40, 0x02, 0x00, 0x00, 0x00, 0x00 }, // U+9E3F 鸿
    { 0x00, 0x00, 0x00, 0x00, 0x7E, 0x10, 0x42, 0x30, 0x42, 0xFC, 0x7E, 0xA4, 0x00, 0x94, 0x7E, 0x84, 0x42, 0x9C, 0x42, 0x80, 0x7E, 0xFE, 0x42, 0x02, 0x7E, 0xFA, 0x42, 0x02, 0x00, 0x00, 0x00, 0x00 }, // U+9E43 鹃
    { 0x00, 0x00, 0x00, 0x00, 0x04, 0x10, 0x1E, 0x30, 0x67, 0x7E, 0x25, 0x52, 0x24, 0x52, 0xFF, 0x46, 0x24, 0x5C, 0x25, 0x40, 0x37, 0x7E, 0xE6, 0x02, 0x26, 0xFA, 0x2C, 0x82, 0x00, 0x00, 0x00, 0x00 }, // U+9E45 鹅
    { 0x00, 0x00, 0x00, 0x00, 0x24, 0x10, 0x24, 0x10, 0x7F, 0x7E, 0x24, 0x42, 0x24, 0x52, 0xFF, 0x52, 0x00, 0x5C, 0x7E, 0x40, 0x42, 0x7F, 0x7E, 0x02, 0x42, 0xFE, 0x42, 0x02, 0x00, 0x00, 0x00, 0x00 }, // U+9E4A 鹊
    { 0x00, 0x00, 0x00, 0x00, 0x77, 0x98, 0x54, 0x90, 0x54, 0xBE, 0x54, 0xB2, 0x77, 0xAA, 0x54, 0xA2, 0x54, 0xBC, 0x54, 0xA0, 0x77, 0xBE, 0x54, 0x82, 0x54, 0xFA, 0x54, 0x82, 0x00, 0x00, 0x00, 0x00 }, // U+9E4F 鹏
    { 0x00, 0x00, 0x00, 0x00, 0x08, 0x10, 0x08, 0x10, 0x7F, 0x7E, 0x51, 0x42, 0x24, 0x52, 0x3F, 0x46, 0x64, 0x5C, 0xFF, 0x40, 0x24, 0x7E, 0x3F, 0x02, 0x24, 0xFA, 0x24, 0x02, 0x00, 0x00, 0x00, 0x00 }, // U+9E64 鹤
    { 0x00, 0x00, 0x00, 0x00, 0x00, 0x80, 0x3F, 0xFE, 0x25, 0x10, 0x29, 0xFE, 0x2B, 0x10, 0x3F, 0xFE, 0x29, 0x10, 0x2F, 0xFE, 0x2D, 0x08, 0x6C, 0xB8, 0x47, 0xFE, 0x40, 0x02, 0x00, 0x00, 0x00, 0x00 }, // U+9E70 鹰
    { 0x00, 0x00, 0x00, 0x80, 0x00, 0x80, 0x3F, 0xFF, 0x22, 0x20, 0x22, 0x20, 0x3F, 0xFE, 0x22, 0x22, 0x22, 0x22, 0x3F, 0xFE, 0x20, 0x02, 0x24, 0x20, 0x27, 0xA6, 0x24, 0x38, 0x00, 0x00, 0x00, 0x00 }, // U+9E7F 鹿
    { 0x00, 0x00, 0x00, 0x00, 0x08, 0x10, 0x7F, 0xFE, 0x1C, 0x7C, 0x2B, 0x92, 0x49, 0x90, 0x3F, 0xFE, 0x22, 0x20, 0x3F, 0xFE, 0x22, 0x22, 0x7F, 0xFE, 0x48, 0x46, 0x4F, 0x7A, 0x00, 0x00, 0x00, 0x00 }, // U+9E93 麓
    { 0x00, 0x00, 0x00, 0x00, 0x01, 0x80, 0x7F, 0xFE, 0x01, 0x80, 0x3F, 0xFE, 0x01, 0x80, 0x01, 0x80, 0xFF, 0xFF, 0x0C, 0x00, 0x0F, 0xF8, 0x1C, 0x18, 0x26, 0x30, 0x43, 0xC0, 0x00, 0x00, 0x00, 0x00 }, // U+9EA6 麦
    { 0x00, 0x00, 0x00, 0x00, 0x00, 0x80, 0x00, 0x80, 0x3F, 0xFE, 0x20, 0x00, 0x22, 0x10, 0x22, 0x10, 0x3F, 0xFE, 0x26, 0x18, 0x27, 0x38, 0x2E, 0xB4, 0x2A, 0x54, 0x72, 0x92, 0x00, 0x00, 0x00, 0x00 }, // U+9EBB 麻
    { 0x00, 0x00, 0x00, 0x00, 0x04, 0x20, 0x7F, 0xFE, 0x04, 0x20, 0x04, 0x20, 0xFF, 0xFF, 0x01, 0x80, 0x3F, 0xFC, 0x21, 0x84, 0x3F, 0xFC, 0x21, 0x84, 0x3F, 0xFC, 0x20, 0x04, 0x00, 0x00, 0x00, 0x00 }, // U+9EC4 黄
    { 0x00, 0x00, 0x00, 0x00, 0x00, 0x1C, 0x7F, 0xFC, 0x01, 0x80, 0x7F, 0xFE, 0x07, 0x80, 0x19, 0xF8, 0x61, 0x86, 0x06, 0xC0, 0x18, 0x98, 0x4C, 0xB6, 0x06, 0xE0, 0x0F, 0xE0, 0x00, 0x00, 0x00, 0x00 }, // U+9ECD 黍
    { 0x00, 0x00, 0x00, 0x00, 0x06, 0x40, 0x78, 0x40, 0x08, 0xFE, 0x7E, 0x92, 0x1C, 0x22, 0x2C, 0x46, 0x4B, 0x9C, 0x4A, 0xC0, 0x0C, 0x30, 0x38, 0x9C, 0x46, 0xE6, 0x00, 0x80, 0x00, 0x00, 0x00, 0x00 }, // U+9ECE 黎
    { 0x00, 0x00, 0x00, 0x00, 0x00, 0x00, 0x3F, 0xFC, 0x21, 0x84, 0x29, 0x94, 0x25, 0xA4, 0x3F, 0xFC, 0x01, 0x80, 0x3F, 0xFE, 0x01, 0x80, 0x01, 0x80, 0xFF, 0xFF, 0x00, 0x00, 0x00, 0x00, 0x00, 0x00 }, // U+9ED1 黑
    { 0x00, 0x00, 0x00, 0x00, 0x7E, 0x10, 0x4A, 0x38, 0x6E, 0x2C, 0x7E, 0x44, 0x4A, 0x92, 0x7F, 0x90, 0x08, 0x00, 0x7E, 0xFE, 0x08, 0x06, 0x7E, 0x04, 0x00, 0x0C, 0x55, 0x08, 0x00, 0x00, 0x00, 0x00 }, // U+9ED4 黔
    { 0x00, 0x00, 0x00, 0x00, 0x00, 0x10, 0x7F, 0x14, 0x49, 0x14, 0x49, 0x12, 0x49, 0x10, 0x7F, 0xFE, 0x08, 0x10, 0x08, 0x10, 0x7F, 0x30, 0x08, 0x38, 0x7F, 0x28, 0x04, 0x6C, 0x00, 0x00, 0x00, 0x00 }, // U+9ED8 默
    { 0x00, 0x00, 0x00, 0x00, 0x0F, 0xF0, 0x28, 0x12, 0x2F, 0xF2, 0x28, 0x12, 0x2F, 0xF2, 0x28, 0x12, 0x2F, 0xF2, 0x20, 0x02, 0x3E, 0x7E, 0x02, 0x40, 0x7E, 0x7E, 0x32, 0x42, 0x00, 0x00, 0x00, 0x00 }, // U+9F0E 鼎
    { 0x00, 0x00, 0x00, 0x00, 0x18, 0x10, 0x18, 0x10, 0xFF, 0x10, 0x18, 0xFE, 0x18, 0x10, 0x7E, 0x10, 0x00, 0xFE, 0x7E, 0xC6, 0x42, 0x44, 0x7E, 0x4C, 0x22, 0x28, 0x24, 0x30, 0x00, 0x00, 0x00, 0x00 }, // U+9F13 鼓
    { 0x00, 0x00, 0x00, 0x00, 0x06, 0x00, 0x30, 0xFC, 0x20, 0x04, 0x3E, 0xFC, 0x20, 0x04, 0x20, 0x04, 0x3F, 0xFC, 0x00, 0x00, 0x29, 0x48, 0x25, 0x28, 0x39, 0x48, 0x25, 0x29, 0x00, 0x00, 0x00, 0x00 }, // U+9F20 鼠
    { 0x00, 0x00, 0x00, 0x00, 0x01, 0x00, 0x1F, 0xF8, 0x10, 0x08, 0x1F, 0xF8, 0x10, 0x08, 0x1F, 0xF8, 0x00, 0x00, 0x3F, 0xFC, 0x21, 0x84, 0x3F, 0xFC, 0x21, 0x84, 0xFF, 0xFF, 0x00, 0x00, 0x00, 0x00 }, // U+9F3B 鼻
    { 0x00, 0x00, 0x00, 0x00, 0x01, 0x00, 0x01, 0x80, 0x7F, 0xFE, 0x08, 0x10, 0x0C, 0x30, 0x06, 0xC0, 0x03, 0xC0, 0x1E, 0x78, 0x60, 0x0E, 0x0C, 0x10, 0x0C, 0x10, 0x08, 0x10, 0x00, 0x00, 0x00, 0x00 }, // U+9F50 齐
    { 0x00, 0x00, 0x00, 0x80, 0x10, 0x80, 0x10, 0xFE, 0x10, 0x80, 0x10, 0x80, 0xFF, 0xFF, 0x00, 0x00, 0x20, 0x04, 0x20, 0x84, 0x21, 0x84, 0x23, 0xC4, 0x26, 0x74, 0x28, 0x14, 0x00, 0x00, 0x00, 0x00 }, // U+9F7F 齿
    { 0x00, 0x00, 0x00, 0x00, 0x08, 0x10, 0x48, 0x30, 0x4F, 0x28, 0x48, 0x48, 0x48, 0x44, 0xFF, 0xA2, 0x09, 0x10, 0x4A, 0x10, 0x5A, 0x00, 0x5A, 0xFE, 0x56, 0x04, 0x66, 0x48, 0x00, 0x00, 0x00, 0x00 }, // U+9F84 龄
    { 0x00, 0x00, 0x00, 0x00, 0x08, 0x06, 0x48, 0xFE, 0x4E, 0x10, 0x48, 0xFE, 0x48, 0x92, 0xFE, 0xFE, 0x10, 0x92, 0x52, 0x10, 0x5A, 0xFE, 0x7A, 0x92, 0x66, 0x92, 0x42, 0xFE, 0x00, 0x00, 0x00, 0x00 }, // U+9F8B 龋
    { 0x00, 0x00, 0x00, 0x00, 0x06, 0x20, 0x06, 0x10, 0x04, 0x08, 0xFF, 0xFF, 0x04, 0xC0, 0x04, 0x84, 0x04, 0x8C, 0x04, 0x98, 0x0C, 0xB0, 0x08, 0xE2, 0x08, 0xC3, 0x1B, 0x82, 0x00, 0x00, 0x00, 0x00 }, // U+9F99 龙
    { 0x00, 0x00, 0x00, 0x00, 0x02, 0x20, 0x02, 0x10, 0x7F, 0xFE, 0x06, 0x48, 0x0C, 0x72, 0x31, 0xC2, 0x42, 0x7E, 0x04, 0x20, 0x7F, 0xFE, 0x04, 0x20, 0x04, 0x20, 0xFF, 0xFF, 0x00, 0x00, 0x00, 0x00 }, // U+9F9A 龚
    { 0x00, 0x00, 0x00, 0x00, 0x04, 0x00, 0x0F, 0xF0, 0x10, 0x20, 0x20, 0x40, 0x7F, 0xFC, 0x21, 0x0C, 0x21, 0x0C, 0x3F, 0xFC, 0x21, 0x0C, 0x21, 0x0C, 0x3F, 0xFD, 0x21, 0x03, 0x00, 0x00, 0x00, 0x00 }, // U+9F9F 龟
    { 0x00, 0x00, 0x00, 0x00, 0x18, 0x00, 0x18, 0x00, 0x18, 0x00, 0x18, 0x00, 0x18, 0x00, 0x18, 0x00, 0x18, 0x00, 0x18, 0x00, 0x00, 0x00, 0x00, 0x00, 0x18, 0x00, 0x00, 0x00, 0x00, 0x00, 0x00, 0x00 }, // U+FF01 ！
    { 0x00, 0x00, 0x00, 0x00, 0x00, 0x00, 0x00, 0x00, 0x00, 0x00, 0x00, 0x00, 0x02, 0x40, 0x02, 0x40, 0x02, 0x40, 0x02, 0x40, 0x00, 0x00, 0x00, 0x00, 0x00, 0x00, 0x00, 0x00, 0x00, 0x00, 0x00, 0x00 }, // U+FF02 ＂
    { 0x00, 0x00, 0x00, 0x00, 0x01, 0x20, 0x01, 0x20, 0x02, 0x20, 0x0F, 0xF8, 0x02, 0x40, 0x02, 0x40, 0x1F, 0xF0, 0x04, 0xC0, 0x04, 0x80, 0x04, 0x80, 0x04, 0x80, 0x00, 0x00, 0x00, 0x00, 0x00, 0x00 }, // U+FF03 ＃
    { 0x00, 0x00, 0x00, 0x80, 0x00, 0x80, 0x03, 0xE0, 0x07, 0xA0, 0x04, 0x80, 0x0C, 0x80, 0x06, 0x80, 0x03, 0x80, 0x01, 0xC0, 0x00, 0xE0, 0x00, 0xB0, 0x00, 0xB0, 0x0D, 0xE0, 0x00, 0x00, 0x00, 0x00 }, // U+FF04 ＄
    { 0x00, 0x00, 0x00, 0x00, 0x1C, 0x10, 0x26, 0x30, 0x22, 0x20, 0x22, 0x40, 0x22, 0xC0, 0x3C, 0x80, 0x01, 0x3C, 0x03, 0x44, 0x02, 0x44, 0x04, 0x44, 0x0C, 0x64, 0x00, 0x00, 0x00, 0x00, 0x00, 0x00 }, // U+FF05 ％
    { 0x00, 0x00, 0x00, 0x00, 0x03, 0x80, 0x04, 0xC0, 0x0C, 0x60, 0x0C, 0x40, 0x06, 0xC0, 0x07, 0x00, 0x0D, 0x88, 0x18, 0xC8, 0x10, 0x78, 0x10, 0x30, 0x1C, 0xF8, 0x00, 0x00, 0x00, 0x00, 0x00, 0x00 }, // U+FF06 ＆
    { 0x00, 0x00, 0x00, 0x00, 0x00, 0x00, 0x00, 0x00, 0x00, 0x00, 0x00, 0x00, 0x01, 0x80, 0x01, 0x80, 0x01, 0x80, 0x00, 0x00, 0x00, 0x00, 0x00, 0x00, 0x00, 0x00, 0x00, 0x00, 0x00, 0x00, 0x00, 0x00 }, // U+FF07 ＇
    { 0x00, 0x00, 0x00, 0x00, 0x00, 0x04, 0x00, 0x08, 0x00, 0x08, 0x00, 0x18, 0x00, 0x10, 0x00, 0x10, 0x00, 0x10, 0x00, 0x30, 0x00, 0x10, 0x00, 0x10, 0x00, 0x10, 0x00, 0x00, 0x00, 0x00, 0x00, 0x00 }, // U+FF08 （
    { 0x00, 0x00, 0x00, 0x00, 0x20, 0x00, 0x10, 0x00, 0x10, 0x00, 0x08, 0x00, 0x08, 0x00, 0x08, 0x00, 0x08, 0x00, 0x0C, 0x00, 0x08, 0x00, 0x08, 0x00, 0x08, 0x00, 0x00, 0x00, 0x00, 0x00, 0x00, 0x00 }, // U+FF09 ）
    { 0x00, 0x00, 0x00, 0x00, 0x00, 0x00, 0x00, 0x00, 0x00, 0x00, 0x01, 0x80, 0x00, 0x00, 0x07, 0xE0, 0x01, 0x80, 0x03, 0xC0, 0x02, 0x40, 0x00, 0x00, 0x00, 0x00, 0x00, 0x00, 0x00, 0x00, 0x00, 0x00 }, // U+FF0A ＊
    { 0x00, 0x00, 0x00, 0x00, 0x00, 0x00, 0x00, 0x00, 0x01, 0x80, 0x01, 0x80, 0x01, 0x80, 0x0F, 0xF0, 0x01, 0x80, 0x01, 0x80, 0x01, 0x80, 0x01, 0x80, 0x00, 0x00, 0x00, 0x00, 0x00, 0x00, 0x00, 0x00 }, // U+FF0B ＋
    { 0x00, 0x00, 0x00, 0x00, 0x00, 0x00, 0x00, 0x00, 0x00, 0x00, 0x00, 0x00, 0x00, 0x00, 0x18, 0x00, 0x00, 0x00, 0x00, 0x00, 0x00, 0x00, 0x00, 0x00, 0x00, 0x00, 0x00, 0x00, 0x00, 0x00, 0x00, 0x00 }, // U+FF0C ，
    { 0x00, 0x00, 0x00, 0x00, 0x00, 0x00, 0x00, 0x00, 0x00, 0x00, 0x00, 0x00, 0x00, 0x00, 0x03, 0xC0, 0x00, 0x00, 0x00, 0x00, 0x00, 0x00, 0x00, 0x00, 0x00, 0x00, 0x00, 0x00, 0x00, 0x00, 0x00, 0x00 }, // U+FF0D －
    { 0x00, 0x00, 0x00, 0x00, 0x00, 0x00, 0x00, 0x00, 0x00, 0x00, 0x00, 0x00, 0x00, 0x00, 0x18, 0x00, 0x00, 0x00, 0x00, 0x00, 0x00, 0x00, 0x00, 0x00, 0x00, 0x00, 0x00, 0x00, 0x00, 0x00, 0x00, 0x00 }, // U+FF0E ．
    { 0x00, 0x00, 0x00, 0x00, 0x00, 0x20, 0x00, 0x60, 0x00, 0x60, 0x00, 0x40, 0x00, 0xC0, 0x00, 0x80, 0x01, 0x80, 0x01, 0x00, 0x01, 0x00, 0x03, 0x00, 0x02, 0x00, 0x00, 0x00, 0x00, 0x00, 0x00, 0x00 }, // U+FF0F ／
    { 0x00, 0x00, 0x00, 0x00, 0x03, 0xC0, 0x06, 0x60, 0x0C, 0x30, 0x0C, 0x30, 0x08, 0x10, 0x08, 0x10, 0x08, 0x10, 0x08, 0x10, 0x0C, 0x30, 0x0C, 0x30, 0x06, 0x60, 0x00, 0x00, 0x00, 0x00, 0x00, 0x00 }, // U+FF10 ０
    { 0x00, 0x00, 0x00, 0x00, 0x03, 0x80, 0x07, 0x80, 0x00, 0x80, 0x00, 0x80, 0x00, 0x80, 0x00, 0x80, 0x00, 0x80, 0x00, 0x80, 0x00, 0x80, 0x00, 0x80, 0x01, 0x80, 0x00, 0x00, 0x00, 0x00, 0x00, 0x00 }, // U+FF11 １
    { 0x00, 0x00, 0x00, 0x00, 0x03, 0xC0, 0x06, 0x60, 0x00, 0x30, 0x00, 0x30, 0x00, 0x30, 0x00, 0x60, 0x00, 0xC0, 0x01, 0x80, 0x03, 0x00, 0x06, 0x00, 0x0C, 0x00, 0x00, 0x00, 0x00, 0x00, 0x00, 0x00 }, // U+FF12 ２
    { 0x00, 0x00, 0x00, 0x00, 0x07, 0xC0, 0x04, 0xE0, 0x00, 0x20, 0x00, 0x20, 0x00, 0x60, 0x03, 0x80, 0x00, 0xE0, 0x00, 0x20, 0x00, 0x30, 0x00, 0x30, 0x0C, 0x60, 0x00, 0x00, 0x00, 0x00, 0x00, 0x00 }, // U+FF13 ３
    { 0x00, 0x00, 0x00, 0x00, 0x00, 0x60, 0x00, 0xE0, 0x01, 0x60, 0x03, 0x60, 0x02, 0x60, 0x04, 0x60, 0x0C, 0x60, 0x08, 0x60, 0x1F, 0xF0, 0x00, 0x60, 0x00, 0x60, 0x00, 0x00, 0x00, 0x00, 0x00, 0x00 }, // U+FF14 ４
    { 0x00, 0x00, 0x00, 0x00, 0x07, 0xE0, 0x06, 0x00, 0x04, 0x00, 0x04, 0x00, 0x04, 0x00, 0x07, 0xC0, 0x00, 0xE0, 0x00, 0x30, 0x00, 0x30, 0x00, 0x30, 0x04, 0x60, 0x00, 0x00, 0x00, 0x00, 0x00, 0x00 }, // U+FF15 ５
    { 0x00, 0x00, 0x00, 0x00, 0x01, 0xE0, 0x03, 0x20, 0x06, 0x00, 0x04, 0x00, 0x0D, 0xE0, 0x0E, 0x70, 0x0C, 0x30, 0x0C, 0x10, 0x0C, 0x10, 0x04, 0x30, 0x06, 0x60, 0x00, 0x00, 0x00, 0x00, 0x00, 0x00 }, // U+FF16 ６
    { 0x00, 0x00, 0x00, 0x00, 0x0F, 0xF0, 0x00, 0x30, 0x00, 0x20, 0x00, 0x60, 0x00, 0x40, 0x00, 0xC0, 0x00, 0xC0, 0x00, 0x80, 0x01, 0x80, 0x01, 0x00, 0x03, 0x00, 0x00, 0x00, 0x00, 0x00, 0x00, 0x00 }, // U+FF17 ７
    { 0x00, 0x00, 0x00, 0x00, 0x03, 0xC0, 0x06, 0x60, 0x0C, 0x30, 0x04, 0x20, 0x06, 0x60, 0x03, 0xC0, 0x06, 0x60, 0x0C, 0x30, 0x0C, 0x30, 0x0C, 0x30, 0x0E, 0x70, 0x00, 0x00, 0x00, 0x00, 0x00, 0x00 }, // U+FF18 ８
    { 0x00, 0x00, 0x00, 0x00, 0x03, 0xC0, 0x06, 0x60, 0x0C, 0x30, 0x08, 0x30, 0x0C, 0x30, 0x0C, 0x70, 0x07, 0xF0, 0x00, 0x30, 0x00, 0x30, 0x00, 0x20, 0x04, 0xC0, 0x00, 0x00, 0x00, 0x00, 0x00, 0x00 }, // U+FF19 ９
    { 0x00, 0x00, 0x00, 0x00, 0x00, 0x00, 0x00, 0x00, 0x18, 0x00, 0x18, 0x00, 0x00, 0x00, 0x00, 0x00, 0x00, 0x00, 0x00, 0x00, 0x00, 0x00, 0x18, 0x00, 0x00, 0x00, 0x00, 0x00, 0x00, 0x00, 0x00, 0x00 }, // U+FF1A ：
    { 0x00, 0x00, 0x00, 0x00, 0x00, 0x00, 0x00, 0x00, 0x18, 0x00, 0x18, 0x00, 0x00, 0x00, 0x00, 0x00, 0x00, 0x00, 0x00, 0x00, 0x00, 0x00, 0x18, 0x00, 0x00, 0x00, 0x00, 0x00, 0x00, 0x00, 0x00, 0x00 }, // U+FF1B ；
    { 0x00, 0x00, 0x00, 0x00, 0x00, 0x00, 0x00, 0x00, 0x00, 0x10, 0x00, 0x60, 0x01, 0x80, 0x06, 0x00, 0x06, 0x00, 0x03, 0x80, 0x00, 0x60, 0x00, 0x10, 0x00, 0x00, 0x00, 0x00, 0x00, 0x00, 0x00, 0x00 }, // U+FF1C ＜
    { 0x00, 0x00, 0x00, 0x00, 0x00, 0x00, 0x00, 0x00, 0x00, 0x00, 0x0F, 0xF0, 0x00, 0x00, 0x00, 0x00, 0x00, 0x00, 0x0F, 0xF0, 0x00, 0x00, 0x00, 0x00, 0x00, 0x00, 0x00, 0x00, 0x00, 0x00, 0x00, 0x00 }, // U+FF1D ＝
    { 0x00, 0x00, 0x00, 0x00, 0x00, 0x00, 0x00, 0x00, 0x08, 0x00, 0x06, 0x00, 0x01, 0x80, 0x00, 0x60, 0x00, 0x60, 0x01, 0xC0, 0x06, 0x00, 0x08, 0x00, 0x00, 0x00, 0x00, 0x00, 0x00, 0x00, 0x00, 0x00 }, // U+FF1E ＞
    { 0x00, 0x00, 0x00, 0x00, 0x3C, 0x00, 0x66, 0x00, 0x02, 0x00, 0x02, 0x00, 0x02, 0x00, 0x04, 0x00, 0x08, 0x00, 0x18, 0x00, 0x10, 0x00, 0x00, 0x00, 0x10, 0x00, 0x00, 0x00, 0x00, 0x00, 0x00, 0x00 }, // U+FF1F ？
    { 0x00, 0x00, 0x00, 0x00, 0x03, 0xE0, 0x0C, 0x18, 0x10, 0x0C, 0x23, 0xA4, 0x26, 0x66, 0x64, 0x22, 0x44, 0x22, 0x44, 0x62, 0x64, 0x64, 0x24, 0xE4, 0x33, 0xB8, 0x00, 0x00, 0x00, 0x00, 0x00, 0x00 }, // U+FF20 ＠
    { 0x00, 0x00, 0x00, 0x00, 0x01, 0x80, 0x01, 0x80, 0x03, 0xC0, 0x02, 0x40, 0x06, 0x60, 0x04, 0x20, 0x04, 0x20, 0x0F, 0xF0, 0x0F, 0xB0, 0x18, 0x18, 0x18, 0x18, 0x00, 0x00, 0x00, 0x00, 0x00, 0x00 }, // U+FF21 Ａ
    { 0x00, 0x00, 0x00, 0x00, 0x0F, 0xC0, 0x0C, 0x60, 0x0C, 0x30, 0x0C, 0x30, 0x0C, 0x60, 0x0F, 0xC0, 0x0C, 0x70, 0x0C, 0x30, 0x0C, 0x10, 0x0C, 0x30, 0x0C, 0x70, 0x00, 0x00, 0x00, 0x00, 0x00, 0x00 }, // U+FF22 Ｂ
    { 0x00, 0x00, 0x00, 0x00, 0x01, 0xF0, 0x07, 0xB8, 0x0C, 0x00, 0x0C, 0x00, 0x18, 0x00, 0x18, 0x00, 0x18, 0x00, 0x18, 0x00, 0x08, 0x00, 0x0C, 0x00, 0x07, 0x38, 0x00, 0x00, 0x00, 0x00, 0x00, 0x00 }, // U+FF23 Ｃ
    { 0x00, 0x00, 0x00, 0x00, 0x1F, 0xC0, 0x18, 0xF0, 0x18, 0x18, 0x18, 0x18, 0x18, 0x08, 0x18, 0x0C, 0x18, 0x0C, 0x18, 0x08, 0x18, 0x18, 0x18, 0x30, 0x18, 0xE0, 0x00, 0x00, 0x00, 0x00, 0x00, 0x00 }, // U+FF24 Ｄ
    { 0x00, 0x00, 0x00, 0x00, 0x07, 0xF0, 0x06, 0x00, 0x06, 0x00, 0x06, 0x00, 0x06, 0x00, 0x07, 0xE0, 0x06, 0x00, 0x06, 0x00, 0x06, 0x00, 0x06, 0x00, 0x06, 0x00, 0x00, 0x00, 0x00, 0x00, 0x00, 0x00 }, // U+FF25 Ｅ
    { 0x00, 0x00, 0x00, 0x00, 0x07, 0xF0, 0x06, 0x00, 0x06, 0x00, 0x06, 0x00, 0x06, 0x00, 0x07, 0xE0, 0x06, 0x00, 0x06, 0x00, 0x06, 0x00, 0x06, 0x00, 0x06, 0x00, 0x00, 0x00, 0x00, 0x00, 0x00, 0x00 }, // U+FF26 Ｆ
    { 0x00, 0x00, 0x00, 0x00, 0x03, 0xF0, 0x07, 0x38, 0x0C, 0x00, 0x18, 0x00, 0x10, 0x00, 0x10, 0x00, 0x10, 0x78, 0x10, 0x18, 0x18, 0x18, 0x0C, 0x18, 0x0F, 0x38, 0x00, 0x00, 0x00, 0x00, 0x00, 0x00 }, // U+FF27 Ｇ
    { 0x00, 0x00, 0x00, 0x00, 0x18, 0x18, 0x18, 0x18, 0x18, 0x18, 0x18, 0x18, 0x18, 0x18, 0x1F, 0xF8, 0x18, 0x18, 0x18, 0x18, 0x18, 0x18, 0x18, 0x18, 0x18, 0x18, 0x00, 0x00, 0x00, 0x00, 0x00, 0x00 }, // U+FF28 Ｈ
    { 0x00, 0x00, 0x00, 0x00, 0x0F, 0xF0, 0x01, 0x80, 0x01, 0x80, 0x01, 0x80, 0x01, 0x80, 0x01, 0x80, 0x01, 0x80, 0x01, 0x80, 0x01, 0x80, 0x01, 0x80, 0x01, 0x80, 0x00, 0x00, 0x00, 0x00, 0x00, 0x00 }, // U+FF29 Ｉ
    { 0x00, 0x00, 0x00, 0x00, 0x00, 0xC0, 0x00, 0xC0, 0x00, 0xC0, 0x00, 0xC0, 0x00, 0xC0, 0x00, 0xC0, 0x00, 0xC0, 0x00, 0xC0, 0x00, 0xC0, 0x00, 0x80, 0x05, 0x80, 0x00, 0x00, 0x00, 0x00, 0x00, 0x00 }, // U+FF2A Ｊ
    { 0x00, 0x00, 0x00, 0x00, 0x0C, 0x10, 0x0C, 0x30, 0x0C, 0x60, 0x0C, 0xC0, 0x0D, 0x80, 0x0F, 0x00, 0x0F, 0x00, 0x0D, 0x80, 0x0C, 0xC0, 0x0C, 0x60, 0x0C, 0x30, 0x00, 0x00, 0x00, 0x00, 0x00, 0x00 }, // U+FF2B Ｋ
    { 0x00, 0x00, 0x00, 0x00, 0x06, 0x00, 0x06, 0x00, 0x06, 0x00, 0x06, 0x00, 0x06, 0x00, 0x06, 0x00, 0x06, 0x00, 0x06, 0x00, 0x06, 0x00, 0x06, 0x00, 0x06, 0x00, 0x00, 0x00, 0x00, 0x00, 0x00, 0x00 }, // U+FF2C Ｌ
    { 0x00, 0x00, 0x00, 0x00, 0x70, 0x0E, 0x70, 0x0E, 0x78, 0x1E, 0x68, 0x16, 0x6C, 0x36, 0x64, 0x26, 0x66, 0x66, 0x66, 0x46, 0x62, 0x46, 0x63, 0xC6, 0x61, 0x86, 0x00, 0x00, 0x00, 0x00, 0x00, 0x00 }, // U+FF2D Ｍ
    { 0x00, 0x00, 0x00, 0x00, 0x18, 0x08, 0x1C, 0x08, 0x1E, 0x08, 0x16, 0x08, 0x13, 0x08, 0x11, 0x88, 0x10, 0x88, 0x10, 0xC8, 0x10, 0x68, 0x10, 0x38, 0x10, 0x38, 0x00, 0x00, 0x00, 0x00, 0x00, 0x00 }, // U+FF2E Ｎ
    { 0x00, 0x00, 0x00, 0x00, 0x07, 0xE0, 0x0E, 0x70, 0x18, 0x18, 0x30, 0x0C, 0x30, 0x0C, 0x30, 0x0C, 0x30, 0x0C, 0x30, 0x0C, 0x30, 0x0C, 0x18, 0x18, 0x0E, 0x70, 0x00, 0x00, 0x00, 0x00, 0x00, 0x00 }, // U+FF2F Ｏ
    { 0x00, 0x00, 0x00, 0x00, 0x07, 0xC0, 0x04, 0x70, 0x04, 0x30, 0x04, 0x10, 0x04, 0x10, 0x04, 0x30, 0x07, 0xE0, 0x04, 0x00, 0x04, 0x00, 0x04, 0x00, 0x04, 0x00, 0x00, 0x00, 0x00, 0x00, 0x00, 0x00 }, // U+FF30 Ｐ
    { 0x00, 0x00, 0x00, 0x00, 0x07, 0xE0, 0x0E, 0x70, 0x18, 0x18, 0x30, 0x0C, 0x30, 0x0C, 0x30, 0x0C, 0x30, 0x0C, 0x30, 0x0C, 0x30, 0x0C, 0x18, 0x18, 0x0E, 0x70, 0x00, 0x00, 0x00, 0x00, 0x00, 0x00 }, // U+FF31 Ｑ
    { 0x00, 0x00, 0x00, 0x00, 0x0F, 0xC0, 0x0C, 0x70, 0x0C, 0x30, 0x0C, 0x10, 0x0C, 0x30, 0x0C, 0x20, 0x0F, 0xC0, 0x0C, 0xC0, 0x0C, 0x60, 0x0C, 0x20, 0x0C, 0x30, 0x00, 0x00, 0x00, 0x00, 0x00, 0x00 }, // U+FF32 Ｒ
    { 0x00, 0x00, 0x00, 0x00, 0x03, 0xE0, 0x07, 0x60, 0x04, 0x00, 0x04, 0x00, 0x06, 0x00, 0x03, 0x80, 0x01, 0xC0, 0x00, 0x60, 0x00, 0x30, 0x00, 0x30, 0x06, 0x60, 0x00, 0x00, 0x00, 0x00, 0x00, 0x00 }, // U+FF33 Ｓ
    { 0x00, 0x00, 0x00, 0x00, 0x0F, 0xF0, 0x01, 0x80, 0x01, 0x80, 0x01, 0x80, 0x01, 0x80, 0x01, 0x80, 0x01, 0x80, 0x01, 0x80, 0x01, 0x80, 0x01, 0x80, 0x01, 0x80, 0x00, 0x00, 0x00, 0x00, 0x00, 0x00 }, // U+FF34 Ｔ
    { 0x00, 0x00, 0x00, 0x00, 0x18, 0x18, 0x18, 0x18, 0x18, 0x18, 0x18, 0x18, 0x18, 0x18, 0x18, 0x18, 0x18, 0x18, 0x18, 0x18, 0x18, 0x18, 0x0C, 0x10, 0x0E, 0x70, 0x00, 0x00, 0x00, 0x00, 0x00, 0x00 }, // U+FF35 Ｕ
    { 0x00, 0x00, 0x00, 0x00, 0x10, 0x08, 0x18, 0x18, 0x18, 0x18, 0x08, 0x10, 0x0C, 0x30, 0x04, 0x20, 0x06, 0x60, 0x06, 0x60, 0x02, 0x40, 0x03, 0xC0, 0x03, 0x80, 0x00, 0x00, 0x00, 0x00, 0x00, 0x00 }, // U+FF36 Ｖ
    { 0x00, 0x00, 0x00, 0x00, 0x61, 0x82, 0x61, 0x86, 0x61, 0xC6, 0x21, 0xC4, 0x23, 0x44, 0x32, 0x4C, 0x32, 0x4C, 0x16, 0x68, 0x16, 0x28, 0x1C, 0x38, 0x1C, 0x38, 0x00, 0x00, 0x00, 0x00, 0x00, 0x00 }, // U+FF37 Ｗ
    { 0x00, 0x00, 0x00, 0x00, 0x18, 0x18, 0x0C, 0x30, 0x06, 0x20, 0x06, 0x60, 0x03, 0xC0, 0x01, 0x80, 0x01, 0x80, 0x03, 0xC0, 0x06, 0x60, 0x04, 0x20, 0x0C, 0x30, 0x00, 0x00, 0x00, 0x00, 0x00, 0x00 }, // U+FF38 Ｘ
    { 0x00, 0x00, 0x00, 0x00, 0x18, 0x18, 0x0C, 0x30, 0x0C, 0x30, 0x06, 0x60, 0x06, 0x60, 0x03, 0xC0, 0x03, 0x80, 0x01, 0x80, 0x01, 0x80, 0x01, 0x80, 0x01, 0x80, 0x00, 0x00, 0x00, 0x00, 0x00, 0x00 }, // U+FF39 Ｙ
    { 0x00, 0x00, 0x00, 0x00, 0x0F, 0xF8, 0x00, 0x30, 0x00, 0x20, 0x00, 0x60, 0x00, 0xC0, 0x01, 0x80, 0x01, 0x00, 0x03, 0x00, 0x06, 0x00, 0x04, 0x00, 0x0C, 0x00, 0x00, 0x00, 0x00, 0x00, 0x00, 0x00 }, // U+FF3A Ｚ
    { 0x00, 0x00, 0x00, 0x00, 0x00, 0x1C, 0x00, 0x10, 0x00, 0x10, 0x00, 0x10, 0x00, 0x10, 0x00, 0x10, 0x00, 0x10, 0x00, 0x10, 0x00, 0x10, 0x00, 0x10, 0x00, 0x10, 0x00, 0x00, 0x00, 0x00, 0x00, 0x00 }, // U+FF3B ［
    { 0x00, 0x00, 0x00, 0x00, 0x04, 0x00, 0x04, 0x00, 0x06, 0x00, 0x02, 0x00, 0x03, 0x00, 0x01, 0x00, 0x01, 0x80, 0x00, 0x80, 0x00, 0x80, 0x00, 0xC0, 0x00, 0x40, 0x00, 0x00, 0x00, 0x00, 0x00, 0x00 }, // U+FF3C ＼
    { 0x00, 0x00, 0x00, 0x00, 0x38, 0x00, 0x08, 0x00, 0x08, 0x00, 0x08, 0x00, 0x08, 0x00, 0x08, 0x00, 0x08, 0x00, 0x08, 0x00, 0x08, 0x00, 0x08, 0x00, 0x08, 0x00, 0x00, 0x00, 0x00, 0x00, 0x00, 0x00 }, // U+FF3D ］
    { 0x00, 0x00, 0x00, 0x00, 0x00, 0x00, 0x00, 0x00, 0x01, 0x80, 0x01, 0x80, 0x03, 0xC0, 0x02, 0x40, 0x06, 0x60, 0x04, 0x20, 0x0C, 0x30, 0x00, 0x00, 0x00, 0x00, 0x00, 0x00, 0x00, 0x00, 0x00, 0x00 }, // U+FF3E ＾
    { 0x00, 0x00, 0x00, 0x00, 0x00, 0x00, 0x00, 0x00, 0x00, 0x00, 0x00, 0x00, 0x01, 0x00, 0x01, 0x80, 0x00, 0x80, 0x00, 0x00, 0x00, 0x00, 0x00, 0x00, 0x00, 0x00, 0x00, 0x00, 0x00, 0x00, 0x00, 0x00 }, // U+FF40 ｀
    { 0x00, 0x00, 0x00, 0x00, 0x00, 0x00, 0x00, 0x00, 0x03, 0xC0, 0x04, 0x60, 0x00, 0x20, 0x00, 0x60, 0x07, 0xA0, 0x0C, 0x20, 0x0C, 0x20, 0x0C, 0xE0, 0x00, 0x00, 0x00, 0x00, 0x00, 0x00, 0x00, 0x00 }, // U+FF41 ａ
    { 0x00, 0x00, 0x00, 0x00, 0x0C, 0x00, 0x0C, 0x00, 0x0C, 0x00, 0x0C, 0x00, 0x0D, 0xE0, 0x0E, 0x70, 0x0C, 0x10, 0x0C, 0x18, 0x0C, 0x18, 0x0C, 0x18, 0x0C, 0x30, 0x0E, 0x70, 0x00, 0x00, 0x00, 0x00 }, // U+FF42 ｂ
    { 0x00, 0x00, 0x00, 0x00, 0x00, 0x00, 0x00, 0x00, 0x01, 0xE0, 0x03, 0x30, 0x06, 0x00, 0x04, 0x00, 0x0C, 0x00, 0x04, 0x00, 0x06, 0x00, 0x07, 0x30, 0x00, 0x00, 0x00, 0x00, 0x00, 0x00, 0x00, 0x00 }, // U+FF43 ｃ
    { 0x00, 0x00, 0x00, 0x00, 0x00, 0x30, 0x00, 0x30, 0x00, 0x30, 0x00, 0x30, 0x03, 0xB0, 0x0E, 0x70, 0x08, 0x30, 0x18, 0x30, 0x18, 0x30, 0x18, 0x30, 0x08, 0x30, 0x0E, 0x70, 0x00, 0x00, 0x00, 0x00 }, // U+FF44 ｄ
    { 0x00, 0x00, 0x00, 0x00, 0x00, 0x00, 0x00, 0x00, 0x03, 0xC0, 0x06, 0x60, 0x0C, 0x30, 0x0C, 0x10, 0x0F, 0xF0, 0x0C, 0x00, 0x0C, 0x00, 0x06, 0x30, 0x00, 0x00, 0x00, 0x00, 0x00, 0x00, 0x00, 0x00 }, // U+FF45 ｅ
    { 0x00, 0x00, 0x00, 0x00, 0x00, 0xE0, 0x01, 0x80, 0x01, 0x80, 0x01, 0x80, 0x07, 0xE0, 0x01, 0x80, 0x01, 0x80, 0x01, 0x80, 0x01, 0x80, 0x01, 0x80, 0x01, 0x80, 0x01, 0x80, 0x00, 0x00, 0x00, 0x00 }, // U+FF46 ｆ
    { 0x00, 0x00, 0x00, 0x00, 0x00, 0x00, 0x00, 0x00, 0x07, 0xB0, 0x0E, 0x70, 0x08, 0x30, 0x18, 0x30, 0x18, 0x30, 0x18, 0x30, 0x08, 0x30, 0x0E, 0x70, 0x00, 0x00, 0x00, 0x00, 0x00, 0x00, 0x00, 0x00 }, // U+FF47 ｇ
    { 0x00, 0x00, 0x00, 0x00, 0x0C, 0x00, 0x0C, 0x00, 0x0C, 0x00, 0x0C, 0x00, 0x0D, 0xE0, 0x0E, 0x70, 0x0C, 0x30, 0x0C, 0x30, 0x0C, 0x10, 0x0C, 0x10, 0x0C, 0x10, 0x0C, 0x10, 0x00, 0x00, 0x00, 0x00 }, // U+FF48 ｈ
    { 0x00, 0x00, 0x00, 0x00, 0x01, 0x80, 0x01, 0x80, 0x00, 0x00, 0x00, 0x00, 0x07, 0x80, 0x01, 0x80, 0x01, 0x80, 0x01, 0x80, 0x01, 0x80, 0x01, 0x80, 0x01, 0x80, 0x01, 0x80, 0x00, 0x00, 0x00, 0x00 }, // U+FF49 ｉ
    { 0x00, 0x00, 0x00, 0x00, 0x01, 0x80, 0x01, 0x80, 0x00, 0x00, 0x00, 0x00, 0x07, 0x80, 0x01, 0x80, 0x01, 0x80, 0x01, 0x80, 0x01, 0x80, 0x01, 0x80, 0x01, 0x80, 0x01, 0x80, 0x00, 0x00, 0x00, 0x00 }, // U+FF4A ｊ
    { 0x00, 0x00, 0x00, 0x00, 0x04, 0x00, 0x04, 0x00, 0x04, 0x00, 0x04, 0x00, 0x04, 0x30, 0x04, 0x60, 0x04, 0xC0, 0x07, 0x80, 0x07, 0x00, 0x05, 0x80, 0x04, 0xC0, 0x04, 0x60, 0x00, 0x00, 0x00, 0x00 }, // U+FF4B ｋ
    { 0x00, 0x00, 0x00, 0x00, 0x07, 0x80, 0x01, 0x80, 0x01, 0x80, 0x01, 0x80, 0x01, 0x80, 0x01, 0x80, 0x01, 0x80, 0x01, 0x80, 0x01, 0x80, 0x01, 0x80, 0x01, 0x80, 0x01, 0x80, 0x00, 0x00, 0x00, 0x00 }, // U+FF4C ｌ
    { 0x00, 0x00, 0x00, 0x00, 0x00, 0x00, 0x00, 0x00, 0x6F, 0x38, 0x73, 0xCC, 0x61, 0x86, 0x61, 0x86, 0x61, 0x86, 0x61, 0x86, 0x61, 0x86, 0x61, 0x86, 0x00, 0x00, 0x00, 0x00, 0x00, 0x00, 0x00, 0x00 }, // U+FF4D ｍ
    { 0x00, 0x00, 0x00, 0x00, 0x00, 0x00, 0x00, 0x00, 0x0D, 0xE0, 0x0F, 0x70, 0x0C, 0x30, 0x0C, 0x30, 0x0C, 0x10, 0x0C, 0x10, 0x0C, 0x10, 0x0C, 0x10, 0x00, 0x00, 0x00, 0x00, 0x00, 0x00, 0x00, 0x00 }, // U+FF4E ｎ
    { 0x00, 0x00, 0x00, 0x00, 0x00, 0x00, 0x00, 0x00, 0x03, 0xC0, 0x0E, 0x70, 0x0C, 0x10, 0x18, 0x18, 0x18, 0x18, 0x18, 0x18, 0x0C, 0x10, 0x0E, 0x70, 0x00, 0x00, 0x00, 0x00, 0x00, 0x00, 0x00, 0x00 }, // U+FF4F ｏ
    { 0x00, 0x00, 0x00, 0x00, 0x00, 0x00, 0x00, 0x00, 0x0D, 0xE0, 0x0E, 0x70, 0x0C, 0x10, 0x0C, 0x18, 0x0C, 0x18, 0x0C, 0x18, 0x0C, 0x10, 0x0E, 0x70, 0x00, 0x00, 0x00, 0x00, 0x00, 0x00, 0x00, 0x00 }, // U+FF50 ｐ
    { 0x00, 0x00, 0x00, 0x00, 0x00, 0x00, 0x00, 0x00, 0x03, 0xB0, 0x0E, 0x70, 0x08, 0x30, 0x18, 0x30, 0x18, 0x30, 0x18, 0x30, 0x08, 0x30, 0x0E, 0x70, 0x00, 0x00, 0x00, 0x00, 0x00, 0x00, 0x00, 0x00 }, // U+FF51 ｑ
    { 0x00, 0x00, 0x00, 0x00, 0x00, 0x00, 0x00, 0x00, 0x03, 0x60, 0x03, 0xE0, 0x03, 0x00, 0x03, 0x00, 0x03, 0x00, 0x03, 0x00, 0x03, 0x00, 0x03, 0x00, 0x00, 0x00, 0x00, 0x00, 0x00, 0x00, 0x00, 0x00 }, // U+FF52 ｒ
    { 0x00, 0x00, 0x00, 0x00, 0x00, 0x00, 0x00, 0x00, 0x01, 0xC0, 0x02, 0x00, 0x06, 0x00, 0x07, 0x00, 0x03, 0xC0, 0x00, 0xE0, 0x00, 0x60, 0x04, 0x60, 0x00, 0x00, 0x00, 0x00, 0x00, 0x00, 0x00, 0x00 }, // U+FF53 ｓ
    { 0x00, 0x00, 0x00, 0x00, 0x01, 0x00, 0x01, 0x00, 0x01, 0x00, 0x07, 0xE0, 0x01, 0x80, 0x01, 0x00, 0x01, 0x00, 0x01, 0x00, 0x01, 0x00, 0x01, 0x00, 0x01, 0xA0, 0x00, 0x00, 0x00, 0x00, 0x00, 0x00 }, // U+FF54 ｔ
    { 0x00, 0x00, 0x00, 0x00, 0x00, 0x00, 0x00, 0x00, 0x08, 0x30, 0x08, 0x30, 0x08, 0x30, 0x08, 0x30, 0x08, 0x30, 0x0C, 0x30, 0x0C, 0x30, 0x0E, 0x70, 0x00, 0x00, 0x00, 0x00, 0x00, 0x00, 0x00, 0x00 }, // U+FF55 ｕ
    { 0x00, 0x00, 0x00, 0x00, 0x00, 0x00, 0x00, 0x00, 0x08, 0x10, 0x0C, 0x30, 0x04, 0x20, 0x06, 0x20, 0x06, 0x60, 0x02, 0x40, 0x03, 0xC0, 0x01, 0x80, 0x00, 0x00, 0x00, 0x00, 0x00, 0x00, 0x00, 0x00 }, // U+FF56 ｖ
    { 0x00, 0x00, 0x00, 0x00, 0x00, 0x00, 0x00, 0x00, 0x61, 0x84, 0x21, 0x84, 0x31, 0xCC, 0x33, 0x4C, 0x12, 0x48, 0x1A, 0x48, 0x1E, 0x78, 0x0C, 0x30, 0x00, 0x00, 0x00, 0x00, 0x00, 0x00, 0x00, 0x00 }, // U+FF57 ｗ
    { 0x00, 0x00, 0x00, 0x00, 0x00, 0x00, 0x00, 0x00, 0x0C, 0x30, 0x06, 0x60, 0x02, 0x40, 0x03, 0xC0, 0x01, 0x80, 0x03, 0xC0, 0x02, 0x40, 0x06, 0x60, 0x00, 0x00, 0x00, 0x00, 0x00, 0x00, 0x00, 0x00 }, // U+FF58 ｘ
    { 0x00, 0x00, 0x00, 0x00, 0x00, 0x00, 0x00, 0x00, 0x08, 0x10, 0x0C, 0x30, 0x04, 0x20, 0x06, 0x20, 0x06, 0x60, 0x02, 0x40, 0x03, 0xC0, 0x01, 0x80, 0x00, 0x00, 0x00, 0x00, 0x00, 0x00, 0x00, 0x00 }, // U+FF59 ｙ
    { 0x00, 0x00, 0x00, 0x00, 0x00, 0x00, 0x00, 0x00, 0x07, 0xF0, 0x00, 0x60, 0x00, 0x40, 0x00, 0xC0, 0x01, 0x80, 0x03, 0x00, 0x02, 0x00, 0x06, 0x00, 0x00, 0x00, 0x00, 0x00, 0x00, 0x00, 0x00, 0x00 }, // U+FF5A ｚ
    { 0x00, 0x00, 0x00, 0x00, 0x00, 0x0C, 0x00, 0x08, 0x00, 0x18, 0x00, 0x18, 0x00, 0x18, 0x00, 0x18, 0x00, 0x10, 0x00, 0x30, 0x00, 0x10, 0x00, 0x18, 0x00, 0x18, 0x00, 0x00, 0x00, 0x00, 0x00, 0x00 }, // U+FF5B ｛
    { 0x00, 0x00, 0x00, 0x00, 0x01, 0x80, 0x01, 0x80, 0x01, 0x80, 0x01, 0x80, 0x01, 0x80, 0x01, 0x80, 0x01, 0x80, 0x01, 0x80, 0x01, 0x80, 0x01, 0x80, 0x01, 0x80, 0x01, 0x80, 0x00, 0x00, 0x00, 0x00 }, // U+FF5C ｜
    { 0x00, 0x00, 0x00, 0x00, 0x30, 0x00, 0x10, 0x00, 0x18, 0x00, 0x18, 0x00, 0x18, 0x00, 0x18, 0x00, 0x08, 0x00, 0x0C, 0x00, 0x08, 0x00, 0x18, 0x00, 0x18, 0x00, 0x00, 0x00, 0x00, 0x00, 0x00, 0x00 }, // U+FF5D ｝
    { 0x00, 0x00, 0x00, 0x00, 0x00, 0x00, 0x00, 0x00, 0x00, 0x00, 0x00, 0x00, 0x00, 0x00, 0x07, 0x10, 0x09, 0xF0, 0x00, 0x00, 0x00, 0x00, 0x00, 0x00, 0x00, 0x00, 0x00, 0x00, 0x00, 0x00, 0x00, 0x00 }, // U+FF5E ～
    { 0x00, 0x00, 0x00, 0x00, 0x00, 0x80, 0x00, 0x80, 0x01, 0xE0, 0x07, 0xE0, 0x04, 0x80, 0x0C, 0x80, 0x0C, 0x80, 0x04, 0x80, 0x07, 0xE0, 0x01, 0xE0, 0x00, 0x80, 0x00, 0x00, 0x00, 0x00, 0x00, 0x00 }, // U+FFE0 ￠
    { 0x00, 0x00, 0x00, 0x00, 0x00, 0xE0, 0x01, 0xA0, 0x03, 0x00, 0x03, 0x00, 0x02, 0x00, 0x02, 0x00, 0x0F, 0xC0, 0x03, 0x00, 0x02, 0x00, 0x02, 0x00, 0x06, 0x00, 0x00, 0x00, 0x00, 0x00, 0x00, 0x00 }, // U+FFE1 ￡
    { 0x00, 0x00, 0x00, 0x00, 0x00, 0x00, 0x00, 0x00, 0x00, 0x00, 0x00, 0x00, 0x00, 0x00, 0xFF, 0xFF, 0x00, 0x00, 0x00, 0x00, 0x00, 0x00, 0x00, 0x00, 0x00, 0x00, 0x00, 0x00, 0x00, 0x00, 0x00, 0x00 }, // U+FFE3 ￣
    { 0x00, 0x00, 0x00, 0x00, 0x0C, 0x10, 0x04, 0x20, 0x06, 0x60, 0x02, 0x40, 0x03, 0xC0, 0x0F, 0xF0, 0x01, 0x80, 0x01, 0x80, 0x0F, 0xF0, 0x01, 0x80, 0x01, 0x80, 0x00, 0x00, 0x00, 0x00, 0x00, 0x00 }, // U+FFE5 ￥
};

#define CJK_COUNT (3871)
